{
  "patient_id": "33413826",
  "model_name": "deepseek-r1:32b",
  "input_description": "ICU住院编号 33413826，对应患者编号 12626414，67岁男性，体重71.25kg。监测持续时间为 0 小时（共 7 次测量，每4小时一次）：【生命体征】心率变化：[58.67, 58.67]（单位：次/分）收缩压变化：[110.33, 110.33]（单位：mmHg）舒张压变化：[75.5, 75.5]（单位：mmHg）体温变化：[N/A, N/A]（单位：℃）呼吸频率变化：[6.83, 6.83]（单位：次/分）血氧饱和度变化：[100.0, 100.0]（单位：%）平均动脉压变化：[87.11, 87.11]（单位：mmHg）【SOFA评分相关特征】氧合指数变化：[283.51, 283.51, 283.51, 283.51, 283.51, 283.51, 283.51]（单位：mmHg）机械通气使用情况：[0, 0, 0, 0, 0, 0, 0]（单位：）血小板计数变化：[83.5, 126.0, 102.33, 102.33, 102.33, 102.33, 102.33]（单位：×10³/μL）总胆红素变化：[14.6, 14.6, 14.6, 14.6, 14.6, 14.6, 14.6]（单位：mg/dL）血管活性药物使用剂量：[0.0, 0.0, 0.0, 0.0, 0.0, 0.0, 0.0]（单位：μg/kg/min）格拉斯哥昏迷评分变化：[15, 15, 15, 15, 15, 7, 7]（单位：分）血清肌酐变化：[1.4, 1.4, 1.4, 1.4, 1.4, 1.4, 1.4]（单位：mg/dL）尿量变化：[0.0, 0.0, 0.0, 0.0, 0.0, 225.0, 225.0]（单位：mL）【疾病评分】SOFA总分变化：[0, 0, 0, 2, 1, 11, 11]（单位：分）SIRS评分变化：[0, 0, 0, 1, 0, 1, 1]（单位：分）",
  "intervention": "无血管活性药物干预措施，建议密切监测血压和器官灌注，评估8小时内发生感染性休克的风险",
  "dynamic_confidence": 0.548108952994069,
  "total_confidence": 0.5958508509538322,
  "prediction": {
    "intervention_analysis": {
      "risk_level": "moderate",
      "sofa_related_features": {
        "pao2_fio2_ratio": [
          350.0,
          340.0,
          330.0,
          320.0,
          310.0,
          300.0,
          290.0,
          280.0
        ],
        "platelet": [
          180.0,
          175.0,
          170.0,
          165.0,
          160.0,
          155.0,
          150.0,
          145.0
        ],
        "bilirubin_total": [
          1.0,
          1.1,
          1.2,
          1.3,
          1.4,
          1.5,
          1.6,
          1.7
        ],
        "vasopressor_rate": [
          0.0,
          0.0,
          0.0,
          0.0,
          0.0,
          0.0,
          0.0,
          0.0
        ],
        "gcs_total": [
          12.0,
          12.0,
          12.0,
          12.0,
          12.0,
          12.0,
          12.0,
          12.0
        ],
        "creatinine": [
          1.2,
          1.3,
          1.4,
          1.5,
          1.6,
          1.7,
          1.8,
          1.9
        ],
        "urine_output_ml": [
          2500.0,
          2400.0,
          2300.0,
          2200.0,
          2100.0,
          2000.0,
          1900.0,
          1800.0
        ],
        "mechanical_ventilation": [
          0.0,
          0.0,
          0.0,
          0.0,
          0.0,
          0.0,
          0.0,
          0.0
        ]
      },
      "reasoning": "患者当前处于感染性休克风险较低状态，生命体征稳定、血压正常、氧合良好。然而，患者存在多器官功能障碍和神经系统功能受损，这可能增加未来8小时的潜在风险。由于没有使用血管活性药物干预措施，患者的循环系统目前处于稳定状态，但仍需密切监测血压和器官灌注情况，以预防感染性休克的发生。\n\n基于当前状态和无干预措施的情况，预计患者在未来8小时内可能会保持稳定的趋势，但存在一定的恶化风险。主要潜在风险包括感染可能进一步扩散、多器官功能障碍加重以及神经系统功能的进一步受损。这些因素可能导致患者的病情从稳定向恶化转变。"
    },
    "sofa_scores_series": {
      "sofa_respiration": [
        1,
        1,
        1,
        1,
        1,
        1,
        2,
        2
      ],
      "sofa_coagulation": [
        0,
        0,
        0,
        0,
        0,
        0,
        0,
        1
      ],
      "sofa_liver": [
        0,
        0,
        1,
        1,
        1,
        1,
        1,
        1
      ],
      "sofa_cardiovascular": [
        0,
        0,
        0,
        0,
        0,
        0,
        0,
        0
      ],
      "sofa_cns": [
        2,
        2,
        2,
        2,
        2,
        2,
        2,
        2
      ],
      "sofa_renal": [
        1,
        1,
        1,
        1,
        1,
        1,
        1,
        1
      ]
    },
    "hourly_sofa_totals": {
      "0": 4,
      "1": 4,
      "2": 5,
      "3": 5,
      "4": 5,
      "5": 5,
      "6": 6,
      "7": 7
    },
    "sofa_scores": {
      "sofa_respiration": 2,
      "sofa_coagulation": 1,
      "sofa_liver": 1,
      "sofa_cardiovascular": 0,
      "sofa_cns": 2,
      "sofa_renal": 1,
      "sofa_total": 7
    }
  },
  "timestamp": 1766642502.3133605,
  "hourly_sofa_totals": {
    "0": 4,
    "1": 4,
    "2": 5,
    "3": 5,
    "4": 5,
    "5": 5,
    "6": 6,
    "7": 7
  },
  "predicted_sofa_scores": {
    "sofa_respiration": 2,
    "sofa_coagulation": 1,
    "sofa_liver": 1,
    "sofa_cardiovascular": 0,
    "sofa_cns": 2,
    "sofa_renal": 1,
    "sofa_total": 7
  },
  "predicted_sofa_scores_series": {
    "sofa_respiration": [
      1,
      1,
      1,
      1,
      1,
      1,
      2,
      2
    ],
    "sofa_coagulation": [
      0,
      0,
      0,
      0,
      0,
      0,
      0,
      1
    ],
    "sofa_liver": [
      0,
      0,
      1,
      1,
      1,
      1,
      1,
      1
    ],
    "sofa_cardiovascular": [
      0,
      0,
      0,
      0,
      0,
      0,
      0,
      0
    ],
    "sofa_cns": [
      2,
      2,
      2,
      2,
      2,
      2,
      2,
      2
    ],
    "sofa_renal": [
      1,
      1,
      1,
      1,
      1,
      1,
      1,
      1
    ]
  }
}