{
  "patient_id": "30893431",
  "model_name": "deepseek-r1:32b",
  "input_description": "ICU住院编号 30893431，对应患者编号 12214410，49岁男性，体重97.95kg。监测持续时间为 0 小时（共 7 次测量，每4小时一次）：【生命体征】心率变化：[107.6, 105.25, 105.25]（单位：次/分）收缩压变化：[71.6, 68.0, 68.0]（单位：mmHg）舒张压变化：[54.0, 51.0, 51.0]（单位：mmHg）体温变化：[98.95, 99.0, 99.0]（单位：℃）呼吸频率变化：[20.2, 22.5, 22.5]（单位：次/分）血氧饱和度变化：[100.0, 100.0, 100.0]（单位：%）平均动脉压变化：[59.87, 56.67, 56.67]（单位：mmHg）【SOFA评分相关特征】氧合指数变化：[253.08, 212.5, 212.5, 212.5, 212.5, 212.5, 212.5]（单位：mmHg）机械通气使用情况：[0, 0, 0, 0, 0, 0, 0]（单位：）血小板计数变化：[29.0, 37.0, 82.33, 125.6, 103.67, 73.0, 73.0]（单位：×10³/μL）总胆红素变化：[7.4, 8.0, 6.0, 6.0, 6.0, 6.0, 6.0]（单位：mg/dL）血管活性药物使用剂量：[0.0, 0.0, 0.0, 0.0, 0.35, 0.35, 0.35]（单位：μg/kg/min）格拉斯哥昏迷评分变化：[15, 15, 15, 15, 3, 9, 9]（单位：分）血清肌酐变化：[0.5, 1.0, 1.1, 1.1, 1.1, 1.1, 1.1]（单位：mg/dL）尿量变化：[0.0, 0.0, 0.0, 0.0, 325.0, 416.0, 416.0]（单位：mL）【疾病评分】SOFA总分变化：[7, 3, 2, 1, 12, 12, 12]（单位：分）SIRS评分变化：[1, 0, 0, 0, 3, 3, 3]（单位：分）",
  "intervention": "立即启动去甲肾上腺素输注，维持剂量为0.3μg·kg⁻¹·min⁻¹，剂量调整间隔4小时，密切监测血压和器官灌注，剂量呈递减趋势，提示血管反应性改善，评估8小时内发生感染性休克的风险",
  "dynamic_confidence": 0.5527884630923375,
  "total_confidence": 0.7283109478677476,
  "prediction": {
    "intervention_analysis": {
      "risk_level": "low",
      "sofa_related_features": {
        "pao2_fio2_ratio": [
          280.0,
          290.0,
          300.0,
          310.0,
          320.0,
          330.0,
          340.0,
          350.0
        ],
        "platelet": [
          160.0,
          165.0,
          170.0,
          175.0,
          180.0,
          185.0,
          190.0,
          195.0
        ],
        "bilirubin_total": [
          1.3,
          1.4,
          1.5,
          1.6,
          1.7,
          1.8,
          1.9,
          2.0
        ],
        "vasopressor_rate": [
          0.3,
          0.28,
          0.26,
          0.24,
          0.22,
          0.2,
          0.18,
          0.16
        ],
        "gcs_total": [
          14.0,
          14.5,
          15.0,
          15.0,
          15.0,
          15.0,
          15.0,
          15.0
        ],
        "creatinine": [
          1.2,
          1.18,
          1.16,
          1.14,
          1.12,
          1.1,
          1.08,
          1.06
        ],
        "urine_output_ml": [
          2000.0,
          2100.0,
          2200.0,
          2300.0,
          2400.0,
          2500.0,
          2600.0,
          2700.0
        ],
        "mechanical_ventilation": [
          1.0,
          1.0,
          1.0,
          1.0,
          1.0,
          1.0,
          1.0,
          1.0
        ]
      },
      "reasoning": "患者目前处于感染性休克的高风险状态，表现为低血压、肾功能受损和意识状态不稳定。立即启动去甲肾上腺素输注，维持剂量为0.3μg·kg⁻¹·min⁻¹，并每4小时调整一次，观察到血管活性药物剂量呈递减趋势，提示血管反应性改善。未来8小时内，患者的血压可能趋于稳定，器官灌注得到改善，但感染性休克的风险仍然存在。潜在风险包括感染恶化、器官功能进一步受损以及血压波动。"
    },
    "sofa_scores_series": {
      "sofa_respiration": [
        1,
        1,
        1,
        1,
        1,
        1,
        1,
        1
      ],
      "sofa_coagulation": [
        0,
        0,
        0,
        0,
        0,
        0,
        0,
        0
      ],
      "sofa_liver": [
        1,
        1,
        1,
        1,
        1,
        1,
        1,
        2
      ],
      "sofa_cardiovascular": [
        1,
        1,
        1,
        1,
        1,
        1,
        1,
        1
      ],
      "sofa_cns": [
        1,
        1,
        0,
        0,
        0,
        0,
        0,
        0
      ],
      "sofa_renal": [
        1,
        0,
        0,
        0,
        0,
        0,
        0,
        0
      ]
    },
    "hourly_sofa_totals": {
      "0": 5,
      "1": 4,
      "2": 3,
      "3": 3,
      "4": 3,
      "5": 3,
      "6": 3,
      "7": 4
    },
    "sofa_scores": {
      "sofa_respiration": 1,
      "sofa_coagulation": 0,
      "sofa_liver": 2,
      "sofa_cardiovascular": 1,
      "sofa_cns": 0,
      "sofa_renal": 0,
      "sofa_total": 4
    }
  },
  "timestamp": 1766635258.5909476,
  "hourly_sofa_totals": {
    "0": 5,
    "1": 4,
    "2": 3,
    "3": 3,
    "4": 3,
    "5": 3,
    "6": 3,
    "7": 4
  },
  "predicted_sofa_scores": {
    "sofa_respiration": 1,
    "sofa_coagulation": 0,
    "sofa_liver": 2,
    "sofa_cardiovascular": 1,
    "sofa_cns": 0,
    "sofa_renal": 0,
    "sofa_total": 4
  },
  "predicted_sofa_scores_series": {
    "sofa_respiration": [
      1,
      1,
      1,
      1,
      1,
      1,
      1,
      1
    ],
    "sofa_coagulation": [
      0,
      0,
      0,
      0,
      0,
      0,
      0,
      0
    ],
    "sofa_liver": [
      1,
      1,
      1,
      1,
      1,
      1,
      1,
      2
    ],
    "sofa_cardiovascular": [
      1,
      1,
      1,
      1,
      1,
      1,
      1,
      1
    ],
    "sofa_cns": [
      1,
      1,
      0,
      0,
      0,
      0,
      0,
      0
    ],
    "sofa_renal": [
      1,
      0,
      0,
      0,
      0,
      0,
      0,
      0
    ]
  }
}