{
  "patient_id": "39816062",
  "model_name": "deepseek-r1:32b",
  "input_description": "ICU住院编号 39816062，对应患者编号 17911943，19岁男性，体重73.0kg。监测持续时间为 0 小时（共 7 次测量，每4小时一次）：【生命体征】心率变化：[86.33, 86.33]（单位：次/分）收缩压变化：[78.0, 78.0]（单位：mmHg）舒张压变化：[62.0, 62.0]（单位：mmHg）体温变化：[98.75, 98.75]（单位：℃）呼吸频率变化：[17.67, 17.67]（单位：次/分）血氧饱和度变化：[100.0, 100.0]（单位：%）平均动脉压变化：[67.33, 67.33]（单位：mmHg）【SOFA评分相关特征】氧合指数变化：[311.17, 311.17, 311.17, 311.17, 311.17, 311.17, 311.17]（单位：mmHg）机械通气使用情况：[0, 0, 0, 0, 0, 0, 0]（单位：）血小板计数变化：[75.0, 109.0, 109.0, 109.0, 109.0, 109.0, 109.0]（单位：×10³/μL）总胆红素变化：[1.6, 1.6, 1.6, 1.6, 1.6, 1.6, 1.6]（单位：mg/dL）血管活性药物使用剂量：[0.0, 0.0, 0.0, 0.0, 0.0, 0.0, 0.0]（单位：μg/kg/min）格拉斯哥昏迷评分变化：[15, 15, 15, 15, 15, 15, 15]（单位：分）血清肌酐变化：[1.1, 1.1, 1.1, 1.1, 1.1, 1.1, 1.1]（单位：mg/dL）尿量变化：[0.0, 0.0, 0.0, 0.0, 0.0, 240.0, 240.0]（单位：mL）【疾病评分】SOFA总分变化：[0, 0, 0, 0, 2, 5, 5]（单位：分）SIRS评分变化：[0, 0, 0, 0, 1, 2, 2]（单位：分）",
  "intervention": "立即启动去甲肾上腺素输注，维持剂量为10.0μg·kg⁻¹·min⁻¹，剂量调整间隔2小时，密切监测血压和器官灌注，剂量呈递增趋势，提示血管反应性下降，评估8小时内发生感染性休克的风险",
  "dynamic_confidence": 0.22411644898142716,
  "total_confidence": 0.3366568477437186,
  "prediction": {
    "intervention_analysis": {
      "risk_level": "critical",
      "sofa_related_features": {
        "pao2_fio2_ratio": [
          300.0,
          290.0,
          280.0,
          270.0,
          260.0,
          250.0,
          240.0,
          230.0
        ],
        "platelet": [
          140.0,
          130.0,
          120.0,
          110.0,
          100.0,
          90.0,
          80.0,
          70.0
        ],
        "bilirubin_total": [
          1.5,
          1.6,
          1.7,
          1.8,
          1.9,
          2.0,
          2.1,
          2.2
        ],
        "vasopressor_rate": [
          10.0,
          11.0,
          12.0,
          13.0,
          14.0,
          15.0,
          16.0,
          17.0
        ],
        "gcs_total": [
          13.0,
          12.0,
          11.0,
          10.0,
          9.0,
          8.0,
          7.0,
          6.0
        ],
        "creatinine": [
          1.5,
          1.6,
          1.7,
          1.8,
          1.9,
          2.0,
          2.1,
          2.2
        ],
        "urine_output_ml": [
          1800.0,
          1600.0,
          1400.0,
          1200.0,
          1000.0,
          800.0,
          600.0,
          400.0
        ],
        "mechanical_ventilation": [
          0.0,
          0.0,
          0.0,
          0.0,
          1.0,
          1.0,
          1.0,
          1.0
        ]
      },
      "reasoning": "患者目前处于感染性休克的早期阶段，存在潜在的器官功能障碍和全身炎症反应。干预措施包括使用去甲肾上腺素输注来维持血压，并密切监测器官灌注情况。尽管干预措施已经开始，但剂量呈递增趋势，提示血管反应性下降，这可能意味着患者的循环状态不稳定，对治疗的反应有限。未来8小时内，患者可能出现感染性休克的风险增加，器官功能进一步恶化，尤其是肾脏和肝脏功能，以及潜在的凝血功能障碍。"
    },
    "sofa_scores_series": {
      "sofa_respiration": [
        1,
        2,
        2,
        2,
        1,
        1,
        1,
        1
      ],
      "sofa_coagulation": [
        1,
        1,
        1,
        1,
        1,
        2,
        2,
        2
      ],
      "sofa_liver": [
        1,
        1,
        1,
        1,
        1,
        2,
        2,
        2
      ],
      "sofa_cardiovascular": [
        2,
        2,
        2,
        2,
        2,
        2,
        4,
        4
      ],
      "sofa_cns": [
        1,
        2,
        2,
        2,
        3,
        3,
        3,
        4
      ],
      "sofa_renal": [
        1,
        1,
        1,
        1,
        1,
        2,
        2,
        1
      ]
    },
    "hourly_sofa_totals": {
      "0": 7,
      "1": 9,
      "2": 9,
      "3": 9,
      "4": 9,
      "5": 12,
      "6": 14,
      "7": 14
    },
    "sofa_scores": {
      "sofa_respiration": 1,
      "sofa_coagulation": 2,
      "sofa_liver": 2,
      "sofa_cardiovascular": 4,
      "sofa_cns": 4,
      "sofa_renal": 1,
      "sofa_total": 14
    }
  },
  "timestamp": 1766997944.8527262,
  "hourly_sofa_totals": {
    "0": 7,
    "1": 9,
    "2": 9,
    "3": 9,
    "4": 9,
    "5": 12,
    "6": 14,
    "7": 14
  },
  "predicted_sofa_scores": {
    "sofa_respiration": 1,
    "sofa_coagulation": 2,
    "sofa_liver": 2,
    "sofa_cardiovascular": 4,
    "sofa_cns": 4,
    "sofa_renal": 1,
    "sofa_total": 14
  },
  "predicted_sofa_scores_series": {
    "sofa_respiration": [
      1,
      2,
      2,
      2,
      1,
      1,
      1,
      1
    ],
    "sofa_coagulation": [
      1,
      1,
      1,
      1,
      1,
      2,
      2,
      2
    ],
    "sofa_liver": [
      1,
      1,
      1,
      1,
      1,
      2,
      2,
      2
    ],
    "sofa_cardiovascular": [
      2,
      2,
      2,
      2,
      2,
      2,
      4,
      4
    ],
    "sofa_cns": [
      1,
      2,
      2,
      2,
      3,
      3,
      3,
      4
    ],
    "sofa_renal": [
      1,
      1,
      1,
      1,
      1,
      2,
      2,
      1
    ]
  }
}