{
  "patient_id": "31613211",
  "model_name": "deepseek-r1:32b",
  "input_description": "ICU住院编号 31613211，对应患者编号 18084435，58岁女性，体重122.6kg。监测持续时间为 0 小时（共 7 次测量，每4小时一次）：【生命体征】心率变化：[117.5, 117.5]（单位：次/分）收缩压变化：[73.0, 73.0]（单位：mmHg）舒张压变化：[64.17, 64.17]（单位：mmHg）体温变化：[97.45, 97.45]（单位：℃）呼吸频率变化：[26.75, 26.75]（单位：次/分）血氧饱和度变化：[95.0, 95.0]（单位：%）平均动脉压变化：[67.11, 67.11]（单位：mmHg）【SOFA评分相关特征】氧合指数变化：[112.98, 112.98, 112.98, 112.98, 112.98, 112.98, 112.98]（单位：mmHg）机械通气使用情况：[0, 0, 0, 0, 0, 0, 0]（单位：）血小板计数变化：[313.0, 472.0, 441.0, 441.0, 441.0, 441.0, 441.0]（单位：×10³/μL）总胆红素变化：[0.7, 0.7, 0.7, 0.7, 0.7, 0.7, 0.7]（单位：mg/dL）血管活性药物使用剂量：[0.0, 0.0, 0.0, 0.0, 0.0, 0.2, 0.2]（单位：μg/kg/min）格拉斯哥昏迷评分变化：[15, 15, 15, 15, 15, 15, 15]（单位：分）血清肌酐变化：[0.6, 1.2, 1.3, 1.3, 1.3, 1.3, 1.3]（单位：mg/dL）尿量变化：[0.0, 0.0, 0.0, 0.0, 250.0, 88.0, 88.0]（单位：mL）【疾病评分】SOFA总分变化：[1, 0, 0, 0, 1, 2, 2]（单位：分）SIRS评分变化：[0, 0, 0, 0, 0, 3, 3]（单位：分）",
  "intervention": "立即启动去甲肾上腺素输注，维持剂量为0.2μg·kg⁻¹·min⁻¹，剂量调整间隔4小时，密切监测血压和器官灌注，剂量呈递减趋势，提示血管反应性改善，评估8小时内发生感染性休克的风险",
  "dynamic_confidence": 0.5112448858113227,
  "total_confidence": 0.6765890200002597,
  "prediction": {
    "intervention_analysis": {
      "risk_level": "low",
      "sofa_related_features": {
        "pao2_fio2_ratio": [
          350.0,
          360.0,
          370.0,
          380.0,
          390.0,
          400.0,
          410.0,
          420.0
        ],
        "platelet": [
          120.0,
          130.0,
          140.0,
          150.0,
          160.0,
          170.0,
          180.0,
          190.0
        ],
        "bilirubin_total": [
          2.0,
          1.9,
          1.8,
          1.7,
          1.6,
          1.5,
          1.4,
          1.3
        ],
        "vasopressor_rate": [
          0.2,
          0.15,
          0.1,
          0.05,
          0.0,
          0.0,
          0.0,
          0.0
        ],
        "gcs_total": [
          14.0,
          14.0,
          14.0,
          14.0,
          14.0,
          14.0,
          14.0,
          14.0
        ],
        "creatinine": [
          2.0,
          1.9,
          1.8,
          1.7,
          1.6,
          1.5,
          1.4,
          1.3
        ],
        "urine_output_ml": [
          1000.0,
          1200.0,
          1400.0,
          1600.0,
          1800.0,
          2000.0,
          2200.0,
          2400.0
        ],
        "mechanical_ventilation": [
          1.0,
          1.0,
          0.5,
          0.5,
          0.0,
          0.0,
          0.0,
          0.0
        ]
      },
      "reasoning": "患者当前处于感染性休克高风险状态，表现出低血压、器官功能受损和全身炎症反应。立即启动去甲肾上腺素输注以维持血压，并密切监测血管反应性改善情况。干预措施有效，剂量递减趋势表明循环状态逐渐稳定。未来8小时预测SOFA评分相关特征：PaO2/FiO2比率可能上升，血小板计数缓慢恢复，总胆红素略有下降，血管活性药物剂量持续减少，GCS评分保持稳定，肌酐水平趋于平稳，尿量增加，机械通气需求降低。潜在风险包括感染恶化、器官功能进一步受损和血压波动。"
    },
    "sofa_scores_series": {
      "sofa_respiration": [
        1,
        1,
        1,
        1,
        1,
        0,
        0,
        0
      ],
      "sofa_coagulation": [
        1,
        1,
        1,
        0,
        0,
        0,
        0,
        0
      ],
      "sofa_liver": [
        2,
        1,
        1,
        1,
        1,
        1,
        1,
        1
      ],
      "sofa_cardiovascular": [
        1,
        1,
        1,
        1,
        0,
        0,
        0,
        0
      ],
      "sofa_cns": [
        1,
        1,
        1,
        1,
        1,
        1,
        1,
        1
      ],
      "sofa_renal": [
        2,
        1,
        1,
        1,
        1,
        1,
        1,
        1
      ]
    },
    "hourly_sofa_totals": {
      "0": 8,
      "1": 6,
      "2": 6,
      "3": 5,
      "4": 4,
      "5": 3,
      "6": 3,
      "7": 3
    },
    "sofa_scores": {
      "sofa_respiration": 0,
      "sofa_coagulation": 0,
      "sofa_liver": 1,
      "sofa_cardiovascular": 0,
      "sofa_cns": 1,
      "sofa_renal": 1,
      "sofa_total": 3
    }
  },
  "timestamp": 1766636958.5600774,
  "hourly_sofa_totals": {
    "0": 8,
    "1": 6,
    "2": 6,
    "3": 5,
    "4": 4,
    "5": 3,
    "6": 3,
    "7": 3
  },
  "predicted_sofa_scores": {
    "sofa_respiration": 0,
    "sofa_coagulation": 0,
    "sofa_liver": 1,
    "sofa_cardiovascular": 0,
    "sofa_cns": 1,
    "sofa_renal": 1,
    "sofa_total": 3
  },
  "predicted_sofa_scores_series": {
    "sofa_respiration": [
      1,
      1,
      1,
      1,
      1,
      0,
      0,
      0
    ],
    "sofa_coagulation": [
      1,
      1,
      1,
      0,
      0,
      0,
      0,
      0
    ],
    "sofa_liver": [
      2,
      1,
      1,
      1,
      1,
      1,
      1,
      1
    ],
    "sofa_cardiovascular": [
      1,
      1,
      1,
      1,
      0,
      0,
      0,
      0
    ],
    "sofa_cns": [
      1,
      1,
      1,
      1,
      1,
      1,
      1,
      1
    ],
    "sofa_renal": [
      2,
      1,
      1,
      1,
      1,
      1,
      1,
      1
    ]
  }
}