{
  "patient_id": "32759002",
  "model_name": "deepseek-r1:32b",
  "input_description": "ICU住院编号 32759002，对应患者编号 19425678，28岁男性，体重116.7kg。监测持续时间为 0 小时（共 7 次测量，每4小时一次）：【生命体征】心率变化：[80.67, 80.67]（单位：次/分）收缩压变化：[69.67, 69.67]（单位：mmHg）舒张压变化：[49.67, 49.67]（单位：mmHg）体温变化：[N/A, N/A]（单位：℃）呼吸频率变化：[26.0, 26.0]（单位：次/分）血氧饱和度变化：[100.0, 100.0]（单位：%）平均动脉压变化：[56.33, 56.33]（单位：mmHg）【SOFA评分相关特征】氧合指数变化：[191.58, 191.58, 191.58, 191.58, 191.58, 191.58, 191.58]（单位：mmHg）机械通气使用情况：[0, 0, 0, 0, 0, 0, 0]（单位：）血小板计数变化：[42.0, 39.0, 44.5, 42.0, 42.0, 42.0, 42.0]（单位：×10³/μL）总胆红素变化：[12.3, 12.3, 12.3, 12.3, 12.3, 12.3, 12.3]（单位：mg/dL）血管活性药物使用剂量：[0.0, 0.0, 0.0, 0.0, 0.0, 10.0, 10.0]（单位：μg/kg/min）格拉斯哥昏迷评分变化：[15, 15, 15, 15, 15, 3, 3]（单位：分）血清肌酐变化：[1.3, 1.4, 1.3, 1.3, 1.3, 1.3, 1.3]（单位：mg/dL）尿量变化：[0.0, 0.0, 0.0, 0.0, 0.0, 20.0, 20.0]（单位：mL）【疾病评分】SOFA总分变化：[4, 4, 0, 0, 3, 13, 13]（单位：分）SIRS评分变化：[0, 0, 0, 0, 0, 1, 1]（单位：分）",
  "intervention": "立即启动去甲肾上腺素输注，维持剂量为10.0μg·kg⁻¹·min⁻¹，剂量调整间隔2小时，密切监测血压和器官灌注，剂量呈递减趋势，提示血管反应性改善，评估8小时内发生感染性休克的风险",
  "dynamic_confidence": 0.21256038577306172,
  "total_confidence": 0.3274119971770263,
  "prediction": {
    "intervention_analysis": {
      "risk_level": "low",
      "sofa_related_features": {
        "pao2_fio2_ratio": [
          300.0,
          310.0,
          320.0,
          330.0,
          340.0,
          350.0,
          360.0,
          370.0
        ],
        "platelet": [
          80.0,
          90.0,
          100.0,
          110.0,
          120.0,
          130.0,
          140.0,
          150.0
        ],
        "bilirubin_total": [
          2.6,
          2.5,
          2.4,
          2.3,
          2.2,
          2.1,
          2.0,
          1.9
        ],
        "vasopressor_rate": [
          10.0,
          9.0,
          8.0,
          7.0,
          6.0,
          5.0,
          4.0,
          3.0
        ],
        "gcs_total": [
          8.0,
          9.0,
          10.0,
          11.0,
          12.0,
          13.0,
          14.0,
          15.0
        ],
        "creatinine": [
          2.4,
          2.2,
          2.0,
          1.8,
          1.6,
          1.4,
          1.2,
          1.0
        ],
        "urine_output_ml": [
          600.0,
          700.0,
          800.0,
          900.0,
          1000.0,
          1100.0,
          1200.0,
          1300.0
        ],
        "mechanical_ventilation": [
          1.0,
          1.0,
          1.0,
          1.0,
          1.0,
          1.0,
          1.0,
          1.0
        ]
      },
      "reasoning": "患者目前处于严重脓毒症状态，伴随多器官功能障碍和意识状态恶化，提示感染性休克风险极高。立即启动去甲肾上腺素输注以维持血压和器官灌注，剂量调整间隔2小时，密切监测血压和器官灌注，剂量呈递减趋势，提示血管反应性改善。未来8小时内，患者的状况可能会趋于稳定或有所改善，但感染性休克的风险仍然存在。"
    },
    "sofa_scores_series": {
      "sofa_respiration": [
        1,
        1,
        1,
        1,
        1,
        1,
        1,
        1
      ],
      "sofa_coagulation": [
        2,
        2,
        1,
        1,
        1,
        1,
        1,
        0
      ],
      "sofa_liver": [
        2,
        2,
        2,
        2,
        2,
        2,
        2,
        1
      ],
      "sofa_cardiovascular": [
        2,
        2,
        2,
        2,
        2,
        1,
        1,
        1
      ],
      "sofa_cns": [
        3,
        3,
        2,
        2,
        2,
        1,
        1,
        0
      ],
      "sofa_renal": [
        2,
        2,
        2,
        1,
        1,
        1,
        1,
        0
      ]
    },
    "hourly_sofa_totals": {
      "0": 12,
      "1": 12,
      "2": 10,
      "3": 9,
      "4": 9,
      "5": 7,
      "6": 7,
      "7": 3
    },
    "sofa_scores": {
      "sofa_respiration": 1,
      "sofa_coagulation": 0,
      "sofa_liver": 1,
      "sofa_cardiovascular": 1,
      "sofa_cns": 0,
      "sofa_renal": 0,
      "sofa_total": 3
    }
  },
  "timestamp": 1773025452.5240154,
  "hourly_sofa_totals": {
    "0": 12,
    "1": 12,
    "2": 10,
    "3": 9,
    "4": 9,
    "5": 7,
    "6": 7,
    "7": 3
  },
  "predicted_sofa_scores": {
    "sofa_respiration": 1,
    "sofa_coagulation": 0,
    "sofa_liver": 1,
    "sofa_cardiovascular": 1,
    "sofa_cns": 0,
    "sofa_renal": 0,
    "sofa_total": 3
  },
  "predicted_sofa_scores_series": {
    "sofa_respiration": [
      1,
      1,
      1,
      1,
      1,
      1,
      1,
      1
    ],
    "sofa_coagulation": [
      2,
      2,
      1,
      1,
      1,
      1,
      1,
      0
    ],
    "sofa_liver": [
      2,
      2,
      2,
      2,
      2,
      2,
      2,
      1
    ],
    "sofa_cardiovascular": [
      2,
      2,
      2,
      2,
      2,
      1,
      1,
      1
    ],
    "sofa_cns": [
      3,
      3,
      2,
      2,
      2,
      1,
      1,
      0
    ],
    "sofa_renal": [
      2,
      2,
      2,
      1,
      1,
      1,
      1,
      0
    ]
  }
}