{
  "patient_id": "32092423",
  "model_name": "deepseek-r1:32b",
  "input_description": "ICU住院编号 32092423，对应患者编号 19670665，42岁女性，体重80.48571428571428kg。监测持续时间为 0 小时（共 7 次测量，每4小时一次）：【生命体征】心率变化：[89.0, 89.0]（单位：次/分）收缩压变化：[98.4, 98.4]（单位：mmHg）舒张压变化：[84.0, 84.0]（单位：mmHg）体温变化：[98.7, 98.7]（单位：℃）呼吸频率变化：[20.75, 20.75]（单位：次/分）血氧饱和度变化：[99.5, 99.5]（单位：%）平均动脉压变化：[88.8, 88.8]（单位：mmHg）【SOFA评分相关特征】氧合指数变化：[144.83, 144.83, 144.83, 144.83, 144.83, 144.83, 144.83]（单位：mmHg）机械通气使用情况：[0, 0, 0, 0, 0, 0, 0]（单位：）血小板计数变化：[22.0, 22.0, 43.0, 44.5, 44.5, 44.5, 44.5]（单位：×10³/μL）总胆红素变化：[9.0, 9.0, 7.3, 7.3, 7.3, 7.3, 7.3]（单位：mg/dL）血管活性药物使用剂量：[0.0, 0.0, 0.0, 0.0, 0.0, 0.0, 0.0]（单位：μg/kg/min）格拉斯哥昏迷评分变化：[15, 15, 15, 15, 15, 15, 15]（单位：分）血清肌酐变化：[2.9, 3.1, 2.6, 1.9, 1.9, 1.9, 1.9]（单位：mg/dL）尿量变化：[0.0, 0.0, 0.0, 0.0, 0.0, 75.0, 75.0]（单位：mL）【疾病评分】SOFA总分变化：[8, 8, 0, 0, 5, 7, 7]（单位：分）SIRS评分变化：[1, 1, 0, 0, 1, 2, 2]（单位：分）",
  "intervention": "无血管活性药物干预措施，建议密切监测血压和器官灌注，评估8小时内发生感染性休克的风险",
  "dynamic_confidence": 0.5212344842122639,
  "total_confidence": 0.6407472655735431,
  "prediction": {
    "intervention_analysis": {
      "risk_level": "moderate",
      "sofa_related_features": {
        "pao2_fio2_ratio": [
          350.0,
          340.0,
          330.0,
          320.0,
          310.0,
          300.0,
          290.0,
          280.0
        ],
        "platelet": [
          160.0,
          155.0,
          150.0,
          145.0,
          140.0,
          135.0,
          130.0,
          125.0
        ],
        "bilirubin_total": [
          1.0,
          1.1,
          1.2,
          1.3,
          1.4,
          1.5,
          1.6,
          1.7
        ],
        "vasopressor_rate": [
          0.0,
          0.0,
          0.0,
          0.0,
          0.0,
          0.0,
          0.0,
          0.0
        ],
        "gcs_total": [
          15.0,
          15.0,
          14.0,
          14.0,
          13.0,
          13.0,
          12.0,
          12.0
        ],
        "creatinine": [
          0.8,
          0.9,
          1.0,
          1.1,
          1.2,
          1.3,
          1.4,
          1.5
        ],
        "urine_output_ml": [
          2200.0,
          2100.0,
          2000.0,
          1900.0,
          1800.0,
          1700.0,
          1600.0,
          1500.0
        ],
        "mechanical_ventilation": [
          0.0,
          0.0,
          0.0,
          0.0,
          0.0,
          0.0,
          0.0,
          0.0
        ]
      },
      "reasoning": "患者目前处于病情稳定状态，无明显器官功能障碍，生命体征正常，意识清醒。当前未使用血管活性药物，建议密切监测血压和器官灌注，评估8小时内发生感染性休克的风险。基于患者的稳定状态和无干预措施，预计未来8小时的SOFA评分相关特征将保持在正常范围内或有轻微波动。"
    },
    "sofa_scores_series": {
      "sofa_respiration": [
        1,
        1,
        1,
        1,
        1,
        1,
        2,
        2
      ],
      "sofa_coagulation": [
        0,
        0,
        0,
        1,
        1,
        1,
        1,
        1
      ],
      "sofa_liver": [
        0,
        0,
        1,
        1,
        1,
        1,
        1,
        1
      ],
      "sofa_cardiovascular": [
        0,
        0,
        0,
        0,
        0,
        0,
        0,
        0
      ],
      "sofa_cns": [
        0,
        0,
        1,
        1,
        1,
        1,
        2,
        2
      ],
      "sofa_renal": [
        0,
        0,
        0,
        0,
        1,
        1,
        1,
        1
      ]
    },
    "hourly_sofa_totals": {
      "0": 1,
      "1": 1,
      "2": 3,
      "3": 4,
      "4": 5,
      "5": 5,
      "6": 7,
      "7": 7
    },
    "sofa_scores": {
      "sofa_respiration": 2,
      "sofa_coagulation": 1,
      "sofa_liver": 1,
      "sofa_cardiovascular": 0,
      "sofa_cns": 2,
      "sofa_renal": 1,
      "sofa_total": 7
    }
  },
  "timestamp": 1766639558.8624196,
  "hourly_sofa_totals": {
    "0": 1,
    "1": 1,
    "2": 3,
    "3": 4,
    "4": 5,
    "5": 5,
    "6": 7,
    "7": 7
  },
  "predicted_sofa_scores": {
    "sofa_respiration": 2,
    "sofa_coagulation": 1,
    "sofa_liver": 1,
    "sofa_cardiovascular": 0,
    "sofa_cns": 2,
    "sofa_renal": 1,
    "sofa_total": 7
  },
  "predicted_sofa_scores_series": {
    "sofa_respiration": [
      1,
      1,
      1,
      1,
      1,
      1,
      2,
      2
    ],
    "sofa_coagulation": [
      0,
      0,
      0,
      1,
      1,
      1,
      1,
      1
    ],
    "sofa_liver": [
      0,
      0,
      1,
      1,
      1,
      1,
      1,
      1
    ],
    "sofa_cardiovascular": [
      0,
      0,
      0,
      0,
      0,
      0,
      0,
      0
    ],
    "sofa_cns": [
      0,
      0,
      1,
      1,
      1,
      1,
      2,
      2
    ],
    "sofa_renal": [
      0,
      0,
      0,
      0,
      1,
      1,
      1,
      1
    ]
  }
}