{
  "patient_id": "32154852",
  "model_name": "deepseek-r1:32b",
  "input_description": "ICU住院编号 32154852，对应患者编号 12653149，47岁男性，体重64.55kg。监测持续时间为 0 小时（共 7 次测量，每4小时一次）：【生命体征】心率变化：[107.0, 107.0]（单位：次/分）收缩压变化：[100.33, 100.33]（单位：mmHg）舒张压变化：[80.33, 80.33]（单位：mmHg）体温变化：[99.2, 99.2]（单位：℃）呼吸频率变化：[24.33, 24.33]（单位：次/分）血氧饱和度变化：[100.0, 100.0]（单位：%）平均动脉压变化：[87.0, 87.0]（单位：mmHg）【SOFA评分相关特征】氧合指数变化：[353.0, 353.0, 353.0, 353.0, 353.0, 353.0, 353.0]（单位：mmHg）机械通气使用情况：[0, 0, 0, 0, 0, 0, 0]（单位：）血小板计数变化：[226.0, 197.5, 90.33, 46.25, 46.25, 46.25, 46.25]（单位：×10³/μL）总胆红素变化：[22.2, 3.3, 3.3, 3.3, 3.3, 3.3, 3.3]（单位：mg/dL）血管活性药物使用剂量：[0.0, 0.0, 0.0, 0.0, 0.0, 0.0, 0.0]（单位：μg/kg/min）格拉斯哥昏迷评分变化：[15, 15, 15, 15, 15, 15, 15]（单位：分）血清肌酐变化：[1.0, 1.2, 1.2, 1.2, 1.2, 1.2, 1.2]（单位：mg/dL）尿量变化：[0.0, 0.0, 0.0, 0.0, 0.0, 150.0, 150.0]（单位：mL）【疾病评分】SOFA总分变化：[0, 5, 0, 0, 2, 7, 7]（单位：分）SIRS评分变化：[0, 0, 0, 1, 1, 3, 3]（单位：分）",
  "intervention": "无血管活性药物干预措施，建议密切监测血压和器官灌注，评估8小时内发生感染性休克的风险",
  "dynamic_confidence": 0.5600101594100357,
  "total_confidence": 0.6393930585940327,
  "prediction": {
    "intervention_analysis": {
      "risk_level": "moderate",
      "sofa_related_features": {
        "pao2_fio2_ratio": [
          300.0,
          290.0,
          280.0,
          270.0,
          260.0,
          250.0,
          240.0,
          230.0
        ],
        "platelet": [
          150.0,
          140.0,
          130.0,
          120.0,
          110.0,
          100.0,
          90.0,
          80.0
        ],
        "bilirubin_total": [
          1.2,
          1.3,
          1.4,
          1.5,
          1.6,
          1.7,
          1.8,
          1.9
        ],
        "vasopressor_rate": [
          0.0,
          0.0,
          0.0,
          0.0,
          0.0,
          0.0,
          0.0,
          0.0
        ],
        "gcs_total": [
          15.0,
          14.0,
          13.0,
          12.0,
          11.0,
          10.0,
          9.0,
          8.0
        ],
        "creatinine": [
          1.0,
          1.1,
          1.2,
          1.3,
          1.4,
          1.5,
          1.6,
          1.7
        ],
        "urine_output_ml": [
          2000.0,
          1800.0,
          1600.0,
          1400.0,
          1200.0,
          1000.0,
          800.0,
          600.0
        ],
        "mechanical_ventilation": [
          0.0,
          0.0,
          0.0,
          0.0,
          0.0,
          1.0,
          1.0,
          1.0
        ]
      },
      "reasoning": "患者目前处于脓毒症状态，存在较高的感染性休克风险。由于未使用血管活性药物干预措施，病情可能在8小时内恶化。密切监测血压和器官灌注是关键，但缺乏积极干预可能导致感染性休克的发生。"
    },
    "sofa_scores_series": {
      "sofa_respiration": [
        1,
        2,
        2,
        2,
        2,
        1,
        1,
        1
      ],
      "sofa_coagulation": [
        0,
        1,
        1,
        1,
        1,
        1,
        2,
        2
      ],
      "sofa_liver": [
        1,
        1,
        1,
        1,
        1,
        1,
        1,
        1
      ],
      "sofa_cardiovascular": [
        0,
        0,
        0,
        0,
        0,
        0,
        0,
        0
      ],
      "sofa_cns": [
        0,
        1,
        1,
        2,
        2,
        2,
        3,
        3
      ],
      "sofa_renal": [
        0,
        0,
        1,
        1,
        1,
        1,
        1,
        1
      ]
    },
    "hourly_sofa_totals": {
      "0": 2,
      "1": 5,
      "2": 6,
      "3": 7,
      "4": 7,
      "5": 6,
      "6": 8,
      "7": 8
    },
    "sofa_scores": {
      "sofa_respiration": 1,
      "sofa_coagulation": 2,
      "sofa_liver": 1,
      "sofa_cardiovascular": 0,
      "sofa_cns": 3,
      "sofa_renal": 1,
      "sofa_total": 8
    }
  },
  "timestamp": 1766640693.2642138,
  "hourly_sofa_totals": {
    "0": 2,
    "1": 5,
    "2": 6,
    "3": 7,
    "4": 7,
    "5": 6,
    "6": 8,
    "7": 8
  },
  "predicted_sofa_scores": {
    "sofa_respiration": 1,
    "sofa_coagulation": 2,
    "sofa_liver": 1,
    "sofa_cardiovascular": 0,
    "sofa_cns": 3,
    "sofa_renal": 1,
    "sofa_total": 8
  },
  "predicted_sofa_scores_series": {
    "sofa_respiration": [
      1,
      2,
      2,
      2,
      2,
      1,
      1,
      1
    ],
    "sofa_coagulation": [
      0,
      1,
      1,
      1,
      1,
      1,
      2,
      2
    ],
    "sofa_liver": [
      1,
      1,
      1,
      1,
      1,
      1,
      1,
      1
    ],
    "sofa_cardiovascular": [
      0,
      0,
      0,
      0,
      0,
      0,
      0,
      0
    ],
    "sofa_cns": [
      0,
      1,
      1,
      2,
      2,
      2,
      3,
      3
    ],
    "sofa_renal": [
      0,
      0,
      1,
      1,
      1,
      1,
      1,
      1
    ]
  }
}