{
  "patient_id": "32115504",
  "model_name": "deepseek-r1:32b",
  "input_description": "ICU住院编号 32115504，对应患者编号 14851532，73岁男性，体重86.13333333333333kg。监测持续时间为 0 小时（共 7 次测量，每4小时一次）：【生命体征】心率变化：[50.5, 50.5]（单位：次/分）收缩压变化：[68.0, 68.0]（单位：mmHg）舒张压变化：[56.5, 56.5]（单位：mmHg）体温变化：[95.7, 95.7]（单位：℃）呼吸频率变化：[20.5, 20.5]（单位：次/分）血氧饱和度变化：[98.5, 98.5]（单位：%）平均动脉压变化：[60.33, 60.33]（单位：mmHg）【SOFA评分相关特征】氧合指数变化：[59.51, 59.51, 59.51, 59.51, 59.51, 59.51, 59.51]（单位：mmHg）机械通气使用情况：[0, 0, 0, 0, 0, 0, 0]（单位：）血小板计数变化：[250.0, 250.0, 250.0, 250.0, 250.0, 250.0, 250.0]（单位：×10³/μL）总胆红素变化：[3.0, 3.0, 3.0, 3.0, 3.0, 3.0, 3.0]（单位：mg/dL）血管活性药物使用剂量：[0.0, 0.0, 0.0, 0.0, 0.0, 0.0, 0.0]（单位：μg/kg/min）格拉斯哥昏迷评分变化：[15, 15, 15, 15, 15, 3, 3]（单位：分）血清肌酐变化：[1.6, 1.6, 1.6, 1.6, 1.6, 1.6, 1.6]（单位：mg/dL）尿量变化：[0.0, 0.0, 0.0, 0.0, 0.0, 140.0, 140.0]（单位：mL）【疾病评分】SOFA总分变化：[0, 0, 0, 0, 0, 8, 8]（单位：分）SIRS评分变化：[0, 0, 0, 0, 0, 3, 3]（单位：分）",
  "intervention": "立即启动去甲肾上腺素输注，初始剂量为0.0μg·kg⁻¹·min⁻¹，根据血压反应调整至最大0.06μg·kg⁻¹·min⁻¹，剂量调整间隔4小时，密切监测血压和器官灌注，剂量呈递增趋势，提示血管反应性下降，评估8小时内发生感染性休克的风险",
  "dynamic_confidence": 0.5537561107628814,
  "total_confidence": 0.6469810435748825,
  "prediction": {
    "intervention_analysis": {
      "risk_level": "high",
      "sofa_related_features": {
        "pao2_fio2_ratio": [
          300.0,
          280.0,
          260.0,
          240.0,
          220.0,
          200.0,
          180.0,
          160.0
        ],
        "platelet": [
          150.0,
          140.0,
          130.0,
          120.0,
          110.0,
          100.0,
          90.0,
          80.0
        ],
        "bilirubin_total": [
          1.2,
          1.4,
          1.6,
          1.8,
          2.0,
          2.2,
          2.4,
          2.6
        ],
        "vasopressor_rate": [
          0.0,
          0.03,
          0.05,
          0.06,
          0.06,
          0.06,
          0.06,
          0.06
        ],
        "gcs_total": [
          15.0,
          14.0,
          13.0,
          12.0,
          11.0,
          10.0,
          9.0,
          8.0
        ],
        "creatinine": [
          1.0,
          1.2,
          1.4,
          1.6,
          1.8,
          2.0,
          2.2,
          2.4
        ],
        "urine_output_ml": [
          2000.0,
          1800.0,
          1600.0,
          1400.0,
          1200.0,
          1000.0,
          800.0,
          600.0
        ],
        "mechanical_ventilation": [
          0.0,
          0.0,
          1.0,
          1.0,
          1.0,
          1.0,
          1.0,
          1.0
        ]
      },
      "reasoning": "患者目前处于感染性休克高风险状态，表现为低血压、低温症和意识障碍加重。SOFA评分为8分，提示器官功能障碍显著。干预措施包括立即启动去甲肾上腺素输注，并根据血压反应调整剂量至最大0.06μg·kg⁻¹·min⁻¹，间隔4小时监测。尽管初始剂量为0.0μg·kg⁻¹·min⁻¹，但剂量呈递增趋势，提示血管活性药物的使用可能不足以维持血压稳定。这种情况下，患者的血流动力学状态可能仍然不稳定，器官灌注不足的风险较高。\n\n未来8小时内，感染性休克的风险较高，可能导致器官功能进一步恶化。患者的意识障碍加重可能与脑灌注不足有关，而低血压和低温症则可能加剧其他器官的损伤。此外，血管活性药物剂量的增加可能反映了患者对治疗的反应有限，这可能预示着病情的进一步恶化。\n\n综合来看，患者的状况可能会在接下来的8小时内继续恶化，尽管干预措施已经开始实施，但效果可能不明显。因此，预测未来趋势为“deteriorating”。"
    },
    "sofa_scores_series": {
      "sofa_respiration": [
        1,
        2,
        1,
        1,
        1,
        1,
        1,
        1
      ],
      "sofa_coagulation": [
        0,
        1,
        1,
        1,
        1,
        1,
        2,
        2
      ],
      "sofa_liver": [
        1,
        1,
        1,
        1,
        2,
        2,
        2,
        2
      ],
      "sofa_cardiovascular": [
        0,
        1,
        1,
        1,
        1,
        1,
        1,
        1
      ],
      "sofa_cns": [
        0,
        1,
        1,
        2,
        2,
        2,
        3,
        3
      ],
      "sofa_renal": [
        0,
        1,
        1,
        1,
        1,
        2,
        2,
        2
      ]
    },
    "hourly_sofa_totals": {
      "0": 2,
      "1": 7,
      "2": 6,
      "3": 7,
      "4": 8,
      "5": 9,
      "6": 11,
      "7": 11
    },
    "sofa_scores": {
      "sofa_respiration": 1,
      "sofa_coagulation": 2,
      "sofa_liver": 2,
      "sofa_cardiovascular": 1,
      "sofa_cns": 3,
      "sofa_renal": 2,
      "sofa_total": 11
    }
  },
  "timestamp": 1766640083.4810026,
  "hourly_sofa_totals": {
    "0": 2,
    "1": 7,
    "2": 6,
    "3": 7,
    "4": 8,
    "5": 9,
    "6": 11,
    "7": 11
  },
  "predicted_sofa_scores": {
    "sofa_respiration": 1,
    "sofa_coagulation": 2,
    "sofa_liver": 2,
    "sofa_cardiovascular": 1,
    "sofa_cns": 3,
    "sofa_renal": 2,
    "sofa_total": 11
  },
  "predicted_sofa_scores_series": {
    "sofa_respiration": [
      1,
      2,
      1,
      1,
      1,
      1,
      1,
      1
    ],
    "sofa_coagulation": [
      0,
      1,
      1,
      1,
      1,
      1,
      2,
      2
    ],
    "sofa_liver": [
      1,
      1,
      1,
      1,
      2,
      2,
      2,
      2
    ],
    "sofa_cardiovascular": [
      0,
      1,
      1,
      1,
      1,
      1,
      1,
      1
    ],
    "sofa_cns": [
      0,
      1,
      1,
      2,
      2,
      2,
      3,
      3
    ],
    "sofa_renal": [
      0,
      1,
      1,
      1,
      1,
      2,
      2,
      2
    ]
  }
}