{
  "patient_id": "30315020",
  "model_name": "deepseek-r1:32b",
  "input_description": "ICU住院编号 30315020，对应患者编号 11992186，56岁男性，体重87.05kg。监测持续时间为 0 小时（共 7 次测量，每4小时一次）：【生命体征】心率变化：[128.0, 128.0]（单位：次/分）收缩压变化：[78.14, 78.14]（单位：mmHg）舒张压变化：[64.86, 64.86]（单位：mmHg）体温变化：[98.3, 98.3]（单位：℃）呼吸频率变化：[21.71, 21.71]（单位：次/分）血氧饱和度变化：[98.57, 98.57]（单位：%）平均动脉压变化：[69.29, 69.29]（单位：mmHg）【SOFA评分相关特征】氧合指数变化：[219.23, 219.23, 219.23, 219.23, 219.23, 219.23, 219.23]（单位：mmHg）机械通气使用情况：[0, 0, 0, 0, 0, 0, 0]（单位：）血小板计数变化：[92.67, 119.67, 105.0, 105.0, 105.0, 105.0, 105.0]（单位：×10³/μL）总胆红素变化：[1.5, 1.9, 1.9, 1.9, 1.9, 1.9, 1.9]（单位：mg/dL）血管活性药物使用剂量：[0.0, 0.0, 0.0, 0.0, 0.0, 5.0, 5.0]（单位：μg/kg/min）格拉斯哥昏迷评分变化：[15, 15, 15, 15, 15, 10, 10]（单位：分）血清肌酐变化：[0.8, 0.8, 0.8, 0.8, 0.8, 0.8, 0.8]（单位：mg/dL）尿量变化：[0.0, 0.0, 0.0, 0.0, 0.0, 825.0, 825.0]（单位：mL）【疾病评分】SOFA总分变化：[0, 0, 0, 4, 1, 7, 7]（单位：分）SIRS评分变化：[0, 0, 0, 0, 1, 4, 4]（单位：分）",
  "intervention": "立即启动去甲肾上腺素输注，维持剂量为5.0μg·kg⁻¹·min⁻¹，剂量调整间隔4小时，密切监测血压和器官灌注，剂量呈递减趋势，提示血管反应性改善，评估8小时内发生感染性休克的风险",
  "dynamic_confidence": 0.684951554634758,
  "total_confidence": 0.7817250983849782,
  "prediction": {
    "intervention_analysis": {
      "risk_level": "low",
      "sofa_related_features": {
        "pao2_fio2_ratio": [
          280.0,
          290.0,
          300.0,
          310.0,
          320.0,
          330.0,
          340.0,
          350.0
        ],
        "platelet": [
          140.0,
          145.0,
          150.0,
          155.0,
          160.0,
          165.0,
          170.0,
          175.0
        ],
        "bilirubin_total": [
          2.0,
          1.9,
          1.8,
          1.7,
          1.6,
          1.5,
          1.4,
          1.3
        ],
        "vasopressor_rate": [
          5.0,
          4.5,
          4.0,
          3.5,
          3.0,
          2.5,
          2.0,
          1.5
        ],
        "gcs_total": [
          13.0,
          14.0,
          14.0,
          15.0,
          15.0,
          15.0,
          15.0,
          15.0
        ],
        "creatinine": [
          2.0,
          1.9,
          1.8,
          1.7,
          1.6,
          1.5,
          1.4,
          1.3
        ],
        "urine_output_ml": [
          1000.0,
          1100.0,
          1200.0,
          1300.0,
          1400.0,
          1500.0,
          1600.0,
          1700.0
        ],
        "mechanical_ventilation": [
          1.0,
          1.0,
          1.0,
          1.0,
          1.0,
          1.0,
          1.0,
          1.0
        ]
      },
      "reasoning": "患者目前处于感染性休克的高风险状态，表现为心率增快、血压接近低限以及SOFA评分显著升高，提示器官功能障碍加重。立即启动去甲肾上腺素输注以维持循环稳定，剂量为5.0μg·kg⁻¹·min⁻¹，并每4小时调整一次，密切监测血压和器官灌注情况。剂量呈递减趋势，表明血管反应性可能在改善，但仍然需要警惕感染性休克的进一步恶化风险。"
    },
    "sofa_scores_series": {
      "sofa_respiration": [
        1,
        1,
        1,
        1,
        1,
        1,
        1,
        1
      ],
      "sofa_coagulation": [
        1,
        1,
        0,
        0,
        0,
        0,
        0,
        0
      ],
      "sofa_liver": [
        2,
        1,
        1,
        1,
        1,
        1,
        1,
        1
      ],
      "sofa_cardiovascular": [
        1,
        1,
        1,
        1,
        1,
        1,
        1,
        1
      ],
      "sofa_cns": [
        1,
        1,
        1,
        0,
        0,
        0,
        0,
        0
      ],
      "sofa_renal": [
        2,
        1,
        1,
        1,
        1,
        1,
        1,
        1
      ]
    },
    "hourly_sofa_totals": {
      "0": 8,
      "1": 6,
      "2": 5,
      "3": 4,
      "4": 4,
      "5": 4,
      "6": 4,
      "7": 4
    },
    "sofa_scores": {
      "sofa_respiration": 1,
      "sofa_coagulation": 0,
      "sofa_liver": 1,
      "sofa_cardiovascular": 1,
      "sofa_cns": 0,
      "sofa_renal": 1,
      "sofa_total": 4
    }
  },
  "timestamp": 1766633219.5326402,
  "hourly_sofa_totals": {
    "0": 8,
    "1": 6,
    "2": 5,
    "3": 4,
    "4": 4,
    "5": 4,
    "6": 4,
    "7": 4
  },
  "predicted_sofa_scores": {
    "sofa_respiration": 1,
    "sofa_coagulation": 0,
    "sofa_liver": 1,
    "sofa_cardiovascular": 1,
    "sofa_cns": 0,
    "sofa_renal": 1,
    "sofa_total": 4
  },
  "predicted_sofa_scores_series": {
    "sofa_respiration": [
      1,
      1,
      1,
      1,
      1,
      1,
      1,
      1
    ],
    "sofa_coagulation": [
      1,
      1,
      0,
      0,
      0,
      0,
      0,
      0
    ],
    "sofa_liver": [
      2,
      1,
      1,
      1,
      1,
      1,
      1,
      1
    ],
    "sofa_cardiovascular": [
      1,
      1,
      1,
      1,
      1,
      1,
      1,
      1
    ],
    "sofa_cns": [
      1,
      1,
      1,
      0,
      0,
      0,
      0,
      0
    ],
    "sofa_renal": [
      2,
      1,
      1,
      1,
      1,
      1,
      1,
      1
    ]
  }
}