{
  "patient_id": "30983281",
  "model_name": "deepseek-r1:32b",
  "input_description": "ICU住院编号 30983281，对应患者编号 11501310，48岁男性，体重138.0kg。监测持续时间为 0 小时（共 7 次测量，每4小时一次）：【生命体征】心率变化：[116.0, 116.0]（单位：次/分）收缩压变化：[61.6, 61.6]（单位：mmHg）舒张压变化：[56.2, 56.2]（单位：mmHg）体温变化：[N/A, N/A]（单位：℃）呼吸频率变化：[16.8, 16.8]（单位：次/分）血氧饱和度变化：[100.0, 100.0]（单位：%）平均动脉压变化：[58.0, 58.0]（单位：mmHg）【SOFA评分相关特征】氧合指数变化：[122.6, 122.6, 122.6, 122.6, 122.6, 122.6, 122.6]（单位：mmHg）机械通气使用情况：[0, 0, 0, 0, 0, 0, 0]（单位：）血小板计数变化：[231.0, 165.0, 191.0, 191.0, 191.0, 191.0, 191.0]（单位：×10³/μL）总胆红素变化：[0.8, 0.8, 0.8, 0.8, 0.8, 0.8, 0.8]（单位：mg/dL）血管活性药物使用剂量：[0.0, 0.0, 0.0, 0.0, 0.0, 25.02, 25.02]（单位：μg/kg/min）格拉斯哥昏迷评分变化：[15, 15, 15, 15, 15, 3, 3]（单位：分）血清肌酐变化：[1.1, 1.1, 1.2, 1.2, 1.2, 1.2, 1.2]（单位：mg/dL）尿量变化：[0.0, 0.0, 0.0, 0.0, 0.0, 125.0, 125.0]（单位：mL）【疾病评分】SOFA总分变化：[1, 0, 1, 0, 0, 6, 6]（单位：分）SIRS评分变化：[0, 0, 0, 0, 1, 2, 2]（单位：分）",
  "intervention": "立即启动去甲肾上腺素输注，初始剂量为12.5μg·kg⁻¹·min⁻¹，根据血压反应调整至最大25.95μg·kg⁻¹·min⁻¹，剂量调整间隔1小时，密切监测血压和器官灌注，剂量呈递增趋势，提示血管反应性下降，评估8小时内发生感染性休克的风险",
  "dynamic_confidence": 0.531375968848915,
  "total_confidence": 0.7101857006096935,
  "prediction": {
    "intervention_analysis": {
      "risk_level": "critical",
      "sofa_related_features": {
        "pao2_fio2_ratio": [
          300.0,
          290.0,
          280.0,
          270.0,
          260.0,
          250.0,
          240.0,
          230.0
        ],
        "platelet": [
          150.0,
          140.0,
          130.0,
          120.0,
          110.0,
          100.0,
          90.0,
          80.0
        ],
        "bilirubin_total": [
          1.2,
          1.5,
          1.8,
          2.1,
          2.4,
          2.7,
          3.0,
          3.3
        ],
        "vasopressor_rate": [
          12.5,
          15.0,
          17.5,
          20.0,
          22.5,
          25.0,
          25.95,
          25.95
        ],
        "gcs_total": [
          13.0,
          12.0,
          11.0,
          10.0,
          9.0,
          8.0,
          7.0,
          6.0
        ],
        "creatinine": [
          1.2,
          1.4,
          1.6,
          1.8,
          2.0,
          2.2,
          2.5,
          2.8
        ],
        "urine_output_ml": [
          2000.0,
          1800.0,
          1600.0,
          1400.0,
          1200.0,
          1000.0,
          800.0,
          600.0
        ],
        "mechanical_ventilation": [
          1.0,
          1.0,
          1.0,
          1.0,
          1.0,
          1.0,
          1.0,
          1.0
        ]
      },
      "reasoning": "患者当前处于感染性休克的高风险状态，表现出低血压、心动过速和严重的器官功能障碍。立即启动去甲肾上腺素输注，初始剂量为12.5μg·kg⁻¹·min⁻¹，并根据血压反应调整至最大25.95μg·kg⁻¹·min⁻¹，每小时调整一次，提示血管反应性可能在下降。尽管干预措施积极，但感染性休克的风险较高，器官功能障碍可能进一步恶化，尤其是肾脏和肝脏功能。此外，高剂量的去甲肾上腺素可能导致血压波动和其他并发症。"
    },
    "sofa_scores_series": {
      "sofa_respiration": [
        1,
        1,
        1,
        1,
        1,
        1,
        1,
        1
      ],
      "sofa_coagulation": [
        0,
        1,
        1,
        1,
        1,
        1,
        2,
        2
      ],
      "sofa_liver": [
        1,
        1,
        1,
        2,
        2,
        2,
        2,
        2
      ],
      "sofa_cardiovascular": [
        2,
        2,
        4,
        4,
        4,
        4,
        4,
        4
      ],
      "sofa_cns": [
        1,
        2,
        2,
        2,
        3,
        3,
        3,
        4
      ],
      "sofa_renal": [
        1,
        1,
        1,
        1,
        2,
        2,
        2,
        2
      ]
    },
    "hourly_sofa_totals": {
      "0": 6,
      "1": 8,
      "2": 10,
      "3": 11,
      "4": 13,
      "5": 13,
      "6": 14,
      "7": 15
    },
    "sofa_scores": {
      "sofa_respiration": 1,
      "sofa_coagulation": 2,
      "sofa_liver": 2,
      "sofa_cardiovascular": 4,
      "sofa_cns": 4,
      "sofa_renal": 2,
      "sofa_total": 15
    }
  },
  "timestamp": 1766635904.2959137,
  "hourly_sofa_totals": {
    "0": 6,
    "1": 8,
    "2": 10,
    "3": 11,
    "4": 13,
    "5": 13,
    "6": 14,
    "7": 15
  },
  "predicted_sofa_scores": {
    "sofa_respiration": 1,
    "sofa_coagulation": 2,
    "sofa_liver": 2,
    "sofa_cardiovascular": 4,
    "sofa_cns": 4,
    "sofa_renal": 2,
    "sofa_total": 15
  },
  "predicted_sofa_scores_series": {
    "sofa_respiration": [
      1,
      1,
      1,
      1,
      1,
      1,
      1,
      1
    ],
    "sofa_coagulation": [
      0,
      1,
      1,
      1,
      1,
      1,
      2,
      2
    ],
    "sofa_liver": [
      1,
      1,
      1,
      2,
      2,
      2,
      2,
      2
    ],
    "sofa_cardiovascular": [
      2,
      2,
      4,
      4,
      4,
      4,
      4,
      4
    ],
    "sofa_cns": [
      1,
      2,
      2,
      2,
      3,
      3,
      3,
      4
    ],
    "sofa_renal": [
      1,
      1,
      1,
      1,
      2,
      2,
      2,
      2
    ]
  }
}