{
  "patient_id": "31149608",
  "model_name": "deepseek-r1:32b",
  "input_description": "ICU住院编号 31149608，对应患者编号 16155910，63岁男性，体重69.0kg。监测持续时间为 0 小时（共 7 次测量，每4小时一次）：【生命体征】心率变化：[120.75, 120.75]（单位：次/分）收缩压变化：[73.0, 73.0]（单位：mmHg）舒张压变化：[65.0, 65.0]（单位：mmHg）体温变化：[98.0, 98.0]（单位：℃）呼吸频率变化：[15.25, 15.25]（单位：次/分）血氧饱和度变化：[93.75, 93.75]（单位：%）平均动脉压变化：[67.67, 67.67]（单位：mmHg）【SOFA评分相关特征】氧合指数变化：[66.02, 66.02, 66.02, 66.02, 66.02, 66.02, 66.02]（单位：mmHg）机械通气使用情况：[0, 0, 0, 0, 0, 0, 0]（单位：）血小板计数变化：[13.0, 22.0, 22.0, 22.0, 22.0, 22.0, 22.0]（单位：×10³/μL）总胆红素变化：[4.3, 4.3, 4.3, 4.3, 4.3, 4.3, 4.3]（单位：mg/dL）血管活性药物使用剂量：[0.0, 0.0, 0.0, 0.0, 0.0, 8.01, 8.01]（单位：μg/kg/min）格拉斯哥昏迷评分变化：[15, 15, 15, 15, 15, 13, 13]（单位：分）血清肌酐变化：[0.9, 0.8, 0.9, 0.9, 0.9, 0.9, 0.9]（单位：mg/dL）尿量变化：[0.0, 0.0, 0.0, 0.0, 0.0, 350.0, 350.0]（单位：mL）【疾病评分】SOFA总分变化：[1, 0, 0, 5, 0, 8, 8]（单位：分）SIRS评分变化：[1, 0, 0, 0, 0, 3, 3]（单位：分）",
  "intervention": "立即启动去甲肾上腺素输注，维持剂量为15.0μg·kg⁻¹·min⁻¹，剂量调整间隔1小时，密切监测血压和器官灌注，剂量呈递减趋势，提示血管反应性改善，评估8小时内发生感染性休克的风险",
  "dynamic_confidence": 0.51964181767728,
  "total_confidence": 0.6933066240024228,
  "prediction": {
    "intervention_analysis": {
      "risk_level": "high",
      "sofa_related_features": {
        "pao2_fio2_ratio": [
          300.0,
          310.0,
          320.0,
          330.0,
          340.0,
          350.0,
          360.0,
          370.0
        ],
        "platelet": [
          100.0,
          98.0,
          96.0,
          94.0,
          92.0,
          90.0,
          88.0,
          86.0
        ],
        "bilirubin_total": [
          1.5,
          1.6,
          1.7,
          1.8,
          1.9,
          2.0,
          2.1,
          2.2
        ],
        "vasopressor_rate": [
          15.0,
          14.0,
          13.0,
          12.0,
          11.0,
          10.0,
          9.0,
          8.0
        ],
        "gcs_total": [
          12.0,
          12.0,
          12.0,
          12.0,
          12.0,
          12.0,
          12.0,
          12.0
        ],
        "creatinine": [
          1.4,
          1.5,
          1.6,
          1.7,
          1.8,
          1.9,
          2.0,
          2.1
        ],
        "urine_output_ml": [
          1800.0,
          1900.0,
          2000.0,
          2100.0,
          2200.0,
          2300.0,
          2400.0,
          2500.0
        ],
        "mechanical_ventilation": [
          1.0,
          1.0,
          1.0,
          1.0,
          1.0,
          1.0,
          1.0,
          1.0
        ]
      },
      "reasoning": "患者目前处于感染性休克的高风险状态，表现出心动过速和低血压，这可能表明血流动力学不稳定。启动去甲肾上腺素输注后，剂量呈递减趋势，提示血管反应性有所改善。然而，器官功能障碍加重仍需警惕潜在风险，如感染恶化、器官衰竭等。未来8小时的趋势预计为稳定，但需密切监测。"
    },
    "sofa_scores_series": {
      "sofa_respiration": [
        1,
        1,
        1,
        1,
        1,
        1,
        1,
        1
      ],
      "sofa_coagulation": [
        1,
        2,
        2,
        2,
        2,
        2,
        2,
        2
      ],
      "sofa_liver": [
        1,
        1,
        1,
        1,
        1,
        2,
        2,
        2
      ],
      "sofa_cardiovascular": [
        2,
        2,
        2,
        2,
        2,
        2,
        2,
        2
      ],
      "sofa_cns": [
        2,
        2,
        2,
        2,
        2,
        2,
        2,
        2
      ],
      "sofa_renal": [
        1,
        1,
        1,
        1,
        1,
        1,
        2,
        2
      ]
    },
    "hourly_sofa_totals": {
      "0": 8,
      "1": 9,
      "2": 9,
      "3": 9,
      "4": 9,
      "5": 10,
      "6": 11,
      "7": 11
    },
    "sofa_scores": {
      "sofa_respiration": 1,
      "sofa_coagulation": 2,
      "sofa_liver": 2,
      "sofa_cardiovascular": 2,
      "sofa_cns": 2,
      "sofa_renal": 2,
      "sofa_total": 11
    }
  },
  "timestamp": 1766636281.7575877,
  "hourly_sofa_totals": {
    "0": 8,
    "1": 9,
    "2": 9,
    "3": 9,
    "4": 9,
    "5": 10,
    "6": 11,
    "7": 11
  },
  "predicted_sofa_scores": {
    "sofa_respiration": 1,
    "sofa_coagulation": 2,
    "sofa_liver": 2,
    "sofa_cardiovascular": 2,
    "sofa_cns": 2,
    "sofa_renal": 2,
    "sofa_total": 11
  },
  "predicted_sofa_scores_series": {
    "sofa_respiration": [
      1,
      1,
      1,
      1,
      1,
      1,
      1,
      1
    ],
    "sofa_coagulation": [
      1,
      2,
      2,
      2,
      2,
      2,
      2,
      2
    ],
    "sofa_liver": [
      1,
      1,
      1,
      1,
      1,
      2,
      2,
      2
    ],
    "sofa_cardiovascular": [
      2,
      2,
      2,
      2,
      2,
      2,
      2,
      2
    ],
    "sofa_cns": [
      2,
      2,
      2,
      2,
      2,
      2,
      2,
      2
    ],
    "sofa_renal": [
      1,
      1,
      1,
      1,
      1,
      1,
      2,
      2
    ]
  }
}