{
  "timestamp": "2025-12-25 11:49:19",
  "model_name": "qwen3:30b",
  "prediction_model_name": "qwen3:30b",
  "patient_id": "30835026",
  "input_description": "ICU住院编号 30835026，对应患者编号 11670720，60岁男性，体重95.0kg。监测持续时间为 0 小时（共 7 次测量，每4小时一次）：【生命体征】心率变化：[66.5, 66.5]（单位：次/分）收缩压变化：[78.33, 78.33]（单位：mmHg）舒张压变化：[50.67, 50.67]（单位：mmHg）体温变化：[N/A, N/A]（单位：℃）呼吸频率变化：[15.25, 15.25]（单位：次/分）血氧饱和度变化：[99.75, 99.75]（单位：%）平均动脉压变化：[59.89, 59.89]（单位：mmHg）【SOFA评分相关特征】氧合指数变化：[152.17, 152.17, 152.17, 152.17, 152.17, 152.17, 152.17]（单位：mmHg）机械通气使用情况：[0, 0, 0, 0, 0, 0, 0]（单位：）血小板计数变化：[41.0, 53.0, 71.0, 60.0, 60.0, 60.0, 60.0]（单位：×10³/μL）总胆红素变化：[6.0, 6.0, 6.0, 6.0, 6.0, 6.0, 6.0]（单位：mg/dL）血管活性药物使用剂量：[0.0, 0.0, 0.0, 0.0, 0.0, 0.0, 0.0]（单位：μg/kg/min）格拉斯哥昏迷评分变化：[15, 15, 15, 15, 15, 3, 3]（单位：分）血清肌酐变化：[2.2, 2.2, 2.2, 2.2, 2.2, 2.2, 2.2]（单位：mg/dL）尿量变化：[0.0, 0.0, 0.0, 0.0, 0.0, 200.0, 200.0]（单位：mL）【疾病评分】SOFA总分变化：[0, 0, 3, 2, 2, 12, 12]（单位：分）SIRS评分变化：[0, 0, 1, 0, 0, 0, 0]（单位：分）",
  "intervention": "无血管活性药物干预措施，建议密切监测血压和器官灌注，评估8小时内发生感染性休克的风险",
  "evaluator_trust": {
    "a": 0.8499999999999999,
    "counterfactual_runs": 3,
    "dynamic_confidence": 1.0,
    "total_confidence": 0.8263862081628464
  },
  "prediction_trust": {
    "a": 0.8499999999999999,
    "counterfactual_runs": 3,
    "dynamic_confidence": 1.0,
    "total_confidence": 0.8263862081628464
  },
  "predicted_vital_signs": {
    "pao2_fio2_ratio": [
      250.0,
      240.0,
      230.0,
      220.0,
      210.0,
      200.0,
      190.0,
      180.0
    ],
    "platelet": [
      100.0,
      95.0,
      90.0,
      85.0,
      80.0,
      75.0,
      70.0,
      65.0
    ],
    "bilirubin_total": [
      1.5,
      1.7,
      1.9,
      2.1,
      2.3,
      2.5,
      2.7,
      2.9
    ],
    "vasopressor_rate": [
      0.0,
      0.0,
      0.0,
      0.0,
      0.0,
      0.0,
      0.0,
      0.0
    ],
    "gcs_total": [
      12.0,
      11.0,
      10.0,
      9.0,
      8.0,
      7.0,
      6.0,
      5.0
    ],
    "creatinine": [
      1.5,
      1.7,
      1.9,
      2.1,
      2.3,
      2.5,
      2.7,
      2.9
    ],
    "urine_output_ml": [
      1500.0,
      1400.0,
      1300.0,
      1200.0,
      1100.0,
      1000.0,
      900.0,
      800.0
    ],
    "mechanical_ventilation": [
      0.0,
      0.0,
      0.0,
      0.0,
      0.0,
      0.0,
      0.0,
      0.0
    ]
  },
  "confidence_score": 0.0,
  "evaluation": {
    "success": false,
    "model_output": null,
    "error": "Ollama命令执行超时"
  },
  "key_reasons": []
}