{
  "timestamp": "2025-12-25 11:38:46",
  "model_name": "qwen3:30b",
  "prediction_model_name": "qwen3:30b",
  "patient_id": "30717105",
  "input_description": "ICU住院编号 30717105，对应患者编号 17744715，34岁男性，体重100.0kg。监测持续时间为 0 小时（共 7 次测量，每4小时一次）：【生命体征】心率变化：[131.0, 88.1, 97.29, 109.43, 123.6, 112.25, 112.25]（单位：次/分）收缩压变化：[63.0, 79.0, 81.0, 65.5, 67.0, 67.0, 67.0]（单位：mmHg）舒张压变化：[20.0, 52.0, 68.25, 70.5, 50.0, 53.2, 53.2]（单位：mmHg）体温变化：[65.12, 36.28, 37.37, 37.31, 37.66, 37.66, 37.66]（单位：℃）呼吸频率变化：[30.67, 26.71, 27.25, 23.86, 21.47, 23.25, 23.25]（单位：次/分）血氧饱和度变化：[71.33, 99.86, 100.0, 97.86, 99.93, 98.75, 98.75]（单位：%）平均动脉压变化：[55.67, 71.83, 74.0, 55.17, 57.8, 57.8, 57.8]（单位：mmHg）【SOFA评分相关特征】氧合指数变化：[39.49, 215.75, 155.44, 95.55, 120.08, 96.54, 96.54]（单位：mmHg）机械通气使用情况：[0, 0, 0, 0, 0, 0, 0]（单位：）血小板计数变化：[128.0, 92.5, 107.0, 112.0, 84.5, 70.0, 70.0]（单位：×10³/μL）总胆红素变化：[3.3, 3.1, 3.3, 3.1, 3.4, 3.4, 3.4]（单位：mg/dL）血管活性药物使用剂量：[0.4, 0.9, 0.07, 0.07, 0.18, 0.16, 0.16]（单位：μg/kg/min）格拉斯哥昏迷评分变化：[15, 3, 3, 3, 11, 8, 8]（单位：分）血清肌酐变化：[1.5, 1.8, 1.6, 1.7, 1.75, 1.6, 1.6]（单位：mg/dL）尿量变化：[0.0, 225.0, 470.0, 25.0, 510.0, 600.0, 600.0]（单位：mL）【疾病评分】SOFA总分变化：[8, 10, 10, 10, 8, 9, 9]（单位：分）SIRS评分变化：[3, 3, 3, 3, 3, 3, 3]（单位：分）",
  "intervention": "立即启动去甲肾上腺素输注，初始剂量为0.1μg·kg⁻¹·min⁻¹，根据血压反应调整至最大0.34μg·kg⁻¹·min⁻¹，剂量调整间隔4小时，密切监测血压和器官灌注，剂量呈递增趋势，提示血管反应性下降，评估8小时内发生感染性休克的风险",
  "evaluator_trust": {
    "a": 0.8999999999999999,
    "counterfactual_runs": 2,
    "dynamic_confidence": 1.0,
    "total_confidence": 0.8161736321724256
  },
  "prediction_trust": {
    "a": 0.8999999999999999,
    "counterfactual_runs": 2,
    "dynamic_confidence": 1.0,
    "total_confidence": 0.8161736321724256
  },
  "predicted_vital_signs": {
    "pao2_fio2_ratio": [
      39.49,
      38.5,
      37.6,
      36.7,
      35.8,
      34.9,
      34.0,
      33.1
    ],
    "platelet": [
      120.0,
      115.0,
      110.0,
      105.0,
      100.0,
      95.0,
      90.0,
      85.0
    ],
    "bilirubin_total": [
      1.8,
      1.9,
      2.0,
      2.1,
      2.2,
      2.3,
      2.4,
      2.5
    ],
    "vasopressor_rate": [
      0.4,
      0.45,
      0.5,
      0.55,
      0.6,
      0.65,
      0.7,
      0.75
    ],
    "gcs_total": [
      12.0,
      11.5,
      11.0,
      10.5,
      10.0,
      9.5,
      9.0,
      8.5
    ],
    "creatinine": [
      1.8,
      1.9,
      2.0,
      2.1,
      2.2,
      2.3,
      2.4,
      2.5
    ],
    "urine_output_ml": [
      800.0,
      750.0,
      700.0,
      650.0,
      600.0,
      550.0,
      500.0,
      450.0
    ],
    "mechanical_ventilation": [
      1.0,
      1.0,
      1.0,
      1.0,
      1.0,
      1.0,
      1.0,
      1.0
    ]
  },
  "confidence_score": 0.0,
  "evaluation": {
    "success": true,
    "model_output": "Thinking...\n首先，用户要求我评估预测的SOFA相关指标数据的合理性。SOFA（Sequential Organ Failure Assessment）评分用于评估重症患者的器官功能障碍。我需要根据提供的信息进行分析。\n\n关键点回顾：\n\n- 患者信息：34岁男性，ICU入院前数据，监测持续7次，每4小时一次（总7次，但预测数据有8个时间点，可能包括干预后时间点）。\n\n- 入院前数据：有7个时间点的数据（从0到24小时？每4小时一次，所以7次覆盖24-28小时）。\n\n- 预测数据：有8个时间点，从干预开始后。\n\n- 干预措施：立即启动去甲肾上腺素输注，初始剂量0.1 μg/kg/min，最大0.34 μg/kg/min，调整间隔4小时，剂量递增，提示血管反应性下降。\n\n- 预测的SOFA相关指标：包括pao2_fio2_ratio（氧合指数）、platelet（血小板）、bilirubin_total（总胆红素）、vasopressor_rate（血管活性药物剂量）、gcs_total（格拉斯哥昏迷评分）、creatinine（肌酐）、urine_output_ml（尿量）、mechanical_ventilation（机械通气）。\n\n我需要检查这些预测数据的合理性，考虑：\n\n1. **数值在合理医学范围内**：例如，氧合指数（PaO2/FiO2）通常在正常范围400-500，但SOFA评分中，低值表示呼吸功能障碍。SOFA呼吸评分：PaO2/FiO2 ≤ 300 为1分，≤ 200 为2分，≤ 100 为3分，< 100 为4分。所以预测值从39.49开始，很低，表示严重低氧。\n\n   - 入院前氧合指数：[39.49, 215.75, 155.44, 95.55, 120.08, 96.54, 96.54]，都很低，表明呼吸功能严重受损。\n\n   - 预测：pao2_fio2_ratio: [39.49, 38.5, 37.6, 36.7, 35.8, 34.9, 34.0, 33.1] — 持续下降，这很不合理，因为干预是启动去甲肾上腺素，用于休克，但去甲肾上腺素主要影响循环，不直接影响呼吸。呼吸功能应可能改善或稳定，但这里持续恶化，不合理。\n\n2. **干预措施的预期效果与指标变化趋势的逻辑一致性**：\n\n   - 干预：启动去甲肾上腺素，用于感染性休克，目标是提升血压，改善灌注。\n\n   - 但预测中，血管活性药物剂量在增加（vasopressor_rate: [0.4, 0.45, 0.5, 0.55, 0.6, 0.65, 0.7, 0.75]），这与干预描述一致（剂量递增，提示血管反应性下降）。\n\n   - 然而，其他指标如氧合指数持续恶化，这与干预无关。干预是针对循环的，不是呼吸的。呼吸功能恶化可能由于其他原因，但预测中没有解释，所以不合理。\n\n3. **SOFA组件之间的逻辑一致性**：\n\n   - SOFA评分组件：呼吸、循环、肾、肝、凝血、神经。\n\n     - 呼吸：氧合指数低，SOFA呼吸评分高。\n\n     - 循环：血管活性药物使用，血压低（入院前收缩压63-81，平均动脉压55-74），预测中血管活性药物增加，但血压未直接给出，不过剂量增加表明循环恶化。\n\n     - 肾：尿量在入院前有波动，但预测中尿量从800ml开始下降（入院前尿量：[0.0, 225.0, 470.0, 25.0, 510.0, 600.0, 600.0]，有低值），预测中尿量持续下降：[800, 750, 700, ... 450]，但800ml是高值（正常尿量>0.5ml/kg/h，患者100kg，所以>50ml/h，800ml/4h=200ml/h，很高），但预测中从800开始下降，但入院前尿量在600ml/4h左右，所以800是合理的起始点，但下降到450，可能表示肾功能恶化，但干预是针对休克，可能改善灌注，尿量应增加或稳定，而不是下降。\n\n     - 凝血：血小板在入院前下降（[128,92.5,107,112,84.5,70,70]），预测中继续下降（[120,115,110,105,100,95,90,85]），但SOFA凝血评分：血小板<100为1分，<50为2分，<20为3分。入院前血小板已低，预测继续下降，表示凝血功能恶化。\n\n     - 神经：GCS入院前从15降到3（[15,3,3,3,11,8,8]），预测中GCS持续下降：[12,11.5,11,10.5,10,9.5,9,8.5]，从12开始下降。GCS下降表示意识障碍加重，可能由于休克或感染，但干预是针对休克，应改善神经功能，而不是恶化。\n\n     - 肝：总胆红素入院前稳定在3.1-3.4 mg/dL，预测中上升：[1.8,1.9,2.0,...2.5]，但1.8低于入院前，入院前是3.3左右，预测从1.8开始，这矛盾。入院前总胆红素：[3.3,3.1,3.3,3.1,3.4,3.4,3.4]，所以平均3.2左右，预测从1.8开始，低于正常（正常<1.2 mg/dL），不合理。正常总胆红素<1.2 mg/dL，但患者入院前已高，预测值1.8，但1.8还是高于正常，但入院前是3.3，预测1.8表示下降，可能合理？但单位：mg/dL，正常总胆红素1.2 mg/dL以下，所以1.8是轻度升高，但入院前是3.3，所以从3.3降到1.8可能表示肝功能改善，但预测中胆红素在上升：[1.8,1.9,2.0,...2.5]，持续上升，这与入院前高值相比，1.8是下降，但预测是上升序列，所以从1.8开始上升，但1.8比入院前低，可能表示改善，但序列是上升，表示恶化。逻辑混乱。\n\n       - 入院前胆红素：3.3,3.1,3.3,3.1,3.4,3.4,3.4 — 所以高。\n\n       - 预测：bilirubin_total: [1.8,1.9,2.0,2.1,2.2,2.3,2.4,2.5] — 从1.8开始，比入院前低，但序列在上升，表示从1.8开始恶化。但入院前是3.3，所以预测值1.8可能错误，因为1.8 < 3.3，但序列在上升，可能表示从改善点开始恶化？但预测是反事实，不需要与入院前比较，但数值本身应合理。1.8 mg/dL 对于胆红素是可能的，但入院前高，预测值低，可能不一致，但用户说“不需要与入院前数据进行比较”，所以只看预测序列是否合理。\n\n       - 在预测序列中，胆红素从1.8开始上升，这表示肝功能恶化，但SOFA肝评分：总胆红素>2.0为1分，>3.0为2分，>6.0为3分。所以从1.8开始，上升到2.5，可能从正常或轻度升高到中度，但1.8是轻度升高，上升到2.5，表示恶化，合理。但入院前是3.3，所以预测值1.8可能太低，但既然不需要比较，或许可接受。\n\n     - 肌酐：入院前[1.5,1.8,1.6,1.7,1.75,1.6,1.6]，预测[1.8,1.9,2.0,2.1,2.2,2.3,2.4,2.5]，从1.8开始上升，表示肾功能恶化，SOFA肾评分：肌酐>1.2为1分，>2.0为2分，>3.5为3分。所以肌酐上升，表示恶化。\n\n4. **整体趋势是否符合临床改善的预期**：\n\n   - 干预是针对感染性休克，目标是改善循环、血压、器官灌注。\n\n   - 但预测中，所有关键指标：呼吸（氧合指数恶化）、神经（GCS恶化）、凝血（血小板下降）、肾（尿量下降、肌酐上升）、肝（胆红素上升）都在恶化，而血管活性药物在增加，表示休克恶化。这与干预目的矛盾。干预应导致改善，但这里恶化，不合理。\n\n5. **其他问题**：\n\n   - 机械通气：预测中mechanical_ventilation未指定值，但序列中未给出，可能假设为1（使用），但入院前有呼吸功能障碍，可能已插管。预测中未提供值，但其他指标恶化，所以可能继续使用。\n\n   - 但氧合指数持续下降，而机械通气应改善氧合，但预测中氧合指数下降，不合理。\n\n6. **具体数值检查**：\n\n   - pao2_fio2_ratio: 预测从39.49开始，持续下降。正常PaO2/FiO2 > 400，但SOFA中，<300表示呼吸衰竭。39.49是极低，表示严重低氧。但预测中持续下降，例如到33.1，这可能不现实，因为PaO2/FiO2不能无限下降；但数值上，可能表示恶化。\n\n     然而，干预不针对呼吸，所以不应恶化。\n\n   - vasopressor_rate: [0.4, 0.45, 0.5, 0.55, 0.6, 0.65, 0.7, 0.75] — 递增，与描述一致。\n\n   - gcs_total: [12,11.5,11,10.5,10,9.5,9,8.5] — 从12开始下降，GCS 12表示中度意识障碍，下降到8.5，表示恶化。但干预应改善，不应恶化。\n\n   - urine_output_ml: [800,750,700,650,600,550,500,450] — 每4小时尿量，从800ml开始，下降。正常尿量>0.5ml/kg/h，患者100kg，所以>50ml/h，4小时>200ml。800ml/4h=200ml/h，是正常上限，但可以。下降到450ml/4h=112.5ml/h，仍高于50ml/h，但下降表示肾功能可能恶化。但干预应改善灌注，尿量应增加，而不是下降。\n\n   - platelet: [120,115,110,105,100,95,90,85] — 从120开始，下降。入院前血小板低，但120是轻度减少（正常150-400），SOFA中血小板<100为1分，所以120>100，但预测下降到85<100，表示恶化。\n\n   - bilirubin: [1.8,1.9,2.0,...2.5] — 1.8 mg/dL，正常<1.2，所以1.8是轻度升高，但入院前是3.3，预测值1.8可能表示肝功能改善，但序列上升表示恶化。数值上，1.8是合理的起始点。\n\n   - creatinine: [1.8,1.9,2.0,...2.5] — 1.8 mg/dL，正常<1.2，所以1.8是升高，SOFA肾评分：肌酐1.2-1.9为1分，2.0-2.9为2分，3.0-3.4为3分。所以从1.8开始上升，表示恶化。\n\n7. **主要问题**：所有指标恶化，但干预是改善休克的，应导致部分指标改善，但预测中无改善，全部恶化，与干预目的矛盾。\n\n   - 例如，血管活性药物增加，表示循环恶化，但干预应减少药物需求，而不是增加。\n\n   - 预测中血管活性药物剂量递增，但描述说“剂量递增，提示血管反应性下降”，这表示休克恶化，但干预是尝试改善，所以恶化是可能的，但其他指标如呼吸、神经也恶化，没有理由。\n\n   - 特别是，氧合指数应可能改善如果机械通气，但预测中恶化。\n\n结论：预测数据不合理，因为所有关键指标在恶化，而干预应针对休克，可能导致循环改善，但这里循环恶化（血管活性药物增加），其他系统也恶化，无逻辑。\n\n**置信度**：高，因为多方面不一致。\n\n**置信度评分**：基于医学知识，预测数据明显错误。\n\n**最终判断**：预测数据不合理。\n\n在响应中，我需要指出具体问题。\n\n**响应结构**：\n\n- 指出氧合指数持续恶化，不合理。\n\n- GCS持续下降，不合理。\n\n- 尿量下降，但干预应改善灌注。\n\n- 血小板下降，凝血恶化。\n\n- 肌酐上升，肾功能恶化。\n\n- 与干预目的矛盾。\n\n- 例如，启动去甲肾上腺素用于休克，但呼吸功能恶化无关联。\n\n所以，置信度高，数据不合理。\n``` \n\n**分析报告：预测的SOFA相关指标数据不合理**\n\n基于医学知识和临床逻辑，预测的SOFA相关指标数据存在多处严重不合理之处，与干预措施（启动去甲肾上腺素治疗感染性休克）的目的和预期效果严重矛盾。具体分析如下：\n\n---\n\n### **1. 关键指标持续恶化，与干预目的矛盾**\n- **干预目标**：启动去甲肾上腺素（血管活性药物）用于治疗感染性休克，旨在提升血压、改善组织灌注，从而**缓解器官功能障碍**（如改善呼吸、神经、肾功能）。\n- 