{
  "timestamp": "2025-12-25 12:10:45",
  "model_name": "qwen3:30b",
  "prediction_model_name": "qwen3:30b",
  "patient_id": "30893431",
  "input_description": "ICU住院编号 30893431，对应患者编号 12214410，49岁男性，体重97.95kg。监测持续时间为 0 小时（共 7 次测量，每4小时一次）：【生命体征】心率变化：[107.6, 105.25, 105.25]（单位：次/分）收缩压变化：[71.6, 68.0, 68.0]（单位：mmHg）舒张压变化：[54.0, 51.0, 51.0]（单位：mmHg）体温变化：[98.95, 99.0, 99.0]（单位：℃）呼吸频率变化：[20.2, 22.5, 22.5]（单位：次/分）血氧饱和度变化：[100.0, 100.0, 100.0]（单位：%）平均动脉压变化：[59.87, 56.67, 56.67]（单位：mmHg）【SOFA评分相关特征】氧合指数变化：[253.08, 212.5, 212.5, 212.5, 212.5, 212.5, 212.5]（单位：mmHg）机械通气使用情况：[0, 0, 0, 0, 0, 0, 0]（单位：）血小板计数变化：[29.0, 37.0, 82.33, 125.6, 103.67, 73.0, 73.0]（单位：×10³/μL）总胆红素变化：[7.4, 8.0, 6.0, 6.0, 6.0, 6.0, 6.0]（单位：mg/dL）血管活性药物使用剂量：[0.0, 0.0, 0.0, 0.0, 0.35, 0.35, 0.35]（单位：μg/kg/min）格拉斯哥昏迷评分变化：[15, 15, 15, 15, 3, 9, 9]（单位：分）血清肌酐变化：[0.5, 1.0, 1.1, 1.1, 1.1, 1.1, 1.1]（单位：mg/dL）尿量变化：[0.0, 0.0, 0.0, 0.0, 325.0, 416.0, 416.0]（单位：mL）【疾病评分】SOFA总分变化：[7, 3, 2, 1, 12, 12, 12]（单位：分）SIRS评分变化：[1, 0, 0, 0, 3, 3, 3]（单位：分）",
  "intervention": "立即启动去甲肾上腺素输注，维持剂量为0.3μg·kg⁻¹·min⁻¹，剂量调整间隔4小时，密切监测血压和器官灌注，剂量呈递减趋势，提示血管反应性改善，评估8小时内发生感染性休克的风险",
  "evaluator_trust": {
    "a": 0.7499999999999998,
    "counterfactual_runs": 5,
    "dynamic_confidence": 1.0,
    "total_confidence": 0.846811360143688
  },
  "prediction_trust": {
    "a": 0.7499999999999998,
    "counterfactual_runs": 5,
    "dynamic_confidence": 1.0,
    "total_confidence": 0.846811360143688
  },
  "predicted_vital_signs": {
    "pao2_fio2_ratio": [
      250.0,
      260.0,
      270.0,
      280.0,
      290.0,
      300.0,
      310.0,
      320.0
    ],
    "platelet": [
      120.0,
      125.0,
      130.0,
      135.0,
      140.0,
      145.0,
      150.0,
      155.0
    ],
    "bilirubin_total": [
      2.0,
      1.9,
      1.8,
      1.7,
      1.6,
      1.5,
      1.4,
      1.3
    ],
    "vasopressor_rate": [
      0.3,
      0.25,
      0.2,
      0.15,
      0.1,
      0.05,
      0.0,
      0.0
    ],
    "gcs_total": [
      10.0,
      11.0,
      12.0,
      13.0,
      14.0,
      14.5,
      15.0,
      15.0
    ],
    "creatinine": [
      2.0,
      1.9,
      1.8,
      1.7,
      1.6,
      1.5,
      1.4,
      1.3
    ],
    "urine_output_ml": [
      500.0,
      600.0,
      700.0,
      800.0,
      900.0,
      1000.0,
      1100.0,
      1200.0
    ],
    "mechanical_ventilation": [
      1.0,
      1.0,
      1.0,
      1.0,
      1.0,
      1.0,
      1.0,
      1.0
    ]
  },
  "confidence_score": 0.0,
  "evaluation": {
    "success": false,
    "model_output": null,
    "error": "Ollama命令执行超时"
  },
  "key_reasons": []
}