{
  "timestamp": "2025-12-25 12:34:27",
  "model_name": "qwen3:30b",
  "prediction_model_name": "qwen3:30b",
  "patient_id": "31613211",
  "input_description": "ICU住院编号 31613211，对应患者编号 18084435，58岁女性，体重122.6kg。监测持续时间为 0 小时（共 7 次测量，每4小时一次）：【生命体征】心率变化：[117.5, 117.5]（单位：次/分）收缩压变化：[73.0, 73.0]（单位：mmHg）舒张压变化：[64.17, 64.17]（单位：mmHg）体温变化：[97.45, 97.45]（单位：℃）呼吸频率变化：[26.75, 26.75]（单位：次/分）血氧饱和度变化：[95.0, 95.0]（单位：%）平均动脉压变化：[67.11, 67.11]（单位：mmHg）【SOFA评分相关特征】氧合指数变化：[112.98, 112.98, 112.98, 112.98, 112.98, 112.98, 112.98]（单位：mmHg）机械通气使用情况：[0, 0, 0, 0, 0, 0, 0]（单位：）血小板计数变化：[313.0, 472.0, 441.0, 441.0, 441.0, 441.0, 441.0]（单位：×10³/μL）总胆红素变化：[0.7, 0.7, 0.7, 0.7, 0.7, 0.7, 0.7]（单位：mg/dL）血管活性药物使用剂量：[0.0, 0.0, 0.0, 0.0, 0.0, 0.2, 0.2]（单位：μg/kg/min）格拉斯哥昏迷评分变化：[15, 15, 15, 15, 15, 15, 15]（单位：分）血清肌酐变化：[0.6, 1.2, 1.3, 1.3, 1.3, 1.3, 1.3]（单位：mg/dL）尿量变化：[0.0, 0.0, 0.0, 0.0, 250.0, 88.0, 88.0]（单位：mL）【疾病评分】SOFA总分变化：[1, 0, 0, 0, 1, 2, 2]（单位：分）SIRS评分变化：[0, 0, 0, 0, 0, 3, 3]（单位：分）",
  "intervention": "立即启动去甲肾上腺素输注，维持剂量为0.2μg·kg⁻¹·min⁻¹，剂量调整间隔4小时，密切监测血压和器官灌注，剂量呈递减趋势，提示血管反应性改善，评估8小时内发生感染性休克的风险",
  "evaluator_trust": {
    "a": 0.5999999999999996,
    "counterfactual_runs": 8,
    "dynamic_confidence": 1.0,
    "total_confidence": 0.8774490881149504
  },
  "prediction_trust": {
    "a": 0.5999999999999996,
    "counterfactual_runs": 8,
    "dynamic_confidence": 1.0,
    "total_confidence": 0.8774490881149504
  },
  "predicted_vital_signs": {
    "pao2_fio2_ratio": [
      350.0,
      340.0,
      330.0,
      320.0,
      310.0,
      300.0,
      290.0,
      280.0
    ],
    "platelet": [
      160.0,
      155.0,
      150.0,
      145.0,
      140.0,
      135.0,
      130.0,
      125.0
    ],
    "bilirubin_total": [
      1.3,
      1.35,
      1.4,
      1.45,
      1.5,
      1.55,
      1.6,
      1.65
    ],
    "vasopressor_rate": [
      0.2,
      0.18,
      0.16,
      0.14,
      0.12,
      0.1,
      0.08,
      0.06
    ],
    "gcs_total": [
      13.0,
      13.5,
      14.0,
      14.5,
      15.0,
      15.0,
      15.0,
      15.0
    ],
    "creatinine": [
      1.4,
      1.35,
      1.3,
      1.25,
      1.2,
      1.15,
      1.1,
      1.05
    ],
    "urine_output_ml": [
      1200.0,
      1300.0,
      1400.0,
      1500.0,
      1600.0,
      1700.0,
      1800.0,
      1900.0
    ],
    "mechanical_ventilation": [
      1.0,
      1.0,
      1.0,
      1.0,
      1.0,
      1.0,
      1.0,
      1.0
    ]
  },
  "confidence_score": 0.0,
  "evaluation": {
    "success": true,
    "model_output": "Thinking...\n首先，任务是评估预测的SOFA相关指标数据的合理性。我需要基于给定的信息，考虑多个因素，如医学合理性、逻辑一致性、时间序列变化等。\n\n关键点回顾：\n\n- 患者信息：58岁女性，体重122.6kg，ICU入院前监测数据。\n\n- 计划干预：立即启动去甲肾上腺素输注，维持剂量0.2 μg/kg/min，剂量递减，提示血管反应性改善。\n\n- 预测的干预后数据：有8个时间点（从0到7小时，每4小时一次，但预测有8个点，可能包括入院前或类似）。\n\n- 预测数据包括：pao2_fio2_ratio, platelet, bilirubin_total, vasopressor_rate, gcs_total, creatinine, urine_output_ml, mechanical_ventilation.\n\n- 预测时间序列：8个时间点，每4小时一次？但入院前监测是7次，每4小时一次，持续0小时（可能表示入院时）。预测数据有8个点，可能对应于干预后8个时间点。\n\n现在，分析每个指标的合理性：\n\n1. **pao2_fio2_ratio**：氧合指数。单位是mmHg。预测值：350.0, 340.0, ..., 280.0。\n\n   - 正常值：正常PAO2/FiO2 > 400 mmHg。在ARDS中，<300 mmHg表示呼吸衰竭。\n\n   - 入院前氧合指数：112.98 mmHg（很低，表示严重低氧血症）。\n\n   - 预测：从350开始递减到280。但350仍然低于正常（>400），280是ARDS标准（<300）。\n\n     - 问题：入院前氧合指数是112.98，很低，但预测从350开始，这比入院前高得多？入院前是112.98，预测是350，这表示改善，但112.98是入院前数据，预测是干预后。\n\n     - 但任务说：预测的反事实数据，不需要与入院前数据比较。所以，我应该只看预测数据本身是否合理。\n\n     - 预测值：350.0 到 280.0。在ICU中，氧合指数改善时可能上升，但这里在下降（从350到280），表示恶化？但干预是针对感染性休克，预期改善。\n\n     - 干预：启动去甲肾上腺素，针对休克，但氧合指数与呼吸相关。预测中机械通气是1.0（使用），但入院前机械通气是0，预测中机械通气是1.0。\n\n     - 机械通气使用：入院前是[0,0,0,...]，预测中是[1.0,1.0,...]，表示开始使用机械通气。\n\n     - 氧合指数：如果开始机械通气，氧合指数应该改善（上升），但预测中从350下降到280，表示恶化。这不合理，因为干预预期改善。\n\n     - 合理预期：启动机械通气后，氧合指数应上升，而不是下降。\n\n     - 例如，正常PAO2/FiO2 ~500，ARDS <300。预测350-280，都在ARDS范围，但下降趋势表示恶化，而干预是针对休克，可能间接改善呼吸，但机械通气通常改善氧合。\n\n     - 所以，预测中氧合指数下降与预期改善矛盾。\n\n2. **platelet**：血小板计数。单位×10³/μL。\n\n   - 入院前：[313.0, 472.0, ...]，在正常范围（150-400，但472略高）。\n\n   - 预测：从160.0开始递减到125.0。160是低的（正常150-400），125更低。\n\n     - 但入院前血小板最高472，预测从160开始，这比入院前低很多？但任务说不需要比较入院前，只看预测数据。\n\n     - 预测值：160.0 到 125.0，逐渐下降。\n\n     - 问题：在感染性休克中，血小板可能下降（如DIC），但干预是改善休克，预期血小板应稳定或上升，而不是下降。\n\n     - 逻辑：血管活性药物改善循环，可能减少微血栓，血小板应上升，但预测下降，不合理。\n\n3. **bilirubin_total**：总胆红素。单位mg/dL。\n\n   - 入院前：[0.7,0.7,...]，正常（0.1-1.0 mg/dL）。\n\n   - 预测：从1.3增加到1.65。1.3是轻度升高（正常<1.2），1.65是中度升高。\n\n     - 在感染性休克中，胆红素可能上升（如肝功能受损），但预测在上升。\n\n     - 但干预预期改善，胆红素应稳定或下降，而不是上升。上升表示肝功能恶化。\n\n     - 所以，趋势不合理。\n\n4. **vasopressor_rate**：血管活性药物剂量。单位μg/kg/min。\n\n   - 预测：从0.2递减到0.06。\n\n     - 入院前血管活性药物：[0.0,0.0,0.0,0.0,0.0,0.2,0.2]，所以干预前有0.2。\n\n     - 预测：从0.2开始递减，符合\"剂量呈递减趋势，提示血管反应性改善\"。\n\n     - 这合理。\n\n5. **gcs_total**：格拉斯哥昏迷评分。单位分。\n\n   - 入院前：[15,15,...]，正常。\n\n   - 预测：从13.0开始，上升到15.0。\n\n     - 13.0表示轻度意识障碍（正常15），15是正常。\n\n     - 预测从13.0上升，表示意识改善。\n\n     - 但入院前GCS是15，预测从13开始？任务说不需要比较入院前，但GCS入院前是15，预测13.0，表示恶化，但干预是改善，预期GCS应稳定或上升。\n\n     - 逻辑：干预针对休克，可能改善脑灌注，GCS应上升或稳定，但预测从13.0开始，如果入院前是15，预测恶化不合理。但任务说不需要比较，只看预测数据。\n\n     - 预测值：13.0,13.5,14.0,14.5,15.0,... 从13.0上升到15.0，表示改善。数值上合理，因为GCS可以13-15。\n\n     - 但13.0是低的，可能表示意识障碍，但趋势上升合理。\n\n6. **creatinine**：血清肌酐。单位mg/dL。\n\n   - 入院前：[0.6,1.2,1.3,...]，正常（0.5-1.2 mg/dL），1.3略高。\n\n   - 预测：从1.4递减到1.05。\n\n     - 1.4是高（正常<1.2），1.05正常。\n\n     - 趋势下降，表示肾功能改善，合理，因为干预改善循环，肾灌注改善。\n\n     - 但预测值：1.4开始，比入院前高？但不需要比较，只看趋势。下降趋势合理。\n\n7. **urine_output_ml**：尿量。单位mL。\n\n   - 入院前：[0.0,0.0,0.0,0.0,250.0,88.0,88.0]，有波动，但预测：1200,1300,1400,... 递增。\n\n     - 正常尿量>0.5 mL/kg/h。患者体重122.6kg，所以正常尿量>61.3 mL/h（0.5 * 122.6）。\n\n     - 但入院前尿量是每4小时？入院前尿量变化：[0.0,0.0,0.0,0.0,250.0,88.0,88.0]，单位mL，可能表示每4小时尿量。\n\n     - 例如，第5次测量250mL（4小时），平均62.5 mL/h，略低；第6次88mL（4小时），22 mL/h，低。\n\n     - 预测：1200,1300,1400,... 每4小时尿量？单位mL，但1200mL/4h = 300 mL/h，对于122.6kg，300/122.6 ≈ 2.45 mL/kg/h，正常是0.5-2.0 mL/kg/h，所以2.45略高，但可能。\n\n     - 但1200mL/4h = 300 mL/h，而正常尿量约1-2 mL/kg/h，122.6kg * 1 = 122.6 mL/h，所以300 mL/h是高的，但可能表示利尿。\n\n     - 任务：预测尿量递增，从1200开始，但入院前尿量低，预测高，可能合理，因为干预改善肾灌注。\n\n     - 但数值：1200mL/4h，平均300mL/h，对于122.6kg，2.45 mL/kg/h，是高的（正常上限2.0），但可能在治疗后。\n\n     - 合理，但需检查单位：预测单位mL，可能指每4小时尿量？类似入院前。\n\n8. **mechanical_ventilation**：机械通气使用。单位，预测为[1.0,1.0,...]，表示使用。\n\n   - 入院前是[0,0,...]，所以预测开始使用，合理，因为氧合指数低。\n\n   - 但氧合指数预测下降，如果机械通气使用，氧合应改善，但预测氧合指数下降，矛盾。\n\n现在，关键矛盾：机械通气使用（1.0），但氧合指数下降（350到280），而预期机械通气应改善氧合。\n\n在预测中，氧合指数下降，但机械通气使用，这不合理。\n\n其他指标：血小板下降、胆红素上升、GCS从13.0上升（但13.0可能表示恶化，但趋势上升）。\n\nGCS预测从13.0开始，但13.0是低的，可能表示恶化，但任务不需要比较入院前。\n\n但逻辑上，干预预期所有指标改善，但预测中血小板下降、胆红素上升、氧合指数下降，只有血管活性药物递减、肌酐下降、尿量增加、GCS上升。\n\n肌酐下降合理，尿量增加合理，GCS上升合理。\n\n但氧合指数下降与机械通气使用矛盾。\n\n血管活性药物递减合理。\n\n所以，主要问题在氧合指数。\n\n此外，血小板下降：在休克中，血小板可能下降，但干预改善，应稳定。\n\n预测中血小板从160到125，下降，不合理。\n\n胆红素上升，不合理。\n\n所以，整体预测数据有矛盾。\n\n现在，评估合理性。\n\n- Vasopressor: good (decreasing)\n\n- Creatinine: good (decreasing)\n\n- Urine output: good (increasing)\n\n- GCS: good (increasing from 13)\n\n- Platelet: bad (decreasing)\n\n- Bilirubin: bad (increasing)\n\n- Oxygen index: bad (decreasing while on vent)\n\n机械通气使用，氧合指数应上升，但预测下降。\n\n所以，不合理。\n\n此外，数值细节：\n\n- Platelet: 160 to 125, but normal is 150-400, so 160 is low, decreasing further.\n\n- Bilirubin: 1.3 to 1.65, normal up to 1.2, so increasing.\n\n- Oxygen index: 350 to 280, in ARDS range, decreasing.\n\nFor oxygen index, if on mechanical ventilation, it should be improving, but here it's getting worse.\n\nIn reality, with ventilation, oxygenation should improve, so index should rise.\n\nBut here it's falling, so error.\n\nTherefore, the prediction is not consistent with the intervention.\n\nNow, for the score: I need to say how reasonable it is.\n\nProbably low reasonability.\n\nBut let's see the task: \"请分析这个预测数据的合理性\" - analyze the reasonability.\n\nSo, I should point out the issues.\n\nAlso, in the prediction, mechanical ventilation is 1.0, but oxygen index is low and decreasing, which contradicts.\n\nMoreover, for platelet, if it's decreasing, it might indicate worsening DIC, but intervention is for shock, so expected improvement.\n\nSimilarly, bilirubin increasing suggests liver dysfunction 