{
  "timestamp": "2025-12-25 11:43:22",
  "model_name": "qwen3:30b",
  "prediction_model_name": "deepseek-r1:32b",
  "patient_id": "30835026",
  "input_description": "ICU住院编号 30835026，对应患者编号 11670720，60岁男性，体重95.0kg。监测持续时间为 0 小时（共 7 次测量，每4小时一次）：【生命体征】心率变化：[66.5, 66.5]（单位：次/分）收缩压变化：[78.33, 78.33]（单位：mmHg）舒张压变化：[50.67, 50.67]（单位：mmHg）体温变化：[N/A, N/A]（单位：℃）呼吸频率变化：[15.25, 15.25]（单位：次/分）血氧饱和度变化：[99.75, 99.75]（单位：%）平均动脉压变化：[59.89, 59.89]（单位：mmHg）【SOFA评分相关特征】氧合指数变化：[152.17, 152.17, 152.17, 152.17, 152.17, 152.17, 152.17]（单位：mmHg）机械通气使用情况：[0, 0, 0, 0, 0, 0, 0]（单位：）血小板计数变化：[41.0, 53.0, 71.0, 60.0, 60.0, 60.0, 60.0]（单位：×10³/μL）总胆红素变化：[6.0, 6.0, 6.0, 6.0, 6.0, 6.0, 6.0]（单位：mg/dL）血管活性药物使用剂量：[0.0, 0.0, 0.0, 0.0, 0.0, 0.0, 0.0]（单位：μg/kg/min）格拉斯哥昏迷评分变化：[15, 15, 15, 15, 15, 3, 3]（单位：分）血清肌酐变化：[2.2, 2.2, 2.2, 2.2, 2.2, 2.2, 2.2]（单位：mg/dL）尿量变化：[0.0, 0.0, 0.0, 0.0, 0.0, 200.0, 200.0]（单位：mL）【疾病评分】SOFA总分变化：[0, 0, 3, 2, 2, 12, 12]（单位：分）SIRS评分变化：[0, 0, 1, 0, 0, 0, 0]（单位：分）",
  "intervention": "无血管活性药物干预措施，建议密切监测血压和器官灌注，评估8小时内发生感染性休克的风险",
  "evaluator_trust": {
    "a": 0.8499999999999999,
    "counterfactual_runs": 3,
    "dynamic_confidence": 1.0,
    "total_confidence": 0.8263862081628464
  },
  "prediction_trust": {
    "a": 0.8499999999999999,
    "counterfactual_runs": 3,
    "dynamic_confidence": 0.5380724229573974,
    "total_confidence": 0.7495065398175614
  },
  "predicted_vital_signs": {
    "pao2_fio2_ratio": [
      280.0,
      260.0,
      240.0,
      220.0,
      190.0,
      170.0,
      150.0,
      130.0
    ],
    "platelet": [
      120.0,
      110.0,
      100.0,
      90.0,
      80.0,
      70.0,
      60.0,
      50.0
    ],
    "bilirubin_total": [
      1.4,
      1.6,
      1.8,
      2.0,
      2.3,
      2.5,
      2.7,
      3.0
    ],
    "vasopressor_rate": [
      0.0,
      0.1,
      0.2,
      0.3,
      0.4,
      0.6,
      0.8,
      1.0
    ],
    "gcs_total": [
      13.0,
      12.0,
      11.0,
      10.0,
      9.0,
      8.0,
      7.0,
      6.0
    ],
    "creatinine": [
      1.4,
      1.5,
      1.6,
      1.8,
      2.0,
      2.3,
      2.5,
      2.8
    ],
    "urine_output_ml": [
      1800.0,
      1600.0,
      1400.0,
      1200.0,
      1000.0,
      800.0,
      600.0,
      400.0
    ],
    "mechanical_ventilation": [
      0.0,
      0.0,
      0.0,
      0.0,
      1.0,
      1.0,
      1.0,
      1.0
    ]
  },
  "confidence_score": 0.0,
  "evaluation": {
    "success": true,
    "model_output": "Thinking...\n首先，用户要求我评估预测的SOFA相关指标数据的合理性。SOFA（Sequential Organ Failure Assessment）评分用于评估重症患者的器官功能衰竭程度。SOFA评分包括多个系统：呼吸、循环、肝、肾、凝血、神经。\n\n关键点：\n- 患者ICU入院前信息：60岁男性，60岁，体重95kg。\n- 监测持续时间0小时，共7次测量，每4小时一次。\n- 预测的干预后数据有8个时间点（从0到7，每4小时？）。\n\n预测数据有8个时间点，而入院前数据有7次测量。预测数据是干预后的，所以应该是从入院后开始的预测。\n\n用户说：\"预测的干预后SOFA相关指标变化\"，并给出了8个时间点的数据。\n\n我需要检查预测数据的合理性，基于给定的因素。\n\n列出预测数据的字段和单位：\n- pao2_fio2_ratio: [280.0, 260.0, 240.0, 220.0, 190.0, 170.0, 150.0, 130.0] 单位：mmHg（但PO2/FiO2比值是无单位的，通常用数值表示，如200，表示PaO2/FiO2=200）\n\n在SOFA评分中，氧合指数（PaO2/FiO2）是关键指标。正常值>400，轻度衰竭300-400，中度200-300，重度<200。\n\n预测数据中，从280降到130，这表示氧合恶化，但患者入院前氧合指数是152.17（单位mmHg？但PaO2/FiO2是比值，单位应该是无单位的，但这里写mmHg，可能是个错误）。\n\n在入院前信息中：\"氧合指数变化：[152.17, ...]\" 单位：mmHg。但氧合指数是PaO2/FiO2，应该没有单位，或者单位是mmHg，但数值是比值。\n\n在医学上，PaO2/FiO2比值通常报告为数字，如200，单位是mmHg，但它是比值。\n\n在预测中，pao2_fio2_ratio 也写单位mmHg，但应该理解为数值。\n\n入院前氧合指数是152.17，这很低，表示严重低氧血症。\n\n预测中从280开始下降，但入院前是152.17，预测起始是280？这似乎不一致。\n\n用户说：\"预测的干预后SOFA相关指标变化\"，意思是干预后的预测，所以应该从某个时间点开始。\n\n入院前数据有7次测量，但监测持续时间0小时，可能表示入院时的数据。\n\n预测数据有8个时间点，可能包括入院后的时间。\n\n但用户说：\"不需要与入院前数据进行比较\"，所以我不需要比较入院前和预测，只需评估预测数据本身是否合理。\n\n所以，专注于预测数据的合理性。\n\n现在，检查每个指标：\n\n1. **pao2_fio2_ratio**: [280.0, 260.0, 240.0, 220.0, 190.0, 170.0, 150.0, 130.0]\n\n   - 正常PaO2/FiO2 > 400\n   - 轻度呼吸衰竭：300-400\n   - 中度：200-300\n   - 重度：<200\n\n   预测中，从280开始（中度），下降到130（重度）。在SOFA评分中，氧合评分基于PaO2/FiO2：\n   - 0分：>400\n   - 1分：300-400\n   - 2分：200-300\n   - 3分：100-200\n   - 4分：<100\n\n   预测值从280（2分）降到130（3分），趋势是恶化。\n\n   但患者入院前氧合指数是152.17（在100-200之间，SOFA 3分），预测从280开始，比入院前高，但用户说不需要比较入院前，所以或许预测假设了改善？但预测是干预后，干预是\"无血管活性药物干预措施，建议密切监测\"，没有具体改善措施。\n\n   干预是\"无血管活性药物干预\"，意思是不给血管活性药，但建议监测。\n\n   在预测数据中，pao2_fio2_ratio 从280开始下降，表示恶化，但干预是保守的，没有治疗，所以恶化可能合理，但为什么起始点280高于入院前152？既然不需要比较，我应只看预测数据序列。\n\n   序列：280,260,240,220,190,170,150,130 — 每4小时下降20，这似乎太线性，且下降幅度大。临床中，变化可能更渐进，但每4小时20点下降，从280到130在8点（32小时），下降150，平均每4小时18.75，是合理的，因为PaO2/FiO2可以快速变化。\n\n   但130是严重低氧，SOFA 3分。\n\n2. **platelet**: [120.0, 110.0, 100.0, 90.0, 80.0, 70.0, 60.0, 50.0] 单位：×10³/μL\n\n   - 正常血小板：150-400 ×10³/μL\n   - 血小板减少症：<150\n   - 严重：<50\n\n   入院前血小板：[41.0, 53.0, 71.0, 60.0, 60.0, 60.0, 60.0] — 从41开始，逐渐上升到60。\n\n   预测中，从120开始下降到50，但入院前最高60，预测起始120比入院前高，但不需要比较。\n\n   预测序列：120,110,100,90,80,70,60,50 — 每4小时下降10，从120到50在32小时，下降70，平均每4小时8.75。血小板计数可以快速下降，但50是严重减少，SOFA凝血评分：血小板<50为2分。\n\n   但预测从120开始，120是轻度减少（SOFA 1分），下降到50（2分）。序列合理，但血小板在临床中可能变化较慢，但可以快速恶化。\n\n3. **bilirubin_total**: [1.4, 1.6, 1.8, 2.0, 2.3, 2.5, 2.7, 3.0] 单位：mg/dL\n\n   - 正常总胆红素：0.1-1.0 mg/dL\n   - 轻度升高：1.0-2.0\n   - 中度：2.0-3.0\n   - 重度：>3.0\n\n   入院前胆红素：[6.0,6.0,...] — 6.0 mg/dL，很高，表示严重肝损伤。\n\n   预测从1.4开始，但1.4正常，入院前是6.0，预测起始1.4低于入院前，但不需要比较。\n\n   预测序列：1.4,1.6,1.8,2.0,2.3,2.5,2.7,3.0 — 从1.4升到3.0，每4小时升0.2，线性上升。\n\n   但正常值1.0，1.4是轻度升高，但3.0是中度升高。在肝功能衰竭中，胆红素可能上升，但上升速度：从1.4到3.0在32小时，上升1.6，平均每4小时0.2，合理。\n\n4. **vasopressor_rate**: [0.0, 0.1, 0.2, 0.3, 0.4, 0.6, 0.8, 1.0] 单位：μg/kg/min\n\n   - 血管活性药物使用，如去甲肾上腺素。\n   - 0表示无，0.1-0.2可能低剂量，1.0是高剂量。\n\n   入院前血管活性药：[0.0,0.0,...] 所有0。\n\n   预测中，从0.0开始，逐渐上升到1.0，每4小时增加0.1或0.2。\n\n   临床中，血管活性药可以逐步增加，但1.0 μg/kg/min是常见治疗剂量，例如用于休克。\n\n   序列合理，但用户说干预是\"无血管活性药物干预\"，意思是不给血管活性药，但预测中血管活性药在增加，这矛盾。\n\n   干预措施：\"无血管活性药物干预措施\"，意思是不使用血管活性药物，但预测中vasopressor_rate从0开始增加，这表示在给药，但干预是不给，所以预测不合理。\n\n   用户说：\"计划实施的干预措施：无血管活性药物干预措施\"，所以不应该使用血管活性药，但预测显示vasopressor_rate增加，这直接矛盾。\n\n   因此，这很不合理。\n\n5. **gcs_total**: [13.0, 12.0, 11.0, 10.0, 9.0, 8.0, 7.0, 6.0] 单位：分\n\n   - 格拉斯哥昏迷评分（GCS）：15分正常，13-14轻度意识障碍，9-12中度，<9重度。\n   - 入院前GCS：[15,15,15,15,15,3,3] — 从15降到3，表示意识恶化。\n   - 预测中，从13开始下降到6，表示意识进一步恶化。\n\n   序列：13,12,11,10,9,8,7,6 — 每4小时降1分，线性下降。\n\n   GCS可以快速变化，但下降到6是严重昏迷，SOFA神经评分：GCS<8为4分。\n\n   但干预是保守的，没有改善措施，所以恶化可能合理，但GCS从13开始，入院前有3，但不需要比较。\n\n   问题：入院前GCS最后两个是3，但预测起始13，比入院前高，但序列是恶化。\n\n6. **creatinine**? 等等，预测数据中没有creatinine，只有这些。\n\n   在提供的指标中，没有肾功能。\n\n7. **其他**：入院前有格拉斯哥评分下降，但预测中GCS也下降。\n\n现在，关键矛盾：干预是\"无血管活性药物\"，但预测vasopressor_rate在增加，这直接违反干预措施。\n\n因此，预测数据不合理。\n\n此外，检查SOFA评分趋势。\n\nSOFA评分包括：\n- 呼吸：PaO2/FiO2\n- 肾：尿量或肌酐\n- 肝：胆红素\n- 凝血：血小板\n- 神经：GCS\n- 循环：MAP或血管活性药\n\n在预测中：\n- 呼吸：PaO2/FiO2下降，恶化\n- 凝血：血小板下降，恶化\n- 肝：胆红素上升，恶化\n- 神经：GCS下降，恶化\n- 循环：血管活性药增加，恶化\n\n但干预是\"无血管活性药物\"，所以血管活性药不应增加，但预测中增加。\n\n此外，入院前数据：GCS从15降到3，表明恶化，但预测GCS从13开始，可能假设了某种改善，但序列恶化。\n\n但主要问题在血管活性药。\n\n现在，单位和合理性：\n\n- pao2_fio2_ratio: 280开始，但正常>400，280是中度，下降到130重度。序列合理，但起始点280高于入院前152，但不需要比较。\n\n- platelet: 120开始，但入院前最高60，预测120高，但序列下降合理。\n\n- bilirubin: 1.4开始，正常，上升到3.0，合理。\n\n- vasopressor: 从0增加，但干预不给药，所以错误。\n\n- GCS: 13开始，下降，合理。\n\n所以，核心问题是vasopressor_rate在增加，但干预是\"无血管活性药物\"。\n\n因此，预测数据不合理。\n\n置信度：由于干预指定不使用血管活性药，但预测显示使用增加，所以这个预测无效。\n\n其他指标可能合理，但血管活性药部分矛盾。\n\n在SOFA中，循环评分基于血管活性药：无为0分，使用低剂量为1分，高剂量为2分。\n\n但干预不给药，所以应该始终为0，但预测中增加，所以错误。\n\n因此，整体预测不合理。\n\n现在，对于置信度，我应给低置信度。\n\n但用户要求置信度。\n\n另外，检查数值范围。\n\n例如，vasopressor_rate: 1.0 μg/kg/min 是合理的治疗剂量，但干预是不给，所以不应出现。\n\n在预测中，它从0开始增加，但干预是\"无\"，所以预测应保持0。\n\n但预测显示增加，因此错误。\n\n类似地，其他指标。\n\n所以，我认为预测数据有明显错误。\n\n因此，置信度低。\n\n现在，输出：置信度，和简短理由。\n\n置信度：低\n\n理由：干预措施指定\"无血管活性药物\"，但预测中血管活性药物剂量逐渐增加，这与干预矛盾。\n\n其他指标序列可能合理，但血管活性药部分错误导致整体不合理。\n\n所以，置信度低。\n\n\n### 评估结果\n\n**置信度：低**（约 30%）\n\n#### 理由：\n1. **核心矛盾：干预措施与预测数据直接冲突**  \n   - 计划实施的干预措施明确为 **“无血管活性药物干预措施”**（即不使用血管活性药物，如去甲肾上腺素）。\n   - 但预测数据中 **`vasopressor_rate`（血管活性药物剂量）从 0.0 逐步增加到 1.0 μg/kg/min**（序列：0.0, 0.1, 0.2, 0.3, 0.4, 0.6, 0.8, 1.0）。  \n     - **临床意义**：血管活性药物剂量的增加（尤其达到 1.0 μg/kg/min，属于中高剂量治疗范围）直接违反了干预措施的“无药物”原则。在 SOFA 评分中，血管活性药物使用会增加循环评分（0 分：无；1 分：低剂量；2 分：高剂量），但干预未允许任何药物使用，因此预测应始终为 0 或保持不变。\n     - **错误影响**：此矛盾使整个预测序列不可信。即使其他指标序列合理，血管活性药物的“增加”部分已推翻预测逻辑，导致整体无效。\n\n2. **其他指标序列的合理性分析（但被核心矛盾覆盖）**  \n   - **`pao2_fio2_ratio`（氧合指数）**：序列（280 → 