{
  "timestamp": "2025-12-25 12:52:24",
  "model_name": "qwen3:30b",
  "prediction_model_name": "qwen3:30b",
  "patient_id": "31703381",
  "input_description": "ICU住院编号 31703381，对应患者编号 19338519，48岁男性，体重93.9kg。监测持续时间为 0 小时（共 7 次测量，每4小时一次）：【生命体征】心率变化：[105.0, 105.0]（单位：次/分）收缩压变化：[89.0, 89.0]（单位：mmHg）舒张压变化：[70.0, 70.0]（单位：mmHg）体温变化：[98.8, 98.8]（单位：℃）呼吸频率变化：[15.0, 15.0]（单位：次/分）血氧饱和度变化：[99.0, 99.0]（单位：%）平均动脉压变化：[76.33, 76.33]（单位：mmHg）【SOFA评分相关特征】氧合指数变化：[359.19, 359.19, 359.19, 359.19, 359.19, 359.19, 359.19]（单位：mmHg）机械通气使用情况：[0, 0, 0, 0, 0, 0, 0]（单位：）血小板计数变化：[58.0, 52.0, 75.0, 75.33, 75.33, 75.33, 75.33]（单位：×10³/μL）总胆红素变化：[5.5, 11.7, 11.7, 11.7, 11.7, 11.7, 11.7]（单位：mg/dL）血管活性药物使用剂量：[0.0, 0.0, 0.0, 0.0, 0.0, 0.0, 0.0]（单位：μg/kg/min）格拉斯哥昏迷评分变化：[15, 15, 15, 15, 15, 3, 3]（单位：分）血清肌酐变化：[0.8, 0.8, 0.8, 0.8, 0.8, 0.8, 0.8]（单位：mg/dL）尿量变化：[0.0, 0.0, 0.0, 0.0, 0.0, 50.0, 50.0]（单位：mL）【疾病评分】SOFA总分变化：[0, 5, 0, 2, 2, 11, 11]（单位：分）SIRS评分变化：[0, 0, 0, 0, 0, 3, 3]（单位：分）",
  "intervention": "无血管活性药物干预措施，建议密切监测血压和器官灌注，评估8小时内发生感染性休克的风险",
  "evaluator_trust": {
    "a": 0.5499999999999996,
    "counterfactual_runs": 9,
    "dynamic_confidence": 1.0,
    "total_confidence": 0.8876616641053712
  },
  "prediction_trust": {
    "a": 0.5499999999999996,
    "counterfactual_runs": 9,
    "dynamic_confidence": 1.0,
    "total_confidence": 0.8876616641053712
  },
  "predicted_vital_signs": {
    "pao2_fio2_ratio": [
      280.0,
      260.0,
      240.0,
      220.0,
      200.0,
      180.0,
      160.0,
      140.0
    ],
    "platelet": [
      130.0,
      120.0,
      110.0,
      100.0,
      90.0,
      80.0,
      70.0,
      60.0
    ],
    "bilirubin_total": [
      1.4,
      1.6,
      1.8,
      2.0,
      2.2,
      2.4,
      2.6,
      2.8
    ],
    "vasopressor_rate": [
      0.0,
      0.0,
      0.0,
      0.0,
      0.0,
      0.0,
      0.0,
      0.0
    ],
    "gcs_total": [
      3.0,
      3.0,
      3.0,
      3.0,
      3.0,
      3.0,
      3.0,
      3.0
    ],
    "creatinine": [
      1.4,
      1.6,
      1.8,
      2.0,
      2.2,
      2.4,
      2.6,
      2.8
    ],
    "urine_output_ml": [
      1000.0,
      900.0,
      800.0,
      700.0,
      600.0,
      500.0,
      400.0,
      300.0
    ],
    "mechanical_ventilation": [
      0.0,
      0.0,
      0.0,
      0.0,
      0.0,
      0.0,
      0.0,
      0.0
    ]
  },
  "confidence_score": 0.0,
  "evaluation": {
    "success": false,
    "model_output": null,
    "error": "Ollama命令执行超时"
  },
  "key_reasons": []
}