{
  "timestamp": "2026-03-06 16:02:47",
  "model_name": "qwen3:30b",
  "prediction_model_name": "qwen3:30b",
  "patient_id": "32759002",
  "input_description": "ICU住院编号 32759002，对应患者编号 19425678，28岁男性，体重116.7kg。监测持续时间为 0 小时（共 7 次测量，每4小时一次）：【生命体征】心率变化：[80.67, 80.67]（单位：次/分）收缩压变化：[69.67, 69.67]（单位：mmHg）舒张压变化：[49.67, 49.67]（单位：mmHg）体温变化：[N/A, N/A]（单位：℃）呼吸频率变化：[26.0, 26.0]（单位：次/分）血氧饱和度变化：[100.0, 100.0]（单位：%）平均动脉压变化：[56.33, 56.33]（单位：mmHg）【SOFA评分相关特征】氧合指数变化：[191.58, 191.58, 191.58, 191.58, 191.58, 191.58, 191.58]（单位：mmHg）机械通气使用情况：[0, 0, 0, 0, 0, 0, 0]（单位：）血小板计数变化：[42.0, 39.0, 44.5, 42.0, 42.0, 42.0, 42.0]（单位：×10³/μL）总胆红素变化：[12.3, 12.3, 12.3, 12.3, 12.3, 12.3, 12.3]（单位：mg/dL）血管活性药物使用剂量：[0.0, 0.0, 0.0, 0.0, 0.0, 10.0, 10.0]（单位：μg/kg/min）格拉斯哥昏迷评分变化：[15, 15, 15, 15, 15, 3, 3]（单位：分）血清肌酐变化：[1.3, 1.4, 1.3, 1.3, 1.3, 1.3, 1.3]（单位：mg/dL）尿量变化：[0.0, 0.0, 0.0, 0.0, 0.0, 20.0, 20.0]（单位：mL）【疾病评分】SOFA总分变化：[4, 4, 0, 0, 3, 13, 13]（单位：分）SIRS评分变化：[0, 0, 0, 0, 0, 1, 1]（单位：分）",
  "intervention": "立即启动去甲肾上腺素输注，维持剂量为10.0μg·kg⁻¹·min⁻¹，剂量调整间隔2小时，密切监测血压和器官灌注，剂量呈递减趋势，提示血管反应性改善，评估8小时内发生感染性休克的风险",
  "evaluator_trust": {
    "a": 0.2,
    "counterfactual_runs": 18,
    "dynamic_confidence": 0.5862437103477209,
    "total_confidence": 0.6281446643164936
  },
  "prediction_trust": {
    "a": 0.2,
    "counterfactual_runs": 18,
    "dynamic_confidence": 0.5862437103477209,
    "total_confidence": 0.6281446643164936
  },
  "predicted_vital_signs": {
    "pao2_fio2_ratio": [
      250.0,
      260.0,
      270.0,
      280.0,
      290.0,
      300.0,
      310.0,
      320.0
    ],
    "platelet": [
      100.0,
      105.0,
      110.0,
      115.0,
      120.0,
      125.0,
      130.0,
      135.0
    ],
    "bilirubin_total": [
      2.5,
      2.4,
      2.3,
      2.2,
      2.1,
      2.0,
      1.9,
      1.8
    ],
    "vasopressor_rate": [
      10.0,
      9.5,
      9.0,
      8.5,
      8.0,
      7.5,
      7.0,
      6.5
    ],
    "gcs_total": [
      3.0,
      4.0,
      5.0,
      6.0,
      7.0,
      8.0,
      9.0,
      10.0
    ],
    "creatinine": [
      2.5,
      2.4,
      2.3,
      2.2,
      2.1,
      2.0,
      1.9,
      1.8
    ],
    "urine_output_ml": [
      500.0,
      600.0,
      700.0,
      800.0,
      900.0,
      1000.0,
      1100.0,
      1200.0
    ],
    "mechanical_ventilation": [
      1.0,
      1.0,
      1.0,
      1.0,
      1.0,
      1.0,
      1.0,
      1.0
    ]
  },
  "confidence_score": 0.0,
  "evaluation": {
    "success": false,
    "model_output": null,
    "error": "Ollama命令执行失败: Error: ollama server not responding - could not connect to ollama server, run 'ollama serve' to start it\n"
  },
  "key_reasons": []
}