{
  "patient_id": "38118363",
  "timestamp": "2025-12-02T02:43:31.070426",
  "model_name": "meditron:7b",
  "model_trust_score": 0.81650770622995,
  "feature_differences": {
    "sofa_respiration": 0.625,
    "sofa_coagulation": 4.0,
    "sofa_liver": 0.0,
    "sofa_cardiovascular": 0.25,
    "sofa_cns": 1.375,
    "sofa_renal": 0.25
  },
  "predicted_sofa_features": {
    "pao2_fio2_ratio": [
      151.11,
      146.76,
      137.4,
      184.22,
      123.59,
      92.59,
      148.19,
      84.3
    ],
    "platelet": [
      0.229,
      0.283,
      0.287,
      0.26,
      0.201,
      0.194,
      0.211,
      0.213
    ],
    "bilirubin_total": [
      0.8,
      1.1,
      1.0,
      0.8,
      0.8,
      0.8,
      0.8,
      0.8
    ],
    "vasopressor_rate": [
      0.0,
      0.2,
      0.2,
      0.2,
      0.19,
      0.06,
      0.03,
      0.03
    ],
    "gcs_total": [
      3.0,
      3.0,
      15.0,
      3.0,
      3.0,
      3.0,
      10.0,
      10.0
    ],
    "creatinine": [
      2.7,
      2.8,
      3.1,
      2.8,
      2.4,
      2.3,
      2.5,
      2.6
    ],
    "urine_output_ml": [
      25.0,
      95.0,
      120.0,
      455.0,
      400.0,
      405.0,
      650.0,
      675.0
    ],
    "mechanical_ventilation": [
      0.0,
      0.0,
      0.0,
      0.0,
      0.0,
      0.0,
      0.0,
      0.0
    ]
  },
  "actual_sofa_features": {
    "pao2_fio2_ratio": [
      84.3,
      92.59,
      94.19,
      103.66,
      123.59,
      137.4,
      146.76,
      148.19
    ],
    "platelet": [
      194.0,
      201.0,
      209.0,
      211.0,
      213.0,
      229.0,
      260.0,
      283.0
    ],
    "bilirubin_total": [
      0.8,
      1.0,
      1.1
    ],
    "vasopressor_rate": [
      0.0,
      0.03,
      0.06,
      0.08,
      0.19,
      0.2
    ],
    "gcs_total": [
      3.0,
      8.0,
      10.0,
      15.0
    ],
    "creatinine": [
      2.3,
      2.4,
      2.5,
      2.6,
      2.7,
      2.8,
      3.1
    ],
    "urine_output_ml": [
      25.0,
      95.0,
      120.0,
      210.0,
      220.0,
      300.0,
      375.0,
      400.0
    ],
    "mechanical_ventilation": [
      0.0
    ]
  },
  "predicted_sofa_scores": {
    "sofa_respiration": [
      3,
      3,
      3,
      3,
      3,
      4,
      3,
      4
    ],
    "sofa_coagulation": [
      4,
      4,
      4,
      4,
      4,
      4,
      4,
      4
    ],
    "sofa_liver": [
      0,
      0,
      0,
      0,
      0,
      0,
      0,
      0
    ],
    "sofa_cardiovascular": [
      0,
      1,
      1,
      1,
      1,
      1,
      1,
      1
    ],
    "sofa_cns": [
      4,
      4,
      0,
      4,
      4,
      4,
      2,
      2
    ],
    "sofa_renal": [
      2,
      2,
      2,
      1,
      1,
      1,
      2,
      2
    ]
  },
  "actual_sofa_scores": {
    "sofa_respiration": [
      4,
      4,
      4,
      3,
      3,
      3,
      3,
      3
    ],
    "sofa_coagulation": [
      0,
      0,
      0,
      0,
      0,
      0,
      0,
      0
    ],
    "sofa_liver": [
      0,
      0,
      0,
      0,
      0,
      0,
      0,
      0
    ],
    "sofa_cardiovascular": [
      0,
      1,
      1,
      1,
      1,
      1,
      0,
      0
    ],
    "sofa_cns": [
      4,
      3,
      2,
      0,
      4,
      4,
      4,
      4
    ],
    "sofa_renal": [
      2,
      2,
      2,
      1,
      1,
      1,
      1,
      1
    ]
  },
  "analysis": {
    "total_features_compared": 6,
    "features_with_valid_data": 6,
    "average_difference": 1.0833333333333333
  },
  "debug_info": {
    "sofa_extraction_method": "intervention_analysis.sofa_related_features",
    "sofa_features_count": 8
  }
}