{
  "patient_id": "38372527",
  "timestamp": "2025-12-02T03:17:18.791282",
  "model_name": "meditron:7b",
  "model_trust_score": 0.81650770622995,
  "feature_differences": {
    "sofa_respiration": 1.0,
    "sofa_coagulation": 2.25,
    "sofa_liver": 0.75,
    "sofa_cardiovascular": 0.5,
    "sofa_cns": 1.5,
    "sofa_renal": 0.5
  },
  "predicted_sofa_features": {
    "pao2_fio2_ratio": [
      344.74,
      160.5,
      187.36,
      146.73,
      112.78,
      87.96,
      108.55,
      77.78
    ],
    "platelet": [
      0.09233,
      0.0945,
      0.1,
      0.119,
      0.067,
      0.093,
      0.073,
      0.063
    ],
    "bilirubin_total": [
      9.8,
      6.5,
      6.7,
      7.0,
      6.9,
      6.7,
      6.9,
      6.8
    ],
    "vasopressor_rate": [
      14.96,
      0.19,
      0.1,
      0.08,
      0.0,
      0.0,
      0.0,
      0.0
    ],
    "gcs_total": [
      8.0,
      3.0,
      3.0,
      9.0,
      14.0,
      14.0,
      14.0,
      14.0
    ],
    "creatinine": [
      3.1,
      2.9,
      2.7,
      2.5,
      2.1,
      2.0,
      1.7,
      1.6
    ],
    "urine_output_ml": [
      5.0,
      10.0,
      0.0,
      0.0,
      15.0,
      0.0,
      0.0,
      0.0
    ],
    "mechanical_ventilation": [
      0.0,
      0.0,
      0.0,
      0.0,
      0.0,
      0.0,
      0.0,
      0.0
    ]
  },
  "actual_sofa_features": {
    "pao2_fio2_ratio": [
      77.78,
      87.96,
      92.23,
      93.7,
      108.55,
      112.78,
      146.73,
      160.5
    ],
    "platelet": [
      63.0,
      67.0,
      73.0,
      92.33,
      93.0,
      94.5,
      100.0,
      119.0
    ],
    "bilirubin_total": [
      6.5,
      6.7,
      6.8,
      6.9,
      7.0,
      9.8
    ],
    "vasopressor_rate": [
      0.0,
      0.08,
      0.1,
      0.19,
      14.96
    ],
    "gcs_total": [
      3.0,
      8.0,
      9.0,
      13.0,
      14.0,
      15.0
    ],
    "creatinine": [
      1.6,
      1.7,
      2.0,
      2.1,
      2.5,
      2.7,
      2.9,
      3.1
    ],
    "urine_output_ml": [
      0.0,
      5.0,
      10.0,
      15.0
    ],
    "mechanical_ventilation": [
      0.0
    ]
  },
  "predicted_sofa_scores": {
    "sofa_respiration": [
      1,
      3,
      3,
      3,
      3,
      4,
      3,
      4
    ],
    "sofa_coagulation": [
      4,
      4,
      4,
      4,
      4,
      4,
      4,
      4
    ],
    "sofa_liver": [
      3,
      3,
      3,
      3,
      3,
      3,
      3,
      3
    ],
    "sofa_cardiovascular": [
      2,
      1,
      1,
      1,
      0,
      0,
      0,
      0
    ],
    "sofa_cns": [
      3,
      4,
      4,
      3,
      1,
      1,
      1,
      1
    ],
    "sofa_renal": [
      2,
      2,
      2,
      2,
      2,
      2,
      1,
      1
    ]
  },
  "actual_sofa_scores": {
    "sofa_respiration": [
      4,
      4,
      4,
      4,
      3,
      3,
      3,
      3
    ],
    "sofa_coagulation": [
      2,
      2,
      2,
      2,
      2,
      2,
      1,
      1
    ],
    "sofa_liver": [
      3,
      3,
      3,
      3,
      3,
      3,
      0,
      0
    ],
    "sofa_cardiovascular": [
      0,
      1,
      1,
      1,
      2,
      0,
      0,
      0
    ],
    "sofa_cns": [
      4,
      3,
      3,
      1,
      1,
      0,
      4,
      4
    ],
    "sofa_renal": [
      1,
      1,
      2,
      2,
      2,
      2,
      2,
      2
    ]
  },
  "analysis": {
    "total_features_compared": 6,
    "features_with_valid_data": 6,
    "average_difference": 1.0833333333333333
  },
  "debug_info": {
    "sofa_extraction_method": "intervention_analysis.sofa_related_features",
    "sofa_features_count": 8
  }
}