{
  "patient_id": "30893431",
  "timestamp": "2025-12-01T22:42:14.059033",
  "model_name": "meditron:7b",
  "model_trust_score": 0.8851169176553899,
  "feature_differences": {
    "sofa_respiration": 0.375,
    "sofa_coagulation": 1.0,
    "sofa_liver": 0.0,
    "sofa_cardiovascular": 0.125,
    "sofa_cns": 1.25,
    "sofa_renal": 0.75
  },
  "predicted_sofa_features": {
    "pao2_fio2_ratio": [
      156.0,
      241.3,
      168.16,
      177.63,
      112.98,
      193.19,
      345.05,
      190.24
    ],
    "platelet": [
      0.064,
      0.045,
      0.065,
      0.028,
      0.044,
      0.034,
      0.0365,
      0.024
    ],
    "bilirubin_total": [
      4.4,
      4.4,
      3.7,
      3.0,
      3.3,
      3.2,
      4.9,
      4.7
    ],
    "vasopressor_rate": [
      0.35,
      0.25,
      0.2,
      0.08,
      0.16,
      0.14,
      0.08,
      0.0
    ],
    "gcs_total": [
      9.0,
      10.0,
      10.0,
      8.0,
      10.0,
      10.0,
      10.0,
      10.0
    ],
    "creatinine": [
      1.1,
      1.0,
      0.9,
      0.9,
      0.9,
      1.1,
      1.0,
      1.0
    ],
    "urine_output_ml": [
      245.0,
      340.0,
      245.0,
      300.0,
      230.0,
      145.0,
      45.0,
      275.0
    ],
    "mechanical_ventilation": [
      0.0,
      0.0,
      0.0,
      0.0,
      0.0,
      0.0,
      0.0,
      0.0
    ]
  },
  "actual_sofa_features": {
    "pao2_fio2_ratio": [
      112.98,
      138.13,
      156.0,
      167.46,
      168.16,
      177.63,
      180.13,
      190.24
    ],
    "platelet": [
      24.0,
      26.0,
      28.0,
      34.0,
      35.5,
      36.5,
      41.0,
      43.0
    ],
    "bilirubin_total": [
      3.0,
      3.2,
      3.3,
      3.7,
      4.4,
      4.7,
      4.9,
      5.2
    ],
    "vasopressor_rate": [
      0.0,
      0.08,
      0.14,
      0.16,
      0.2,
      0.25,
      0.35
    ],
    "gcs_total": [
      8.0,
      9.0,
      10.0,
      11.0
    ],
    "creatinine": [
      0.9,
      1.0,
      1.1
    ],
    "urine_output_ml": [
      45.0,
      145.0,
      230.0,
      245.0,
      275.0,
      295.0,
      300.0,
      325.0
    ],
    "mechanical_ventilation": [
      0.0
    ]
  },
  "predicted_sofa_scores": {
    "sofa_respiration": [
      3,
      2,
      3,
      3,
      3,
      3,
      1,
      3
    ],
    "sofa_coagulation": [
      4,
      4,
      4,
      4,
      4,
      4,
      4,
      4
    ],
    "sofa_liver": [
      2,
      2,
      2,
      2,
      2,
      2,
      2,
      2
    ],
    "sofa_cardiovascular": [
      1,
      1,
      1,
      1,
      1,
      1,
      1,
      0
    ],
    "sofa_cns": [
      3,
      2,
      2,
      3,
      2,
      2,
      2,
      2
    ],
    "sofa_renal": [
      1,
      1,
      1,
      1,
      1,
      2,
      3,
      1
    ]
  },
  "actual_sofa_scores": {
    "sofa_respiration": [
      3,
      3,
      3,
      3,
      3,
      3,
      3,
      3
    ],
    "sofa_coagulation": [
      3,
      3,
      3,
      3,
      3,
      3,
      3,
      3
    ],
    "sofa_liver": [
      2,
      2,
      2,
      2,
      2,
      2,
      2,
      2
    ],
    "sofa_cardiovascular": [
      0,
      1,
      1,
      1,
      1,
      1,
      1,
      0
    ],
    "sofa_cns": [
      3,
      3,
      2,
      2,
      4,
      4,
      4,
      4
    ],
    "sofa_renal": [
      3,
      2,
      1,
      1,
      1,
      1,
      1,
      1
    ]
  },
  "analysis": {
    "total_features_compared": 6,
    "features_with_valid_data": 6,
    "average_difference": 0.5833333333333334
  },
  "debug_info": {
    "sofa_extraction_method": "intervention_analysis.sofa_related_features",
    "sofa_features_count": 8
  }
}