{
  "patient_id": "35967288",
  "timestamp": "2025-12-02T01:23:16.151137",
  "model_name": "meditron:7b",
  "model_trust_score": 0.8917839794259304,
  "feature_differences": {
    "sofa_respiration": 0.25,
    "sofa_coagulation": 1.5,
    "sofa_liver": 0.0,
    "sofa_cardiovascular": 0.0,
    "sofa_cns": 1.0,
    "sofa_renal": 0.5
  },
  "predicted_sofa_features": {
    "pao2_fio2_ratio": [
      71.27,
      107.0,
      119.8,
      119.8,
      119.8,
      119.8,
      119.8,
      119.8
    ],
    "platelet": [
      132.0,
      136.0,
      136.0,
      136.0,
      136.0,
      136.0,
      136.0,
      136.0
    ],
    "bilirubin_total": [
      0.7,
      0.7,
      0.7,
      0.7,
      0.7,
      0.7,
      0.7,
      0.7
    ],
    "vasopressor_rate": [
      0.0,
      0.3,
      18.76,
      37.49,
      37.49,
      37.49,
      37.49,
      37.49
    ],
    "gcs_total": [
      3.0,
      8.0,
      15.0,
      15.0,
      15.0,
      15.0,
      15.0,
      15.0
    ],
    "creatinine": [
      1.9,
      2.2,
      2.2,
      2.2,
      2.2,
      2.2,
      2.2,
      2.2
    ],
    "urine_output_ml": [
      0.0,
      10.0,
      20.0,
      20.0,
      20.0,
      20.0,
      20.0,
      20.0
    ],
    "mechanical_ventilation": [
      0.0,
      0.0,
      0.0,
      0.0,
      0.0,
      0.0,
      0.0,
      0.0
    ]
  },
  "actual_sofa_features": {
    "pao2_fio2_ratio": [
      71.27,
      107.0,
      119.8
    ],
    "platelet": [
      132.0,
      136.0
    ],
    "bilirubin_total": [
      0.7
    ],
    "vasopressor_rate": [
      0.0,
      0.3,
      18.76,
      37.49
    ],
    "gcs_total": [
      3.0,
      8.0,
      15.0
    ],
    "creatinine": [
      1.9,
      2.2
    ],
    "urine_output_ml": [
      0.0,
      10.0,
      20.0
    ],
    "mechanical_ventilation": [
      0.0
    ]
  },
  "predicted_sofa_scores": {
    "sofa_respiration": [
      4,
      3,
      3,
      3,
      3,
      3,
      3,
      3
    ],
    "sofa_coagulation": [
      1,
      1,
      1,
      1,
      1,
      1,
      1,
      1
    ],
    "sofa_liver": [
      0,
      0,
      0,
      0,
      0,
      0,
      0,
      0
    ],
    "sofa_cardiovascular": [
      0,
      1,
      4,
      4,
      4,
      4,
      4,
      4
    ],
    "sofa_cns": [
      4,
      3,
      0,
      0,
      0,
      0,
      0,
      0
    ],
    "sofa_renal": [
      1,
      2,
      2,
      2,
      2,
      2,
      2,
      2
    ]
  },
  "actual_sofa_scores": {
    "sofa_respiration": [
      4,
      3,
      3,
      4
    ],
    "sofa_coagulation": [
      1,
      1,
      4,
      4
    ],
    "sofa_liver": [
      0,
      0,
      0,
      0
    ],
    "sofa_cardiovascular": [
      0,
      1,
      4,
      4
    ],
    "sofa_cns": [
      4,
      3,
      0,
      4
    ],
    "sofa_renal": [
      1,
      2,
      3,
      3
    ]
  },
  "analysis": {
    "total_features_compared": 6,
    "features_with_valid_data": 6,
    "average_difference": 0.5416666666666666
  },
  "debug_info": {
    "sofa_extraction_method": "output_summary_parsing",
    "sofa_features_count": 8
  }
}