{
  "patient_id": "34069747",
  "timestamp": "2025-12-02T00:17:42.456118",
  "model_name": "meditron:7b",
  "model_trust_score": 0.8571374386043936,
  "feature_differences": {
    "sofa_respiration": 0.75,
    "sofa_coagulation": 1.0,
    "sofa_liver": 0.0,
    "sofa_cardiovascular": 0.0,
    "sofa_cns": 1.5,
    "sofa_renal": 1.375
  },
  "predicted_sofa_features": {
    "pao2_fio2_ratio": [
      105.56,
      126.63,
      105.56,
      105.56,
      105.56,
      105.56,
      105.56,
      105.56
    ],
    "platelet": [
      0.173,
      0.155,
      0.173,
      0.173,
      0.173,
      0.173,
      0.173,
      0.173
    ],
    "bilirubin_total": [
      0.2,
      0.2,
      0.2,
      0.2,
      0.2,
      0.2,
      0.2,
      0.2
    ],
    "vasopressor_rate": [
      0.0,
      0.0,
      0.0,
      0.0,
      0.0,
      0.0,
      0.0,
      0.0
    ],
    "gcs_total": [
      10.0,
      10.0,
      10.0,
      11.0,
      10.0,
      11.0,
      11.0,
      11.0
    ],
    "creatinine": [
      0.5,
      0.7,
      0.5,
      0.5,
      0.5,
      0.5,
      0.5,
      0.5
    ],
    "urine_output_ml": [
      230.0,
      380.0,
      1020.0,
      360.0,
      150.0,
      95.0,
      135.0,
      130.0
    ],
    "mechanical_ventilation": [
      0.0,
      0.0,
      0.0,
      0.0,
      0.0,
      0.0,
      0.0,
      0.0
    ]
  },
  "actual_sofa_features": {
    "pao2_fio2_ratio": [
      105.56,
      126.63
    ],
    "platelet": [
      155.0,
      173.0
    ],
    "bilirubin_total": [
      0.2
    ],
    "vasopressor_rate": [
      0.0
    ],
    "gcs_total": [
      10.0,
      11.0,
      15.0
    ],
    "creatinine": [
      0.5,
      0.7
    ],
    "urine_output_ml": [
      0.0,
      30.0,
      40.0,
      95.0,
      130.0,
      135.0,
      150.0,
      230.0
    ],
    "mechanical_ventilation": [
      0.0
    ]
  },
  "predicted_sofa_scores": {
    "sofa_respiration": [
      3,
      3,
      3,
      3,
      3,
      3,
      3,
      3
    ],
    "sofa_coagulation": [
      4,
      4,
      4,
      4,
      4,
      4,
      4,
      4
    ],
    "sofa_liver": [
      0,
      0,
      0,
      0,
      0,
      0,
      0,
      0
    ],
    "sofa_cardiovascular": [
      0,
      0,
      0,
      0,
      0,
      0,
      0,
      0
    ],
    "sofa_cns": [
      2,
      2,
      2,
      2,
      2,
      2,
      2,
      2
    ],
    "sofa_renal": [
      1,
      1,
      0,
      1,
      2,
      3,
      2,
      2
    ]
  },
  "actual_sofa_scores": {
    "sofa_respiration": [
      3,
      3,
      4,
      4,
      4,
      4,
      4,
      4
    ],
    "sofa_coagulation": [
      0,
      0,
      4,
      4,
      4,
      4,
      4,
      4
    ],
    "sofa_liver": [
      0,
      0,
      0,
      0,
      0,
      0,
      0,
      0
    ],
    "sofa_cardiovascular": [
      0,
      0,
      0,
      0,
      0,
      0,
      0,
      0
    ],
    "sofa_cns": [
      2,
      2,
      0,
      4,
      4,
      4,
      4,
      4
    ],
    "sofa_renal": [
      3,
      3,
      3,
      3,
      2,
      2,
      2,
      1
    ]
  },
  "analysis": {
    "total_features_compared": 6,
    "features_with_valid_data": 6,
    "average_difference": 0.7708333333333334
  },
  "debug_info": {
    "sofa_extraction_method": "intervention_analysis.sofa_related_features",
    "sofa_features_count": 8
  }
}