{
  "patient_id": "30835026",
  "timestamp": "2025-12-01T22:33:52.472975",
  "model_name": "meditron:7b",
  "model_trust_score": 0.869187964058863,
  "feature_differences": {
    "sofa_respiration": 0.375,
    "sofa_coagulation": 1.25,
    "sofa_liver": 1.125,
    "sofa_cardiovascular": 0.0,
    "sofa_cns": 1.25,
    "sofa_renal": 0.125
  },
  "predicted_sofa_features": {
    "pao2_fio2_ratio": [
      118.94,
      129.03,
      142.28,
      157.39,
      136.89,
      118.94,
      118.94,
      118.94
    ],
    "platelet": [
      0.067,
      0.06,
      0.0465,
      0.04,
      0.0395,
      0.031,
      0.039,
      0.036
    ],
    "bilirubin_total": [
      3.3,
      2.5,
      1.9,
      1.7,
      2.2,
      2.5,
      1.9,
      2.2
    ],
    "vasopressor_rate": [
      0.0,
      0.0,
      0.0,
      0.0,
      0.0,
      0.0,
      0.0,
      0.0
    ],
    "gcs_total": [
      3.0,
      6.0,
      6.0,
      7.0,
      7.0,
      9.0,
      9.0,
      15.0
    ],
    "creatinine": [
      2.1,
      2.0,
      1.75,
      1.5,
      1.5,
      1.3,
      1.2,
      1.0
    ],
    "urine_output_ml": [
      600.0,
      230.0,
      167.0,
      176.0,
      400.0,
      950.0,
      570.0,
      430.0
    ],
    "mechanical_ventilation": [
      0.0,
      0.0,
      0.0,
      0.0,
      0.0,
      0.0,
      0.0,
      0.0
    ]
  },
  "actual_sofa_features": {
    "pao2_fio2_ratio": [
      118.94,
      129.03,
      136.89,
      142.28,
      157.39
    ],
    "platelet": [
      31.0,
      36.0,
      39.0,
      39.5,
      40.0,
      46.5,
      60.0,
      67.0
    ],
    "bilirubin_total": [
      1.7,
      1.9,
      2.2,
      2.5,
      3.3
    ],
    "vasopressor_rate": [
      0.0
    ],
    "gcs_total": [
      3.0,
      6.0,
      7.0,
      9.0,
      15.0
    ],
    "creatinine": [
      1.0,
      1.2,
      1.3,
      1.5,
      1.75,
      2.0,
      2.1
    ],
    "urine_output_ml": [
      167.0,
      176.0,
      230.0,
      260.0,
      380.0,
      400.0,
      430.0,
      552.0
    ],
    "mechanical_ventilation": [
      0.0
    ]
  },
  "predicted_sofa_scores": {
    "sofa_respiration": [
      3,
      3,
      3,
      3,
      3,
      3,
      3,
      3
    ],
    "sofa_coagulation": [
      4,
      4,
      4,
      4,
      4,
      4,
      4,
      4
    ],
    "sofa_liver": [
      2,
      2,
      1,
      1,
      2,
      2,
      1,
      2
    ],
    "sofa_cardiovascular": [
      0,
      0,
      0,
      0,
      0,
      0,
      0,
      0
    ],
    "sofa_cns": [
      4,
      4,
      4,
      3,
      3,
      3,
      3,
      0
    ],
    "sofa_renal": [
      2,
      1,
      1,
      1,
      1,
      1,
      1,
      1
    ]
  },
  "actual_sofa_scores": {
    "sofa_respiration": [
      3,
      3,
      3,
      3,
      3,
      4,
      4,
      4
    ],
    "sofa_coagulation": [
      3,
      3,
      3,
      3,
      3,
      3,
      2,
      2
    ],
    "sofa_liver": [
      1,
      1,
      2,
      2,
      2,
      0,
      0,
      0
    ],
    "sofa_cardiovascular": [
      0,
      0,
      0,
      0,
      0,
      0,
      0,
      0
    ],
    "sofa_cns": [
      4,
      4,
      3,
      3,
      0,
      4,
      4,
      4
    ],
    "sofa_renal": [
      2,
      1,
      1,
      1,
      1,
      1,
      1,
      0
    ]
  },
  "analysis": {
    "total_features_compared": 6,
    "features_with_valid_data": 6,
    "average_difference": 0.6875
  },
  "debug_info": {
    "sofa_extraction_method": "intervention_analysis.sofa_related_features",
    "sofa_features_count": 8
  }
}