{
  "patient_id": "36336444",
  "timestamp": "2025-12-02T01:32:43.255973",
  "model_name": "meditron:7b",
  "model_trust_score": 0.8986337229729588,
  "feature_differences": {
    "sofa_respiration": 0.25,
    "sofa_coagulation": 1.5,
    "sofa_liver": 0.0,
    "sofa_cardiovascular": 0.0,
    "sofa_cns": 1.0,
    "sofa_renal": 0.25
  },
  "predicted_sofa_features": {
    "pao2_fio2_ratio": [
      238.32,
      291.67,
      310.06,
      282.39,
      273.97,
      270.45,
      257.99,
      210.8
    ],
    "platelet": [
      0.103,
      0.085,
      0.076,
      0.066,
      0.046,
      0.053,
      0.053,
      0.103
    ],
    "bilirubin_total": [
      1.0,
      1.0,
      1.0,
      1.0,
      1.0,
      1.0,
      1.0,
      1.0
    ],
    "vasopressor_rate": [
      0.0,
      0.0,
      0.0,
      0.0,
      0.0,
      0.0,
      0.0,
      0.0
    ],
    "gcs_total": [
      15.0,
      15.0,
      3.0,
      3.0,
      15.0,
      3.0,
      3.0,
      3.0
    ],
    "creatinine": [
      1.7,
      2.0,
      3.1,
      3.3,
      2.4,
      1.7,
      1.7,
      1.7
    ],
    "urine_output_ml": [
      185.0,
      55.0,
      25.0,
      20.0,
      95.0,
      120.0,
      170.0,
      360.0
    ],
    "mechanical_ventilation": [
      0.0,
      0.0,
      0.0,
      0.0,
      0.0,
      0.0,
      0.0,
      0.0
    ]
  },
  "actual_sofa_features": {
    "pao2_fio2_ratio": [
      176.4,
      210.8,
      224.94,
      238.32,
      242.5,
      257.99,
      270.45,
      273.97
    ],
    "platelet": [
      46.0,
      53.0,
      66.0,
      76.0,
      85.0,
      103.0
    ],
    "bilirubin_total": [
      1.0
    ],
    "vasopressor_rate": [
      0.0
    ],
    "gcs_total": [
      3.0,
      15.0
    ],
    "creatinine": [
      1.7,
      2.0,
      2.4,
      3.1,
      3.3
    ],
    "urine_output_ml": [
      20.0,
      25.0,
      55.0,
      95.0,
      120.0,
      170.0,
      185.0,
      360.0
    ],
    "mechanical_ventilation": [
      0.0
    ]
  },
  "predicted_sofa_scores": {
    "sofa_respiration": [
      2,
      2,
      1,
      2,
      2,
      2,
      2,
      2
    ],
    "sofa_coagulation": [
      4,
      4,
      4,
      4,
      4,
      4,
      4,
      4
    ],
    "sofa_liver": [
      0,
      0,
      0,
      0,
      0,
      0,
      0,
      0
    ],
    "sofa_cardiovascular": [
      0,
      0,
      0,
      0,
      0,
      0,
      0,
      0
    ],
    "sofa_cns": [
      0,
      0,
      4,
      4,
      0,
      4,
      4,
      4
    ],
    "sofa_renal": [
      1,
      2,
      2,
      2,
      2,
      1,
      1,
      1
    ]
  },
  "actual_sofa_scores": {
    "sofa_respiration": [
      3,
      2,
      2,
      2,
      2,
      2,
      2,
      2
    ],
    "sofa_coagulation": [
      3,
      2,
      2,
      2,
      2,
      1,
      4,
      4
    ],
    "sofa_liver": [
      0,
      0,
      0,
      0,
      0,
      0,
      0,
      0
    ],
    "sofa_cardiovascular": [
      0,
      0,
      0,
      0,
      0,
      0,
      0,
      0
    ],
    "sofa_cns": [
      4,
      0,
      4,
      4,
      4,
      4,
      4,
      4
    ],
    "sofa_renal": [
      1,
      2,
      2,
      2,
      2,
      2,
      2,
      1
    ]
  },
  "analysis": {
    "total_features_compared": 6,
    "features_with_valid_data": 6,
    "average_difference": 0.5
  },
  "debug_info": {
    "sofa_extraction_method": "intervention_analysis.sofa_related_features",
    "sofa_features_count": 8
  }
}