{
  "patient_id": "36413466",
  "timestamp": "2025-12-02T01:46:41.768239",
  "model_name": "meditron:7b",
  "model_trust_score": 0.8786230460545748,
  "feature_differences": {
    "sofa_respiration": 0.375,
    "sofa_coagulation": 3.0,
    "sofa_liver": 0.25,
    "sofa_cardiovascular": 0.0,
    "sofa_cns": 0.0,
    "sofa_renal": 0.125
  },
  "predicted_sofa_features": {
    "pao2_fio2_ratio": [
      113.68,
      88.34,
      83.72,
      169.05,
      128.17,
      149.34,
      141.74,
      206.57
    ],
    "platelet": [
      0.184,
      0.183,
      0.155,
      0.133,
      0.123,
      0.118,
      0.106,
      0.092
    ],
    "bilirubin_total": [
      0.7,
      1.4,
      1.3,
      1.3,
      1.4,
      1.7,
      1.6,
      0.7
    ],
    "vasopressor_rate": [
      0.0,
      0.0,
      0.0,
      0.0,
      0.0,
      0.0,
      0.0,
      0.0
    ],
    "gcs_total": [
      3.0,
      3.0,
      3.0,
      3.0,
      3.0,
      3.0,
      6.0,
      3.0
    ],
    "creatinine": [
      2.55,
      3.1,
      3.2,
      3.1,
      3.6,
      3.6,
      3.55,
      3.9
    ],
    "urine_output_ml": [
      10.0,
      0.0,
      0.0,
      0.0,
      0.0,
      1.0,
      0.0,
      0.0
    ],
    "mechanical_ventilation": [
      0.0,
      0.0,
      0.0,
      0.0,
      0.0,
      0.0,
      0.0,
      0.0
    ]
  },
  "actual_sofa_features": {
    "pao2_fio2_ratio": [
      83.72,
      88.34,
      111.24,
      111.57,
      113.68,
      128.17,
      141.74,
      149.34
    ],
    "platelet": [
      84.0,
      92.0,
      106.0,
      118.0,
      123.0,
      133.0,
      155.0,
      183.0
    ],
    "bilirubin_total": [
      0.7,
      1.3,
      1.4,
      1.6,
      1.7
    ],
    "vasopressor_rate": [
      0.0
    ],
    "gcs_total": [
      3.0,
      6.0
    ],
    "creatinine": [
      2.55,
      3.1,
      3.2,
      3.55,
      3.6,
      3.9
    ],
    "urine_output_ml": [
      0.0,
      1.0,
      10.0
    ],
    "mechanical_ventilation": [
      0.0
    ]
  },
  "predicted_sofa_scores": {
    "sofa_respiration": [
      3,
      4,
      4,
      3,
      3,
      3,
      3,
      2
    ],
    "sofa_coagulation": [
      4,
      4,
      4,
      4,
      4,
      4,
      4,
      4
    ],
    "sofa_liver": [
      0,
      1,
      1,
      1,
      1,
      1,
      1,
      0
    ],
    "sofa_cardiovascular": [
      0,
      0,
      0,
      0,
      0,
      0,
      0,
      0
    ],
    "sofa_cns": [
      4,
      4,
      4,
      4,
      4,
      4,
      4,
      4
    ],
    "sofa_renal": [
      2,
      2,
      2,
      2,
      3,
      3,
      3,
      3
    ]
  },
  "actual_sofa_scores": {
    "sofa_respiration": [
      4,
      4,
      3,
      3,
      3,
      3,
      3,
      3
    ],
    "sofa_coagulation": [
      2,
      2,
      1,
      1,
      1,
      1,
      0,
      0
    ],
    "sofa_liver": [
      0,
      1,
      1,
      1,
      1,
      0,
      0,
      0
    ],
    "sofa_cardiovascular": [
      0,
      0,
      0,
      0,
      0,
      0,
      0,
      0
    ],
    "sofa_cns": [
      4,
      4,
      4,
      4,
      4,
      4,
      4,
      4
    ],
    "sofa_renal": [
      2,
      2,
      2,
      3,
      3,
      3,
      3,
      3
    ]
  },
  "analysis": {
    "total_features_compared": 6,
    "features_with_valid_data": 6,
    "average_difference": 0.625
  },
  "debug_info": {
    "sofa_extraction_method": "intervention_analysis.sofa_related_features",
    "sofa_features_count": 8
  }
}