{
  "patient_id": "38948720",
  "timestamp": "2025-12-02T03:54:30.987438",
  "model_name": "meditron:7b",
  "model_trust_score": 0.9056764422146331,
  "feature_differences": {
    "sofa_respiration": 0.0,
    "sofa_coagulation": 0.0,
    "sofa_liver": 0.0,
    "sofa_cardiovascular": 0.625,
    "sofa_cns": 2.0,
    "sofa_renal": 0.125
  },
  "predicted_sofa_features": {
    "pao2_fio2_ratio": [
      80.53,
      106.56,
      114.45,
      138.11,
      143.85,
      156.84,
      161.36,
      163.74
    ],
    "platelet": [
      44.0,
      46.0,
      50.0,
      53.0,
      57.0,
      65.0,
      67.0,
      86.0
    ],
    "bilirubin_total": [
      0.8,
      1.0,
      1.1,
      1.2,
      1.3,
      1.4,
      1.6,
      1.7
    ],
    "vasopressor_rate": [
      0.0,
      0.05,
      0.1,
      0.1,
      0.1,
      0.1,
      0.1,
      0.1
    ],
    "gcs_total": [
      6.0,
      8.0,
      14.0,
      15.0,
      15.0,
      15.0,
      15.0,
      15.0
    ],
    "creatinine": [
      1.1,
      1.2,
      1.4,
      1.6,
      1.7,
      1.8,
      1.9,
      1.9
    ],
    "urine_output_ml": [
      88.0,
      130.0,
      170.0,
      250.0,
      335.0,
      425.0,
      480.0,
      510.0
    ],
    "mechanical_ventilation": [
      0.0,
      0.0,
      0.0,
      0.0,
      0.0,
      0.0,
      0.0,
      0.0
    ]
  },
  "actual_sofa_features": {
    "pao2_fio2_ratio": [
      80.53,
      106.56,
      114.45,
      138.11,
      143.85,
      156.84,
      161.36,
      163.74
    ],
    "platelet": [
      44.0,
      46.0,
      50.0,
      53.0,
      57.0,
      65.0,
      67.0,
      86.0
    ],
    "bilirubin_total": [
      0.8,
      1.0,
      1.1,
      1.2,
      1.3,
      1.4,
      1.6,
      1.7
    ],
    "vasopressor_rate": [
      0.0,
      0.05,
      0.1
    ],
    "gcs_total": [
      6.0,
      8.0,
      14.0,
      15.0
    ],
    "creatinine": [
      1.1,
      1.2,
      1.4,
      1.6,
      1.7,
      1.8,
      1.9
    ],
    "urine_output_ml": [
      88.0,
      130.0,
      170.0,
      250.0,
      335.0,
      425.0,
      480.0,
      510.0
    ],
    "mechanical_ventilation": [
      0.0
    ]
  },
  "predicted_sofa_scores": {
    "sofa_respiration": [
      4,
      3,
      3,
      3,
      3,
      3,
      3,
      3
    ],
    "sofa_coagulation": [
      3,
      3,
      2,
      2,
      2,
      2,
      2,
      2
    ],
    "sofa_liver": [
      0,
      0,
      0,
      1,
      1,
      1,
      1,
      1
    ],
    "sofa_cardiovascular": [
      0,
      1,
      1,
      1,
      1,
      1,
      1,
      1
    ],
    "sofa_cns": [
      4,
      3,
      1,
      0,
      0,
      0,
      0,
      0
    ],
    "sofa_renal": [
      3,
      1,
      1,
      1,
      1,
      1,
      1,
      1
    ]
  },
  "actual_sofa_scores": {
    "sofa_respiration": [
      4,
      3,
      3,
      3,
      3,
      3,
      3,
      3
    ],
    "sofa_coagulation": [
      3,
      3,
      2,
      2,
      2,
      2,
      2,
      2
    ],
    "sofa_liver": [
      0,
      0,
      0,
      1,
      1,
      1,
      1,
      1
    ],
    "sofa_cardiovascular": [
      0,
      1,
      1,
      0,
      0,
      0,
      0,
      0
    ],
    "sofa_cns": [
      4,
      3,
      1,
      0,
      4,
      4,
      4,
      4
    ],
    "sofa_renal": [
      3,
      1,
      1,
      1,
      1,
      1,
      1,
      0
    ]
  },
  "analysis": {
    "total_features_compared": 6,
    "features_with_valid_data": 6,
    "average_difference": 0.4583333333333333
  },
  "debug_info": {
    "sofa_extraction_method": "output_summary_parsing",
    "sofa_features_count": 8
  }
}