{
  "patient_id": "30315020",
  "timestamp": "2025-12-01T22:29:57.576357",
  "model_name": "meditron:7b",
  "model_trust_score": 0.9320165711290895,
  "feature_differences": {
    "sofa_respiration": 0.125,
    "sofa_coagulation": 0.0,
    "sofa_liver": 0.0,
    "sofa_cardiovascular": 0.75,
    "sofa_cns": 1.0,
    "sofa_renal": 0.0
  },
  "predicted_sofa_features": {
    "pao2_fio2_ratio": [
      87.5,
      98.26,
      121.59,
      124.9,
      128.72,
      132.57,
      147.13,
      147.13
    ],
    "platelet": [
      30.0,
      32.0,
      35.0,
      40.0,
      44.0,
      46.0,
      47.0,
      78.5
    ],
    "bilirubin_total": [
      2.2,
      2.6,
      3.1,
      3.3,
      3.4,
      3.5,
      3.7,
      4.3
    ],
    "vasopressor_rate": [
      0.0,
      5.0,
      5.0,
      5.0,
      5.0,
      5.0,
      5.0,
      5.0
    ],
    "gcs_total": [
      7.0,
      8.0,
      9.0,
      10.0,
      11.0,
      15.0,
      15.0,
      15.0
    ],
    "creatinine": [
      0.6,
      0.7,
      0.85,
      0.85,
      0.85,
      0.85,
      0.85,
      0.85
    ],
    "urine_output_ml": [
      155.0,
      165.0,
      210.0,
      255.0,
      370.0,
      375.0,
      490.0,
      500.0
    ],
    "mechanical_ventilation": [
      0.0,
      0.0,
      0.0,
      0.0,
      0.0,
      0.0,
      0.0,
      0.0
    ]
  },
  "actual_sofa_features": {
    "pao2_fio2_ratio": [
      87.5,
      98.26,
      121.59,
      124.9,
      128.72,
      132.57,
      147.13
    ],
    "platelet": [
      30.0,
      32.0,
      35.0,
      40.0,
      44.0,
      46.0,
      47.0,
      78.5
    ],
    "bilirubin_total": [
      2.2,
      2.6,
      3.1,
      3.3,
      3.4,
      3.5,
      3.7,
      4.3
    ],
    "vasopressor_rate": [
      0.0,
      5.0
    ],
    "gcs_total": [
      7.0,
      8.0,
      9.0,
      10.0,
      11.0,
      15.0
    ],
    "creatinine": [
      0.6,
      0.7,
      0.85
    ],
    "urine_output_ml": [
      155.0,
      165.0,
      210.0,
      255.0,
      370.0,
      375.0,
      490.0,
      500.0
    ],
    "mechanical_ventilation": [
      0.0
    ]
  },
  "predicted_sofa_scores": {
    "sofa_respiration": [
      4,
      4,
      3,
      3,
      3,
      3,
      3,
      3
    ],
    "sofa_coagulation": [
      3,
      3,
      3,
      3,
      3,
      3,
      3,
      2
    ],
    "sofa_liver": [
      2,
      2,
      2,
      2,
      2,
      2,
      2,
      2
    ],
    "sofa_cardiovascular": [
      0,
      1,
      1,
      1,
      1,
      1,
      1,
      1
    ],
    "sofa_cns": [
      3,
      3,
      3,
      2,
      2,
      0,
      0,
      0
    ],
    "sofa_renal": [
      2,
      2,
      1,
      1,
      1,
      1,
      1,
      0
    ]
  },
  "actual_sofa_scores": {
    "sofa_respiration": [
      4,
      4,
      3,
      3,
      3,
      3,
      3,
      4
    ],
    "sofa_coagulation": [
      3,
      3,
      3,
      3,
      3,
      3,
      3,
      2
    ],
    "sofa_liver": [
      2,
      2,
      2,
      2,
      2,
      2,
      2,
      2
    ],
    "sofa_cardiovascular": [
      0,
      1,
      0,
      0,
      0,
      0,
      0,
      0
    ],
    "sofa_cns": [
      3,
      3,
      3,
      2,
      2,
      0,
      4,
      4
    ],
    "sofa_renal": [
      2,
      2,
      1,
      1,
      1,
      1,
      1,
      0
    ]
  },
  "analysis": {
    "total_features_compared": 6,
    "features_with_valid_data": 6,
    "average_difference": 0.3125
  },
  "debug_info": {
    "sofa_extraction_method": "output_summary_parsing",
    "sofa_features_count": 8
  }
}