{
  "patient_id": "36538885",
  "timestamp": "2025-12-02T01:58:00.235689",
  "model_name": "meditron:7b",
  "model_trust_score": 0.8428478351444064,
  "feature_differences": {
    "sofa_respiration": 0.75,
    "sofa_coagulation": 2.875,
    "sofa_liver": 0.0,
    "sofa_cardiovascular": 0.0,
    "sofa_cns": 0.625,
    "sofa_renal": 1.0
  },
  "predicted_sofa_features": {
    "pao2_fio2_ratio": [
      92.59,
      272.47,
      246.07,
      186.95,
      118.39,
      129.41,
      83.53,
      110.11
    ],
    "platelet": [
      0.2125,
      0.169,
      0.153,
      0.164,
      0.139,
      0.167,
      0.2125,
      0.2125
    ],
    "bilirubin_total": [
      0.95,
      0.6,
      0.95,
      0.95,
      0.95,
      0.95,
      0.95,
      0.95
    ],
    "vasopressor_rate": [
      0.0,
      0.0,
      0.0,
      0.0,
      0.0,
      0.0,
      0.0,
      0.0
    ],
    "gcs_total": [
      3.0,
      3.0,
      3.0,
      3.0,
      3.0,
      3.0,
      3.0,
      3.0
    ],
    "creatinine": [
      1.57,
      1.2,
      1.1,
      1.0,
      0.9,
      0.8,
      0.7,
      0.7
    ],
    "urine_output_ml": [
      120.0,
      160.0,
      120.0,
      60.0,
      335.0,
      160.0,
      135.0,
      147.0
    ],
    "mechanical_ventilation": [
      0.0,
      0.0,
      0.0,
      0.0,
      0.0,
      0.0,
      0.0,
      0.0
    ]
  },
  "actual_sofa_features": {
    "pao2_fio2_ratio": [
      79.13,
      83.53,
      84.27,
      92.59,
      110.11,
      115.73,
      118.39,
      129.41
    ],
    "platelet": [
      139.0,
      153.0,
      164.0,
      167.0,
      169.0,
      212.5
    ],
    "bilirubin_total": [
      0.6,
      0.95
    ],
    "vasopressor_rate": [
      0.0
    ],
    "gcs_total": [
      3.0,
      9.0,
      15.0
    ],
    "creatinine": [
      0.7,
      0.8,
      0.9,
      1.0,
      1.1,
      1.2,
      1.57
    ],
    "urine_output_ml": [
      60.0,
      120.0,
      135.0,
      147.0,
      160.0,
      195.0,
      335.0,
      380.0
    ],
    "mechanical_ventilation": [
      0.0
    ]
  },
  "predicted_sofa_scores": {
    "sofa_respiration": [
      4,
      2,
      2,
      3,
      3,
      3,
      4,
      3
    ],
    "sofa_coagulation": [
      4,
      4,
      4,
      4,
      4,
      4,
      4,
      4
    ],
    "sofa_liver": [
      0,
      0,
      0,
      0,
      0,
      0,
      0,
      0
    ],
    "sofa_cardiovascular": [
      0,
      0,
      0,
      0,
      0,
      0,
      0,
      0
    ],
    "sofa_cns": [
      4,
      4,
      4,
      4,
      4,
      4,
      4,
      4
    ],
    "sofa_renal": [
      1,
      1,
      2,
      3,
      1,
      2,
      2,
      2
    ]
  },
  "actual_sofa_scores": {
    "sofa_respiration": [
      4,
      4,
      4,
      4,
      3,
      3,
      3,
      3
    ],
    "sofa_coagulation": [
      1,
      0,
      0,
      0,
      0,
      0,
      4,
      4
    ],
    "sofa_liver": [
      0,
      0,
      0,
      0,
      0,
      0,
      0,
      0
    ],
    "sofa_cardiovascular": [
      0,
      0,
      0,
      0,
      0,
      0,
      0,
      0
    ],
    "sofa_cns": [
      4,
      3,
      0,
      4,
      4,
      4,
      4,
      4
    ],
    "sofa_renal": [
      3,
      2,
      2,
      2,
      2,
      1,
      1,
      1
    ]
  },
  "analysis": {
    "total_features_compared": 6,
    "features_with_valid_data": 6,
    "average_difference": 0.875
  },
  "debug_info": {
    "sofa_extraction_method": "intervention_analysis.sofa_related_features",
    "sofa_features_count": 8
  }
}