{
  "patient_id": "35013074",
  "timestamp": "2025-12-02T00:35:57.330769",
  "model_name": "meditron:7b",
  "model_trust_score": 0.7587297759891032,
  "feature_differences": {
    "sofa_respiration": 3.5,
    "sofa_coagulation": 1.625,
    "sofa_liver": 1.125,
    "sofa_cardiovascular": 0.0,
    "sofa_cns": 3.0,
    "sofa_renal": 0.5
  },
  "predicted_sofa_features": {
    "pao2_fio2_ratio": [
      424.2,
      104.23,
      88.89,
      424.2,
      424.2,
      424.2,
      424.2,
      424.2
    ],
    "platelet": [
      0.086,
      0.051,
      0.056,
      0.055,
      0.054,
      0.048,
      0.05,
      0.086
    ],
    "bilirubin_total": [
      13.2,
      8.4,
      7.3,
      7.3,
      7.0,
      6.3,
      5.8,
      13.2
    ],
    "vasopressor_rate": [
      0.0,
      0.0,
      0.0,
      0.0,
      0.0,
      0.0,
      0.0,
      0.0
    ],
    "gcs_total": [
      10.0,
      15.0,
      15.0,
      15.0,
      15.0,
      15.0,
      15.0,
      15.0
    ],
    "creatinine": [
      1.2,
      1.1,
      1.2,
      1.1,
      1.2,
      1.2,
      1.2,
      1.2
    ],
    "urine_output_ml": [
      255.0,
      250.0,
      350.0,
      220.0,
      225.0,
      200.0,
      275.0,
      185.0
    ],
    "mechanical_ventilation": [
      0.0,
      0.0,
      0.0,
      0.0,
      0.0,
      0.0,
      0.0,
      0.0
    ]
  },
  "actual_sofa_features": {
    "pao2_fio2_ratio": [
      88.89,
      104.23,
      424.2
    ],
    "platelet": [
      48.0,
      50.0,
      51.0,
      54.0,
      55.0,
      56.0,
      86.0
    ],
    "bilirubin_total": [
      5.8,
      6.3,
      7.0,
      7.3,
      8.4,
      13.2
    ],
    "vasopressor_rate": [
      0.0
    ],
    "gcs_total": [
      10.0,
      15.0
    ],
    "creatinine": [
      1.1,
      1.2
    ],
    "urine_output_ml": [
      100.0,
      135.0,
      150.0,
      185.0,
      190.0,
      200.0,
      220.0,
      225.0
    ],
    "mechanical_ventilation": [
      0.0
    ]
  },
  "predicted_sofa_scores": {
    "sofa_respiration": [
      0,
      3,
      4,
      0,
      0,
      0,
      0,
      0
    ],
    "sofa_coagulation": [
      4,
      4,
      4,
      4,
      4,
      4,
      4,
      4
    ],
    "sofa_liver": [
      4,
      3,
      3,
      3,
      3,
      3,
      2,
      4
    ],
    "sofa_cardiovascular": [
      0,
      0,
      0,
      0,
      0,
      0,
      0,
      0
    ],
    "sofa_cns": [
      2,
      0,
      0,
      0,
      0,
      0,
      0,
      0
    ],
    "sofa_renal": [
      1,
      1,
      1,
      1,
      1,
      1,
      1,
      1
    ]
  },
  "actual_sofa_scores": {
    "sofa_respiration": [
      4,
      3,
      0,
      4,
      4,
      4,
      4,
      4
    ],
    "sofa_coagulation": [
      3,
      2,
      2,
      2,
      2,
      2,
      2,
      4
    ],
    "sofa_liver": [
      2,
      3,
      3,
      3,
      3,
      4,
      0,
      0
    ],
    "sofa_cardiovascular": [
      0,
      0,
      0,
      0,
      0,
      0,
      0,
      0
    ],
    "sofa_cns": [
      2,
      0,
      4,
      4,
      4,
      4,
      4,
      4
    ],
    "sofa_renal": [
      2,
      1,
      2,
      2,
      2,
      1,
      1,
      1
    ]
  },
  "analysis": {
    "total_features_compared": 6,
    "features_with_valid_data": 6,
    "average_difference": 1.625
  },
  "debug_info": {
    "sofa_extraction_method": "intervention_analysis.sofa_related_features",
    "sofa_features_count": 8
  }
}