{
  "patient_id": "37270813",
  "timestamp": "2025-12-02T02:29:32.322906",
  "model_name": "meditron:7b",
  "model_trust_score": 0.8346503794386587,
  "feature_differences": {
    "sofa_respiration": 0.375,
    "sofa_coagulation": 1.125,
    "sofa_liver": 1.5,
    "sofa_cardiovascular": 0.25,
    "sofa_cns": 2.0,
    "sofa_renal": 0.375
  },
  "predicted_sofa_features": {
    "pao2_fio2_ratio": [
      107.3,
      116.7,
      136.88,
      139.34,
      146.07,
      146.07,
      146.07,
      146.07
    ],
    "platelet": [
      51.0,
      53.5,
      61.0,
      87.0,
      105.0,
      105.0,
      105.0,
      105.0
    ],
    "bilirubin_total": [
      2.3,
      2.4,
      2.4,
      2.4,
      2.4,
      2.4,
      2.4,
      2.4
    ],
    "vasopressor_rate": [
      0.03,
      0.05,
      0.14,
      0.2,
      0.3,
      0.36,
      0.36,
      0.36
    ],
    "gcs_total": [
      9.0,
      10.0,
      11.0,
      15.0,
      15.0,
      15.0,
      15.0,
      15.0
    ],
    "creatinine": [
      3.1,
      3.1,
      3.1,
      3.1,
      3.1,
      3.1,
      3.1,
      3.1
    ],
    "urine_output_ml": [
      16.0,
      52.0,
      71.0,
      76.0,
      245.0,
      270.0,
      285.0,
      345.0
    ],
    "mechanical_ventilation": [
      0.0,
      0.0,
      0.0,
      0.0,
      0.0,
      0.0,
      0.0,
      0.0
    ]
  },
  "actual_sofa_features": {
    "pao2_fio2_ratio": [
      107.3,
      116.7,
      136.88,
      139.34,
      146.07
    ],
    "platelet": [
      51.0,
      53.5,
      61.0,
      87.0,
      105.0
    ],
    "bilirubin_total": [
      2.3,
      2.4
    ],
    "vasopressor_rate": [
      0.03,
      0.05,
      0.14,
      0.2,
      0.3,
      0.36
    ],
    "gcs_total": [
      9.0,
      10.0,
      11.0,
      15.0
    ],
    "creatinine": [
      3.1
    ],
    "urine_output_ml": [
      16.0,
      52.0,
      71.0,
      76.0,
      245.0,
      270.0,
      285.0,
      345.0
    ],
    "mechanical_ventilation": [
      0.0
    ]
  },
  "predicted_sofa_scores": {
    "sofa_respiration": [
      3,
      3,
      3,
      3,
      3,
      3,
      3,
      3
    ],
    "sofa_coagulation": [
      2,
      2,
      2,
      2,
      1,
      1,
      1,
      1
    ],
    "sofa_liver": [
      2,
      2,
      2,
      2,
      2,
      2,
      2,
      2
    ],
    "sofa_cardiovascular": [
      1,
      1,
      1,
      1,
      1,
      1,
      1,
      1
    ],
    "sofa_cns": [
      3,
      2,
      2,
      0,
      0,
      0,
      0,
      0
    ],
    "sofa_renal": [
      2,
      2,
      2,
      2,
      1,
      1,
      1,
      1
    ]
  },
  "actual_sofa_scores": {
    "sofa_respiration": [
      3,
      3,
      3,
      3,
      3,
      4,
      4,
      4
    ],
    "sofa_coagulation": [
      2,
      2,
      2,
      2,
      1,
      4,
      4,
      4
    ],
    "sofa_liver": [
      2,
      2,
      0,
      0,
      0,
      0,
      0,
      0
    ],
    "sofa_cardiovascular": [
      1,
      1,
      1,
      1,
      1,
      1,
      0,
      0
    ],
    "sofa_cns": [
      3,
      2,
      2,
      0,
      4,
      4,
      4,
      4
    ],
    "sofa_renal": [
      2,
      3,
      3,
      3,
      1,
      1,
      1,
      1
    ]
  },
  "analysis": {
    "total_features_compared": 6,
    "features_with_valid_data": 6,
    "average_difference": 0.9375
  },
  "debug_info": {
    "sofa_extraction_method": "output_summary_parsing",
    "sofa_features_count": 8
  }
}