{
  "patient_id": "34177992",
  "timestamp": "2025-12-02T00:22:24.656938",
  "model_name": "meditron:7b",
  "model_trust_score": 0.8190202901933252,
  "feature_differences": {
    "sofa_respiration": 1.25,
    "sofa_coagulation": 1.875,
    "sofa_liver": 0.75,
    "sofa_cardiovascular": 0.5,
    "sofa_cns": 1.5,
    "sofa_renal": 0.5
  },
  "predicted_sofa_features": {
    "pao2_fio2_ratio": [
      110.59,
      118.62,
      271.69,
      271.69,
      271.69,
      271.69,
      271.69,
      271.69
    ],
    "platelet": [
      81.0,
      86.0,
      117.0,
      117.0,
      117.0,
      117.0,
      117.0,
      117.0
    ],
    "bilirubin_total": [
      1.4,
      1.8,
      1.8,
      1.8,
      1.8,
      1.8,
      1.8,
      1.8
    ],
    "vasopressor_rate": [
      0.0,
      0.05,
      0.08,
      0.12,
      0.12,
      0.12,
      0.12,
      0.12
    ],
    "gcs_total": [
      5.0,
      10.0,
      13.0,
      14.0,
      15.0,
      15.0,
      15.0,
      15.0
    ],
    "creatinine": [
      1.1,
      1.2,
      1.3,
      1.3,
      1.3,
      1.3,
      1.3,
      1.3
    ],
    "urine_output_ml": [
      53.0,
      70.0,
      118.0,
      150.0,
      155.0,
      165.0,
      180.0,
      200.0
    ],
    "mechanical_ventilation": [
      0.0,
      0.0,
      0.0,
      0.0,
      0.0,
      0.0,
      0.0,
      0.0
    ]
  },
  "actual_sofa_features": {
    "pao2_fio2_ratio": [
      110.59,
      118.62,
      271.69
    ],
    "platelet": [
      81.0,
      86.0,
      117.0
    ],
    "bilirubin_total": [
      1.4,
      1.8
    ],
    "vasopressor_rate": [
      0.0,
      0.05,
      0.08,
      0.12
    ],
    "gcs_total": [
      5.0,
      10.0,
      13.0,
      14.0,
      15.0
    ],
    "creatinine": [
      1.1,
      1.2,
      1.3
    ],
    "urine_output_ml": [
      53.0,
      70.0,
      118.0,
      150.0,
      155.0,
      165.0,
      180.0,
      200.0
    ],
    "mechanical_ventilation": [
      0.0
    ]
  },
  "predicted_sofa_scores": {
    "sofa_respiration": [
      3,
      3,
      2,
      2,
      2,
      2,
      2,
      2
    ],
    "sofa_coagulation": [
      2,
      2,
      1,
      1,
      1,
      1,
      1,
      1
    ],
    "sofa_liver": [
      1,
      1,
      1,
      1,
      1,
      1,
      1,
      1
    ],
    "sofa_cardiovascular": [
      0,
      1,
      1,
      1,
      1,
      1,
      1,
      1
    ],
    "sofa_cns": [
      4,
      2,
      1,
      1,
      0,
      0,
      0,
      0
    ],
    "sofa_renal": [
      3,
      1,
      1,
      1,
      1,
      1,
      1,
      1
    ]
  },
  "actual_sofa_scores": {
    "sofa_respiration": [
      3,
      3,
      2,
      4,
      4,
      4,
      4,
      4
    ],
    "sofa_coagulation": [
      2,
      2,
      1,
      4,
      4,
      4,
      4,
      4
    ],
    "sofa_liver": [
      1,
      1,
      0,
      0,
      0,
      0,
      0,
      0
    ],
    "sofa_cardiovascular": [
      0,
      1,
      1,
      1,
      0,
      0,
      0,
      0
    ],
    "sofa_cns": [
      4,
      2,
      1,
      1,
      0,
      4,
      4,
      4
    ],
    "sofa_renal": [
      3,
      1,
      1,
      2,
      2,
      2,
      2,
      1
    ]
  },
  "analysis": {
    "total_features_compared": 6,
    "features_with_valid_data": 6,
    "average_difference": 1.0625
  },
  "debug_info": {
    "sofa_extraction_method": "output_summary_parsing",
    "sofa_features_count": 8
  }
}