{
  "patient_id": "36582896",
  "timestamp": "2025-12-02T02:03:59.620813",
  "model_name": "meditron:7b",
  "model_trust_score": 0.8673429372344574,
  "feature_differences": {
    "sofa_respiration": 0.0,
    "sofa_coagulation": 1.6,
    "sofa_liver": 0.0,
    "sofa_cardiovascular": 0.0,
    "sofa_cns": 1.8,
    "sofa_renal": 0.8
  },
  "predicted_sofa_features": {
    "pao2_fio2_ratio": [
      74.59,
      74.59,
      74.59,
      74.59,
      74.59,
      74.59,
      74.59,
      74.59
    ],
    "platelet": [
      0.342,
      0.281,
      0.342,
      0.342,
      0.342,
      0.342,
      0.342,
      0.342
    ],
    "bilirubin_total": [
      0.5,
      0.3,
      0.5,
      0.5,
      0.5,
      0.5,
      0.5,
      0.5
    ],
    "vasopressor_rate": [
      0.0,
      0.0,
      0.0,
      0.0,
      0.0,
      0.0,
      0.0,
      0.0
    ],
    "gcs_total": [
      3.0,
      3.0,
      3.0,
      10.0,
      10.0,
      10.0,
      10.0,
      10.0
    ],
    "creatinine": [
      1.2,
      1.2,
      1.2,
      1.2,
      1.2,
      1.2,
      1.2,
      1.2
    ],
    "urine_output_ml": [
      185.0,
      140.0,
      65.0,
      200.0,
      0.0,
      0.0,
      0.0,
      0.0
    ],
    "mechanical_ventilation": [
      0.0,
      0.0,
      0.0,
      0.0,
      0.0,
      0.0,
      0.0,
      0.0
    ]
  },
  "actual_sofa_features": {
    "pao2_fio2_ratio": [
      74.59
    ],
    "platelet": [
      281.0,
      342.0
    ],
    "bilirubin_total": [
      0.3,
      0.5
    ],
    "vasopressor_rate": [
      0.0
    ],
    "gcs_total": [
      3.0,
      10.0,
      14.0
    ],
    "creatinine": [
      1.2
    ],
    "urine_output_ml": [
      0.0,
      65.0,
      140.0,
      185.0,
      200.0
    ],
    "mechanical_ventilation": [
      0.0
    ]
  },
  "predicted_sofa_scores": {
    "sofa_respiration": [
      4,
      4,
      4,
      4,
      4,
      4,
      4,
      4
    ],
    "sofa_coagulation": [
      4,
      4,
      4,
      4,
      4,
      4,
      4,
      4
    ],
    "sofa_liver": [
      0,
      0,
      0,
      0,
      0,
      0,
      0,
      0
    ],
    "sofa_cardiovascular": [
      0,
      0,
      0,
      0,
      0,
      0,
      0,
      0
    ],
    "sofa_cns": [
      4,
      4,
      4,
      2,
      2,
      2,
      2,
      2
    ],
    "sofa_renal": [
      1,
      1,
      1,
      1,
      1,
      1,
      1,
      1
    ]
  },
  "actual_sofa_scores": {
    "sofa_respiration": [
      4,
      4,
      4,
      4,
      4
    ],
    "sofa_coagulation": [
      0,
      0,
      4,
      4,
      4
    ],
    "sofa_liver": [
      0,
      0,
      0,
      0,
      0
    ],
    "sofa_cardiovascular": [
      0,
      0,
      0,
      0,
      0
    ],
    "sofa_cns": [
      4,
      2,
      1,
      4,
      4
    ],
    "sofa_renal": [
      1,
      3,
      2,
      2,
      1
    ]
  },
  "analysis": {
    "total_features_compared": 6,
    "features_with_valid_data": 6,
    "average_difference": 0.7000000000000001
  },
  "debug_info": {
    "sofa_extraction_method": "intervention_analysis.sofa_related_features",
    "sofa_features_count": 8
  }
}