{
  "patient_id": "32759002",
  "timestamp": "2025-12-01T23:32:21.050486",
  "model_name": "meditron:7b",
  "model_trust_score": 0.8190202901933252,
  "feature_differences": {
    "sofa_respiration": 1.0,
    "sofa_coagulation": 1.0,
    "sofa_liver": 0.5,
    "sofa_cardiovascular": 1.125,
    "sofa_cns": 1.5,
    "sofa_renal": 1.25
  },
  "predicted_sofa_features": {
    "pao2_fio2_ratio": [
      238.91,
      105.54,
      98.95,
      125.56,
      121.25,
      138.21,
      75.06,
      238.91
    ],
    "platelet": [
      0.03,
      0.026,
      0.04,
      0.035,
      0.032,
      0.034,
      0.02,
      0.03
    ],
    "bilirubin_total": [
      10.7,
      7.6,
      5.7,
      4.9,
      3.9,
      3.3,
      2.9,
      2.8
    ],
    "vasopressor_rate": [
      10.0,
      5.03,
      4.03,
      0.0,
      0.0,
      0.0,
      0.0,
      3.0
    ],
    "gcs_total": [
      3.0,
      11.0,
      10.0,
      10.0,
      10.0,
      10.0,
      14.0,
      15.0
    ],
    "creatinine": [
      1.3,
      1.3,
      1.4,
      1.4,
      1.3,
      1.3,
      1.5,
      1.3
    ],
    "urine_output_ml": [
      25.0,
      7.0,
      10.0,
      5.0,
      5.0,
      0.0,
      10.0,
      0.0
    ],
    "mechanical_ventilation": [
      0.0,
      0.0,
      0.0,
      0.0,
      0.0,
      0.0,
      0.0,
      0.0
    ]
  },
  "actual_sofa_features": {
    "pao2_fio2_ratio": [
      75.06,
      98.95,
      105.54,
      121.25,
      125.56,
      138.21,
      238.91
    ],
    "platelet": [
      20.0,
      26.0,
      29.0,
      30.0,
      32.0,
      34.0,
      35.0,
      40.0
    ],
    "bilirubin_total": [
      2.8,
      2.9,
      3.3,
      3.9,
      4.9,
      5.7,
      7.6,
      10.7
    ],
    "vasopressor_rate": [
      0.0,
      2.0,
      3.0,
      4.03,
      5.03,
      10.0
    ],
    "gcs_total": [
      3.0,
      10.0,
      11.0,
      14.0,
      15.0
    ],
    "creatinine": [
      1.3,
      1.4,
      1.5
    ],
    "urine_output_ml": [
      0.0,
      5.0,
      7.0,
      10.0,
      15.0,
      25.0
    ],
    "mechanical_ventilation": [
      0.0
    ]
  },
  "predicted_sofa_scores": {
    "sofa_respiration": [
      2,
      3,
      4,
      3,
      3,
      3,
      4,
      2
    ],
    "sofa_coagulation": [
      4,
      4,
      4,
      4,
      4,
      4,
      4,
      4
    ],
    "sofa_liver": [
      3,
      3,
      2,
      2,
      2,
      2,
      2,
      2
    ],
    "sofa_cardiovascular": [
      2,
      2,
      1,
      0,
      0,
      0,
      0,
      1
    ],
    "sofa_cns": [
      4,
      2,
      2,
      2,
      2,
      2,
      1,
      0
    ],
    "sofa_renal": [
      1,
      1,
      1,
      1,
      1,
      1,
      1,
      1
    ]
  },
  "actual_sofa_scores": {
    "sofa_respiration": [
      4,
      4,
      3,
      3,
      3,
      3,
      2,
      4
    ],
    "sofa_coagulation": [
      3,
      3,
      3,
      3,
      3,
      3,
      3,
      3
    ],
    "sofa_liver": [
      2,
      2,
      2,
      2,
      2,
      2,
      3,
      3
    ],
    "sofa_cardiovascular": [
      0,
      1,
      1,
      1,
      2,
      2,
      0,
      0
    ],
    "sofa_cns": [
      4,
      2,
      2,
      1,
      0,
      4,
      4,
      4
    ],
    "sofa_renal": [
      1,
      1,
      1,
      3,
      3,
      3,
      3,
      3
    ]
  },
  "analysis": {
    "total_features_compared": 6,
    "features_with_valid_data": 6,
    "average_difference": 1.0625
  },
  "debug_info": {
    "sofa_extraction_method": "intervention_analysis.sofa_related_features",
    "sofa_features_count": 8
  }
}