{
  "patient_id": "36231647",
  "timestamp": "2025-12-02T01:26:59.556965",
  "model_name": "meditron:7b",
  "model_trust_score": 0.7667949915436586,
  "feature_differences": {
    "sofa_respiration": 1.0,
    "sofa_coagulation": 3.0,
    "sofa_liver": 2.25,
    "sofa_cardiovascular": 0.625,
    "sofa_cns": 2.0,
    "sofa_renal": 0.375
  },
  "predicted_sofa_features": {
    "pao2_fio2_ratio": [
      194.05,
      215.91,
      220.45,
      227.27,
      227.27,
      227.27,
      227.27,
      227.27
    ],
    "platelet": [
      159.0,
      222.0,
      222.0,
      222.0,
      222.0,
      222.0,
      222.0,
      222.0
    ],
    "bilirubin_total": [
      5.6,
      6.1,
      6.1,
      6.1,
      6.1,
      6.1,
      6.1,
      6.1
    ],
    "vasopressor_rate": [
      0.0,
      0.08,
      0.1,
      0.1,
      0.1,
      0.1,
      0.1,
      0.1
    ],
    "gcs_total": [
      6.0,
      7.0,
      8.0,
      15.0,
      15.0,
      15.0,
      15.0,
      15.0
    ],
    "creatinine": [
      1.2,
      1.3,
      1.3,
      1.3,
      1.3,
      1.3,
      1.3,
      1.3
    ],
    "urine_output_ml": [
      0.0,
      60.0,
      120.0,
      167.0,
      190.0,
      245.0,
      260.0,
      280.0
    ],
    "mechanical_ventilation": [
      0.0,
      0.0,
      0.0,
      0.0,
      0.0,
      0.0,
      0.0,
      0.0
    ]
  },
  "actual_sofa_features": {
    "pao2_fio2_ratio": [
      194.05,
      215.91,
      220.45,
      227.27
    ],
    "platelet": [
      159.0,
      222.0
    ],
    "bilirubin_total": [
      5.6,
      6.1
    ],
    "vasopressor_rate": [
      0.0,
      0.08,
      0.1
    ],
    "gcs_total": [
      6.0,
      7.0,
      8.0,
      15.0
    ],
    "creatinine": [
      1.2,
      1.3
    ],
    "urine_output_ml": [
      0.0,
      60.0,
      120.0,
      167.0,
      190.0,
      245.0,
      260.0,
      280.0
    ],
    "mechanical_ventilation": [
      0.0
    ]
  },
  "predicted_sofa_scores": {
    "sofa_respiration": [
      3,
      2,
      2,
      2,
      2,
      2,
      2,
      2
    ],
    "sofa_coagulation": [
      0,
      0,
      0,
      0,
      0,
      0,
      0,
      0
    ],
    "sofa_liver": [
      2,
      3,
      3,
      3,
      3,
      3,
      3,
      3
    ],
    "sofa_cardiovascular": [
      0,
      1,
      1,
      1,
      1,
      1,
      1,
      1
    ],
    "sofa_cns": [
      4,
      3,
      3,
      0,
      0,
      0,
      0,
      0
    ],
    "sofa_renal": [
      1,
      1,
      1,
      1,
      1,
      1,
      1,
      1
    ]
  },
  "actual_sofa_scores": {
    "sofa_respiration": [
      3,
      2,
      2,
      2,
      4,
      4,
      4,
      4
    ],
    "sofa_coagulation": [
      0,
      0,
      4,
      4,
      4,
      4,
      4,
      4
    ],
    "sofa_liver": [
      2,
      3,
      0,
      0,
      0,
      0,
      0,
      0
    ],
    "sofa_cardiovascular": [
      0,
      1,
      1,
      0,
      0,
      0,
      0,
      0
    ],
    "sofa_cns": [
      4,
      3,
      3,
      0,
      4,
      4,
      4,
      4
    ],
    "sofa_renal": [
      1,
      1,
      2,
      2,
      2,
      1,
      1,
      1
    ]
  },
  "analysis": {
    "total_features_compared": 6,
    "features_with_valid_data": 6,
    "average_difference": 1.5416666666666667
  },
  "debug_info": {
    "sofa_extraction_method": "output_summary_parsing",
    "sofa_features_count": 8
  }
}