{
  "patient_id": "32675591",
  "timestamp": "2025-12-01T23:27:07.383421",
  "model_name": "meditron:7b",
  "model_trust_score": 0.8513232230633268,
  "feature_differences": {
    "sofa_respiration": 0.625,
    "sofa_coagulation": 2.5,
    "sofa_liver": 0.0,
    "sofa_cardiovascular": 0.25,
    "sofa_cns": 1.5,
    "sofa_renal": 0.0
  },
  "predicted_sofa_features": {
    "pao2_fio2_ratio": [
      106.0,
      182.88,
      188.64,
      188.64,
      188.64,
      188.64,
      188.64,
      188.64
    ],
    "platelet": [
      126.0,
      130.0,
      153.0,
      153.0,
      153.0,
      153.0,
      153.0,
      153.0
    ],
    "bilirubin_total": [
      0.6,
      0.6,
      0.6,
      0.6,
      0.6,
      0.6,
      0.6,
      0.6
    ],
    "vasopressor_rate": [
      0.0,
      0.01,
      0.03,
      0.04,
      0.05,
      0.06,
      0.06,
      0.06
    ],
    "gcs_total": [
      3.0,
      8.0,
      9.0,
      10.0,
      15.0,
      15.0,
      15.0,
      15.0
    ],
    "creatinine": [
      0.6,
      0.7,
      0.8,
      0.8,
      0.8,
      0.8,
      0.8,
      0.8
    ],
    "urine_output_ml": [
      30.0,
      135.0,
      140.0,
      175.0,
      185.0,
      200.0,
      208.0,
      265.0
    ],
    "mechanical_ventilation": [
      0.0,
      0.0,
      0.0,
      0.0,
      0.0,
      0.0,
      0.0,
      0.0
    ]
  },
  "actual_sofa_features": {
    "pao2_fio2_ratio": [
      106.0,
      182.88,
      188.64
    ],
    "platelet": [
      126.0,
      130.0,
      153.0
    ],
    "bilirubin_total": [
      0.6
    ],
    "vasopressor_rate": [
      0.0,
      0.01,
      0.03,
      0.04,
      0.05,
      0.06
    ],
    "gcs_total": [
      3.0,
      8.0,
      9.0,
      10.0,
      15.0
    ],
    "creatinine": [
      0.6,
      0.7,
      0.8
    ],
    "urine_output_ml": [
      30.0,
      135.0,
      140.0,
      175.0,
      185.0,
      200.0,
      208.0,
      265.0
    ],
    "mechanical_ventilation": [
      0.0
    ]
  },
  "predicted_sofa_scores": {
    "sofa_respiration": [
      3,
      3,
      3,
      3,
      3,
      3,
      3,
      3
    ],
    "sofa_coagulation": [
      1,
      1,
      0,
      0,
      0,
      0,
      0,
      0
    ],
    "sofa_liver": [
      0,
      0,
      0,
      0,
      0,
      0,
      0,
      0
    ],
    "sofa_cardiovascular": [
      0,
      1,
      1,
      1,
      1,
      1,
      1,
      1
    ],
    "sofa_cns": [
      4,
      3,
      3,
      2,
      0,
      0,
      0,
      0
    ],
    "sofa_renal": [
      3,
      2,
      2,
      2,
      2,
      1,
      1,
      1
    ]
  },
  "actual_sofa_scores": {
    "sofa_respiration": [
      3,
      3,
      3,
      4,
      4,
      4,
      4,
      4
    ],
    "sofa_coagulation": [
      1,
      1,
      0,
      4,
      4,
      4,
      4,
      4
    ],
    "sofa_liver": [
      0,
      0,
      0,
      0,
      0,
      0,
      0,
      0
    ],
    "sofa_cardiovascular": [
      0,
      1,
      1,
      1,
      1,
      1,
      0,
      0
    ],
    "sofa_cns": [
      4,
      3,
      3,
      2,
      0,
      4,
      4,
      4
    ],
    "sofa_renal": [
      3,
      2,
      2,
      2,
      2,
      1,
      1,
      1
    ]
  },
  "analysis": {
    "total_features_compared": 6,
    "features_with_valid_data": 6,
    "average_difference": 0.8125
  },
  "debug_info": {
    "sofa_extraction_method": "output_summary_parsing",
    "sofa_features_count": 8
  }
}