{
  "patient_id": "32026706",
  "timestamp": "2025-12-01T23:07:45.292573",
  "model_name": "meditron:7b",
  "model_trust_score": 0.7772567690275337,
  "feature_differences": {
    "sofa_respiration": 2.125,
    "sofa_coagulation": 1.0,
    "sofa_liver": 2.125,
    "sofa_cardiovascular": 0.375,
    "sofa_cns": 2.0,
    "sofa_renal": 1.0
  },
  "predicted_sofa_features": {
    "pao2_fio2_ratio": [
      300.0,
      280.0,
      260.0,
      240.0,
      220.0,
      200.0,
      180.0,
      160.0
    ],
    "platelet": [
      150.0,
      140.0,
      130.0,
      120.0,
      110.0,
      100.0,
      90.0,
      80.0
    ],
    "bilirubin_total": [
      1.2,
      1.4,
      1.6,
      1.8,
      2.0,
      2.2,
      2.4,
      2.6
    ],
    "vasopressor_rate": [
      0.0,
      0.1,
      1.0,
      1.0,
      1.0,
      1.0,
      1.0,
      1.0
    ],
    "gcs_total": [
      15.0,
      14.0,
      13.0,
      12.0,
      11.0,
      10.0,
      9.0,
      8.0
    ],
    "creatinine": [
      1.0,
      1.2,
      1.4,
      1.6,
      1.8,
      2.0,
      2.2,
      2.4
    ],
    "urine_output_ml": [
      2000.0,
      1800.0,
      1600.0,
      1400.0,
      1200.0,
      1000.0,
      800.0,
      600.0
    ],
    "mechanical_ventilation": [
      0.0,
      0.0,
      1.0,
      1.0,
      1.0,
      1.0,
      1.0,
      1.0
    ]
  },
  "actual_sofa_features": {
    "pao2_fio2_ratio": [
      93.0,
      98.17,
      105.39,
      106.33,
      107.64,
      111.32,
      113.71,
      115.83
    ],
    "platelet": [
      48.0,
      52.0,
      54.0,
      56.0,
      60.0,
      90.0,
      95.0,
      96.0
    ],
    "bilirubin_total": [
      6.8,
      8.0,
      10.5,
      14.4,
      15.5,
      16.8
    ],
    "vasopressor_rate": [
      0.0,
      0.05,
      0.1,
      0.25,
      0.4
    ],
    "gcs_total": [
      5.0,
      6.0,
      7.0,
      8.0,
      15.0
    ],
    "creatinine": [
      2.0,
      2.2,
      2.3,
      2.4,
      2.8,
      3.0
    ],
    "urine_output_ml": [
      0.0,
      7.0,
      10.0,
      12.0,
      15.0,
      16.0,
      27.0,
      29.0
    ],
    "mechanical_ventilation": [
      0.0
    ]
  },
  "predicted_sofa_scores": {
    "sofa_respiration": [
      1,
      2,
      1,
      1,
      1,
      1,
      1,
      1
    ],
    "sofa_coagulation": [
      0,
      1,
      1,
      1,
      1,
      1,
      2,
      2
    ],
    "sofa_liver": [
      1,
      1,
      1,
      1,
      2,
      2,
      2,
      2
    ],
    "sofa_cardiovascular": [
      0,
      1,
      1,
      1,
      1,
      1,
      1,
      1
    ],
    "sofa_cns": [
      0,
      1,
      1,
      2,
      2,
      2,
      3,
      3
    ],
    "sofa_renal": [
      0,
      1,
      1,
      1,
      1,
      2,
      2,
      2
    ]
  },
  "actual_sofa_scores": {
    "sofa_respiration": [
      4,
      4,
      3,
      3,
      3,
      3,
      3,
      3
    ],
    "sofa_coagulation": [
      3,
      2,
      2,
      2,
      2,
      2,
      2,
      2
    ],
    "sofa_liver": [
      3,
      3,
      3,
      4,
      4,
      4,
      0,
      0
    ],
    "sofa_cardiovascular": [
      0,
      1,
      1,
      1,
      1,
      0,
      0,
      0
    ],
    "sofa_cns": [
      4,
      4,
      3,
      3,
      0,
      4,
      4,
      4
    ],
    "sofa_renal": [
      2,
      2,
      2,
      2,
      2,
      2,
      3,
      3
    ]
  },
  "analysis": {
    "total_features_compared": 6,
    "features_with_valid_data": 6,
    "average_difference": 1.4375
  },
  "debug_info": {
    "sofa_extraction_method": "intervention_analysis.sofa_related_features",
    "sofa_features_count": 8
  }
}