{
  "patient_id": "35055081",
  "timestamp": "2025-12-02T00:40:22.795908",
  "model_name": "meditron:7b",
  "model_trust_score": 0.9242034352530635,
  "feature_differences": {
    "sofa_respiration": 0.5,
    "sofa_coagulation": 0.75,
    "sofa_liver": 0.375,
    "sofa_cardiovascular": 0.0,
    "sofa_cns": 0.0,
    "sofa_renal": 0.5
  },
  "predicted_sofa_features": {
    "pao2_fio2_ratio": [
      118.71,
      110.94,
      153.15,
      119.49,
      113.05,
      120.73,
      82.94,
      91.86
    ],
    "platelet": [
      0.046,
      0.043,
      0.045,
      0.043,
      0.048,
      0.035,
      0.024,
      0.046
    ],
    "bilirubin_total": [
      1.3,
      1.6,
      1.5,
      1.5,
      1.8,
      1.7,
      1.6,
      1.3
    ],
    "vasopressor_rate": [
      0.0,
      0.0,
      0.0,
      0.0,
      0.0,
      0.0,
      0.0,
      0.0
    ],
    "gcs_total": [
      3.0,
      3.0,
      3.0,
      3.0,
      3.0,
      3.0,
      3.0,
      3.0
    ],
    "creatinine": [
      2.4,
      2.4,
      2.2,
      2.3,
      2.4,
      2.1,
      2.4,
      2.4
    ],
    "urine_output_ml": [
      30.0,
      10.0,
      20.0,
      30.0,
      20.0,
      10.0,
      25.0,
      0.0
    ],
    "mechanical_ventilation": [
      0.0,
      0.0,
      0.0,
      0.0,
      0.0,
      0.0,
      0.0,
      0.0
    ]
  },
  "actual_sofa_features": {
    "pao2_fio2_ratio": [
      82.94,
      91.86,
      110.94,
      113.05,
      118.71,
      119.49,
      120.73,
      153.15
    ],
    "platelet": [
      24.0,
      35.0,
      43.0,
      45.0,
      46.0,
      48.0
    ],
    "bilirubin_total": [
      1.3,
      1.5,
      1.6,
      1.7,
      1.8
    ],
    "vasopressor_rate": [
      0.0
    ],
    "gcs_total": [
      3.0
    ],
    "creatinine": [
      2.1,
      2.2,
      2.3,
      2.4
    ],
    "urine_output_ml": [
      0.0,
      10.0,
      20.0,
      25.0,
      30.0,
      40.0
    ],
    "mechanical_ventilation": [
      0.0
    ]
  },
  "predicted_sofa_scores": {
    "sofa_respiration": [
      3,
      3,
      3,
      3,
      3,
      3,
      4,
      4
    ],
    "sofa_coagulation": [
      4,
      4,
      4,
      4,
      4,
      4,
      4,
      4
    ],
    "sofa_liver": [
      1,
      1,
      1,
      1,
      1,
      1,
      1,
      1
    ],
    "sofa_cardiovascular": [
      0,
      0,
      0,
      0,
      0,
      0,
      0,
      0
    ],
    "sofa_cns": [
      4,
      4,
      4,
      4,
      4,
      4,
      4,
      4
    ],
    "sofa_renal": [
      2,
      2,
      2,
      2,
      2,
      2,
      2,
      2
    ]
  },
  "actual_sofa_scores": {
    "sofa_respiration": [
      4,
      4,
      3,
      3,
      3,
      3,
      3,
      3
    ],
    "sofa_coagulation": [
      3,
      3,
      3,
      3,
      3,
      3,
      4,
      4
    ],
    "sofa_liver": [
      1,
      1,
      1,
      1,
      1,
      0,
      0,
      0
    ],
    "sofa_cardiovascular": [
      0,
      0,
      0,
      0,
      0,
      0,
      0,
      0
    ],
    "sofa_cns": [
      4,
      4,
      4,
      4,
      4,
      4,
      4,
      4
    ],
    "sofa_renal": [
      2,
      2,
      2,
      2,
      3,
      3,
      3,
      3
    ]
  },
  "analysis": {
    "total_features_compared": 6,
    "features_with_valid_data": 6,
    "average_difference": 0.3541666666666667
  },
  "debug_info": {
    "sofa_extraction_method": "intervention_analysis.sofa_related_features",
    "sofa_features_count": 8
  }
}