{
  "patient_id": "39657585",
  "timestamp": "2025-12-02T04:06:04.398956",
  "model_name": "meditron:7b",
  "model_trust_score": 0.8884282243428951,
  "feature_differences": {
    "sofa_respiration": 0.375,
    "sofa_coagulation": 0.0,
    "sofa_liver": 0.25,
    "sofa_cardiovascular": 0.75,
    "sofa_cns": 2.0,
    "sofa_renal": 0.0
  },
  "predicted_sofa_features": {
    "pao2_fio2_ratio": [
      116.28,
      119.06,
      167.46,
      168.2,
      169.79,
      254.57,
      315.67,
      315.67
    ],
    "platelet": [
      77.0,
      79.0,
      83.0,
      85.0,
      86.0,
      87.0,
      107.0,
      108.0
    ],
    "bilirubin_total": [
      1.0,
      1.1,
      1.3,
      1.4,
      1.6,
      2.6,
      3.5,
      3.5
    ],
    "vasopressor_rate": [
      0.0,
      2.0,
      2.0,
      2.0,
      2.0,
      2.0,
      2.0,
      2.0
    ],
    "gcs_total": [
      8.0,
      9.0,
      10.0,
      15.0,
      15.0,
      15.0,
      15.0,
      15.0
    ],
    "creatinine": [
      0.9,
      1.1,
      1.2,
      1.3,
      1.3,
      1.3,
      1.3,
      1.3
    ],
    "urine_output_ml": [
      0.0,
      90.0,
      164.0,
      170.0,
      220.0,
      227.0,
      260.0,
      305.0
    ],
    "mechanical_ventilation": [
      0.0,
      0.0,
      0.0,
      0.0,
      0.0,
      0.0,
      0.0,
      0.0
    ]
  },
  "actual_sofa_features": {
    "pao2_fio2_ratio": [
      116.28,
      119.06,
      167.46,
      168.2,
      169.79,
      254.57,
      315.67
    ],
    "platelet": [
      77.0,
      79.0,
      83.0,
      85.0,
      86.0,
      87.0,
      107.0,
      108.0
    ],
    "bilirubin_total": [
      1.0,
      1.1,
      1.3,
      1.4,
      1.6,
      2.6,
      3.5
    ],
    "vasopressor_rate": [
      0.0,
      2.0
    ],
    "gcs_total": [
      8.0,
      9.0,
      10.0,
      15.0
    ],
    "creatinine": [
      0.9,
      1.1,
      1.2,
      1.3
    ],
    "urine_output_ml": [
      0.0,
      90.0,
      164.0,
      170.0,
      220.0,
      227.0,
      260.0,
      305.0
    ],
    "mechanical_ventilation": [
      0.0
    ]
  },
  "predicted_sofa_scores": {
    "sofa_respiration": [
      3,
      3,
      3,
      3,
      3,
      2,
      1,
      1
    ],
    "sofa_coagulation": [
      2,
      2,
      2,
      2,
      2,
      2,
      1,
      1
    ],
    "sofa_liver": [
      0,
      0,
      1,
      1,
      1,
      2,
      2,
      2
    ],
    "sofa_cardiovascular": [
      0,
      1,
      1,
      1,
      1,
      1,
      1,
      1
    ],
    "sofa_cns": [
      3,
      3,
      2,
      0,
      0,
      0,
      0,
      0
    ],
    "sofa_renal": [
      3,
      3,
      1,
      1,
      1,
      1,
      1,
      1
    ]
  },
  "actual_sofa_scores": {
    "sofa_respiration": [
      3,
      3,
      3,
      3,
      3,
      2,
      1,
      4
    ],
    "sofa_coagulation": [
      2,
      2,
      2,
      2,
      2,
      2,
      1,
      1
    ],
    "sofa_liver": [
      0,
      0,
      1,
      1,
      1,
      2,
      2,
      0
    ],
    "sofa_cardiovascular": [
      0,
      1,
      0,
      0,
      0,
      0,
      0,
      0
    ],
    "sofa_cns": [
      3,
      3,
      2,
      0,
      4,
      4,
      4,
      4
    ],
    "sofa_renal": [
      3,
      3,
      1,
      1,
      1,
      1,
      1,
      1
    ]
  },
  "analysis": {
    "total_features_compared": 6,
    "features_with_valid_data": 6,
    "average_difference": 0.5625
  },
  "debug_info": {
    "sofa_extraction_method": "output_summary_parsing",
    "sofa_features_count": 8
  }
}