{
  "patient_id": "38293345",
  "timestamp": "2025-12-02T03:08:56.400904",
  "model_name": "meditron:7b",
  "model_trust_score": 0.81650770622995,
  "feature_differences": {
    "sofa_respiration": 1.25,
    "sofa_coagulation": 2.0,
    "sofa_liver": 0.5,
    "sofa_cardiovascular": 0.0,
    "sofa_cns": 2.0,
    "sofa_renal": 0.75
  },
  "predicted_sofa_features": {
    "pao2_fio2_ratio": [
      252.24,
      188.64,
      198.89,
      227.23,
      154.65,
      40.13,
      252.24,
      252.24
    ],
    "platelet": [
      0.071,
      0.072,
      0.066,
      0.07,
      0.065,
      0.076,
      0.06,
      0.067
    ],
    "bilirubin_total": [
      1.3,
      1.2,
      1.7,
      1.9,
      2.0,
      1.6,
      1.3,
      1.3
    ],
    "vasopressor_rate": [
      0.0,
      0.0,
      0.0,
      0.0,
      0.0,
      0.0,
      0.0,
      0.0
    ],
    "gcs_total": [
      8.0,
      15.0,
      14.0,
      3.0,
      10.0,
      10.0,
      11.0,
      15.0
    ],
    "creatinine": [
      3.8,
      4.2,
      4.0,
      4.4,
      4.2,
      4.3,
      4.2,
      3.8
    ],
    "urine_output_ml": [
      115.0,
      110.0,
      105.0,
      75.0,
      85.0,
      95.0,
      130.0,
      120.0
    ],
    "mechanical_ventilation": [
      0.0,
      0.0,
      0.0,
      0.0,
      0.0,
      0.0,
      0.0,
      0.0
    ]
  },
  "actual_sofa_features": {
    "pao2_fio2_ratio": [
      40.13,
      154.65,
      188.64,
      198.89,
      227.23,
      252.24
    ],
    "platelet": [
      60.0,
      65.0,
      66.0,
      67.0,
      70.0,
      71.0,
      72.0,
      76.0
    ],
    "bilirubin_total": [
      1.2,
      1.3,
      1.6,
      1.7,
      1.9,
      2.0
    ],
    "vasopressor_rate": [
      0.0
    ],
    "gcs_total": [
      3.0,
      8.0,
      10.0,
      11.0,
      14.0,
      15.0
    ],
    "creatinine": [
      3.8,
      4.0,
      4.2,
      4.3,
      4.4
    ],
    "urine_output_ml": [
      75.0,
      85.0,
      95.0,
      105.0,
      110.0,
      115.0,
      120.0,
      130.0
    ],
    "mechanical_ventilation": [
      0.0
    ]
  },
  "predicted_sofa_scores": {
    "sofa_respiration": [
      2,
      3,
      3,
      2,
      3,
      4,
      2,
      2
    ],
    "sofa_coagulation": [
      4,
      4,
      4,
      4,
      4,
      4,
      4,
      4
    ],
    "sofa_liver": [
      1,
      1,
      1,
      1,
      2,
      1,
      1,
      1
    ],
    "sofa_cardiovascular": [
      0,
      0,
      0,
      0,
      0,
      0,
      0,
      0
    ],
    "sofa_cns": [
      3,
      0,
      1,
      4,
      2,
      2,
      2,
      0
    ],
    "sofa_renal": [
      2,
      2,
      2,
      3,
      3,
      3,
      2,
      2
    ]
  },
  "actual_sofa_scores": {
    "sofa_respiration": [
      4,
      3,
      3,
      3,
      2,
      2,
      4,
      4
    ],
    "sofa_coagulation": [
      2,
      2,
      2,
      2,
      2,
      2,
      2,
      2
    ],
    "sofa_liver": [
      1,
      1,
      1,
      1,
      1,
      2,
      0,
      0
    ],
    "sofa_cardiovascular": [
      0,
      0,
      0,
      0,
      0,
      0,
      0,
      0
    ],
    "sofa_cns": [
      4,
      3,
      2,
      2,
      1,
      0,
      4,
      4
    ],
    "sofa_renal": [
      3,
      3,
      3,
      2,
      2,
      2,
      2,
      2
    ]
  },
  "analysis": {
    "total_features_compared": 6,
    "features_with_valid_data": 6,
    "average_difference": 1.0833333333333333
  },
  "debug_info": {
    "sofa_extraction_method": "intervention_analysis.sofa_related_features",
    "sofa_features_count": 8
  }
}