{
  "patient_id": "32092423",
  "timestamp": "2025-12-01T23:13:48.547874",
  "model_name": "meditron:7b",
  "model_trust_score": 0.8661204409109095,
  "feature_differences": {
    "sofa_respiration": 0.5,
    "sofa_coagulation": 1.125,
    "sofa_liver": 0.5,
    "sofa_cardiovascular": 0.0,
    "sofa_cns": 1.25,
    "sofa_renal": 0.875
  },
  "predicted_sofa_features": {
    "pao2_fio2_ratio": [
      196.42,
      131.29,
      88.73,
      119.55,
      105.02,
      164.77,
      121.87,
      75.13
    ],
    "platelet": [
      0.083,
      0.053,
      0.0315,
      0.048,
      0.04,
      0.041,
      0.035,
      0.041
    ],
    "bilirubin_total": [
      11.0,
      10.3,
      5.45,
      3.5,
      2.9,
      2.3,
      2.6,
      2.2
    ],
    "vasopressor_rate": [
      0.0,
      0.0,
      0.0,
      0.0,
      0.0,
      0.0,
      0.0,
      0.0
    ],
    "gcs_total": [
      3.0,
      8.0,
      10.0,
      10.0,
      10.0,
      10.0,
      10.0,
      10.0
    ],
    "creatinine": [
      1.8,
      2.1,
      1.95,
      2.0,
      1.9,
      1.6,
      1.6,
      2.0
    ],
    "urine_output_ml": [
      45.0,
      45.0,
      45.0,
      25.0,
      20.0,
      10.0,
      15.0,
      2.0
    ],
    "mechanical_ventilation": [
      0.0,
      0.0,
      0.0,
      0.0,
      0.0,
      0.0,
      0.0,
      0.0
    ]
  },
  "actual_sofa_features": {
    "pao2_fio2_ratio": [
      75.13,
      88.73,
      105.02,
      119.55,
      121.87,
      131.29,
      164.77,
      196.42
    ],
    "platelet": [
      31.5,
      35.0,
      40.0,
      41.0,
      48.0,
      53.0,
      83.0
    ],
    "bilirubin_total": [
      2.2,
      2.3,
      2.6,
      2.9,
      3.5,
      5.45,
      10.3,
      11.0
    ],
    "vasopressor_rate": [
      0.0
    ],
    "gcs_total": [
      3.0,
      8.0,
      10.0,
      15.0
    ],
    "creatinine": [
      1.6,
      1.8,
      1.9,
      1.95,
      2.0,
      2.1
    ],
    "urine_output_ml": [
      2.0,
      5.0,
      8.0,
      10.0,
      15.0,
      20.0,
      25.0,
      45.0
    ],
    "mechanical_ventilation": [
      0.0
    ]
  },
  "predicted_sofa_scores": {
    "sofa_respiration": [
      3,
      3,
      4,
      3,
      3,
      3,
      3,
      4
    ],
    "sofa_coagulation": [
      4,
      4,
      4,
      4,
      4,
      4,
      4,
      4
    ],
    "sofa_liver": [
      3,
      3,
      2,
      2,
      2,
      2,
      2,
      2
    ],
    "sofa_cardiovascular": [
      0,
      0,
      0,
      0,
      0,
      0,
      0,
      0
    ],
    "sofa_cns": [
      4,
      3,
      2,
      2,
      2,
      2,
      2,
      2
    ],
    "sofa_renal": [
      1,
      2,
      1,
      2,
      1,
      1,
      1,
      2
    ]
  },
  "actual_sofa_scores": {
    "sofa_respiration": [
      4,
      4,
      3,
      3,
      3,
      3,
      3,
      3
    ],
    "sofa_coagulation": [
      3,
      3,
      3,
      3,
      3,
      2,
      2,
      4
    ],
    "sofa_liver": [
      2,
      2,
      2,
      2,
      2,
      2,
      3,
      3
    ],
    "sofa_cardiovascular": [
      0,
      0,
      0,
      0,
      0,
      0,
      0,
      0
    ],
    "sofa_cns": [
      4,
      3,
      2,
      0,
      4,
      4,
      4,
      4
    ],
    "sofa_renal": [
      1,
      1,
      1,
      1,
      2,
      2,
      3,
      3
    ]
  },
  "analysis": {
    "total_features_compared": 6,
    "features_with_valid_data": 6,
    "average_difference": 0.7083333333333334
  },
  "debug_info": {
    "sofa_extraction_method": "intervention_analysis.sofa_related_features",
    "sofa_features_count": 8
  }
}