{
  "patient_id": "38854605",
  "timestamp": "2025-12-02T03:45:10.859397",
  "model_name": "meditron:7b",
  "model_trust_score": 0.8661204409109095,
  "feature_differences": {
    "sofa_respiration": 0.375,
    "sofa_coagulation": 2.5,
    "sofa_liver": 0.0,
    "sofa_cardiovascular": 0.875,
    "sofa_cns": 0.375,
    "sofa_renal": 0.125
  },
  "predicted_sofa_features": {
    "pao2_fio2_ratio": [
      258.3,
      167.62,
      179.22,
      117.89,
      204.94,
      107.08,
      164.03,
      184.27
    ],
    "platelet": [
      0.264,
      0.227,
      0.216,
      0.166,
      0.172,
      0.264,
      0.264,
      0.264
    ],
    "bilirubin_total": [
      0.8,
      0.8,
      0.8,
      0.8,
      0.8,
      0.8,
      0.8,
      0.8
    ],
    "vasopressor_rate": [
      30.05,
      0.35,
      0.37,
      0.37,
      0.37,
      0.3,
      0.32,
      0.32
    ],
    "gcs_total": [
      3.0,
      3.0,
      6.0,
      6.0,
      7.0,
      6.0,
      3.0,
      7.0
    ],
    "creatinine": [
      5.0,
      3.9,
      3.1,
      2.7,
      2.6,
      2.0,
      2.1,
      5.0
    ],
    "urine_output_ml": [
      110.0,
      60.0,
      60.0,
      35.0,
      70.0,
      90.0,
      120.0,
      105.0
    ],
    "mechanical_ventilation": [
      0.0,
      0.0,
      0.0,
      0.0,
      0.0,
      0.0,
      0.0,
      0.0
    ]
  },
  "actual_sofa_features": {
    "pao2_fio2_ratio": [
      94.07,
      107.08,
      107.73,
      117.89,
      164.03,
      167.62,
      179.22,
      184.27
    ],
    "platelet": [
      166.0,
      172.0,
      216.0,
      227.0,
      264.0
    ],
    "bilirubin_total": [
      0.8
    ],
    "vasopressor_rate": [
      0.26,
      0.3,
      0.32,
      0.34,
      0.35,
      0.37,
      30.05
    ],
    "gcs_total": [
      3.0,
      6.0,
      7.0
    ],
    "creatinine": [
      2.0,
      2.1,
      2.6,
      2.7,
      3.1,
      3.9,
      5.0
    ],
    "urine_output_ml": [
      35.0,
      55.0,
      60.0,
      70.0,
      90.0,
      105.0,
      110.0,
      120.0
    ],
    "mechanical_ventilation": [
      0.0
    ]
  },
  "predicted_sofa_scores": {
    "sofa_respiration": [
      2,
      3,
      3,
      3,
      2,
      3,
      3,
      3
    ],
    "sofa_coagulation": [
      4,
      4,
      4,
      4,
      4,
      4,
      4,
      4
    ],
    "sofa_liver": [
      0,
      0,
      0,
      0,
      0,
      0,
      0,
      0
    ],
    "sofa_cardiovascular": [
      4,
      1,
      1,
      1,
      1,
      1,
      1,
      1
    ],
    "sofa_cns": [
      4,
      4,
      4,
      4,
      3,
      4,
      4,
      3
    ],
    "sofa_renal": [
      2,
      3,
      2,
      2,
      2,
      2,
      2,
      2
    ]
  },
  "actual_sofa_scores": {
    "sofa_respiration": [
      4,
      3,
      3,
      3,
      3,
      3,
      3,
      3
    ],
    "sofa_coagulation": [
      0,
      0,
      0,
      0,
      0,
      4,
      4,
      4
    ],
    "sofa_liver": [
      0,
      0,
      0,
      0,
      0,
      0,
      0,
      0
    ],
    "sofa_cardiovascular": [
      1,
      1,
      1,
      1,
      1,
      1,
      4,
      0
    ],
    "sofa_cns": [
      4,
      4,
      3,
      4,
      4,
      4,
      4,
      4
    ],
    "sofa_renal": [
      2,
      2,
      2,
      2,
      2,
      2,
      2,
      2
    ]
  },
  "analysis": {
    "total_features_compared": 6,
    "features_with_valid_data": 6,
    "average_difference": 0.7083333333333334
  },
  "debug_info": {
    "sofa_extraction_method": "intervention_analysis.sofa_related_features",
    "sofa_features_count": 8
  }
}