{
  "patient_id": "36407392",
  "timestamp": "2025-12-02T01:42:35.324765",
  "model_name": "meditron:7b",
  "model_trust_score": 0.8754382896102173,
  "feature_differences": {
    "sofa_respiration": 0.0,
    "sofa_coagulation": 0.25,
    "sofa_liver": 0.75,
    "sofa_cardiovascular": 0.0,
    "sofa_cns": 2.5,
    "sofa_renal": 0.375
  },
  "predicted_sofa_features": {
    "pao2_fio2_ratio": [
      26.8,
      40.21,
      41.13,
      50.52,
      51.68,
      53.19,
      53.19,
      53.19
    ],
    "platelet": [
      52.0,
      58.0,
      59.0,
      60.0,
      74.0,
      78.0,
      85.0,
      85.0
    ],
    "bilirubin_total": [
      1.6,
      1.8,
      1.8,
      1.8,
      1.8,
      1.8,
      1.8,
      1.8
    ],
    "vasopressor_rate": [
      0.0,
      0.0,
      0.0,
      0.0,
      0.0,
      0.0,
      0.0,
      0.0
    ],
    "gcs_total": [
      12.0,
      13.0,
      15.0,
      15.0,
      15.0,
      15.0,
      15.0,
      15.0
    ],
    "creatinine": [
      1.3,
      1.4,
      1.7,
      1.9,
      2.0,
      2.0,
      2.0,
      2.0
    ],
    "urine_output_ml": [
      0.0,
      40.0,
      43.0,
      45.0,
      47.0,
      55.0,
      60.0,
      70.0
    ],
    "mechanical_ventilation": [
      0.0,
      0.0,
      0.0,
      0.0,
      0.0,
      0.0,
      0.0,
      0.0
    ]
  },
  "actual_sofa_features": {
    "pao2_fio2_ratio": [
      26.8,
      40.21,
      41.13,
      50.52,
      51.68,
      53.19
    ],
    "platelet": [
      52.0,
      58.0,
      59.0,
      60.0,
      74.0,
      78.0,
      85.0
    ],
    "bilirubin_total": [
      1.6,
      1.8
    ],
    "vasopressor_rate": [
      0.0
    ],
    "gcs_total": [
      12.0,
      13.0,
      15.0
    ],
    "creatinine": [
      1.3,
      1.4,
      1.7,
      1.9,
      2.0
    ],
    "urine_output_ml": [
      0.0,
      40.0,
      43.0,
      45.0,
      47.0,
      55.0,
      60.0,
      70.0
    ],
    "mechanical_ventilation": [
      0.0
    ]
  },
  "predicted_sofa_scores": {
    "sofa_respiration": [
      4,
      4,
      4,
      4,
      4,
      4,
      4,
      4
    ],
    "sofa_coagulation": [
      2,
      2,
      2,
      2,
      2,
      2,
      2,
      2
    ],
    "sofa_liver": [
      1,
      1,
      1,
      1,
      1,
      1,
      1,
      1
    ],
    "sofa_cardiovascular": [
      0,
      0,
      0,
      0,
      0,
      0,
      0,
      0
    ],
    "sofa_cns": [
      2,
      1,
      0,
      0,
      0,
      0,
      0,
      0
    ],
    "sofa_renal": [
      1,
      1,
      1,
      1,
      2,
      2,
      2,
      2
    ]
  },
  "actual_sofa_scores": {
    "sofa_respiration": [
      4,
      4,
      4,
      4,
      4,
      4,
      4,
      4
    ],
    "sofa_coagulation": [
      2,
      2,
      2,
      2,
      2,
      2,
      2,
      4
    ],
    "sofa_liver": [
      1,
      1,
      0,
      0,
      0,
      0,
      0,
      0
    ],
    "sofa_cardiovascular": [
      0,
      0,
      0,
      0,
      0,
      0,
      0,
      0
    ],
    "sofa_cns": [
      2,
      1,
      0,
      4,
      4,
      4,
      4,
      4
    ],
    "sofa_renal": [
      1,
      1,
      1,
      1,
      2,
      3,
      3,
      3
    ]
  },
  "analysis": {
    "total_features_compared": 6,
    "features_with_valid_data": 6,
    "average_difference": 0.6458333333333334
  },
  "debug_info": {
    "sofa_extraction_method": "output_summary_parsing",
    "sofa_features_count": 8
  }
}