{
  "patient_id": "35695492",
  "timestamp": "2025-12-02T01:12:35.925818",
  "model_name": "meditron:7b",
  "model_trust_score": 0.8484660491074211,
  "feature_differences": {
    "sofa_respiration": 0.75,
    "sofa_coagulation": 1.75,
    "sofa_liver": 0.25,
    "sofa_cardiovascular": 0.0,
    "sofa_cns": 1.75,
    "sofa_renal": 0.5
  },
  "predicted_sofa_features": {
    "pao2_fio2_ratio": [
      104.37,
      95.76,
      100.24,
      138.69,
      104.37,
      104.37,
      104.37,
      104.37
    ],
    "platelet": [
      0.076,
      0.062,
      0.061,
      0.059,
      0.058,
      0.057,
      0.061,
      0.064
    ],
    "bilirubin_total": [
      1.0,
      1.2,
      0.8,
      1.0,
      1.0,
      1.0,
      1.0,
      1.0
    ],
    "vasopressor_rate": [
      0.0,
      0.0,
      0.0,
      0.0,
      0.0,
      0.0,
      0.0,
      0.0
    ],
    "gcs_total": [
      10.0,
      10.0,
      10.0,
      10.0,
      10.0,
      10.0,
      10.0,
      10.0
    ],
    "creatinine": [
      1.2,
      1.3,
      1.4,
      1.2,
      1.2,
      1.2,
      1.2,
      1.2
    ],
    "urine_output_ml": [
      140.0,
      110.0,
      130.0,
      95.0,
      160.0,
      130.0,
      165.0,
      175.0
    ],
    "mechanical_ventilation": [
      0.0,
      0.0,
      0.0,
      0.0,
      0.0,
      0.0,
      0.0,
      0.0
    ]
  },
  "actual_sofa_features": {
    "pao2_fio2_ratio": [
      95.76,
      100.24,
      104.37,
      138.69
    ],
    "platelet": [
      57.0,
      58.0,
      59.0,
      61.0,
      62.0,
      64.0,
      76.0
    ],
    "bilirubin_total": [
      0.8,
      1.0,
      1.2
    ],
    "vasopressor_rate": [
      0.0
    ],
    "gcs_total": [
      10.0
    ],
    "creatinine": [
      1.2,
      1.3,
      1.4
    ],
    "urine_output_ml": [
      95.0,
      110.0,
      130.0,
      140.0,
      160.0,
      165.0,
      175.0,
      330.0
    ],
    "mechanical_ventilation": [
      0.0
    ]
  },
  "predicted_sofa_scores": {
    "sofa_respiration": [
      3,
      4,
      3,
      3,
      3,
      3,
      3,
      3
    ],
    "sofa_coagulation": [
      4,
      4,
      4,
      4,
      4,
      4,
      4,
      4
    ],
    "sofa_liver": [
      0,
      1,
      0,
      0,
      0,
      0,
      0,
      0
    ],
    "sofa_cardiovascular": [
      0,
      0,
      0,
      0,
      0,
      0,
      0,
      0
    ],
    "sofa_cns": [
      2,
      2,
      2,
      2,
      2,
      2,
      2,
      2
    ],
    "sofa_renal": [
      1,
      1,
      1,
      1,
      1,
      1,
      1,
      1
    ]
  },
  "actual_sofa_scores": {
    "sofa_respiration": [
      4,
      3,
      3,
      3,
      4,
      4,
      4,
      4
    ],
    "sofa_coagulation": [
      2,
      2,
      2,
      2,
      2,
      2,
      2,
      4
    ],
    "sofa_liver": [
      0,
      0,
      1,
      0,
      0,
      0,
      0,
      0
    ],
    "sofa_cardiovascular": [
      0,
      0,
      0,
      0,
      0,
      0,
      0,
      0
    ],
    "sofa_cns": [
      2,
      4,
      4,
      4,
      4,
      4,
      4,
      4
    ],
    "sofa_renal": [
      1,
      1,
      1,
      2,
      2,
      2,
      2,
      1
    ]
  },
  "analysis": {
    "total_features_compared": 6,
    "features_with_valid_data": 6,
    "average_difference": 0.8333333333333334
  },
  "debug_info": {
    "sofa_extraction_method": "intervention_analysis.sofa_related_features",
    "sofa_features_count": 8
  }
}