{
  "patient_id": "38817112",
  "timestamp": "2025-12-02T03:34:03.729117",
  "model_name": "meditron:7b",
  "model_trust_score": 0.8267132048600137,
  "feature_differences": {
    "sofa_respiration": 0.25,
    "sofa_coagulation": 1.25,
    "sofa_liver": 1.5,
    "sofa_cardiovascular": 0.625,
    "sofa_cns": 2.0,
    "sofa_renal": 0.375
  },
  "predicted_sofa_features": {
    "pao2_fio2_ratio": [
      83.73,
      42.22,
      116.3,
      113.01,
      80.87,
      83.73,
      83.73,
      83.73
    ],
    "platelet": [
      0.053,
      0.04,
      0.034,
      0.069,
      0.062,
      0.057,
      0.053,
      0.053
    ],
    "bilirubin_total": [
      3.4,
      6.1,
      3.4,
      3.4,
      3.4,
      3.4,
      3.4,
      3.4
    ],
    "vasopressor_rate": [
      0.0,
      0.0,
      0.0,
      0.0,
      0.0,
      0.0,
      0.05,
      0.05
    ],
    "gcs_total": [
      15.0,
      15.0,
      15.0,
      15.0,
      15.0,
      15.0,
      10.0,
      8.0
    ],
    "creatinine": [
      1.8,
      1.8,
      1.9,
      2.6,
      1.8,
      1.8,
      1.8,
      1.8
    ],
    "urine_output_ml": [
      380.0,
      950.0,
      685.0,
      275.0,
      270.0,
      180.0,
      85.0,
      200.0
    ],
    "mechanical_ventilation": [
      0.0,
      0.0,
      0.0,
      0.0,
      0.0,
      0.0,
      0.0,
      0.0
    ]
  },
  "actual_sofa_features": {
    "pao2_fio2_ratio": [
      42.22,
      80.87,
      83.73,
      113.01,
      116.3
    ],
    "platelet": [
      34.0,
      40.0,
      53.0,
      57.0,
      62.0,
      69.0
    ],
    "bilirubin_total": [
      3.4,
      6.1
    ],
    "vasopressor_rate": [
      0.0,
      0.05,
      0.06,
      0.25
    ],
    "gcs_total": [
      8.0,
      9.0,
      10.0,
      13.0,
      15.0
    ],
    "creatinine": [
      1.8,
      1.9,
      2.6
    ],
    "urine_output_ml": [
      80.0,
      85.0,
      140.0,
      180.0,
      185.0,
      200.0,
      270.0,
      275.0
    ],
    "mechanical_ventilation": [
      0.0
    ]
  },
  "predicted_sofa_scores": {
    "sofa_respiration": [
      4,
      4,
      3,
      3,
      4,
      4,
      4,
      4
    ],
    "sofa_coagulation": [
      4,
      4,
      4,
      4,
      4,
      4,
      4,
      4
    ],
    "sofa_liver": [
      2,
      3,
      2,
      2,
      2,
      2,
      2,
      2
    ],
    "sofa_cardiovascular": [
      0,
      0,
      0,
      0,
      0,
      0,
      1,
      1
    ],
    "sofa_cns": [
      0,
      0,
      0,
      0,
      0,
      0,
      2,
      3
    ],
    "sofa_renal": [
      1,
      1,
      1,
      1,
      1,
      1,
      1,
      1
    ]
  },
  "actual_sofa_scores": {
    "sofa_respiration": [
      4,
      4,
      4,
      3,
      3,
      4,
      4,
      4
    ],
    "sofa_coagulation": [
      3,
      3,
      2,
      2,
      2,
      2,
      4,
      4
    ],
    "sofa_liver": [
      2,
      3,
      0,
      0,
      0,
      0,
      0,
      0
    ],
    "sofa_cardiovascular": [
      0,
      1,
      1,
      1,
      0,
      0,
      0,
      0
    ],
    "sofa_cns": [
      3,
      3,
      2,
      1,
      0,
      4,
      4,
      4
    ],
    "sofa_renal": [
      1,
      1,
      2,
      2,
      2,
      1,
      1,
      1
    ]
  },
  "analysis": {
    "total_features_compared": 6,
    "features_with_valid_data": 6,
    "average_difference": 1.0
  },
  "debug_info": {
    "sofa_extraction_method": "intervention_analysis.sofa_related_features",
    "sofa_features_count": 8
  }
}