{
  "patient_id": "38256954",
  "timestamp": "2025-12-02T03:04:49.717844",
  "model_name": "meditron:7b",
  "model_trust_score": 0.869187964058863,
  "feature_differences": {
    "sofa_respiration": 0.0,
    "sofa_coagulation": 2.0,
    "sofa_liver": 0.0,
    "sofa_cardiovascular": 0.625,
    "sofa_cns": 1.5,
    "sofa_renal": 0.0
  },
  "predicted_sofa_features": {
    "pao2_fio2_ratio": [
      45.88,
      72.54,
      72.54,
      72.54,
      72.54,
      72.54,
      72.54,
      72.54
    ],
    "platelet": [
      295.0,
      299.0,
      344.0,
      359.0,
      359.0,
      359.0,
      359.0,
      359.0
    ],
    "bilirubin_total": [
      0.2,
      0.2,
      0.2,
      0.2,
      0.2,
      0.2,
      0.2,
      0.2
    ],
    "vasopressor_rate": [
      0.0,
      0.03,
      0.08,
      0.08,
      0.08,
      0.08,
      0.08,
      0.08
    ],
    "gcs_total": [
      8.0,
      10.0,
      11.0,
      13.0,
      15.0,
      15.0,
      15.0,
      15.0
    ],
    "creatinine": [
      0.8,
      0.9,
      1.0,
      1.0,
      1.0,
      1.0,
      1.0,
      1.0
    ],
    "urine_output_ml": [
      75.0,
      185.0,
      250.0,
      275.0,
      310.0,
      325.0,
      365.0,
      370.0
    ],
    "mechanical_ventilation": [
      0.0,
      0.0,
      0.0,
      0.0,
      0.0,
      0.0,
      0.0,
      0.0
    ]
  },
  "actual_sofa_features": {
    "pao2_fio2_ratio": [
      45.88,
      72.54
    ],
    "platelet": [
      295.0,
      299.0,
      344.0,
      359.0
    ],
    "bilirubin_total": [
      0.2
    ],
    "vasopressor_rate": [
      0.0,
      0.03,
      0.08
    ],
    "gcs_total": [
      8.0,
      10.0,
      11.0,
      13.0,
      15.0
    ],
    "creatinine": [
      0.8,
      0.9,
      1.0
    ],
    "urine_output_ml": [
      75.0,
      185.0,
      250.0,
      275.0,
      310.0,
      325.0,
      365.0,
      370.0
    ],
    "mechanical_ventilation": [
      0.0
    ]
  },
  "predicted_sofa_scores": {
    "sofa_respiration": [
      4,
      4,
      4,
      4,
      4,
      4,
      4,
      4
    ],
    "sofa_coagulation": [
      0,
      0,
      0,
      0,
      0,
      0,
      0,
      0
    ],
    "sofa_liver": [
      0,
      0,
      0,
      0,
      0,
      0,
      0,
      0
    ],
    "sofa_cardiovascular": [
      0,
      1,
      1,
      1,
      1,
      1,
      1,
      1
    ],
    "sofa_cns": [
      3,
      2,
      2,
      1,
      0,
      0,
      0,
      0
    ],
    "sofa_renal": [
      3,
      2,
      1,
      1,
      1,
      1,
      1,
      1
    ]
  },
  "actual_sofa_scores": {
    "sofa_respiration": [
      4,
      4,
      4,
      4,
      4,
      4,
      4,
      4
    ],
    "sofa_coagulation": [
      0,
      0,
      0,
      0,
      4,
      4,
      4,
      4
    ],
    "sofa_liver": [
      0,
      0,
      0,
      0,
      0,
      0,
      0,
      0
    ],
    "sofa_cardiovascular": [
      0,
      1,
      1,
      0,
      0,
      0,
      0,
      0
    ],
    "sofa_cns": [
      3,
      2,
      2,
      1,
      0,
      4,
      4,
      4
    ],
    "sofa_renal": [
      3,
      2,
      1,
      1,
      1,
      1,
      1,
      1
    ]
  },
  "analysis": {
    "total_features_compared": 6,
    "features_with_valid_data": 6,
    "average_difference": 0.6875
  },
  "debug_info": {
    "sofa_extraction_method": "output_summary_parsing",
    "sofa_features_count": 8
  }
}