{
  "patient_id": "34009410",
  "timestamp": "2025-12-02T00:11:42.628943",
  "model_name": "meditron:7b",
  "model_trust_score": 0.7837506406283489,
  "feature_differences": {
    "sofa_respiration": 1.5,
    "sofa_coagulation": 2.875,
    "sofa_liver": 1.0,
    "sofa_cardiovascular": 0.25,
    "sofa_cns": 2.125,
    "sofa_renal": 0.5
  },
  "predicted_sofa_features": {
    "pao2_fio2_ratio": [
      223.33,
      227.5,
      130.48,
      90.05,
      106.94,
      87.4,
      223.33,
      223.33
    ],
    "platelet": [
      0.173,
      0.164,
      0.177,
      0.15,
      0.147,
      0.159,
      0.173,
      0.173
    ],
    "bilirubin_total": [
      2.0,
      2.1,
      2.5,
      2.4,
      1.9,
      2.0,
      2.0,
      2.0
    ],
    "vasopressor_rate": [
      0.28,
      0.24,
      0.14,
      0.27,
      0.14,
      0.05,
      0.05,
      0.05
    ],
    "gcs_total": [
      9.0,
      7.0,
      7.0,
      7.0,
      7.0,
      15.0,
      15.0,
      15.0
    ],
    "creatinine": [
      1.6,
      1.5,
      1.5,
      1.4,
      1.3,
      1.1,
      1.6,
      1.6
    ],
    "urine_output_ml": [
      90.0,
      130.0,
      132.0,
      134.0,
      126.0,
      150.0,
      98.0,
      150.0
    ],
    "mechanical_ventilation": [
      0.0,
      0.0,
      0.0,
      0.0,
      0.0,
      0.0,
      0.0,
      0.0
    ]
  },
  "actual_sofa_features": {
    "pao2_fio2_ratio": [
      87.4,
      90.05,
      106.94,
      130.48,
      223.33,
      227.5
    ],
    "platelet": [
      147.0,
      150.0,
      159.0,
      164.0,
      173.0,
      177.0
    ],
    "bilirubin_total": [
      1.9,
      2.0,
      2.1,
      2.4,
      2.5
    ],
    "vasopressor_rate": [
      0.0,
      0.03,
      0.05,
      0.14,
      0.24,
      0.27,
      0.28
    ],
    "gcs_total": [
      7.0,
      9.0,
      15.0
    ],
    "creatinine": [
      1.1,
      1.3,
      1.4,
      1.5,
      1.6
    ],
    "urine_output_ml": [
      90.0,
      98.0,
      100.0,
      103.0,
      126.0,
      127.0,
      130.0,
      132.0
    ],
    "mechanical_ventilation": [
      0.0
    ]
  },
  "predicted_sofa_scores": {
    "sofa_respiration": [
      2,
      2,
      3,
      4,
      3,
      4,
      2,
      2
    ],
    "sofa_coagulation": [
      4,
      4,
      4,
      4,
      4,
      4,
      4,
      4
    ],
    "sofa_liver": [
      2,
      2,
      2,
      2,
      1,
      2,
      2,
      2
    ],
    "sofa_cardiovascular": [
      1,
      1,
      1,
      1,
      1,
      1,
      1,
      1
    ],
    "sofa_cns": [
      3,
      3,
      3,
      3,
      3,
      0,
      0,
      0
    ],
    "sofa_renal": [
      1,
      1,
      1,
      1,
      1,
      2,
      1,
      1
    ]
  },
  "actual_sofa_scores": {
    "sofa_respiration": [
      4,
      4,
      3,
      3,
      2,
      2,
      4,
      4
    ],
    "sofa_coagulation": [
      1,
      0,
      0,
      0,
      0,
      0,
      4,
      4
    ],
    "sofa_liver": [
      1,
      2,
      2,
      2,
      2,
      0,
      0,
      0
    ],
    "sofa_cardiovascular": [
      0,
      1,
      1,
      1,
      1,
      1,
      1,
      0
    ],
    "sofa_cns": [
      3,
      3,
      0,
      4,
      4,
      4,
      4,
      4
    ],
    "sofa_renal": [
      3,
      1,
      1,
      1,
      1,
      2,
      2,
      2
    ]
  },
  "analysis": {
    "total_features_compared": 6,
    "features_with_valid_data": 6,
    "average_difference": 1.375
  },
  "debug_info": {
    "sofa_extraction_method": "intervention_analysis.sofa_related_features",
    "sofa_features_count": 8
  }
}