{
  "patient_id": "36478727",
  "timestamp": "2025-12-02T01:51:10.319679",
  "model_name": "meditron:7b",
  "model_trust_score": 0.9026338083095692,
  "feature_differences": {
    "sofa_respiration": 0.0,
    "sofa_coagulation": 1.2857142857142858,
    "sofa_liver": 0.0,
    "sofa_cardiovascular": 0.0,
    "sofa_cns": 1.2857142857142858,
    "sofa_renal": 0.2857142857142857
  },
  "predicted_sofa_features": {
    "pao2_fio2_ratio": [
      70.0,
      62.86,
      40.0,
      42.22,
      40.94,
      47.02,
      70.0,
      70.0
    ],
    "platelet": [
      0.11,
      0.099,
      0.083,
      0.092,
      0.11,
      0.11,
      0.11,
      0.11
    ],
    "bilirubin_total": [
      0.3,
      0.3,
      0.3,
      0.3,
      0.3,
      0.3,
      0.3,
      0.3
    ],
    "vasopressor_rate": [
      0.0,
      0.0,
      0.0,
      0.0,
      0.0,
      0.0,
      0.0,
      0.0
    ],
    "gcs_total": [
      5.0,
      3.0,
      15.0,
      3.0,
      3.0,
      10.0,
      6.0,
      3.0
    ],
    "creatinine": [
      9.4,
      6.0,
      4.3,
      2.7,
      9.4,
      9.4,
      9.4,
      9.4
    ],
    "urine_output_ml": [
      40.0,
      10.0,
      25.0,
      20.0,
      20.0,
      0.0,
      5.0,
      0.0
    ],
    "mechanical_ventilation": [
      0.0,
      0.0,
      0.0,
      0.0,
      0.0,
      0.0,
      0.0,
      0.0
    ]
  },
  "actual_sofa_features": {
    "pao2_fio2_ratio": [
      40.0,
      40.94,
      42.22,
      47.02,
      62.86,
      70.0
    ],
    "platelet": [
      83.0,
      92.0,
      99.0,
      110.0
    ],
    "bilirubin_total": [
      0.3
    ],
    "vasopressor_rate": [
      0.0
    ],
    "gcs_total": [
      3.0,
      5.0,
      6.0,
      9.0,
      10.0,
      15.0
    ],
    "creatinine": [
      2.7,
      4.3,
      6.0,
      9.4
    ],
    "urine_output_ml": [
      0.0,
      5.0,
      10.0,
      15.0,
      20.0,
      25.0,
      40.0
    ],
    "mechanical_ventilation": [
      0.0
    ]
  },
  "predicted_sofa_scores": {
    "sofa_respiration": [
      4,
      4,
      4,
      4,
      4,
      4,
      4,
      4
    ],
    "sofa_coagulation": [
      4,
      4,
      4,
      4,
      4,
      4,
      4,
      4
    ],
    "sofa_liver": [
      0,
      0,
      0,
      0,
      0,
      0,
      0,
      0
    ],
    "sofa_cardiovascular": [
      0,
      0,
      0,
      0,
      0,
      0,
      0,
      0
    ],
    "sofa_cns": [
      4,
      4,
      0,
      4,
      4,
      2,
      4,
      4
    ],
    "sofa_renal": [
      3,
      3,
      3,
      2,
      3,
      3,
      3,
      3
    ]
  },
  "actual_sofa_scores": {
    "sofa_respiration": [
      4,
      4,
      4,
      4,
      4,
      4,
      4
    ],
    "sofa_coagulation": [
      2,
      2,
      2,
      1,
      4,
      4,
      4
    ],
    "sofa_liver": [
      0,
      0,
      0,
      0,
      0,
      0,
      0
    ],
    "sofa_cardiovascular": [
      0,
      0,
      0,
      0,
      0,
      0,
      0
    ],
    "sofa_cns": [
      4,
      4,
      4,
      3,
      2,
      0,
      4
    ],
    "sofa_renal": [
      2,
      3,
      3,
      3,
      3,
      3,
      3
    ]
  },
  "analysis": {
    "total_features_compared": 6,
    "features_with_valid_data": 6,
    "average_difference": 0.4761904761904762
  },
  "debug_info": {
    "sofa_extraction_method": "intervention_analysis.sofa_related_features",
    "sofa_features_count": 8
  }
}