{
  "patient_id": "38138760",
  "timestamp": "2025-12-02T02:54:19.815549",
  "model_name": "meditron:7b",
  "model_trust_score": 0.8091180056695638,
  "feature_differences": {
    "sofa_respiration": 0.25,
    "sofa_coagulation": 3.125,
    "sofa_liver": 1.0,
    "sofa_cardiovascular": 0.375,
    "sofa_cns": 1.75,
    "sofa_renal": 0.375
  },
  "predicted_sofa_features": {
    "pao2_fio2_ratio": [
      135.7,
      263.54,
      181.91,
      121.07,
      128.41,
      192.05,
      202.52,
      127.0
    ],
    "platelet": [
      0.195,
      0.177,
      0.161,
      0.154,
      0.139,
      0.126,
      0.143,
      0.195
    ],
    "bilirubin_total": [
      2.8,
      2.6,
      2.7,
      2.3,
      1.8,
      1.6,
      2.8,
      2.8
    ],
    "vasopressor_rate": [
      0.1,
      0.05,
      0.06,
      0.1,
      0.06,
      0.08,
      0.06,
      0.02
    ],
    "gcs_total": [
      15.0,
      15.0,
      10.0,
      10.0,
      10.0,
      10.0,
      10.0,
      10.0
    ],
    "creatinine": [
      1.5,
      1.3,
      1.3,
      1.3,
      1.2,
      1.2,
      1.5,
      1.5
    ],
    "urine_output_ml": [
      205.0,
      190.0,
      322.0,
      192.0,
      260.0,
      230.0,
      165.0,
      170.0
    ],
    "mechanical_ventilation": [
      0.0,
      0.0,
      0.0,
      0.0,
      0.0,
      0.0,
      0.0,
      0.0
    ]
  },
  "actual_sofa_features": {
    "pao2_fio2_ratio": [
      121.07,
      127.0,
      128.41,
      135.7,
      181.91,
      192.05,
      202.52,
      263.54
    ],
    "platelet": [
      126.0,
      139.0,
      143.0,
      154.0,
      161.0,
      177.0,
      195.0
    ],
    "bilirubin_total": [
      1.6,
      1.8,
      2.3,
      2.6,
      2.7,
      2.8
    ],
    "vasopressor_rate": [
      0.0,
      0.02,
      0.05,
      0.06,
      0.08,
      0.1
    ],
    "gcs_total": [
      10.0,
      15.0
    ],
    "creatinine": [
      1.2,
      1.3,
      1.5
    ],
    "urine_output_ml": [
      140.0,
      160.0,
      165.0,
      170.0,
      190.0,
      192.0,
      205.0,
      230.0
    ],
    "mechanical_ventilation": [
      0.0
    ]
  },
  "predicted_sofa_scores": {
    "sofa_respiration": [
      3,
      2,
      3,
      3,
      3,
      3,
      2,
      3
    ],
    "sofa_coagulation": [
      4,
      4,
      4,
      4,
      4,
      4,
      4,
      4
    ],
    "sofa_liver": [
      2,
      2,
      2,
      2,
      1,
      1,
      2,
      2
    ],
    "sofa_cardiovascular": [
      1,
      1,
      1,
      1,
      1,
      1,
      1,
      1
    ],
    "sofa_cns": [
      0,
      0,
      2,
      2,
      2,
      2,
      2,
      2
    ],
    "sofa_renal": [
      1,
      1,
      1,
      1,
      1,
      1,
      1,
      1
    ]
  },
  "actual_sofa_scores": {
    "sofa_respiration": [
      3,
      3,
      3,
      3,
      3,
      3,
      2,
      2
    ],
    "sofa_coagulation": [
      1,
      1,
      1,
      0,
      0,
      0,
      0,
      4
    ],
    "sofa_liver": [
      1,
      1,
      2,
      2,
      2,
      2,
      0,
      0
    ],
    "sofa_cardiovascular": [
      0,
      1,
      1,
      1,
      1,
      1,
      0,
      0
    ],
    "sofa_cns": [
      2,
      0,
      4,
      4,
      4,
      4,
      4,
      4
    ],
    "sofa_renal": [
      1,
      1,
      1,
      2,
      2,
      2,
      1,
      1
    ]
  },
  "analysis": {
    "total_features_compared": 6,
    "features_with_valid_data": 6,
    "average_difference": 1.1458333333333333
  },
  "debug_info": {
    "sofa_extraction_method": "intervention_analysis.sofa_related_features",
    "sofa_features_count": 8
  }
}