{
  "patient_id": "38128269",
  "timestamp": "2025-12-02T02:49:02.624019",
  "model_name": "meditron:7b",
  "model_trust_score": 0.912923326432946,
  "feature_differences": {
    "sofa_respiration": 0.0,
    "sofa_coagulation": 0.0,
    "sofa_liver": 0.0,
    "sofa_cardiovascular": 0.0,
    "sofa_cns": 2.5,
    "sofa_renal": 0.0
  },
  "predicted_sofa_features": {
    "pao2_fio2_ratio": [
      75.65,
      76.92,
      80.0,
      98.99,
      107.77,
      115.12,
      124.71,
      145.88
    ],
    "platelet": [
      204.0,
      206.0,
      208.0,
      210.0,
      229.0,
      234.0,
      235.0,
      243.0
    ],
    "bilirubin_total": [
      4.0,
      4.2,
      4.3,
      4.5,
      4.6,
      4.9,
      5.4,
      6.8
    ],
    "vasopressor_rate": [
      0.0,
      0.0,
      0.0,
      0.0,
      0.0,
      0.0,
      0.0,
      0.0
    ],
    "gcs_total": [
      10.0,
      11.0,
      15.0,
      15.0,
      15.0,
      15.0,
      15.0,
      15.0
    ],
    "creatinine": [
      2.0,
      2.1,
      2.2,
      2.5,
      2.8,
      3.1,
      3.7,
      4.3
    ],
    "urine_output_ml": [
      10.0,
      15.0,
      20.0,
      25.0,
      30.0,
      35.0,
      40.0,
      50.0
    ],
    "mechanical_ventilation": [
      0.0,
      0.0,
      0.0,
      0.0,
      0.0,
      0.0,
      0.0,
      0.0
    ]
  },
  "actual_sofa_features": {
    "pao2_fio2_ratio": [
      75.65,
      76.92,
      80.0,
      98.99,
      107.77,
      115.12,
      124.71,
      145.88
    ],
    "platelet": [
      204.0,
      206.0,
      208.0,
      210.0,
      229.0,
      234.0,
      235.0,
      243.0
    ],
    "bilirubin_total": [
      4.0,
      4.2,
      4.3,
      4.5,
      4.6,
      4.9,
      5.4,
      6.8
    ],
    "vasopressor_rate": [
      0.0
    ],
    "gcs_total": [
      10.0,
      11.0,
      15.0
    ],
    "creatinine": [
      2.0,
      2.1,
      2.2,
      2.5,
      2.8,
      3.1,
      3.7,
      4.3
    ],
    "urine_output_ml": [
      10.0,
      15.0,
      20.0,
      25.0,
      30.0,
      35.0,
      40.0,
      50.0
    ],
    "mechanical_ventilation": [
      0.0
    ]
  },
  "predicted_sofa_scores": {
    "sofa_respiration": [
      4,
      4,
      4,
      4,
      3,
      3,
      3,
      3
    ],
    "sofa_coagulation": [
      0,
      0,
      0,
      0,
      0,
      0,
      0,
      0
    ],
    "sofa_liver": [
      2,
      2,
      2,
      2,
      2,
      2,
      2,
      3
    ],
    "sofa_cardiovascular": [
      0,
      0,
      0,
      0,
      0,
      0,
      0,
      0
    ],
    "sofa_cns": [
      2,
      2,
      0,
      0,
      0,
      0,
      0,
      0
    ],
    "sofa_renal": [
      2,
      2,
      2,
      2,
      2,
      2,
      3,
      3
    ]
  },
  "actual_sofa_scores": {
    "sofa_respiration": [
      4,
      4,
      4,
      4,
      3,
      3,
      3,
      3
    ],
    "sofa_coagulation": [
      0,
      0,
      0,
      0,
      0,
      0,
      0,
      0
    ],
    "sofa_liver": [
      2,
      2,
      2,
      2,
      2,
      2,
      2,
      3
    ],
    "sofa_cardiovascular": [
      0,
      0,
      0,
      0,
      0,
      0,
      0,
      0
    ],
    "sofa_cns": [
      2,
      2,
      0,
      4,
      4,
      4,
      4,
      4
    ],
    "sofa_renal": [
      2,
      2,
      2,
      2,
      2,
      2,
      3,
      3
    ]
  },
  "analysis": {
    "total_features_compared": 6,
    "features_with_valid_data": 6,
    "average_difference": 0.4166666666666667
  },
  "debug_info": {
    "sofa_extraction_method": "output_summary_parsing",
    "sofa_features_count": 8
  }
}