{
  "patient_id": "30983281",
  "timestamp": "2025-12-01T22:47:44.807725",
  "model_name": "meditron:7b",
  "model_trust_score": 0.8428478351444064,
  "feature_differences": {
    "sofa_respiration": 0.0,
    "sofa_coagulation": 0.0,
    "sofa_liver": 0.5,
    "sofa_cardiovascular": 2.0,
    "sofa_cns": 2.5,
    "sofa_renal": 0.25
  },
  "predicted_sofa_features": {
    "pao2_fio2_ratio": [
      68.33,
      98.2,
      111.61,
      113.59,
      114.19,
      115.81,
      124.44,
      132.0
    ],
    "platelet": [
      143.0,
      149.0,
      153.0,
      164.0,
      165.0,
      166.0,
      167.0,
      168.0
    ],
    "bilirubin_total": [
      0.6,
      0.8,
      0.9,
      1.2,
      1.2,
      1.2,
      1.2,
      1.2
    ],
    "vasopressor_rate": [
      12.53,
      12.54,
      25.87,
      25.95,
      25.95,
      25.95,
      25.95,
      25.95
    ],
    "gcs_total": [
      3.0,
      10.0,
      15.0,
      15.0,
      15.0,
      15.0,
      15.0,
      15.0
    ],
    "creatinine": [
      1.1,
      1.2,
      1.3,
      1.4,
      1.5,
      1.7,
      1.7,
      1.7
    ],
    "urine_output_ml": [
      340.0,
      400.0,
      550.0,
      575.0,
      595.0,
      610.0,
      745.0,
      900.0
    ],
    "mechanical_ventilation": [
      0.0,
      0.0,
      0.0,
      0.0,
      0.0,
      0.0,
      0.0,
      0.0
    ]
  },
  "actual_sofa_features": {
    "pao2_fio2_ratio": [
      68.33,
      98.2,
      111.61,
      113.59,
      114.19,
      115.81,
      124.44,
      132.0
    ],
    "platelet": [
      143.0,
      149.0,
      153.0,
      164.0,
      165.0,
      166.0,
      167.0,
      168.0
    ],
    "bilirubin_total": [
      0.6,
      0.8,
      0.9,
      1.2
    ],
    "vasopressor_rate": [
      12.53,
      12.54,
      25.87,
      25.95
    ],
    "gcs_total": [
      3.0,
      10.0,
      15.0
    ],
    "creatinine": [
      1.1,
      1.2,
      1.3,
      1.4,
      1.5,
      1.7
    ],
    "urine_output_ml": [
      340.0,
      400.0,
      550.0,
      575.0,
      595.0,
      610.0,
      745.0,
      900.0
    ],
    "mechanical_ventilation": [
      0.0
    ]
  },
  "predicted_sofa_scores": {
    "sofa_respiration": [
      4,
      4,
      3,
      3,
      3,
      3,
      3,
      3
    ],
    "sofa_coagulation": [
      1,
      1,
      0,
      0,
      0,
      0,
      0,
      0
    ],
    "sofa_liver": [
      0,
      0,
      0,
      1,
      1,
      1,
      1,
      1
    ],
    "sofa_cardiovascular": [
      2,
      2,
      4,
      4,
      4,
      4,
      4,
      4
    ],
    "sofa_cns": [
      4,
      2,
      0,
      0,
      0,
      0,
      0,
      0
    ],
    "sofa_renal": [
      1,
      1,
      1,
      1,
      1,
      1,
      1,
      1
    ]
  },
  "actual_sofa_scores": {
    "sofa_respiration": [
      4,
      4,
      3,
      3,
      3,
      3,
      3,
      3
    ],
    "sofa_coagulation": [
      1,
      1,
      0,
      0,
      0,
      0,
      0,
      0
    ],
    "sofa_liver": [
      0,
      0,
      0,
      1,
      0,
      0,
      0,
      0
    ],
    "sofa_cardiovascular": [
      2,
      2,
      4,
      4,
      0,
      0,
      0,
      0
    ],
    "sofa_cns": [
      4,
      2,
      0,
      4,
      4,
      4,
      4,
      4
    ],
    "sofa_renal": [
      1,
      1,
      1,
      1,
      1,
      1,
      0,
      0
    ]
  },
  "analysis": {
    "total_features_compared": 6,
    "features_with_valid_data": 6,
    "average_difference": 0.875
  },
  "debug_info": {
    "sofa_extraction_method": "output_summary_parsing",
    "sofa_features_count": 8
  }
}