{
  "patient_id": "30717105",
  "timestamp": "2025-12-01T22:31:23.800552",
  "model_name": "meditron:7b",
  "model_trust_score": 0.8818488972635518,
  "feature_differences": {
    "sofa_respiration": 0.125,
    "sofa_coagulation": 2.25,
    "sofa_liver": 0.25,
    "sofa_cardiovascular": 0.0,
    "sofa_cns": 0.625,
    "sofa_renal": 0.375
  },
  "predicted_sofa_features": {
    "pao2_fio2_ratio": [
      75.78,
      75.77,
      83.42,
      89.79,
      101.17,
      75.95,
      78.04,
      91.66
    ],
    "platelet": [
      0.079,
      0.083,
      0.086,
      0.105,
      0.112,
      0.098,
      0.093,
      0.094
    ],
    "bilirubin_total": [
      3.6,
      4.3,
      4.9,
      5.6,
      6.1,
      6.0,
      6.4,
      5.9
    ],
    "vasopressor_rate": [
      0.1,
      0.1,
      0.06,
      0.09,
      0.11,
      0.3,
      0.34,
      0.32
    ],
    "gcs_total": [
      8.0,
      8.0,
      8.0,
      8.0,
      8.0,
      8.0,
      3.0,
      4.0
    ],
    "creatinine": [
      1.5,
      1.4,
      1.3,
      1.2,
      1.3,
      1.3,
      1.3,
      1.3
    ],
    "urine_output_ml": [
      885.0,
      470.0,
      1070.0,
      455.0,
      390.0,
      385.0,
      1345.0,
      600.0
    ],
    "mechanical_ventilation": [
      0.0,
      0.0,
      0.0,
      0.0,
      0.0,
      0.0,
      0.0,
      0.0
    ]
  },
  "actual_sofa_features": {
    "pao2_fio2_ratio": [
      75.77,
      75.78,
      75.95,
      78.04,
      83.42,
      89.79,
      91.66,
      96.28
    ],
    "platelet": [
      79.0,
      83.0,
      86.0,
      93.0,
      94.0,
      98.0,
      105.0,
      112.0
    ],
    "bilirubin_total": [
      3.6,
      4.3,
      4.9,
      5.6,
      5.9,
      6.0,
      6.1,
      6.4
    ],
    "vasopressor_rate": [
      0.06,
      0.09,
      0.1,
      0.11,
      0.14,
      0.18,
      0.24,
      0.3
    ],
    "gcs_total": [
      3.0,
      4.0,
      8.0
    ],
    "creatinine": [
      1.2,
      1.3,
      1.4,
      1.5
    ],
    "urine_output_ml": [
      385.0,
      390.0,
      445.0,
      455.0,
      470.0,
      600.0,
      675.0,
      765.0
    ],
    "mechanical_ventilation": [
      0.0
    ]
  },
  "predicted_sofa_scores": {
    "sofa_respiration": [
      4,
      4,
      4,
      4,
      3,
      4,
      4,
      4
    ],
    "sofa_coagulation": [
      4,
      4,
      4,
      4,
      4,
      4,
      4,
      4
    ],
    "sofa_liver": [
      2,
      2,
      2,
      2,
      3,
      3,
      3,
      2
    ],
    "sofa_cardiovascular": [
      1,
      1,
      1,
      1,
      1,
      1,
      1,
      1
    ],
    "sofa_cns": [
      3,
      3,
      3,
      3,
      3,
      3,
      4,
      4
    ],
    "sofa_renal": [
      1,
      1,
      1,
      1,
      1,
      1,
      1,
      1
    ]
  },
  "actual_sofa_scores": {
    "sofa_respiration": [
      4,
      4,
      4,
      4,
      4,
      4,
      4,
      4
    ],
    "sofa_coagulation": [
      2,
      2,
      2,
      2,
      2,
      2,
      1,
      1
    ],
    "sofa_liver": [
      2,
      2,
      2,
      2,
      2,
      3,
      3,
      3
    ],
    "sofa_cardiovascular": [
      1,
      1,
      1,
      1,
      1,
      1,
      1,
      1
    ],
    "sofa_cns": [
      4,
      4,
      3,
      4,
      4,
      4,
      4,
      4
    ],
    "sofa_renal": [
      1,
      1,
      1,
      1,
      1,
      0,
      0,
      0
    ]
  },
  "analysis": {
    "total_features_compared": 6,
    "features_with_valid_data": 6,
    "average_difference": 0.6041666666666666
  },
  "debug_info": {
    "sofa_extraction_method": "intervention_analysis.sofa_related_features",
    "sofa_features_count": 8
  }
}