{
  "patient_id": "33815212",
  "timestamp": "2025-12-02T00:01:45.485933",
  "model_name": "meditron:7b",
  "model_trust_score": 0.8600960530161443,
  "feature_differences": {
    "sofa_respiration": 0.125,
    "sofa_coagulation": 1.5,
    "sofa_liver": 0.5,
    "sofa_cardiovascular": 0.25,
    "sofa_cns": 1.25,
    "sofa_renal": 0.875
  },
  "predicted_sofa_features": {
    "pao2_fio2_ratio": [
      36.36,
      36.75,
      33.85,
      33.93,
      31.55,
      37.11,
      36.36,
      156.52
    ],
    "platelet": [
      0.036,
      0.039,
      0.072,
      0.069,
      0.071,
      0.072,
      0.072,
      0.062
    ],
    "bilirubin_total": [
      1.8,
      2.3,
      2.5,
      2.2,
      1.8,
      1.8,
      1.8,
      1.8
    ],
    "vasopressor_rate": [
      0.1,
      0.1,
      0.07,
      0.18,
      0.18,
      0.18,
      0.18,
      0.18
    ],
    "gcs_total": [
      9.0,
      4.0,
      4.0,
      4.0,
      5.0,
      5.0,
      5.0,
      13.0
    ],
    "creatinine": [
      4.4,
      4.4,
      4.6,
      3.0,
      2.1,
      1.8,
      1.6,
      4.4
    ],
    "urine_output_ml": [
      180.0,
      190.0,
      105.0,
      60.0,
      45.0,
      25.0,
      25.0,
      0.0
    ],
    "mechanical_ventilation": [
      0.0,
      0.0,
      0.0,
      0.0,
      0.0,
      0.0,
      0.0,
      0.0
    ]
  },
  "actual_sofa_features": {
    "pao2_fio2_ratio": [
      30.11,
      31.55,
      33.16,
      33.85,
      33.93,
      35.29,
      36.36,
      36.75
    ],
    "platelet": [
      36.0,
      39.0,
      52.0,
      62.0,
      69.0,
      71.0,
      72.0
    ],
    "bilirubin_total": [
      1.8,
      2.2,
      2.3,
      2.5
    ],
    "vasopressor_rate": [
      0.07,
      0.08,
      0.1,
      0.14,
      0.16,
      0.18
    ],
    "gcs_total": [
      4.0,
      5.0,
      9.0,
      10.0,
      13.0
    ],
    "creatinine": [
      1.6,
      1.8,
      2.1,
      3.0,
      4.4,
      4.6
    ],
    "urine_output_ml": [
      0.0,
      10.0,
      25.0,
      32.0,
      45.0,
      60.0,
      105.0,
      180.0
    ],
    "mechanical_ventilation": [
      0.0
    ]
  },
  "predicted_sofa_scores": {
    "sofa_respiration": [
      4,
      4,
      4,
      4,
      4,
      4,
      4,
      3
    ],
    "sofa_coagulation": [
      4,
      4,
      4,
      4,
      4,
      4,
      4,
      4
    ],
    "sofa_liver": [
      1,
      2,
      2,
      2,
      1,
      1,
      1,
      1
    ],
    "sofa_cardiovascular": [
      1,
      1,
      1,
      1,
      1,
      1,
      1,
      1
    ],
    "sofa_cns": [
      3,
      4,
      4,
      4,
      4,
      4,
      4,
      1
    ],
    "sofa_renal": [
      2,
      2,
      2,
      2,
      2,
      1,
      1,
      3
    ]
  },
  "actual_sofa_scores": {
    "sofa_respiration": [
      4,
      4,
      4,
      4,
      4,
      4,
      4,
      4
    ],
    "sofa_coagulation": [
      3,
      3,
      2,
      2,
      2,
      2,
      2,
      4
    ],
    "sofa_liver": [
      1,
      2,
      2,
      2,
      0,
      0,
      0,
      0
    ],
    "sofa_cardiovascular": [
      1,
      1,
      1,
      1,
      1,
      1,
      0,
      0
    ],
    "sofa_cns": [
      4,
      4,
      3,
      2,
      1,
      4,
      4,
      4
    ],
    "sofa_renal": [
      1,
      1,
      2,
      2,
      3,
      3,
      2,
      2
    ]
  },
  "analysis": {
    "total_features_compared": 6,
    "features_with_valid_data": 6,
    "average_difference": 0.75
  },
  "debug_info": {
    "sofa_extraction_method": "intervention_analysis.sofa_related_features",
    "sofa_features_count": 8
  }
}