{
  "patient_id": "38442306",
  "timestamp": "2025-12-02T03:25:59.893898",
  "model_name": "meditron:7b",
  "model_trust_score": 0.8484660491074211,
  "feature_differences": {
    "sofa_respiration": 0.0,
    "sofa_coagulation": 2.0,
    "sofa_liver": 1.875,
    "sofa_cardiovascular": 0.0,
    "sofa_cns": 0.625,
    "sofa_renal": 0.5
  },
  "predicted_sofa_features": {
    "pao2_fio2_ratio": [
      45.45,
      46.72,
      48.53,
      176.4,
      148.62,
      113.58,
      45.45,
      45.45
    ],
    "platelet": [
      0.157,
      0.17,
      0.164,
      0.151,
      0.157,
      0.157,
      0.157,
      0.157
    ],
    "bilirubin_total": [
      7.4,
      8.8,
      8.5,
      7.4,
      7.4,
      7.4,
      7.4,
      7.4
    ],
    "vasopressor_rate": [
      0.0,
      0.0,
      0.0,
      0.0,
      0.0,
      0.0,
      0.0,
      0.0
    ],
    "gcs_total": [
      7.0,
      3.0,
      6.0,
      7.0,
      7.0,
      10.0,
      10.0,
      9.0
    ],
    "creatinine": [
      2.1,
      1.9,
      1.5,
      0.7,
      2.1,
      2.1,
      2.1,
      2.1
    ],
    "urine_output_ml": [
      55.0,
      90.0,
      117.0,
      70.0,
      175.0,
      150.0,
      75.0,
      280.0
    ],
    "mechanical_ventilation": [
      0.0,
      0.0,
      0.0,
      0.0,
      0.0,
      0.0,
      0.0,
      0.0
    ]
  },
  "actual_sofa_features": {
    "pao2_fio2_ratio": [
      45.45,
      46.72,
      48.53,
      113.58,
      148.62,
      176.4
    ],
    "platelet": [
      151.0,
      157.0,
      164.0,
      170.0
    ],
    "bilirubin_total": [
      7.4,
      8.5,
      8.8
    ],
    "vasopressor_rate": [
      0.0
    ],
    "gcs_total": [
      3.0,
      6.0,
      7.0,
      8.0,
      9.0,
      10.0
    ],
    "creatinine": [
      0.7,
      1.5,
      1.9,
      2.1
    ],
    "urine_output_ml": [
      0.0,
      55.0,
      70.0,
      75.0,
      90.0,
      117.0,
      150.0,
      175.0
    ],
    "mechanical_ventilation": [
      0.0
    ]
  },
  "predicted_sofa_scores": {
    "sofa_respiration": [
      4,
      4,
      4,
      3,
      3,
      3,
      4,
      4
    ],
    "sofa_coagulation": [
      4,
      4,
      4,
      4,
      4,
      4,
      4,
      4
    ],
    "sofa_liver": [
      3,
      3,
      3,
      3,
      3,
      3,
      3,
      3
    ],
    "sofa_cardiovascular": [
      0,
      0,
      0,
      0,
      0,
      0,
      0,
      0
    ],
    "sofa_cns": [
      3,
      4,
      4,
      3,
      3,
      2,
      2,
      3
    ],
    "sofa_renal": [
      2,
      1,
      1,
      3,
      2,
      2,
      2,
      1
    ]
  },
  "actual_sofa_scores": {
    "sofa_respiration": [
      4,
      4,
      4,
      3,
      3,
      3,
      4,
      4
    ],
    "sofa_coagulation": [
      0,
      0,
      0,
      0,
      4,
      4,
      4,
      4
    ],
    "sofa_liver": [
      3,
      3,
      3,
      0,
      0,
      0,
      0,
      0
    ],
    "sofa_cardiovascular": [
      0,
      0,
      0,
      0,
      0,
      0,
      0,
      0
    ],
    "sofa_cns": [
      4,
      4,
      3,
      3,
      3,
      2,
      4,
      4
    ],
    "sofa_renal": [
      3,
      1,
      1,
      2,
      3,
      2,
      2,
      2
    ]
  },
  "analysis": {
    "total_features_compared": 6,
    "features_with_valid_data": 6,
    "average_difference": 0.8333333333333334
  },
  "debug_info": {
    "sofa_extraction_method": "intervention_analysis.sofa_related_features",
    "sofa_features_count": 8
  }
}