{
  "patient_id": "39816062",
  "timestamp": "2025-12-02T04:12:31.060096",
  "model_name": "meditron:7b",
  "model_trust_score": 0.8456411602939378,
  "feature_differences": {
    "sofa_respiration": 0.5,
    "sofa_coagulation": 1.75,
    "sofa_liver": 0.0,
    "sofa_cardiovascular": 1.75,
    "sofa_cns": 0.75,
    "sofa_renal": 0.375
  },
  "predicted_sofa_features": {
    "pao2_fio2_ratio": [
      244.8,
      181.25,
      126.42,
      100.93,
      109.84,
      102.82,
      144.86,
      83.33
    ],
    "platelet": [
      0.094,
      0.076,
      0.07,
      0.076,
      0.078,
      0.076,
      0.092,
      0.09
    ],
    "bilirubin_total": [
      0.9,
      1.2,
      0.9,
      0.9,
      0.9,
      0.9,
      0.9,
      0.9
    ],
    "vasopressor_rate": [
      0.0,
      0.0,
      0.0,
      0.0,
      10.01,
      10.01,
      10.01,
      9.96
    ],
    "gcs_total": [
      9.0,
      10.0,
      10.0,
      10.0,
      10.0,
      3.0,
      3.0,
      11.0
    ],
    "creatinine": [
      1.1,
      1.1,
      1.2,
      1.3,
      1.2,
      1.1,
      0.9,
      1.1
    ],
    "urine_output_ml": [
      240.0,
      280.0,
      180.0,
      160.0,
      175.0,
      430.0,
      350.0,
      195.0
    ],
    "mechanical_ventilation": [
      0.0,
      0.0,
      0.0,
      0.0,
      0.0,
      0.0,
      0.0,
      0.0
    ]
  },
  "actual_sofa_features": {
    "pao2_fio2_ratio": [
      83.33,
      88.24,
      100.93,
      102.82,
      109.84,
      126.42,
      144.86,
      181.25
    ],
    "platelet": [
      70.0,
      76.0,
      78.0,
      88.0,
      90.0,
      92.0,
      94.0
    ],
    "bilirubin_total": [
      0.9,
      1.2
    ],
    "vasopressor_rate": [
      0.0,
      9.96,
      9.97,
      10.01
    ],
    "gcs_total": [
      3.0,
      9.0,
      10.0,
      11.0
    ],
    "creatinine": [
      0.9,
      1.1,
      1.2,
      1.3
    ],
    "urine_output_ml": [
      160.0,
      175.0,
      180.0,
      195.0,
      240.0,
      245.0,
      250.0,
      280.0
    ],
    "mechanical_ventilation": [
      0.0
    ]
  },
  "predicted_sofa_scores": {
    "sofa_respiration": [
      2,
      3,
      3,
      3,
      3,
      3,
      3,
      4
    ],
    "sofa_coagulation": [
      4,
      4,
      4,
      4,
      4,
      4,
      4,
      4
    ],
    "sofa_liver": [
      0,
      1,
      0,
      0,
      0,
      0,
      0,
      0
    ],
    "sofa_cardiovascular": [
      0,
      0,
      0,
      0,
      2,
      2,
      2,
      2
    ],
    "sofa_cns": [
      3,
      2,
      2,
      2,
      2,
      4,
      4,
      2
    ],
    "sofa_renal": [
      1,
      1,
      1,
      1,
      1,
      1,
      1,
      2
    ]
  },
  "actual_sofa_scores": {
    "sofa_respiration": [
      4,
      4,
      3,
      3,
      3,
      3,
      3,
      3
    ],
    "sofa_coagulation": [
      2,
      2,
      2,
      2,
      2,
      2,
      2,
      4
    ],
    "sofa_liver": [
      0,
      1,
      0,
      0,
      0,
      0,
      0,
      0
    ],
    "sofa_cardiovascular": [
      0,
      2,
      2,
      2,
      0,
      0,
      0,
      0
    ],
    "sofa_cns": [
      4,
      3,
      2,
      2,
      4,
      4,
      4,
      4
    ],
    "sofa_renal": [
      2,
      2,
      1,
      1,
      1,
      1,
      1,
      1
    ]
  },
  "analysis": {
    "total_features_compared": 6,
    "features_with_valid_data": 6,
    "average_difference": 0.8541666666666666
  },
  "debug_info": {
    "sofa_extraction_method": "intervention_analysis.sofa_related_features",
    "sofa_features_count": 8
  }
}