{
  "patient_id": "37984140",
  "timestamp": "2025-12-02T02:38:40.753393",
  "model_name": "meditron:7b",
  "model_trust_score": 0.869187964058863,
  "feature_differences": {
    "sofa_respiration": 1.5,
    "sofa_coagulation": 0.5,
    "sofa_liver": 0.625,
    "sofa_cardiovascular": 0.0,
    "sofa_cns": 1.5,
    "sofa_renal": 0.0
  },
  "predicted_sofa_features": {
    "pao2_fio2_ratio": [
      84.26,
      85.03,
      191.96,
      370.16,
      370.16,
      370.16,
      370.16,
      370.16
    ],
    "platelet": [
      145.0,
      148.0,
      149.0,
      150.5,
      162.0,
      178.0,
      209.0,
      209.0
    ],
    "bilirubin_total": [
      0.6,
      0.8,
      1.3,
      1.3,
      1.3,
      1.3,
      1.3,
      1.3
    ],
    "vasopressor_rate": [
      0.0,
      0.02,
      0.08,
      0.15,
      0.18,
      0.2,
      0.41,
      0.51
    ],
    "gcs_total": [
      3.0,
      7.0,
      8.0,
      9.0,
      15.0,
      15.0,
      15.0,
      15.0
    ],
    "creatinine": [
      0.4,
      0.5,
      0.7,
      0.7,
      0.7,
      0.7,
      0.7,
      0.7
    ],
    "urine_output_ml": [
      105.0,
      130.0,
      180.0,
      212.0,
      250.0,
      270.0,
      275.0,
      295.0
    ],
    "mechanical_ventilation": [
      0.0,
      0.0,
      0.0,
      0.0,
      0.0,
      0.0,
      0.0,
      0.0
    ]
  },
  "actual_sofa_features": {
    "pao2_fio2_ratio": [
      84.26,
      85.03,
      191.96,
      370.16
    ],
    "platelet": [
      145.0,
      148.0,
      149.0,
      150.5,
      162.0,
      178.0,
      209.0
    ],
    "bilirubin_total": [
      0.6,
      0.8,
      1.3
    ],
    "vasopressor_rate": [
      0.0,
      0.02,
      0.08,
      0.15,
      0.18,
      0.2,
      0.41,
      0.51
    ],
    "gcs_total": [
      3.0,
      7.0,
      8.0,
      9.0,
      15.0
    ],
    "creatinine": [
      0.4,
      0.5,
      0.7
    ],
    "urine_output_ml": [
      105.0,
      130.0,
      180.0,
      212.0,
      250.0,
      270.0,
      275.0,
      295.0
    ],
    "mechanical_ventilation": [
      0.0
    ]
  },
  "predicted_sofa_scores": {
    "sofa_respiration": [
      4,
      4,
      3,
      1,
      1,
      1,
      1,
      1
    ],
    "sofa_coagulation": [
      1,
      1,
      1,
      0,
      0,
      0,
      0,
      0
    ],
    "sofa_liver": [
      0,
      0,
      1,
      1,
      1,
      1,
      1,
      1
    ],
    "sofa_cardiovascular": [
      0,
      1,
      1,
      1,
      1,
      1,
      1,
      1
    ],
    "sofa_cns": [
      4,
      3,
      3,
      3,
      0,
      0,
      0,
      0
    ],
    "sofa_renal": [
      2,
      2,
      2,
      1,
      1,
      1,
      1,
      1
    ]
  },
  "actual_sofa_scores": {
    "sofa_respiration": [
      4,
      4,
      3,
      1,
      4,
      4,
      4,
      4
    ],
    "sofa_coagulation": [
      1,
      1,
      1,
      0,
      0,
      0,
      0,
      4
    ],
    "sofa_liver": [
      0,
      0,
      1,
      0,
      0,
      0,
      0,
      0
    ],
    "sofa_cardiovascular": [
      0,
      1,
      1,
      1,
      1,
      1,
      1,
      1
    ],
    "sofa_cns": [
      4,
      3,
      3,
      3,
      0,
      4,
      4,
      4
    ],
    "sofa_renal": [
      2,
      2,
      2,
      1,
      1,
      1,
      1,
      1
    ]
  },
  "analysis": {
    "total_features_compared": 6,
    "features_with_valid_data": 6,
    "average_difference": 0.6875
  },
  "debug_info": {
    "sofa_extraction_method": "output_summary_parsing",
    "sofa_features_count": 8
  }
}