{
  "patient_id": "32675591",
  "timestamp": "2025-12-01T23:27:22.709725",
  "model_name": "medllama2:latest",
  "model_trust_score": 0.8600960530161443,
  "feature_differences": {
    "sofa_respiration": 0.625,
    "sofa_coagulation": 1.25,
    "sofa_liver": 0.0,
    "sofa_cardiovascular": 0.375,
    "sofa_cns": 1.5,
    "sofa_renal": 0.75
  },
  "predicted_sofa_features": {
    "pao2_fio2_ratio": [
      188.64,
      182.88,
      106.0,
      188.64,
      188.64,
      188.64,
      188.64,
      188.64
    ],
    "platelet": [
      0.153,
      0.13,
      0.126,
      0.153,
      0.153,
      0.153,
      0.153,
      0.153
    ],
    "bilirubin_total": [
      0.6,
      0.6,
      0.6,
      0.6,
      0.6,
      0.6,
      0.6,
      0.6
    ],
    "vasopressor_rate": [
      0.05,
      0.03,
      0.03,
      0.01,
      0.0,
      0.0,
      0.0,
      0.0
    ],
    "gcs_total": [
      15.0,
      9.0,
      8.0,
      10.0,
      10.0,
      10.0,
      10.0,
      10.0
    ],
    "creatinine": [
      0.8,
      0.7,
      0.7,
      0.6,
      0.8,
      0.8,
      0.8,
      0.8
    ],
    "urine_output_ml": [
      185.0,
      208.0,
      330.0,
      290.0,
      200.0,
      495.0,
      265.0,
      140.0
    ],
    "mechanical_ventilation": [
      0.0,
      0.0,
      0.0,
      0.0,
      0.0,
      0.0,
      0.0,
      0.0
    ]
  },
  "actual_sofa_features": {
    "pao2_fio2_ratio": [
      106.0,
      182.88,
      188.64
    ],
    "platelet": [
      126.0,
      130.0,
      153.0
    ],
    "bilirubin_total": [
      0.6
    ],
    "vasopressor_rate": [
      0.0,
      0.01,
      0.03,
      0.04,
      0.05,
      0.06
    ],
    "gcs_total": [
      3.0,
      8.0,
      9.0,
      10.0,
      15.0
    ],
    "creatinine": [
      0.6,
      0.7,
      0.8
    ],
    "urine_output_ml": [
      30.0,
      135.0,
      140.0,
      175.0,
      185.0,
      200.0,
      208.0,
      265.0
    ],
    "mechanical_ventilation": [
      0.0
    ]
  },
  "predicted_sofa_scores": {
    "sofa_respiration": [
      3,
      3,
      3,
      3,
      3,
      3,
      3,
      3
    ],
    "sofa_coagulation": [
      4,
      4,
      4,
      4,
      4,
      4,
      4,
      4
    ],
    "sofa_liver": [
      0,
      0,
      0,
      0,
      0,
      0,
      0,
      0
    ],
    "sofa_cardiovascular": [
      1,
      1,
      1,
      1,
      0,
      0,
      0,
      0
    ],
    "sofa_cns": [
      0,
      3,
      3,
      2,
      2,
      2,
      2,
      2
    ],
    "sofa_renal": [
      2,
      1,
      1,
      1,
      1,
      1,
      1,
      2
    ]
  },
  "actual_sofa_scores": {
    "sofa_respiration": [
      3,
      3,
      3,
      4,
      4,
      4,
      4,
      4
    ],
    "sofa_coagulation": [
      1,
      1,
      0,
      4,
      4,
      4,
      4,
      4
    ],
    "sofa_liver": [
      0,
      0,
      0,
      0,
      0,
      0,
      0,
      0
    ],
    "sofa_cardiovascular": [
      0,
      1,
      1,
      1,
      1,
      1,
      0,
      0
    ],
    "sofa_cns": [
      4,
      3,
      3,
      2,
      0,
      4,
      4,
      4
    ],
    "sofa_renal": [
      3,
      2,
      2,
      2,
      2,
      1,
      1,
      1
    ]
  },
  "analysis": {
    "total_features_compared": 6,
    "features_with_valid_data": 6,
    "average_difference": 0.75
  },
  "debug_info": {
    "sofa_extraction_method": "intervention_analysis.sofa_related_features",
    "sofa_features_count": 8
  }
}