{
  "patient_id": "32115504",
  "timestamp": "2025-12-01T23:18:43.348252",
  "model_name": "medllama2:latest",
  "model_trust_score": 0.7528471516365547,
  "feature_differences": {
    "sofa_respiration": 2.375,
    "sofa_coagulation": 1.75,
    "sofa_liver": 1.625,
    "sofa_cardiovascular": 0.625,
    "sofa_cns": 3.0,
    "sofa_renal": 0.75
  },
  "predicted_sofa_features": {
    "pao2_fio2_ratio": [
      170.0,
      160.0,
      150.0,
      140.0,
      130.0,
      130.0,
      130.0,
      130.0
    ],
    "platelet": [
      130.0,
      120.0,
      110.0,
      100.0,
      90.0,
      90.0,
      90.0,
      90.0
    ],
    "bilirubin_total": [
      1.4,
      1.6,
      1.8,
      2.0,
      2.2,
      2.2,
      2.2,
      2.2
    ],
    "vasopressor_rate": [
      0.3,
      0.5,
      0.7,
      0.9,
      1.0,
      1.0,
      1.0,
      1.0
    ],
    "gcs_total": [
      14.0,
      16.0,
      18.0,
      20.0,
      22.0,
      22.0,
      22.0,
      22.0
    ],
    "creatinine": [
      1.2,
      1.4,
      1.6,
      1.8,
      2.0,
      2.0,
      2.0,
      2.0
    ],
    "urine_output_ml": [
      2000.0,
      1800.0,
      1600.0,
      1400.0,
      1200.0,
      1200.0,
      1200.0,
      1200.0
    ],
    "mechanical_ventilation": [
      0.0,
      0.0,
      1.0,
      1.0,
      1.0,
      1.0,
      1.0,
      1.0
    ]
  },
  "actual_sofa_features": {
    "pao2_fio2_ratio": [
      88.34,
      88.71,
      98.82,
      99.77,
      153.22
    ],
    "platelet": [
      239.0,
      240.0,
      292.0
    ],
    "bilirubin_total": [
      2.1,
      2.5,
      2.8
    ],
    "vasopressor_rate": [
      0.0,
      0.03,
      0.05,
      0.06
    ],
    "gcs_total": [
      6.0,
      8.0,
      10.0,
      15.0
    ],
    "creatinine": [
      1.3,
      1.5,
      1.7,
      1.8
    ],
    "urine_output_ml": [
      93.0,
      108.0,
      150.0,
      160.0,
      450.0,
      470.0,
      630.0,
      660.0
    ],
    "mechanical_ventilation": [
      0.0
    ]
  },
  "predicted_sofa_scores": {
    "sofa_respiration": [
      3,
      3,
      1,
      1,
      1,
      1,
      1,
      1
    ],
    "sofa_coagulation": [
      1,
      1,
      1,
      1,
      2,
      2,
      2,
      2
    ],
    "sofa_liver": [
      1,
      1,
      1,
      2,
      2,
      2,
      2,
      2
    ],
    "sofa_cardiovascular": [
      1,
      1,
      1,
      1,
      1,
      1,
      1,
      1
    ],
    "sofa_cns": [
      1,
      0,
      0,
      0,
      0,
      0,
      0,
      0
    ],
    "sofa_renal": [
      1,
      1,
      1,
      1,
      2,
      2,
      2,
      2
    ]
  },
  "actual_sofa_scores": {
    "sofa_respiration": [
      4,
      4,
      4,
      4,
      3,
      4,
      4,
      4
    ],
    "sofa_coagulation": [
      0,
      0,
      0,
      4,
      4,
      4,
      4,
      4
    ],
    "sofa_liver": [
      2,
      2,
      2,
      0,
      0,
      0,
      0,
      0
    ],
    "sofa_cardiovascular": [
      0,
      1,
      1,
      1,
      0,
      0,
      0,
      0
    ],
    "sofa_cns": [
      4,
      3,
      2,
      0,
      4,
      4,
      4,
      4
    ],
    "sofa_renal": [
      1,
      1,
      1,
      1,
      1,
      1,
      0,
      0
    ]
  },
  "analysis": {
    "total_features_compared": 6,
    "features_with_valid_data": 6,
    "average_difference": 1.6875
  },
  "debug_info": {
    "sofa_extraction_method": "intervention_analysis.sofa_related_features",
    "sofa_features_count": 8
  }
}