{
  "patient_id": "38442306",
  "timestamp": "2025-12-02T03:26:11.769892",
  "model_name": "medllama2:latest",
  "model_trust_score": 0.7815672206361602,
  "feature_differences": {
    "sofa_respiration": 2.375,
    "sofa_coagulation": 1.5,
    "sofa_liver": 2.0,
    "sofa_cardiovascular": 1.0,
    "sofa_cns": 1.0,
    "sofa_renal": 0.5
  },
  "predicted_sofa_features": {
    "pao2_fio2_ratio": [
      280.0,
      260.0,
      240.0,
      220.0,
      200.0,
      200.0,
      200.0,
      200.0
    ],
    "platelet": [
      130.0,
      120.0,
      110.0,
      100.0,
      90.0,
      90.0,
      90.0,
      90.0
    ],
    "bilirubin_total": [
      1.4,
      1.6,
      1.8,
      2.0,
      2.2,
      2.2,
      2.2,
      2.2
    ],
    "vasopressor_rate": [
      0.1,
      0.2,
      0.3,
      0.4,
      0.5,
      0.5,
      0.5,
      0.5
    ],
    "gcs_total": [
      12.0,
      11.0,
      10.0,
      9.0,
      8.0,
      8.0,
      8.0,
      8.0
    ],
    "creatinine": [
      1.6,
      1.8,
      2.0,
      2.2,
      2.4,
      2.4,
      2.4,
      2.4
    ],
    "urine_output_ml": [
      1800.0,
      1700.0,
      1600.0,
      1500.0,
      1400.0,
      1400.0,
      1400.0,
      1400.0
    ],
    "mechanical_ventilation": [
      0.0,
      0.0,
      1.0,
      1.0,
      1.0,
      1.0,
      1.0,
      1.0
    ]
  },
  "actual_sofa_features": {
    "pao2_fio2_ratio": [
      45.45,
      46.72,
      48.53,
      113.58,
      148.62,
      176.4
    ],
    "platelet": [
      151.0,
      157.0,
      164.0,
      170.0
    ],
    "bilirubin_total": [
      7.4,
      8.5,
      8.8
    ],
    "vasopressor_rate": [
      0.0
    ],
    "gcs_total": [
      3.0,
      6.0,
      7.0,
      8.0,
      9.0,
      10.0
    ],
    "creatinine": [
      0.7,
      1.5,
      1.9,
      2.1
    ],
    "urine_output_ml": [
      0.0,
      55.0,
      70.0,
      75.0,
      90.0,
      117.0,
      150.0,
      175.0
    ],
    "mechanical_ventilation": [
      0.0
    ]
  },
  "predicted_sofa_scores": {
    "sofa_respiration": [
      2,
      2,
      1,
      1,
      1,
      1,
      1,
      1
    ],
    "sofa_coagulation": [
      1,
      1,
      1,
      1,
      2,
      2,
      2,
      2
    ],
    "sofa_liver": [
      1,
      1,
      1,
      2,
      2,
      2,
      2,
      2
    ],
    "sofa_cardiovascular": [
      1,
      1,
      1,
      1,
      1,
      1,
      1,
      1
    ],
    "sofa_cns": [
      2,
      2,
      2,
      3,
      3,
      3,
      3,
      3
    ],
    "sofa_renal": [
      1,
      1,
      2,
      2,
      2,
      2,
      2,
      2
    ]
  },
  "actual_sofa_scores": {
    "sofa_respiration": [
      4,
      4,
      4,
      3,
      3,
      3,
      4,
      4
    ],
    "sofa_coagulation": [
      0,
      0,
      0,
      0,
      4,
      4,
      4,
      4
    ],
    "sofa_liver": [
      3,
      3,
      3,
      0,
      0,
      0,
      0,
      0
    ],
    "sofa_cardiovascular": [
      0,
      0,
      0,
      0,
      0,
      0,
      0,
      0
    ],
    "sofa_cns": [
      4,
      4,
      3,
      3,
      3,
      2,
      4,
      4
    ],
    "sofa_renal": [
      3,
      1,
      1,
      2,
      3,
      2,
      2,
      2
    ]
  },
  "analysis": {
    "total_features_compared": 6,
    "features_with_valid_data": 6,
    "average_difference": 1.3958333333333333
  },
  "debug_info": {
    "sofa_extraction_method": "intervention_analysis.sofa_related_features",
    "sofa_features_count": 8
  }
}