{
  "patient_id": "34009410",
  "timestamp": "2025-12-02T00:11:55.745240",
  "model_name": "medllama2:latest",
  "model_trust_score": 0.8373531084647127,
  "feature_differences": {
    "sofa_respiration": 1.25,
    "sofa_coagulation": 1.25,
    "sofa_liver": 0.875,
    "sofa_cardiovascular": 0.25,
    "sofa_cns": 1.25,
    "sofa_renal": 0.625
  },
  "predicted_sofa_features": {
    "pao2_fio2_ratio": [
      280.0,
      260.0,
      240.0,
      220.0,
      200.0,
      180.0,
      160.0,
      160.0
    ],
    "platelet": [
      150.0,
      140.0,
      130.0,
      120.0,
      110.0,
      100.0,
      90.0,
      80.0
    ],
    "bilirubin_total": [
      1.6,
      1.8,
      2.0,
      2.2,
      2.4,
      2.6,
      2.8,
      3.0
    ],
    "vasopressor_rate": [
      0.5,
      0.7,
      0.9,
      1.0,
      1.1,
      1.2,
      1.3,
      1.4
    ],
    "gcs_total": [
      16.0,
      14.0,
      12.0,
      10.0,
      8.0,
      6.0,
      4.0,
      2.0
    ],
    "creatinine": [
      1.5,
      1.7,
      1.9,
      2.1,
      2.3,
      2.5,
      2.7,
      2.9
    ],
    "urine_output_ml": [
      1800.0,
      1600.0,
      1400.0,
      1200.0,
      1000.0,
      800.0,
      600.0,
      400.0
    ],
    "mechanical_ventilation": [
      0.5,
      0.7,
      0.9,
      1.0,
      1.1,
      1.2,
      1.3,
      1.4
    ]
  },
  "actual_sofa_features": {
    "pao2_fio2_ratio": [
      87.4,
      90.05,
      106.94,
      130.48,
      223.33,
      227.5
    ],
    "platelet": [
      147.0,
      150.0,
      159.0,
      164.0,
      173.0,
      177.0
    ],
    "bilirubin_total": [
      1.9,
      2.0,
      2.1,
      2.4,
      2.5
    ],
    "vasopressor_rate": [
      0.0,
      0.03,
      0.05,
      0.14,
      0.24,
      0.27,
      0.28
    ],
    "gcs_total": [
      7.0,
      9.0,
      15.0
    ],
    "creatinine": [
      1.1,
      1.3,
      1.4,
      1.5,
      1.6
    ],
    "urine_output_ml": [
      90.0,
      98.0,
      100.0,
      103.0,
      126.0,
      127.0,
      130.0,
      132.0
    ],
    "mechanical_ventilation": [
      0.0
    ]
  },
  "predicted_sofa_scores": {
    "sofa_respiration": [
      2,
      2,
      2,
      1,
      2,
      3,
      3,
      3
    ],
    "sofa_coagulation": [
      0,
      1,
      1,
      1,
      1,
      1,
      2,
      2
    ],
    "sofa_liver": [
      1,
      1,
      2,
      2,
      2,
      2,
      2,
      2
    ],
    "sofa_cardiovascular": [
      1,
      1,
      1,
      1,
      1,
      1,
      1,
      1
    ],
    "sofa_cns": [
      0,
      1,
      2,
      2,
      3,
      4,
      4,
      4
    ],
    "sofa_renal": [
      1,
      1,
      1,
      2,
      2,
      2,
      2,
      1
    ]
  },
  "actual_sofa_scores": {
    "sofa_respiration": [
      4,
      4,
      3,
      3,
      2,
      2,
      4,
      4
    ],
    "sofa_coagulation": [
      1,
      0,
      0,
      0,
      0,
      0,
      4,
      4
    ],
    "sofa_liver": [
      1,
      2,
      2,
      2,
      2,
      0,
      0,
      0
    ],
    "sofa_cardiovascular": [
      0,
      1,
      1,
      1,
      1,
      1,
      1,
      0
    ],
    "sofa_cns": [
      3,
      3,
      0,
      4,
      4,
      4,
      4,
      4
    ],
    "sofa_renal": [
      3,
      1,
      1,
      1,
      1,
      2,
      2,
      2
    ]
  },
  "analysis": {
    "total_features_compared": 6,
    "features_with_valid_data": 6,
    "average_difference": 0.9166666666666666
  },
  "debug_info": {
    "sofa_extraction_method": "intervention_analysis.sofa_related_features",
    "sofa_features_count": 8
  }
}