{
  "patient_id": "35481394",
  "timestamp": "2025-12-02T01:01:05.985947",
  "model_name": "medllama2:latest",
  "model_trust_score": 0.8630901007778233,
  "feature_differences": {
    "sofa_respiration": 0.0,
    "sofa_coagulation": 1.5,
    "sofa_liver": 0.625,
    "sofa_cardiovascular": 0.5,
    "sofa_cns": 1.0,
    "sofa_renal": 0.75
  },
  "predicted_sofa_features": {
    "pao2_fio2_ratio": [
      99.77,
      67.31,
      65.44,
      90.11,
      100.22,
      113.32,
      169.45,
      144.0
    ],
    "platelet": [
      0.075,
      0.058,
      0.056,
      0.048,
      0.045,
      0.058,
      0.057,
      0.049
    ],
    "bilirubin_total": [
      7.2,
      7.6,
      7.0,
      6.7,
      7.2,
      6.8,
      5.5,
      5.6
    ],
    "vasopressor_rate": [
      0.07,
      0.07,
      0.03,
      0.03,
      0.0,
      0.0,
      0.1,
      0.15
    ],
    "gcs_total": [
      4.0,
      10.0,
      10.0,
      10.0,
      10.0,
      9.0,
      3.0,
      10.0
    ],
    "creatinine": [
      1.5,
      2.1,
      1.8,
      2.1,
      2.0,
      2.0,
      1.5,
      2.0
    ],
    "urine_output_ml": [
      37.0,
      15.0,
      24.0,
      23.0,
      9.0,
      0.0,
      0.0,
      115.0
    ],
    "mechanical_ventilation": [
      0.0,
      0.0,
      0.0,
      0.0,
      0.0,
      0.0,
      0.0,
      0.0
    ]
  },
  "actual_sofa_features": {
    "pao2_fio2_ratio": [
      65.44,
      67.31,
      90.11,
      99.77,
      100.22,
      105.68,
      113.32,
      144.0
    ],
    "platelet": [
      45.0,
      46.0,
      48.0,
      49.0,
      52.0,
      56.0,
      57.0,
      58.0
    ],
    "bilirubin_total": [
      5.5,
      5.6,
      6.7,
      6.8,
      7.0,
      7.2,
      7.6
    ],
    "vasopressor_rate": [
      0.0,
      0.03,
      0.04,
      0.05,
      0.07,
      0.1,
      0.15
    ],
    "gcs_total": [
      3.0,
      4.0,
      9.0,
      10.0,
      15.0
    ],
    "creatinine": [
      1.5,
      1.8,
      2.0,
      2.1,
      2.2
    ],
    "urine_output_ml": [
      0.0,
      9.0,
      10.0,
      15.0,
      18.0,
      23.0,
      24.0,
      27.0
    ],
    "mechanical_ventilation": [
      0.0
    ]
  },
  "predicted_sofa_scores": {
    "sofa_respiration": [
      4,
      4,
      4,
      4,
      3,
      3,
      3,
      3
    ],
    "sofa_coagulation": [
      4,
      4,
      4,
      4,
      4,
      4,
      4,
      4
    ],
    "sofa_liver": [
      3,
      3,
      3,
      3,
      3,
      3,
      2,
      2
    ],
    "sofa_cardiovascular": [
      1,
      1,
      1,
      1,
      0,
      0,
      1,
      1
    ],
    "sofa_cns": [
      4,
      2,
      2,
      2,
      2,
      3,
      4,
      2
    ],
    "sofa_renal": [
      1,
      2,
      1,
      2,
      2,
      2,
      1,
      2
    ]
  },
  "actual_sofa_scores": {
    "sofa_respiration": [
      4,
      4,
      4,
      4,
      3,
      3,
      3,
      3
    ],
    "sofa_coagulation": [
      3,
      3,
      3,
      3,
      2,
      2,
      2,
      2
    ],
    "sofa_liver": [
      2,
      2,
      3,
      3,
      3,
      3,
      3,
      0
    ],
    "sofa_cardiovascular": [
      0,
      1,
      1,
      1,
      1,
      1,
      1,
      0
    ],
    "sofa_cns": [
      4,
      4,
      3,
      2,
      0,
      4,
      4,
      4
    ],
    "sofa_renal": [
      1,
      1,
      2,
      2,
      2,
      3,
      3,
      3
    ]
  },
  "analysis": {
    "total_features_compared": 6,
    "features_with_valid_data": 6,
    "average_difference": 0.7291666666666666
  },
  "debug_info": {
    "sofa_extraction_method": "intervention_analysis.sofa_related_features",
    "sofa_features_count": 8
  }
}