{
  "patient_id": "38256954",
  "timestamp": "2025-12-02T03:05:01.494172",
  "model_name": "medllama2:latest",
  "model_trust_score": 0.7772567690275337,
  "feature_differences": {
    "sofa_respiration": 2.375,
    "sofa_coagulation": 1.875,
    "sofa_liver": 1.5,
    "sofa_cardiovascular": 0.75,
    "sofa_cns": 1.75,
    "sofa_renal": 0.375
  },
  "predicted_sofa_features": {
    "pao2_fio2_ratio": [
      350.0,
      320.0,
      300.0,
      280.0,
      260.0,
      260.0,
      260.0,
      260.0
    ],
    "platelet": [
      170.0,
      140.0,
      130.0,
      120.0,
      110.0,
      110.0,
      110.0,
      110.0
    ],
    "bilirubin_total": [
      1.4,
      1.5,
      1.6,
      1.8,
      2.0,
      2.0,
      2.0,
      2.0
    ],
    "vasopressor_rate": [
      0.3,
      0.4,
      0.5,
      0.6,
      0.7,
      0.7,
      0.7,
      0.7
    ],
    "gcs_total": [
      16.0,
      15.0,
      14.0,
      13.0,
      12.0,
      12.0,
      12.0,
      12.0
    ],
    "creatinine": [
      1.2,
      1.3,
      1.4,
      1.5,
      1.6,
      1.6,
      1.6,
      1.6
    ],
    "urine_output_ml": [
      1800.0,
      1600.0,
      1400.0,
      1200.0,
      1000.0,
      1000.0,
      1000.0,
      1000.0
    ],
    "mechanical_ventilation": [
      0.5,
      0.6,
      0.7,
      0.8,
      0.9,
      0.9,
      0.9,
      0.9
    ]
  },
  "actual_sofa_features": {
    "pao2_fio2_ratio": [
      45.88,
      72.54
    ],
    "platelet": [
      295.0,
      299.0,
      344.0,
      359.0
    ],
    "bilirubin_total": [
      0.2
    ],
    "vasopressor_rate": [
      0.0,
      0.03,
      0.08
    ],
    "gcs_total": [
      8.0,
      10.0,
      11.0,
      13.0,
      15.0
    ],
    "creatinine": [
      0.8,
      0.9,
      1.0
    ],
    "urine_output_ml": [
      75.0,
      185.0,
      250.0,
      275.0,
      310.0,
      325.0,
      365.0,
      370.0
    ],
    "mechanical_ventilation": [
      0.0
    ]
  },
  "predicted_sofa_scores": {
    "sofa_respiration": [
      1,
      1,
      1,
      2,
      2,
      2,
      2,
      2
    ],
    "sofa_coagulation": [
      0,
      1,
      1,
      1,
      1,
      1,
      1,
      1
    ],
    "sofa_liver": [
      1,
      1,
      1,
      1,
      2,
      2,
      2,
      2
    ],
    "sofa_cardiovascular": [
      1,
      1,
      1,
      1,
      1,
      1,
      1,
      1
    ],
    "sofa_cns": [
      0,
      0,
      1,
      1,
      2,
      2,
      2,
      2
    ],
    "sofa_renal": [
      1,
      1,
      1,
      1,
      1,
      1,
      1,
      1
    ]
  },
  "actual_sofa_scores": {
    "sofa_respiration": [
      4,
      4,
      4,
      4,
      4,
      4,
      4,
      4
    ],
    "sofa_coagulation": [
      0,
      0,
      0,
      0,
      4,
      4,
      4,
      4
    ],
    "sofa_liver": [
      0,
      0,
      0,
      0,
      0,
      0,
      0,
      0
    ],
    "sofa_cardiovascular": [
      0,
      1,
      1,
      0,
      0,
      0,
      0,
      0
    ],
    "sofa_cns": [
      3,
      2,
      2,
      1,
      0,
      4,
      4,
      4
    ],
    "sofa_renal": [
      3,
      2,
      1,
      1,
      1,
      1,
      1,
      1
    ]
  },
  "analysis": {
    "total_features_compared": 6,
    "features_with_valid_data": 6,
    "average_difference": 1.4375
  },
  "debug_info": {
    "sofa_extraction_method": "intervention_analysis.sofa_related_features",
    "sofa_features_count": 8
  }
}