{
  "patient_id": "39452059",
  "timestamp": "2025-12-02T04:00:07.813319",
  "model_name": "medllama2:latest",
  "model_trust_score": 0.8754382896102173,
  "feature_differences": {
    "sofa_respiration": 0.25,
    "sofa_coagulation": 1.0,
    "sofa_liver": 0.0,
    "sofa_cardiovascular": 0.875,
    "sofa_cns": 0.0,
    "sofa_renal": 1.75
  },
  "predicted_sofa_features": {
    "pao2_fio2_ratio": [
      84.02,
      86.28,
      114.85,
      85.29,
      113.71,
      114.58,
      130.67,
      84.02
    ],
    "platelet": [
      0.376,
      0.379,
      0.376,
      0.376,
      0.376,
      0.376,
      0.376,
      0.376
    ],
    "bilirubin_total": [
      1.1,
      1.4,
      1.1,
      1.1,
      1.1,
      1.1,
      1.1,
      1.1
    ],
    "vasopressor_rate": [
      0.0,
      0.0,
      0.0,
      0.02,
      0.02,
      0.02,
      0.02,
      0.02
    ],
    "gcs_total": [
      3.0,
      3.0,
      3.0,
      3.0,
      3.0,
      3.0,
      3.0,
      3.0
    ],
    "creatinine": [
      3.8,
      3.9,
      3.1,
      3.8,
      3.8,
      3.8,
      3.8,
      3.8
    ],
    "urine_output_ml": [
      800.0,
      575.0,
      350.0,
      425.0,
      525.0,
      660.0,
      350.0,
      715.0
    ],
    "mechanical_ventilation": [
      0.0,
      0.0,
      0.0,
      0.0,
      0.0,
      0.0,
      0.0,
      0.0
    ]
  },
  "actual_sofa_features": {
    "pao2_fio2_ratio": [
      84.02,
      85.29,
      86.28,
      113.71,
      114.58,
      114.85,
      130.67
    ],
    "platelet": [
      376.0,
      379.0
    ],
    "bilirubin_total": [
      1.1,
      1.4
    ],
    "vasopressor_rate": [
      0.0,
      0.02,
      0.04
    ],
    "gcs_total": [
      3.0
    ],
    "creatinine": [
      3.1,
      3.8,
      3.9
    ],
    "urine_output_ml": [
      250.0,
      275.0,
      350.0,
      425.0,
      525.0,
      570.0,
      575.0,
      600.0
    ],
    "mechanical_ventilation": [
      0.0
    ]
  },
  "predicted_sofa_scores": {
    "sofa_respiration": [
      4,
      4,
      3,
      4,
      3,
      3,
      3,
      4
    ],
    "sofa_coagulation": [
      4,
      4,
      4,
      4,
      4,
      4,
      4,
      4
    ],
    "sofa_liver": [
      0,
      1,
      0,
      0,
      0,
      0,
      0,
      0
    ],
    "sofa_cardiovascular": [
      0,
      0,
      0,
      1,
      1,
      1,
      1,
      1
    ],
    "sofa_cns": [
      4,
      4,
      4,
      4,
      4,
      4,
      4,
      4
    ],
    "sofa_renal": [
      3,
      3,
      1,
      1,
      3,
      3,
      1,
      3
    ]
  },
  "actual_sofa_scores": {
    "sofa_respiration": [
      4,
      4,
      4,
      3,
      3,
      3,
      3,
      4
    ],
    "sofa_coagulation": [
      0,
      0,
      4,
      4,
      4,
      4,
      4,
      4
    ],
    "sofa_liver": [
      0,
      1,
      0,
      0,
      0,
      0,
      0,
      0
    ],
    "sofa_cardiovascular": [
      0,
      1,
      1,
      0,
      0,
      0,
      0,
      0
    ],
    "sofa_cns": [
      4,
      4,
      4,
      4,
      4,
      4,
      4,
      4
    ],
    "sofa_renal": [
      1,
      1,
      1,
      1,
      0,
      0,
      0,
      0
    ]
  },
  "analysis": {
    "total_features_compared": 6,
    "features_with_valid_data": 6,
    "average_difference": 0.6458333333333334
  },
  "debug_info": {
    "sofa_extraction_method": "intervention_analysis.sofa_related_features",
    "sofa_features_count": 8
  }
}