{
  "patient_id": "36407392",
  "timestamp": "2025-12-02T01:42:45.095307",
  "model_name": "medllama2:latest",
  "model_trust_score": 0.7751290966105566,
  "feature_differences": {
    "sofa_respiration": 3.0,
    "sofa_coagulation": 1.5,
    "sofa_liver": 1.375,
    "sofa_cardiovascular": 0.875,
    "sofa_cns": 1.625,
    "sofa_renal": 0.375
  },
  "predicted_sofa_features": {
    "pao2_fio2_ratio": [
      350.0,
      340.0,
      330.0,
      320.0,
      310.0,
      310.0,
      310.0,
      310.0
    ],
    "platelet": [
      160.0,
      150.0,
      140.0,
      130.0,
      120.0,
      120.0,
      120.0,
      120.0
    ],
    "bilirubin_total": [
      1.4,
      1.6,
      1.8,
      2.0,
      2.2,
      2.2,
      2.2,
      2.2
    ],
    "vasopressor_rate": [
      0.0,
      0.1,
      0.2,
      0.3,
      0.4,
      0.4,
      0.4,
      0.4
    ],
    "gcs_total": [
      15.0,
      14.0,
      13.0,
      12.0,
      11.0,
      11.0,
      11.0,
      11.0
    ],
    "creatinine": [
      1.2,
      1.4,
      1.6,
      1.8,
      2.0,
      2.0,
      2.0,
      2.0
    ],
    "urine_output_ml": [
      2000.0,
      1800.0,
      1600.0,
      1400.0,
      1200.0,
      1200.0,
      1200.0,
      1200.0
    ],
    "mechanical_ventilation": [
      0.0,
      0.0,
      1.0,
      1.0,
      1.0,
      1.0,
      1.0,
      1.0
    ]
  },
  "actual_sofa_features": {
    "pao2_fio2_ratio": [
      26.8,
      40.21,
      41.13,
      50.52,
      51.68,
      53.19
    ],
    "platelet": [
      52.0,
      58.0,
      59.0,
      60.0,
      74.0,
      78.0,
      85.0
    ],
    "bilirubin_total": [
      1.6,
      1.8
    ],
    "vasopressor_rate": [
      0.0
    ],
    "gcs_total": [
      12.0,
      13.0,
      15.0
    ],
    "creatinine": [
      1.3,
      1.4,
      1.7,
      1.9,
      2.0
    ],
    "urine_output_ml": [
      0.0,
      40.0,
      43.0,
      45.0,
      47.0,
      55.0,
      60.0,
      70.0
    ],
    "mechanical_ventilation": [
      0.0
    ]
  },
  "predicted_sofa_scores": {
    "sofa_respiration": [
      1,
      1,
      1,
      1,
      1,
      1,
      1,
      1
    ],
    "sofa_coagulation": [
      0,
      0,
      1,
      1,
      1,
      1,
      1,
      1
    ],
    "sofa_liver": [
      1,
      1,
      1,
      2,
      2,
      2,
      2,
      2
    ],
    "sofa_cardiovascular": [
      0,
      1,
      1,
      1,
      1,
      1,
      1,
      1
    ],
    "sofa_cns": [
      0,
      1,
      1,
      2,
      2,
      2,
      2,
      2
    ],
    "sofa_renal": [
      1,
      1,
      1,
      1,
      2,
      2,
      2,
      2
    ]
  },
  "actual_sofa_scores": {
    "sofa_respiration": [
      4,
      4,
      4,
      4,
      4,
      4,
      4,
      4
    ],
    "sofa_coagulation": [
      2,
      2,
      2,
      2,
      2,
      2,
      2,
      4
    ],
    "sofa_liver": [
      1,
      1,
      0,
      0,
      0,
      0,
      0,
      0
    ],
    "sofa_cardiovascular": [
      0,
      0,
      0,
      0,
      0,
      0,
      0,
      0
    ],
    "sofa_cns": [
      2,
      1,
      0,
      4,
      4,
      4,
      4,
      4
    ],
    "sofa_renal": [
      1,
      1,
      1,
      1,
      2,
      3,
      3,
      3
    ]
  },
  "analysis": {
    "total_features_compared": 6,
    "features_with_valid_data": 6,
    "average_difference": 1.4583333333333333
  },
  "debug_info": {
    "sofa_extraction_method": "intervention_analysis.sofa_related_features",
    "sofa_features_count": 8
  }
}