{
  "patient_id": "33491471",
  "timestamp": "2025-12-01T23:41:29.121071",
  "model_name": "medllama2:latest",
  "model_trust_score": 0.8267132048600137,
  "feature_differences": {
    "sofa_respiration": 0.875,
    "sofa_coagulation": 1.375,
    "sofa_liver": 2.125,
    "sofa_cardiovascular": 0.25,
    "sofa_cns": 0.375,
    "sofa_renal": 1.0
  },
  "predicted_sofa_features": {
    ". . .": [
      300.0,
      280.0,
      260.0,
      240.0,
      220.0,
      200.0,
      180.0,
      160.0
    ],
    "pao2_fio2_ratio": [
      0.0,
      0.0,
      0.0,
      0.0,
      0.0,
      0.0,
      0.0,
      0.0
    ],
    "platelet": [
      0.0,
      0.0,
      0.0,
      0.0,
      0.0,
      0.0,
      0.0,
      0.0
    ],
    "bilirubin_total": [
      0.0,
      0.0,
      0.0,
      0.0,
      0.0,
      0.0,
      0.0,
      0.0
    ],
    "vasopressor_rate": [
      0.0,
      0.0,
      0.0,
      0.0,
      0.0,
      0.0,
      0.0,
      0.0
    ],
    "gcs_total": [
      0.0,
      0.0,
      0.0,
      0.0,
      0.0,
      0.0,
      0.0,
      0.0
    ],
    "creatinine": [
      0.0,
      0.0,
      0.0,
      0.0,
      0.0,
      0.0,
      0.0,
      0.0
    ],
    "urine_output_ml": [
      0.0,
      0.0,
      0.0,
      0.0,
      0.0,
      0.0,
      0.0,
      0.0
    ],
    "mechanical_ventilation": [
      0.0,
      0.0,
      0.0,
      0.0,
      0.0,
      0.0,
      0.0,
      0.0
    ]
  },
  "actual_sofa_features": {
    "pao2_fio2_ratio": [
      77.37,
      118.92,
      125.29,
      128.7,
      140.91,
      146.79,
      153.67,
      166.4
    ],
    "platelet": [
      23.0,
      26.0,
      28.0,
      30.0,
      33.0,
      36.0,
      69.0,
      119.0
    ],
    "bilirubin_total": [
      4.2,
      4.4,
      4.5,
      4.6,
      4.7,
      4.8,
      5.1,
      6.1
    ],
    "vasopressor_rate": [
      0.0,
      0.03,
      0.11
    ],
    "gcs_total": [
      3.0,
      7.0,
      8.0,
      9.0
    ],
    "creatinine": [
      2.2,
      2.4,
      2.6,
      2.7,
      3.0,
      3.1,
      3.4
    ],
    "urine_output_ml": [
      5.0,
      32.0,
      33.0,
      40.0,
      42.0,
      70.0,
      75.0,
      115.0
    ],
    "mechanical_ventilation": [
      0.0
    ]
  },
  "predicted_sofa_scores": {
    "sofa_respiration": [
      4,
      4,
      4,
      4,
      4,
      4,
      4,
      4
    ],
    "sofa_coagulation": [
      4,
      4,
      4,
      4,
      4,
      4,
      4,
      4
    ],
    "sofa_liver": [
      0,
      0,
      0,
      0,
      0,
      0,
      0,
      0
    ],
    "sofa_cardiovascular": [
      0,
      0,
      0,
      0,
      0,
      0,
      0,
      0
    ],
    "sofa_cns": [
      4,
      4,
      4,
      4,
      4,
      4,
      4,
      4
    ],
    "sofa_renal": [
      3,
      3,
      3,
      3,
      3,
      3,
      3,
      3
    ]
  },
  "actual_sofa_scores": {
    "sofa_respiration": [
      4,
      3,
      3,
      3,
      3,
      3,
      3,
      3
    ],
    "sofa_coagulation": [
      3,
      3,
      3,
      3,
      3,
      3,
      2,
      1
    ],
    "sofa_liver": [
      2,
      2,
      2,
      2,
      2,
      2,
      2,
      3
    ],
    "sofa_cardiovascular": [
      0,
      1,
      1,
      0,
      0,
      0,
      0,
      0
    ],
    "sofa_cns": [
      4,
      3,
      3,
      3,
      4,
      4,
      4,
      4
    ],
    "sofa_renal": [
      2,
      2,
      2,
      2,
      2,
      2,
      2,
      2
    ]
  },
  "analysis": {
    "total_features_compared": 6,
    "features_with_valid_data": 6,
    "average_difference": 1.0
  },
  "debug_info": {
    "sofa_extraction_method": "intervention_analysis.sofa_related_features",
    "sofa_features_count": 9
  }
}