{
  "patient_id": "unknown",
  "timestamp": "2025-12-01T22:27:26.306528",
  "model_name": "medllama2:latest",
  "model_trust_score": 0.7815672206361602,
  "feature_differences": {
    "sofa_respiration": 0.0,
    "sofa_coagulation": 1.875,
    "sofa_liver": 1.0,
    "sofa_cardiovascular": 0.75,
    "sofa_cns": 3.5,
    "sofa_renal": 1.25
  },
  "predicted_sofa_features": {
    "pao2_fio2_ratio": [
      82.84,
      26.04,
      82.84,
      82.84,
      82.84,
      82.84,
      82.84,
      82.84
    ],
    "platelet": [
      0.227,
      0.144,
      0.166,
      0.17,
      0.227,
      0.227,
      0.227,
      0.227
    ],
    "bilirubin_total": [
      4.0,
      4.7,
      7.9,
      6.5,
      5.7,
      4.0,
      4.0,
      4.0
    ],
    "vasopressor_rate": [
      5.0,
      0.03,
      0.03,
      0.03,
      0.04,
      6.25,
      6.25,
      12.56
    ],
    "gcs_total": [
      15.0,
      15.0,
      15.0,
      15.0,
      15.0,
      15.0,
      15.0,
      15.0
    ],
    "creatinine": [
      2.4,
      2.4,
      2.1,
      2.1,
      2.4,
      2.1,
      2.3,
      2.4
    ],
    "urine_output_ml": [
      800.0,
      650.0,
      500.0,
      0.0,
      650.0,
      0.0,
      475.0,
      575.0
    ],
    "mechanical_ventilation": [
      0.0,
      0.0,
      0.0,
      0.0,
      0.0,
      0.0,
      0.0,
      0.0
    ]
  },
  "actual_sofa_features": {
    "pao2_fio2_ratio": [
      26.04,
      82.84
    ],
    "platelet": [
      144.0,
      166.0,
      170.0,
      227.0
    ],
    "bilirubin_total": [
      4.0,
      4.7,
      5.7,
      6.5,
      7.9
    ],
    "vasopressor_rate": [
      0.03,
      0.04,
      5.0,
      6.25,
      12.5,
      12.56
    ],
    "gcs_total": [
      15.0
    ],
    "creatinine": [
      2.1,
      2.3,
      2.4
    ],
    "urine_output_ml": [
      0.0,
      475.0,
      500.0,
      575.0,
      650.0,
      725.0,
      800.0,
      1575.0
    ],
    "mechanical_ventilation": [
      0.0
    ]
  },
  "predicted_sofa_scores": {
    "sofa_respiration": [
      4,
      4,
      4,
      4,
      4,
      4,
      4,
      4
    ],
    "sofa_coagulation": [
      4,
      4,
      4,
      4,
      4,
      4,
      4,
      4
    ],
    "sofa_liver": [
      2,
      2,
      3,
      3,
      2,
      2,
      2,
      2
    ],
    "sofa_cardiovascular": [
      1,
      1,
      1,
      1,
      1,
      2,
      2,
      2
    ],
    "sofa_cns": [
      0,
      0,
      0,
      0,
      0,
      0,
      0,
      0
    ],
    "sofa_renal": [
      2,
      2,
      2,
      2,
      2,
      2,
      1,
      2
    ]
  },
  "actual_sofa_scores": {
    "sofa_respiration": [
      4,
      4,
      4,
      4,
      4,
      4,
      4,
      4
    ],
    "sofa_coagulation": [
      1,
      0,
      0,
      0,
      4,
      4,
      4,
      4
    ],
    "sofa_liver": [
      2,
      2,
      2,
      3,
      3,
      0,
      0,
      0
    ],
    "sofa_cardiovascular": [
      1,
      1,
      1,
      2,
      2,
      2,
      0,
      0
    ],
    "sofa_cns": [
      0,
      4,
      4,
      4,
      4,
      4,
      4,
      4
    ],
    "sofa_renal": [
      2,
      1,
      2,
      0,
      0,
      0,
      0,
      0
    ]
  },
  "analysis": {
    "total_features_compared": 6,
    "features_with_valid_data": 6,
    "average_difference": 1.3958333333333333
  },
  "debug_info": {
    "sofa_extraction_method": "intervention_analysis.sofa_related_features",
    "sofa_features_count": 8
  }
}