{
  "patient_id": "38229486",
  "timestamp": "2025-12-02T02:59:38.307914",
  "model_name": "medllama2:latest",
  "model_trust_score": 0.7881755349031991,
  "feature_differences": {
    "sofa_respiration": 0.875,
    "sofa_coagulation": 1.125,
    "sofa_liver": 1.75,
    "sofa_cardiovascular": 0.25,
    "sofa_cns": 3.5,
    "sofa_renal": 0.5
  },
  "predicted_sofa_features": {
    "pao2_fio2_ratio": [
      180.0,
      170.0,
      160.0,
      150.0,
      140.0,
      140.0,
      140.0,
      140.0
    ],
    "platelet": [
      130.0,
      120.0,
      110.0,
      100.0,
      90.0,
      90.0,
      90.0,
      90.0
    ],
    "bilirubin_total": [
      1.6,
      1.8,
      2.0,
      2.2,
      2.4,
      2.4,
      2.4,
      2.4
    ],
    "vasopressor_rate": [
      0.3,
      0.5,
      0.7,
      0.9,
      1.0,
      1.0,
      1.0,
      1.0
    ],
    "gcs_total": [
      16.0,
      18.0,
      20.0,
      22.0,
      24.0,
      24.0,
      24.0,
      24.0
    ],
    "creatinine": [
      1.5,
      1.7,
      1.9,
      2.1,
      2.3,
      2.3,
      2.3,
      2.3
    ],
    "urine_output_ml": [
      800.0,
      700.0,
      600.0,
      500.0,
      400.0,
      400.0,
      400.0,
      400.0
    ],
    "mechanical_ventilation": [
      0.0,
      0.1,
      0.2,
      0.3,
      0.4,
      0.4,
      0.4,
      0.4
    ]
  },
  "actual_sofa_features": {
    "pao2_fio2_ratio": [
      110.66,
      139.55,
      216.33,
      251.0,
      252.46,
      272.52,
      296.67,
      330.13
    ],
    "platelet": [
      132.0,
      140.0,
      141.0,
      166.0,
      194.0
    ],
    "bilirubin_total": [
      0.5,
      0.6
    ],
    "vasopressor_rate": [
      0.0,
      0.08,
      0.12,
      0.15,
      0.18,
      0.25,
      0.3
    ],
    "gcs_total": [
      3.0,
      15.0
    ],
    "creatinine": [
      2.1,
      2.2,
      2.4
    ],
    "urine_output_ml": [
      0.0,
      205.0,
      270.0,
      330.0,
      350.0,
      450.0,
      675.0,
      975.0
    ],
    "mechanical_ventilation": [
      0.0
    ]
  },
  "predicted_sofa_scores": {
    "sofa_respiration": [
      3,
      3,
      3,
      3,
      3,
      3,
      3,
      3
    ],
    "sofa_coagulation": [
      1,
      1,
      1,
      1,
      2,
      2,
      2,
      2
    ],
    "sofa_liver": [
      1,
      1,
      2,
      2,
      2,
      2,
      2,
      2
    ],
    "sofa_cardiovascular": [
      1,
      1,
      1,
      1,
      1,
      1,
      1,
      1
    ],
    "sofa_cns": [
      0,
      0,
      0,
      0,
      0,
      0,
      0,
      0
    ],
    "sofa_renal": [
      1,
      1,
      1,
      2,
      1,
      1,
      1,
      1
    ]
  },
  "actual_sofa_scores": {
    "sofa_respiration": [
      3,
      3,
      2,
      2,
      2,
      2,
      2,
      1
    ],
    "sofa_coagulation": [
      1,
      1,
      1,
      0,
      0,
      4,
      4,
      4
    ],
    "sofa_liver": [
      0,
      0,
      0,
      0,
      0,
      0,
      0,
      0
    ],
    "sofa_cardiovascular": [
      0,
      1,
      1,
      1,
      1,
      1,
      1,
      0
    ],
    "sofa_cns": [
      4,
      0,
      4,
      4,
      4,
      4,
      4,
      4
    ],
    "sofa_renal": [
      2,
      1,
      1,
      1,
      1,
      1,
      0,
      0
    ]
  },
  "analysis": {
    "total_features_compared": 6,
    "features_with_valid_data": 6,
    "average_difference": 1.3333333333333333
  },
  "debug_info": {
    "sofa_extraction_method": "intervention_analysis.sofa_related_features",
    "sofa_features_count": 8
  }
}