{
  "patient_id": "38322114",
  "timestamp": "2025-12-02T03:13:39.834509",
  "model_name": "medllama2:latest",
  "model_trust_score": 0.8884282243428951,
  "feature_differences": {
    "sofa_respiration": 0.25,
    "sofa_coagulation": 0.75,
    "sofa_liver": 0.0,
    "sofa_cardiovascular": 0.25,
    "sofa_cns": 1.5,
    "sofa_renal": 0.625
  },
  "predicted_sofa_features": {
    "pao2_fio2_ratio": [
      107.95,
      77.35,
      115.0,
      100.0,
      82.53,
      107.89,
      110.04,
      180.0
    ],
    "platelet": [
      0.148,
      0.145,
      0.148,
      0.148,
      0.148,
      0.148,
      0.148,
      0.148
    ],
    "bilirubin_total": [
      0.3,
      0.3,
      0.3,
      0.3,
      0.3,
      0.3,
      0.3,
      0.3
    ],
    "vasopressor_rate": [
      0.25,
      0.25,
      0.25,
      0.25,
      0.22,
      0.2,
      0.15,
      0.08
    ],
    "gcs_total": [
      15.0,
      3.0,
      15.0,
      3.0,
      3.0,
      3.0,
      3.0,
      3.0
    ],
    "creatinine": [
      1.3,
      1.2,
      1.2,
      1.1,
      1.1,
      1.3,
      1.2,
      1.3
    ],
    "urine_output_ml": [
      160.0,
      95.0,
      175.0,
      120.0,
      110.0,
      120.0,
      130.0,
      130.0
    ],
    "mechanical_ventilation": [
      0.0,
      0.0,
      0.0,
      0.0,
      0.0,
      0.0,
      0.0,
      0.0
    ]
  },
  "actual_sofa_features": {
    "pao2_fio2_ratio": [
      77.35,
      82.53,
      100.0,
      107.89,
      107.95,
      110.04,
      115.0,
      180.0
    ],
    "platelet": [
      145.0,
      148.0
    ],
    "bilirubin_total": [
      0.3
    ],
    "vasopressor_rate": [
      0.0,
      0.03,
      0.08,
      0.15,
      0.2,
      0.22,
      0.25
    ],
    "gcs_total": [
      3.0,
      10.0,
      11.0,
      15.0
    ],
    "creatinine": [
      1.1,
      1.2,
      1.3
    ],
    "urine_output_ml": [
      95.0,
      110.0,
      120.0,
      130.0,
      150.0,
      160.0,
      170.0,
      175.0
    ],
    "mechanical_ventilation": [
      0.0
    ]
  },
  "predicted_sofa_scores": {
    "sofa_respiration": [
      3,
      4,
      3,
      3,
      4,
      3,
      3,
      3
    ],
    "sofa_coagulation": [
      4,
      4,
      4,
      4,
      4,
      4,
      4,
      4
    ],
    "sofa_liver": [
      0,
      0,
      0,
      0,
      0,
      0,
      0,
      0
    ],
    "sofa_cardiovascular": [
      1,
      1,
      1,
      1,
      1,
      1,
      1,
      1
    ],
    "sofa_cns": [
      0,
      4,
      0,
      4,
      4,
      4,
      4,
      4
    ],
    "sofa_renal": [
      1,
      1,
      1,
      2,
      2,
      1,
      1,
      1
    ]
  },
  "actual_sofa_scores": {
    "sofa_respiration": [
      4,
      4,
      3,
      3,
      3,
      3,
      3,
      3
    ],
    "sofa_coagulation": [
      1,
      1,
      4,
      4,
      4,
      4,
      4,
      4
    ],
    "sofa_liver": [
      0,
      0,
      0,
      0,
      0,
      0,
      0,
      0
    ],
    "sofa_cardiovascular": [
      0,
      1,
      1,
      1,
      1,
      1,
      1,
      0
    ],
    "sofa_cns": [
      4,
      2,
      2,
      0,
      4,
      4,
      4,
      4
    ],
    "sofa_renal": [
      3,
      1,
      1,
      2,
      2,
      2,
      2,
      2
    ]
  },
  "analysis": {
    "total_features_compared": 6,
    "features_with_valid_data": 6,
    "average_difference": 0.5625
  },
  "debug_info": {
    "sofa_extraction_method": "intervention_analysis.sofa_related_features",
    "sofa_features_count": 8
  }
}