{
  "patient_id": "36959670",
  "timestamp": "2025-12-02T02:20:06.725603",
  "model_name": "medllama2:latest",
  "model_trust_score": 0.8722935940585024,
  "feature_differences": {
    "sofa_respiration": 0.0,
    "sofa_coagulation": 2.125,
    "sofa_liver": 0.0,
    "sofa_cardiovascular": 0.5,
    "sofa_cns": 1.25,
    "sofa_renal": 0.125
  },
  "predicted_sofa_features": {
    "pao2_fio2_ratio": [
      92.18,
      56.33,
      60.29,
      80.99,
      62.64,
      83.91,
      76.83,
      82.46
    ],
    "platelet": [
      0.106,
      0.09,
      0.077,
      0.066,
      0.064,
      0.063,
      0.054,
      0.059
    ],
    "bilirubin_total": [
      0.9,
      0.6,
      0.6,
      0.6,
      0.7,
      0.8,
      0.7,
      0.7
    ],
    "vasopressor_rate": [
      12.06,
      3.99,
      2.97,
      0.0,
      0.0,
      0.0,
      0.0,
      0.0
    ],
    "gcs_total": [
      9.0,
      9.0,
      9.0,
      9.0,
      9.0,
      9.0,
      9.0,
      10.0
    ],
    "creatinine": [
      1.4,
      1.2,
      1.2,
      1.1,
      1.3,
      1.5,
      1.9,
      1.4
    ],
    "urine_output_ml": [
      325.0,
      250.0,
      235.0,
      210.0,
      155.0,
      135.0,
      120.0,
      102.0
    ],
    "mechanical_ventilation": [
      0.0,
      0.0,
      0.0,
      0.0,
      0.0,
      0.0,
      0.0,
      0.0
    ]
  },
  "actual_sofa_features": {
    "pao2_fio2_ratio": [
      56.33,
      60.29,
      62.64,
      76.83,
      80.99,
      82.46,
      83.91,
      92.18
    ],
    "platelet": [
      54.0,
      59.0,
      63.0,
      64.0,
      66.0,
      77.0,
      90.0,
      106.0
    ],
    "bilirubin_total": [
      0.6,
      0.7,
      0.8,
      0.9
    ],
    "vasopressor_rate": [
      0.0,
      2.97,
      3.99,
      12.06
    ],
    "gcs_total": [
      9.0,
      10.0,
      15.0
    ],
    "creatinine": [
      1.1,
      1.2,
      1.3,
      1.4,
      1.5,
      1.9
    ],
    "urine_output_ml": [
      102.0,
      120.0,
      135.0,
      155.0,
      195.0,
      210.0,
      235.0,
      250.0
    ],
    "mechanical_ventilation": [
      0.0
    ]
  },
  "predicted_sofa_scores": {
    "sofa_respiration": [
      4,
      4,
      4,
      4,
      4,
      4,
      4,
      4
    ],
    "sofa_coagulation": [
      4,
      4,
      4,
      4,
      4,
      4,
      4,
      4
    ],
    "sofa_liver": [
      0,
      0,
      0,
      0,
      0,
      0,
      0,
      0
    ],
    "sofa_cardiovascular": [
      2,
      1,
      1,
      0,
      0,
      0,
      0,
      0
    ],
    "sofa_cns": [
      3,
      3,
      3,
      3,
      3,
      3,
      3,
      2
    ],
    "sofa_renal": [
      1,
      1,
      1,
      1,
      1,
      1,
      1,
      1
    ]
  },
  "actual_sofa_scores": {
    "sofa_respiration": [
      4,
      4,
      4,
      4,
      4,
      4,
      4,
      4
    ],
    "sofa_coagulation": [
      2,
      2,
      2,
      2,
      2,
      2,
      2,
      1
    ],
    "sofa_liver": [
      0,
      0,
      0,
      0,
      0,
      0,
      0,
      0
    ],
    "sofa_cardiovascular": [
      0,
      1,
      1,
      2,
      0,
      0,
      0,
      0
    ],
    "sofa_cns": [
      3,
      2,
      0,
      4,
      4,
      4,
      4,
      4
    ],
    "sofa_renal": [
      2,
      1,
      1,
      1,
      1,
      1,
      1,
      1
    ]
  },
  "analysis": {
    "total_features_compared": 6,
    "features_with_valid_data": 6,
    "average_difference": 0.6666666666666666
  },
  "debug_info": {
    "sofa_extraction_method": "intervention_analysis.sofa_related_features",
    "sofa_features_count": 8
  }
}