{
  "patient_id": "39657585",
  "timestamp": "2025-12-02T04:05:54.528489",
  "model_name": "gemma3:12b",
  "model_trust_score": 0.801940479198956,
  "feature_differences": {
    "sofa_respiration": 1.75,
    "sofa_coagulation": 0.625,
    "sofa_liver": 1.0,
    "sofa_cardiovascular": 0.875,
    "sofa_cns": 2.0,
    "sofa_renal": 1.0
  },
  "predicted_sofa_features": {
    "pao2_fio2_ratio": [
      280.0,
      260.0,
      240.0,
      220.0,
      200.0,
      180.0,
      160.0,
      140.0
    ],
    "platelet": [
      120.0,
      110.0,
      100.0,
      90.0,
      80.0,
      150.0,
      120.0,
      100.0
    ],
    "bilirubin_total": [
      1.8,
      2.0,
      2.2,
      2.4,
      2.6,
      2.8,
      3.0,
      3.2
    ],
    "vasopressor_rate": [
      2.0,
      1.8,
      1.6,
      1.4,
      1.2,
      1.0,
      0.8,
      0.6
    ],
    "gcs_total": [
      13.0,
      14.0,
      15.0,
      14.0,
      13.0,
      12.0,
      11.0,
      10.0
    ],
    "creatinine": [
      1.4,
      1.6,
      1.8,
      2.0,
      2.2,
      2.4,
      2.6,
      2.8
    ],
    "urine_output_ml": [
      1800.0,
      1600.0,
      1400.0,
      1200.0,
      1000.0,
      800.0,
      600.0,
      400.0
    ],
    "mechanical_ventilation": [
      1.0,
      1.0,
      1.0,
      1.0,
      1.0,
      0.0,
      0.0,
      0.0
    ]
  },
  "actual_sofa_features": {
    "pao2_fio2_ratio": [
      116.28,
      119.06,
      167.46,
      168.2,
      169.79,
      254.57,
      315.67
    ],
    "platelet": [
      77.0,
      79.0,
      83.0,
      85.0,
      86.0,
      87.0,
      107.0,
      108.0
    ],
    "bilirubin_total": [
      1.0,
      1.1,
      1.3,
      1.4,
      1.6,
      2.6,
      3.5
    ],
    "vasopressor_rate": [
      0.0,
      2.0
    ],
    "gcs_total": [
      8.0,
      9.0,
      10.0,
      15.0
    ],
    "creatinine": [
      0.9,
      1.1,
      1.2,
      1.3
    ],
    "urine_output_ml": [
      0.0,
      90.0,
      164.0,
      170.0,
      220.0,
      227.0,
      260.0,
      305.0
    ],
    "mechanical_ventilation": [
      0.0
    ]
  },
  "predicted_sofa_scores": {
    "sofa_respiration": [
      1,
      1,
      1,
      1,
      1,
      3,
      3,
      3
    ],
    "sofa_coagulation": [
      1,
      1,
      1,
      2,
      2,
      0,
      1,
      1
    ],
    "sofa_liver": [
      1,
      2,
      2,
      2,
      2,
      2,
      2,
      2
    ],
    "sofa_cardiovascular": [
      1,
      1,
      1,
      1,
      1,
      1,
      1,
      1
    ],
    "sofa_cns": [
      1,
      1,
      0,
      1,
      1,
      2,
      2,
      2
    ],
    "sofa_renal": [
      1,
      1,
      1,
      2,
      2,
      2,
      2,
      1
    ]
  },
  "actual_sofa_scores": {
    "sofa_respiration": [
      3,
      3,
      3,
      3,
      3,
      2,
      1,
      4
    ],
    "sofa_coagulation": [
      2,
      2,
      2,
      2,
      2,
      2,
      1,
      1
    ],
    "sofa_liver": [
      0,
      0,
      1,
      1,
      1,
      2,
      2,
      0
    ],
    "sofa_cardiovascular": [
      0,
      1,
      0,
      0,
      0,
      0,
      0,
      0
    ],
    "sofa_cns": [
      3,
      3,
      2,
      0,
      4,
      4,
      4,
      4
    ],
    "sofa_renal": [
      3,
      3,
      1,
      1,
      1,
      1,
      1,
      1
    ]
  },
  "analysis": {
    "total_features_compared": 6,
    "features_with_valid_data": 6,
    "average_difference": 1.2083333333333333
  },
  "debug_info": {
    "sofa_extraction_method": "intervention_analysis.sofa_related_features",
    "sofa_features_count": 8
  }
}