{
  "patient_id": "34009410",
  "timestamp": "2025-12-02T00:11:36.903398",
  "model_name": "gemma3:12b",
  "model_trust_score": 0.801940479198956,
  "feature_differences": {
    "sofa_respiration": 2.25,
    "sofa_coagulation": 1.25,
    "sofa_liver": 0.5,
    "sofa_cardiovascular": 0.125,
    "sofa_cns": 2.375,
    "sofa_renal": 0.75
  },
  "predicted_sofa_features": {
    "pao2_fio2_ratio": [
      280.0,
      310.0,
      330.0,
      350.0,
      365.0,
      375.0,
      380.0,
      385.0
    ],
    "platelet": [
      120.0,
      130.0,
      145.0,
      160.0,
      175.0,
      190.0,
      205.0,
      220.0
    ],
    "bilirubin_total": [
      1.6,
      1.5,
      1.4,
      1.3,
      1.2,
      1.1,
      1.0,
      0.9
    ],
    "vasopressor_rate": [
      0.3,
      0.25,
      0.2,
      0.15,
      0.1,
      0.05,
      0.02,
      0.0
    ],
    "gcs_total": [
      12.0,
      13.0,
      14.0,
      14.5,
      15.0,
      15.0,
      0.0,
      15.0
    ],
    "creatinine": [
      1.8,
      1.7,
      1.6,
      1.5,
      1.4,
      1.3,
      1.2,
      1.1
    ],
    "urine_output_ml": [
      1400.0,
      1600.0,
      1800.0,
      2000.0,
      2200.0,
      2400.0,
      2600.0,
      2800.0
    ],
    "mechanical_ventilation": [
      1.0,
      1.0,
      1.0,
      1.0,
      1.0,
      0.0,
      0.0,
      0.0
    ]
  },
  "actual_sofa_features": {
    "pao2_fio2_ratio": [
      87.4,
      90.05,
      106.94,
      130.48,
      223.33,
      227.5
    ],
    "platelet": [
      147.0,
      150.0,
      159.0,
      164.0,
      173.0,
      177.0
    ],
    "bilirubin_total": [
      1.9,
      2.0,
      2.1,
      2.4,
      2.5
    ],
    "vasopressor_rate": [
      0.0,
      0.03,
      0.05,
      0.14,
      0.24,
      0.27,
      0.28
    ],
    "gcs_total": [
      7.0,
      9.0,
      15.0
    ],
    "creatinine": [
      1.1,
      1.3,
      1.4,
      1.5,
      1.6
    ],
    "urine_output_ml": [
      90.0,
      98.0,
      100.0,
      103.0,
      126.0,
      127.0,
      130.0,
      132.0
    ],
    "mechanical_ventilation": [
      0.0
    ]
  },
  "predicted_sofa_scores": {
    "sofa_respiration": [
      1,
      1,
      1,
      1,
      1,
      1,
      1,
      1
    ],
    "sofa_coagulation": [
      1,
      1,
      1,
      0,
      0,
      0,
      0,
      0
    ],
    "sofa_liver": [
      1,
      1,
      1,
      1,
      1,
      0,
      0,
      0
    ],
    "sofa_cardiovascular": [
      1,
      1,
      1,
      1,
      1,
      1,
      1,
      0
    ],
    "sofa_cns": [
      2,
      1,
      1,
      1,
      0,
      0,
      4,
      0
    ],
    "sofa_renal": [
      1,
      1,
      1,
      1,
      1,
      1,
      1,
      0
    ]
  },
  "actual_sofa_scores": {
    "sofa_respiration": [
      4,
      4,
      3,
      3,
      2,
      2,
      4,
      4
    ],
    "sofa_coagulation": [
      1,
      0,
      0,
      0,
      0,
      0,
      4,
      4
    ],
    "sofa_liver": [
      1,
      2,
      2,
      2,
      2,
      0,
      0,
      0
    ],
    "sofa_cardiovascular": [
      0,
      1,
      1,
      1,
      1,
      1,
      1,
      0
    ],
    "sofa_cns": [
      3,
      3,
      0,
      4,
      4,
      4,
      4,
      4
    ],
    "sofa_renal": [
      3,
      1,
      1,
      1,
      1,
      2,
      2,
      2
    ]
  },
  "analysis": {
    "total_features_compared": 6,
    "features_with_valid_data": 6,
    "average_difference": 1.2083333333333333
  },
  "debug_info": {
    "sofa_extraction_method": "intervention_analysis.sofa_related_features",
    "sofa_features_count": 8
  }
}