{
  "patient_id": "35013074",
  "timestamp": "2025-12-02T00:35:46.877438",
  "model_name": "gemma3:12b",
  "model_trust_score": 0.8190202901933252,
  "feature_differences": {
    "sofa_respiration": 2.625,
    "sofa_coagulation": 0.625,
    "sofa_liver": 1.5,
    "sofa_cardiovascular": 0.0,
    "sofa_cns": 0.625,
    "sofa_renal": 1.0
  },
  "predicted_sofa_features": {
    "pao2_fio2_ratio": [
      220.0,
      200.0,
      180.0,
      160.0,
      140.0,
      120.0,
      100.0,
      80.0
    ],
    "platelet": [
      80.0,
      70.0,
      60.0,
      50.0,
      40.0,
      20.0,
      10.0,
      0.0
    ],
    "bilirubin_total": [
      3.0,
      3.5,
      4.0,
      4.5,
      5.0,
      5.5,
      6.0,
      6.5
    ],
    "vasopressor_rate": [
      0.0,
      0.0,
      0.0,
      0.0,
      0.0,
      0.0,
      0.0,
      0.0
    ],
    "gcs_total": [
      9.0,
      8.0,
      7.0,
      6.0,
      5.0,
      4.0,
      3.0,
      2.0
    ],
    "creatinine": [
      3.0,
      3.5,
      4.0,
      4.5,
      5.0,
      5.5,
      6.0,
      1.0
    ],
    "urine_output_ml": [
      500.0,
      400.0,
      300.0,
      200.0,
      100.0,
      50.0,
      0.0,
      0.0
    ],
    "mechanical_ventilation": [
      1.0,
      1.0,
      1.0,
      1.0,
      1.0,
      1.0,
      1.0,
      1.0
    ]
  },
  "actual_sofa_features": {
    "pao2_fio2_ratio": [
      88.89,
      104.23,
      424.2
    ],
    "platelet": [
      48.0,
      50.0,
      51.0,
      54.0,
      55.0,
      56.0,
      86.0
    ],
    "bilirubin_total": [
      5.8,
      6.3,
      7.0,
      7.3,
      8.4,
      13.2
    ],
    "vasopressor_rate": [
      0.0
    ],
    "gcs_total": [
      10.0,
      15.0
    ],
    "creatinine": [
      1.1,
      1.2
    ],
    "urine_output_ml": [
      100.0,
      135.0,
      150.0,
      185.0,
      190.0,
      200.0,
      220.0,
      225.0
    ],
    "mechanical_ventilation": [
      0.0
    ]
  },
  "predicted_sofa_scores": {
    "sofa_respiration": [
      1,
      1,
      1,
      1,
      1,
      1,
      1,
      1
    ],
    "sofa_coagulation": [
      2,
      2,
      2,
      2,
      3,
      3,
      4,
      4
    ],
    "sofa_liver": [
      2,
      2,
      2,
      2,
      2,
      2,
      3,
      3
    ],
    "sofa_cardiovascular": [
      0,
      0,
      0,
      0,
      0,
      0,
      0,
      0
    ],
    "sofa_cns": [
      3,
      3,
      3,
      4,
      4,
      4,
      4,
      4
    ],
    "sofa_renal": [
      2,
      1,
      1,
      1,
      2,
      3,
      3,
      3
    ]
  },
  "actual_sofa_scores": {
    "sofa_respiration": [
      4,
      3,
      0,
      4,
      4,
      4,
      4,
      4
    ],
    "sofa_coagulation": [
      3,
      2,
      2,
      2,
      2,
      2,
      2,
      4
    ],
    "sofa_liver": [
      2,
      3,
      3,
      3,
      3,
      4,
      0,
      0
    ],
    "sofa_cardiovascular": [
      0,
      0,
      0,
      0,
      0,
      0,
      0,
      0
    ],
    "sofa_cns": [
      2,
      0,
      4,
      4,
      4,
      4,
      4,
      4
    ],
    "sofa_renal": [
      2,
      1,
      2,
      2,
      2,
      1,
      1,
      1
    ]
  },
  "analysis": {
    "total_features_compared": 6,
    "features_with_valid_data": 6,
    "average_difference": 1.0625
  },
  "debug_info": {
    "sofa_extraction_method": "intervention_analysis.sofa_related_features",
    "sofa_features_count": 8
  }
}