{
  "patient_id": "37270813",
  "timestamp": "2025-12-02T02:29:24.205566",
  "model_name": "gemma3:12b",
  "model_trust_score": 0.7926801612788686,
  "feature_differences": {
    "sofa_respiration": 1.625,
    "sofa_coagulation": 1.25,
    "sofa_liver": 1.625,
    "sofa_cardiovascular": 0.125,
    "sofa_cns": 1.875,
    "sofa_renal": 1.25
  },
  "predicted_sofa_features": {
    "pao2_fio2_ratio": [
      280.0,
      260.0,
      240.0,
      220.0,
      200.0,
      180.0,
      160.0,
      140.0
    ],
    "platelet": [
      120.0,
      110.0,
      100.0,
      90.0,
      80.0,
      70.0,
      60.0,
      50.0
    ],
    "bilirubin_total": [
      1.8,
      2.0,
      2.2,
      2.4,
      2.6,
      2.8,
      3.0,
      3.2
    ],
    "vasopressor_rate": [
      0.3,
      0.25,
      0.2,
      0.15,
      0.1,
      0.05,
      0.02,
      0.0
    ],
    "gcs_total": [
      13.0,
      14.0,
      15.0,
      14.0,
      13.0,
      12.0,
      11.0,
      10.0
    ],
    "creatinine": [
      1.5,
      1.6,
      1.7,
      1.8,
      1.9,
      2.0,
      2.1,
      2.2
    ],
    "urine_output_ml": [
      1500.0,
      1400.0,
      1300.0,
      1200.0,
      1100.0,
      1000.0,
      900.0,
      800.0
    ],
    "mechanical_ventilation": [
      1.0,
      1.0,
      1.0,
      1.0,
      1.0,
      0.0,
      0.0,
      0.0
    ]
  },
  "actual_sofa_features": {
    "pao2_fio2_ratio": [
      107.3,
      116.7,
      136.88,
      139.34,
      146.07
    ],
    "platelet": [
      51.0,
      53.5,
      61.0,
      87.0,
      105.0
    ],
    "bilirubin_total": [
      2.3,
      2.4
    ],
    "vasopressor_rate": [
      0.03,
      0.05,
      0.14,
      0.2,
      0.3,
      0.36
    ],
    "gcs_total": [
      9.0,
      10.0,
      11.0,
      15.0
    ],
    "creatinine": [
      3.1
    ],
    "urine_output_ml": [
      16.0,
      52.0,
      71.0,
      76.0,
      245.0,
      270.0,
      285.0,
      345.0
    ],
    "mechanical_ventilation": [
      0.0
    ]
  },
  "predicted_sofa_scores": {
    "sofa_respiration": [
      1,
      1,
      1,
      1,
      1,
      3,
      3,
      3
    ],
    "sofa_coagulation": [
      1,
      1,
      1,
      2,
      2,
      2,
      2,
      2
    ],
    "sofa_liver": [
      1,
      2,
      2,
      2,
      2,
      2,
      2,
      2
    ],
    "sofa_cardiovascular": [
      1,
      1,
      1,
      1,
      1,
      1,
      1,
      0
    ],
    "sofa_cns": [
      1,
      1,
      0,
      1,
      1,
      2,
      2,
      2
    ],
    "sofa_renal": [
      1,
      1,
      1,
      1,
      1,
      2,
      2,
      2
    ]
  },
  "actual_sofa_scores": {
    "sofa_respiration": [
      3,
      3,
      3,
      3,
      3,
      4,
      4,
      4
    ],
    "sofa_coagulation": [
      2,
      2,
      2,
      2,
      1,
      4,
      4,
      4
    ],
    "sofa_liver": [
      2,
      2,
      0,
      0,
      0,
      0,
      0,
      0
    ],
    "sofa_cardiovascular": [
      1,
      1,
      1,
      1,
      1,
      1,
      0,
      0
    ],
    "sofa_cns": [
      3,
      2,
      2,
      0,
      4,
      4,
      4,
      4
    ],
    "sofa_renal": [
      2,
      3,
      3,
      3,
      1,
      1,
      1,
      1
    ]
  },
  "analysis": {
    "total_features_compared": 6,
    "features_with_valid_data": 6,
    "average_difference": 1.2916666666666667
  },
  "debug_info": {
    "sofa_extraction_method": "intervention_analysis.sofa_related_features",
    "sofa_features_count": 8
  }
}