{
  "patient_id": "33815212",
  "timestamp": "2025-12-02T00:00:22.387756",
  "model_name": "gemma3:12b",
  "model_trust_score": 0.7995930441114961,
  "feature_differences": {
    "sofa_respiration": 2.875,
    "sofa_coagulation": 1.0,
    "sofa_liver": 1.0,
    "sofa_cardiovascular": 0.25,
    "sofa_cns": 1.75,
    "sofa_renal": 0.5
  },
  "predicted_sofa_features": {
    "pao2_fio2_ratio": [
      250.0,
      230.0,
      210.0,
      190.0,
      170.0,
      150.0,
      130.0,
      110.0
    ],
    "platelet": [
      120.0,
      100.0,
      80.0,
      60.0,
      40.0,
      20.0,
      0.0,
      0.0
    ],
    "bilirubin_total": [
      1.5,
      2.0,
      2.5,
      3.0,
      3.5,
      4.0,
      4.5,
      5.0
    ],
    "vasopressor_rate": [
      0.1,
      0.15,
      0.18,
      0.18,
      0.18,
      0.18,
      0.18,
      0.18
    ],
    "gcs_total": [
      12.0,
      11.0,
      10.0,
      9.0,
      10.0,
      11.0,
      12.0,
      13.0
    ],
    "creatinine": [
      1.2,
      1.5,
      1.8,
      2.1,
      2.4,
      2.7,
      3.0,
      3.3
    ],
    "urine_output_ml": [
      1500.0,
      800.0,
      500.0,
      300.0,
      100.0,
      0.0,
      0.0,
      0.0
    ],
    "mechanical_ventilation": [
      0.0,
      1.0,
      1.0,
      1.0,
      1.0,
      1.0,
      1.0,
      1.0
    ]
  },
  "actual_sofa_features": {
    "pao2_fio2_ratio": [
      30.11,
      31.55,
      33.16,
      33.85,
      33.93,
      35.29,
      36.36,
      36.75
    ],
    "platelet": [
      36.0,
      39.0,
      52.0,
      62.0,
      69.0,
      71.0,
      72.0
    ],
    "bilirubin_total": [
      1.8,
      2.2,
      2.3,
      2.5
    ],
    "vasopressor_rate": [
      0.07,
      0.08,
      0.1,
      0.14,
      0.16,
      0.18
    ],
    "gcs_total": [
      4.0,
      5.0,
      9.0,
      10.0,
      13.0
    ],
    "creatinine": [
      1.6,
      1.8,
      2.1,
      3.0,
      4.4,
      4.6
    ],
    "urine_output_ml": [
      0.0,
      10.0,
      25.0,
      32.0,
      45.0,
      60.0,
      105.0,
      180.0
    ],
    "mechanical_ventilation": [
      0.0
    ]
  },
  "predicted_sofa_scores": {
    "sofa_respiration": [
      2,
      1,
      1,
      1,
      1,
      1,
      1,
      1
    ],
    "sofa_coagulation": [
      1,
      1,
      2,
      2,
      3,
      3,
      4,
      4
    ],
    "sofa_liver": [
      1,
      2,
      2,
      2,
      2,
      2,
      2,
      2
    ],
    "sofa_cardiovascular": [
      1,
      1,
      1,
      1,
      1,
      1,
      1,
      1
    ],
    "sofa_cns": [
      2,
      2,
      2,
      3,
      2,
      2,
      2,
      1
    ],
    "sofa_renal": [
      1,
      1,
      1,
      1,
      2,
      2,
      2,
      2
    ]
  },
  "actual_sofa_scores": {
    "sofa_respiration": [
      4,
      4,
      4,
      4,
      4,
      4,
      4,
      4
    ],
    "sofa_coagulation": [
      3,
      3,
      2,
      2,
      2,
      2,
      2,
      4
    ],
    "sofa_liver": [
      1,
      2,
      2,
      2,
      0,
      0,
      0,
      0
    ],
    "sofa_cardiovascular": [
      1,
      1,
      1,
      1,
      1,
      1,
      0,
      0
    ],
    "sofa_cns": [
      4,
      4,
      3,
      2,
      1,
      4,
      4,
      4
    ],
    "sofa_renal": [
      1,
      1,
      2,
      2,
      3,
      3,
      2,
      2
    ]
  },
  "analysis": {
    "total_features_compared": 6,
    "features_with_valid_data": 6,
    "average_difference": 1.2291666666666667
  },
  "debug_info": {
    "sofa_extraction_method": "intervention_analysis.sofa_related_features",
    "sofa_features_count": 8
  }
}