{
  "patient_id": "31703381",
  "timestamp": "2025-12-01T23:01:39.046410",
  "model_name": "gemma3:12b",
  "model_trust_score": 0.8067025279416296,
  "feature_differences": {
    "sofa_respiration": 2.375,
    "sofa_coagulation": 1.375,
    "sofa_liver": 0.625,
    "sofa_cardiovascular": 0.375,
    "sofa_cns": 1.375,
    "sofa_renal": 0.875
  },
  "predicted_sofa_features": {
    "pao2_fio2_ratio": [
      280.0,
      250.0,
      220.0,
      190.0,
      160.0,
      130.0,
      100.0,
      70.0
    ],
    "platelet": [
      180.0,
      160.0,
      140.0,
      120.0,
      100.0,
      30.0,
      20.0,
      10.0
    ],
    "bilirubin_total": [
      1.5,
      2.0,
      2.5,
      3.0,
      3.5,
      4.0,
      4.5,
      5.0
    ],
    "vasopressor_rate": [
      0.0,
      0.0,
      0.0,
      0.0,
      0.0,
      0.1,
      0.2,
      0.3
    ],
    "gcs_total": [
      13.0,
      12.0,
      11.0,
      10.0,
      9.0,
      8.0,
      7.0,
      6.0
    ],
    "creatinine": [
      1.0,
      1.3,
      1.6,
      2.0,
      2.4,
      2.8,
      3.2,
      3.6
    ],
    "urine_output_ml": [
      1800.0,
      1500.0,
      1200.0,
      900.0,
      600.0,
      300.0,
      100.0,
      0.0
    ],
    "mechanical_ventilation": [
      0.0,
      0.0,
      1.0,
      1.0,
      1.0,
      1.0,
      1.0,
      1.0
    ]
  },
  "actual_sofa_features": {
    "pao2_fio2_ratio": [
      98.71,
      118.89,
      257.81
    ],
    "platelet": [
      46.0,
      49.0,
      50.0,
      53.0,
      54.5
    ],
    "bilirubin_total": [
      2.75,
      2.8,
      3.9,
      4.4,
      5.4,
      6.5,
      9.0
    ],
    "vasopressor_rate": [
      0.0
    ],
    "gcs_total": [
      3.0,
      9.0,
      15.0
    ],
    "creatinine": [
      1.0,
      1.1
    ],
    "urine_output_ml": [
      0.0,
      110.0,
      128.0,
      140.0,
      145.0,
      150.0,
      160.0,
      195.0
    ],
    "mechanical_ventilation": [
      0.0
    ]
  },
  "predicted_sofa_scores": {
    "sofa_respiration": [
      2,
      2,
      1,
      1,
      1,
      1,
      1,
      1
    ],
    "sofa_coagulation": [
      0,
      0,
      1,
      1,
      1,
      3,
      3,
      4
    ],
    "sofa_liver": [
      1,
      2,
      2,
      2,
      2,
      2,
      2,
      2
    ],
    "sofa_cardiovascular": [
      0,
      0,
      0,
      0,
      0,
      1,
      1,
      1
    ],
    "sofa_cns": [
      1,
      2,
      2,
      2,
      3,
      3,
      3,
      4
    ],
    "sofa_renal": [
      0,
      1,
      1,
      2,
      2,
      1,
      2,
      3
    ]
  },
  "actual_sofa_scores": {
    "sofa_respiration": [
      4,
      3,
      2,
      4,
      4,
      4,
      4,
      4
    ],
    "sofa_coagulation": [
      3,
      3,
      2,
      2,
      2,
      4,
      4,
      4
    ],
    "sofa_liver": [
      2,
      2,
      2,
      2,
      2,
      3,
      3,
      0
    ],
    "sofa_cardiovascular": [
      0,
      0,
      0,
      0,
      0,
      0,
      0,
      0
    ],
    "sofa_cns": [
      4,
      3,
      0,
      4,
      4,
      4,
      4,
      4
    ],
    "sofa_renal": [
      3,
      2,
      2,
      2,
      2,
      2,
      2,
      2
    ]
  },
  "analysis": {
    "total_features_compared": 6,
    "features_with_valid_data": 6,
    "average_difference": 1.1666666666666667
  },
  "debug_info": {
    "sofa_extraction_method": "intervention_analysis.sofa_related_features",
    "sofa_features_count": 8
  }
}