{
  "patient_id": "34850631",
  "timestamp": "2025-12-02T00:27:08.190937",
  "model_name": "gemma3:12b",
  "model_trust_score": 0.7995930441114961,
  "feature_differences": {
    "sofa_respiration": 2.375,
    "sofa_coagulation": 1.0,
    "sofa_liver": 1.625,
    "sofa_cardiovascular": 0.375,
    "sofa_cns": 1.25,
    "sofa_renal": 0.75
  },
  "predicted_sofa_features": {
    "pao2_fio2_ratio": [
      250.0,
      230.0,
      210.0,
      190.0,
      170.0,
      150.0,
      130.0,
      110.0
    ],
    "platelet": [
      180.0,
      160.0,
      140.0,
      120.0,
      100.0,
      80.0,
      60.0,
      40.0
    ],
    "bilirubin_total": [
      1.5,
      2.0,
      2.5,
      3.0,
      3.5,
      4.0,
      4.5,
      5.0
    ],
    "vasopressor_rate": [
      0.0,
      0.0,
      0.0,
      0.0,
      0.0,
      0.1,
      0.2,
      0.3
    ],
    "gcs_total": [
      13.0,
      12.0,
      11.0,
      10.0,
      9.0,
      8.0,
      7.0,
      6.0
    ],
    "creatinine": [
      1.1,
      1.3,
      1.5,
      1.7,
      1.9,
      2.1,
      2.3,
      2.5
    ],
    "urine_output_ml": [
      1500.0,
      1300.0,
      1100.0,
      900.0,
      700.0,
      500.0,
      300.0,
      100.0
    ],
    "mechanical_ventilation": [
      0.0,
      0.0,
      1.0,
      1.0,
      1.0,
      1.0,
      1.0,
      1.0
    ]
  },
  "actual_sofa_features": {
    "pao2_fio2_ratio": [
      128.95,
      261.25
    ],
    "platelet": [
      97.0,
      98.0,
      102.0,
      103.0,
      111.0,
      120.0
    ],
    "bilirubin_total": [
      0.6,
      3.6
    ],
    "vasopressor_rate": [
      0.0
    ],
    "gcs_total": [
      11.0,
      15.0
    ],
    "creatinine": [
      0.9,
      1.0,
      1.1
    ],
    "urine_output_ml": [
      0.0,
      165.0,
      210.0,
      310.0,
      350.0,
      360.0,
      415.0,
      425.0
    ],
    "mechanical_ventilation": [
      0.0
    ]
  },
  "predicted_sofa_scores": {
    "sofa_respiration": [
      2,
      2,
      1,
      1,
      1,
      1,
      1,
      1
    ],
    "sofa_coagulation": [
      0,
      0,
      1,
      1,
      1,
      2,
      2,
      3
    ],
    "sofa_liver": [
      1,
      2,
      2,
      2,
      2,
      2,
      2,
      2
    ],
    "sofa_cardiovascular": [
      0,
      0,
      0,
      0,
      0,
      1,
      1,
      1
    ],
    "sofa_cns": [
      1,
      2,
      2,
      2,
      3,
      3,
      3,
      4
    ],
    "sofa_renal": [
      0,
      1,
      1,
      1,
      1,
      2,
      1,
      2
    ]
  },
  "actual_sofa_scores": {
    "sofa_respiration": [
      3,
      2,
      4,
      4,
      4,
      4,
      4,
      4
    ],
    "sofa_coagulation": [
      2,
      2,
      1,
      1,
      1,
      1,
      4,
      4
    ],
    "sofa_liver": [
      0,
      2,
      0,
      0,
      0,
      0,
      0,
      0
    ],
    "sofa_cardiovascular": [
      0,
      0,
      0,
      0,
      0,
      0,
      0,
      0
    ],
    "sofa_cns": [
      2,
      0,
      4,
      4,
      4,
      4,
      4,
      4
    ],
    "sofa_renal": [
      3,
      2,
      1,
      1,
      1,
      1,
      1,
      1
    ]
  },
  "analysis": {
    "total_features_compared": 6,
    "features_with_valid_data": 6,
    "average_difference": 1.2291666666666667
  },
  "debug_info": {
    "sofa_extraction_method": "intervention_analysis.sofa_related_features",
    "sofa_features_count": 8
  }
}