{
  "patient_id": "unknown",
  "timestamp": "2025-12-01T22:27:17.247210",
  "model_name": "gemma3:12b",
  "model_trust_score": 0.7926801612788686,
  "feature_differences": {
    "sofa_respiration": 2.875,
    "sofa_coagulation": 0.875,
    "sofa_liver": 1.125,
    "sofa_cardiovascular": 0.75,
    "sofa_cns": 0.625,
    "sofa_renal": 1.5
  },
  "predicted_sofa_features": {
    "pao2_fio2_ratio": [
      250.0,
      230.0,
      210.0,
      190.0,
      170.0,
      150.0,
      130.0,
      110.0
    ],
    "platelet": [
      120.0,
      100.0,
      80.0,
      60.0,
      40.0,
      20.0,
      0.0,
      0.0
    ],
    "bilirubin_total": [
      1.8,
      2.2,
      2.6,
      3.0,
      3.4,
      3.8,
      4.2,
      4.6
    ],
    "vasopressor_rate": [
      5.0,
      7.5,
      10.0,
      12.5,
      12.5,
      12.5,
      12.5,
      12.5
    ],
    "gcs_total": [
      12.0,
      10.0,
      8.0,
      6.0,
      4.0,
      2.0,
      0.0,
      0.0
    ],
    "creatinine": [
      1.4,
      2.0,
      2.8,
      3.8,
      4.8,
      5.8,
      6.8,
      7.8
    ],
    "urine_output_ml": [
      1000.0,
      800.0,
      600.0,
      400.0,
      200.0,
      100.0,
      50.0,
      0.0
    ],
    "mechanical_ventilation": [
      0.0,
      1.0,
      1.0,
      1.0,
      1.0,
      1.0,
      1.0,
      1.0
    ]
  },
  "actual_sofa_features": {
    "pao2_fio2_ratio": [
      26.04,
      82.84
    ],
    "platelet": [
      144.0,
      166.0,
      170.0,
      227.0
    ],
    "bilirubin_total": [
      4.0,
      4.7,
      5.7,
      6.5,
      7.9
    ],
    "vasopressor_rate": [
      0.03,
      0.04,
      5.0,
      6.25,
      12.5,
      12.56
    ],
    "gcs_total": [
      15.0
    ],
    "creatinine": [
      2.1,
      2.3,
      2.4
    ],
    "urine_output_ml": [
      0.0,
      475.0,
      500.0,
      575.0,
      650.0,
      725.0,
      800.0,
      1575.0
    ],
    "mechanical_ventilation": [
      0.0
    ]
  },
  "predicted_sofa_scores": {
    "sofa_respiration": [
      2,
      1,
      1,
      1,
      1,
      1,
      1,
      1
    ],
    "sofa_coagulation": [
      1,
      1,
      2,
      2,
      3,
      3,
      4,
      4
    ],
    "sofa_liver": [
      1,
      2,
      2,
      2,
      2,
      2,
      2,
      2
    ],
    "sofa_cardiovascular": [
      1,
      2,
      2,
      2,
      2,
      2,
      2,
      2
    ],
    "sofa_cns": [
      2,
      2,
      3,
      4,
      4,
      4,
      4,
      4
    ],
    "sofa_renal": [
      1,
      2,
      2,
      1,
      1,
      2,
      3,
      3
    ]
  },
  "actual_sofa_scores": {
    "sofa_respiration": [
      4,
      4,
      4,
      4,
      4,
      4,
      4,
      4
    ],
    "sofa_coagulation": [
      1,
      0,
      0,
      0,
      4,
      4,
      4,
      4
    ],
    "sofa_liver": [
      2,
      2,
      2,
      3,
      3,
      0,
      0,
      0
    ],
    "sofa_cardiovascular": [
      1,
      1,
      1,
      2,
      2,
      2,
      0,
      0
    ],
    "sofa_cns": [
      0,
      4,
      4,
      4,
      4,
      4,
      4,
      4
    ],
    "sofa_renal": [
      2,
      1,
      2,
      0,
      0,
      0,
      0,
      0
    ]
  },
  "analysis": {
    "total_features_compared": 6,
    "features_with_valid_data": 6,
    "average_difference": 1.2916666666666667
  },
  "debug_info": {
    "sofa_extraction_method": "intervention_analysis.sofa_related_features",
    "sofa_features_count": 8
  }
}