{
  "patient_id": "36231647",
  "timestamp": "2025-12-02T01:26:55.839728",
  "model_name": "gemma3:12b",
  "model_trust_score": 0.7949632821696868,
  "feature_differences": {
    "sofa_respiration": 2.125,
    "sofa_coagulation": 1.625,
    "sofa_liver": 1.625,
    "sofa_cardiovascular": 0.75,
    "sofa_cns": 0.625,
    "sofa_renal": 0.875
  },
  "predicted_sofa_features": {
    "pao2_fio2_ratio": [
      220.0,
      200.0,
      180.0,
      160.0,
      140.0,
      120.0,
      100.0,
      80.0
    ],
    "platelet": [
      100.0,
      90.0,
      80.0,
      70.0,
      60.0,
      50.0,
      40.0,
      30.0
    ],
    "bilirubin_total": [
      2.5,
      2.8,
      3.1,
      3.4,
      2.7,
      2.9,
      3.1,
      3.3
    ],
    "vasopressor_rate": [
      0.1,
      0.09,
      0.08,
      0.07,
      0.06,
      0.05,
      0.04,
      0.03
    ],
    "gcs_total": [
      9.0,
      8.0,
      7.0,
      6.0,
      5.0,
      4.0,
      3.0,
      2.0
    ],
    "creatinine": [
      2.0,
      2.2,
      2.4,
      2.6,
      2.8,
      3.0,
      3.2,
      3.4
    ],
    "urine_output_ml": [
      1000.0,
      800.0,
      600.0,
      400.0,
      200.0,
      100.0,
      50.0,
      20.0
    ],
    "mechanical_ventilation": [
      1.0,
      1.0,
      1.0,
      1.0,
      1.0,
      1.0,
      1.0,
      1.0
    ]
  },
  "actual_sofa_features": {
    "pao2_fio2_ratio": [
      194.05,
      215.91,
      220.45,
      227.27
    ],
    "platelet": [
      159.0,
      222.0
    ],
    "bilirubin_total": [
      5.6,
      6.1
    ],
    "vasopressor_rate": [
      0.0,
      0.08,
      0.1
    ],
    "gcs_total": [
      6.0,
      7.0,
      8.0,
      15.0
    ],
    "creatinine": [
      1.2,
      1.3
    ],
    "urine_output_ml": [
      0.0,
      60.0,
      120.0,
      167.0,
      190.0,
      245.0,
      260.0,
      280.0
    ],
    "mechanical_ventilation": [
      0.0
    ]
  },
  "predicted_sofa_scores": {
    "sofa_respiration": [
      1,
      1,
      1,
      1,
      1,
      1,
      1,
      1
    ],
    "sofa_coagulation": [
      1,
      2,
      2,
      2,
      2,
      2,
      3,
      3
    ],
    "sofa_liver": [
      2,
      2,
      2,
      2,
      2,
      2,
      2,
      2
    ],
    "sofa_cardiovascular": [
      1,
      1,
      1,
      1,
      1,
      1,
      1,
      1
    ],
    "sofa_cns": [
      3,
      3,
      3,
      4,
      4,
      4,
      4,
      4
    ],
    "sofa_renal": [
      2,
      2,
      2,
      1,
      1,
      2,
      2,
      2
    ]
  },
  "actual_sofa_scores": {
    "sofa_respiration": [
      3,
      2,
      2,
      2,
      4,
      4,
      4,
      4
    ],
    "sofa_coagulation": [
      0,
      0,
      4,
      4,
      4,
      4,
      4,
      4
    ],
    "sofa_liver": [
      2,
      3,
      0,
      0,
      0,
      0,
      0,
      0
    ],
    "sofa_cardiovascular": [
      0,
      1,
      1,
      0,
      0,
      0,
      0,
      0
    ],
    "sofa_cns": [
      4,
      3,
      3,
      0,
      4,
      4,
      4,
      4
    ],
    "sofa_renal": [
      1,
      1,
      2,
      2,
      2,
      1,
      1,
      1
    ]
  },
  "analysis": {
    "total_features_compared": 6,
    "features_with_valid_data": 6,
    "average_difference": 1.2708333333333333
  },
  "debug_info": {
    "sofa_extraction_method": "intervention_analysis.sofa_related_features",
    "sofa_features_count": 8
  }
}