{
  "patient_id": "31149608",
  "timestamp": "2025-12-01T22:52:24.352046",
  "model_name": "gemma3:12b",
  "model_trust_score": 0.74709977208038,
  "feature_differences": {
    "sofa_respiration": 2.625,
    "sofa_coagulation": 3.25,
    "sofa_liver": 0.5,
    "sofa_cardiovascular": 1.125,
    "sofa_cns": 2.0,
    "sofa_renal": 1.0
  },
  "predicted_sofa_features": {
    "pao2_fio2_ratio": [
      250.0,
      270.0,
      290.0,
      310.0,
      330.0,
      350.0,
      370.0,
      390.0
    ],
    "platelet": [
      120.0,
      140.0,
      160.0,
      180.0,
      200.0,
      220.0,
      240.0,
      260.0
    ],
    "bilirubin_total": [
      1.8,
      1.6,
      1.4,
      1.2,
      1.0,
      0.8,
      0.6,
      0.4
    ],
    "vasopressor_rate": [
      15.0,
      12.0,
      9.0,
      6.0,
      3.0,
      1.0,
      0.5,
      0.2
    ],
    "gcs_total": [
      12.0,
      13.0,
      14.0,
      15.0,
      14.0,
      13.0,
      12.0,
      11.0
    ],
    "creatinine": [
      1.5,
      1.4,
      1.3,
      1.2,
      1.1,
      1.0,
      0.9,
      0.8
    ],
    "urine_output_ml": [
      1500.0,
      1700.0,
      1900.0,
      2100.0,
      2300.0,
      2500.0,
      2700.0,
      2900.0
    ],
    "mechanical_ventilation": [
      1.0,
      1.0,
      1.0,
      1.0,
      0.0,
      0.0,
      0.0,
      0.0
    ]
  },
  "actual_sofa_features": {
    "pao2_fio2_ratio": [
      64.71,
      72.45,
      85.39,
      86.91,
      94.34,
      103.11,
      105.08,
      115.36
    ],
    "platelet": [
      31.0,
      34.0,
      41.0,
      44.0
    ],
    "bilirubin_total": [
      4.2,
      4.3
    ],
    "vasopressor_rate": [
      0.04,
      0.08,
      0.12,
      0.16,
      0.18,
      15.01
    ],
    "gcs_total": [
      6.0,
      7.0,
      8.0,
      15.0
    ],
    "creatinine": [
      1.2,
      1.5,
      1.7,
      1.8,
      2.1,
      2.2
    ],
    "urine_output_ml": [
      30.0,
      35.0,
      45.0,
      55.0,
      65.0,
      80.0,
      100.0,
      160.0
    ],
    "mechanical_ventilation": [
      0.0
    ]
  },
  "predicted_sofa_scores": {
    "sofa_respiration": [
      1,
      1,
      1,
      1,
      1,
      1,
      1,
      1
    ],
    "sofa_coagulation": [
      1,
      1,
      0,
      0,
      0,
      0,
      0,
      0
    ],
    "sofa_liver": [
      1,
      1,
      1,
      1,
      0,
      0,
      0,
      0
    ],
    "sofa_cardiovascular": [
      2,
      2,
      2,
      2,
      1,
      1,
      1,
      1
    ],
    "sofa_cns": [
      2,
      1,
      1,
      0,
      1,
      1,
      2,
      2
    ],
    "sofa_renal": [
      1,
      1,
      1,
      1,
      0,
      0,
      0,
      0
    ]
  },
  "actual_sofa_scores": {
    "sofa_respiration": [
      4,
      4,
      4,
      4,
      4,
      3,
      3,
      3
    ],
    "sofa_coagulation": [
      3,
      3,
      3,
      3,
      4,
      4,
      4,
      4
    ],
    "sofa_liver": [
      2,
      2,
      0,
      0,
      0,
      0,
      0,
      0
    ],
    "sofa_cardiovascular": [
      1,
      1,
      1,
      1,
      1,
      4,
      0,
      0
    ],
    "sofa_cns": [
      4,
      3,
      3,
      0,
      4,
      4,
      4,
      4
    ],
    "sofa_renal": [
      1,
      1,
      1,
      1,
      2,
      2,
      2,
      2
    ]
  },
  "analysis": {
    "total_features_compared": 6,
    "features_with_valid_data": 6,
    "average_difference": 1.75
  },
  "debug_info": {
    "sofa_extraction_method": "intervention_analysis.sofa_related_features",
    "sofa_features_count": 8
  }
}