{
  "patient_id": "30861515",
  "timestamp": "2025-12-01T22:37:33.117206",
  "model_name": "gemma3:12b",
  "model_trust_score": 0.7654325903517675,
  "feature_differences": {
    "sofa_respiration": 1.3333333333333333,
    "sofa_coagulation": 2.6666666666666665,
    "sofa_liver": 1.6666666666666667,
    "sofa_cardiovascular": 0.0,
    "sofa_cns": 2.0,
    "sofa_renal": 1.6666666666666667
  },
  "predicted_sofa_features": {
    "pao2_fio2_ratio": [
      250.0,
      230.0,
      210.0,
      190.0,
      170.0,
      150.0,
      130.0,
      110.0
    ],
    "platelet": [
      180.0,
      160.0,
      140.0,
      120.0,
      100.0,
      0.0,
      0.0,
      0.0
    ],
    "bilirubin_total": [
      1.8,
      2.2,
      2.6,
      3.0,
      3.4,
      3.8,
      4.2,
      4.6
    ],
    "vasopressor_rate": [
      0.0,
      0.0,
      0.0,
      0.0,
      0.0,
      0.0,
      0.0,
      0.0
    ],
    "gcs_total": [
      12.0,
      11.0,
      10.0,
      9.0,
      8.0,
      7.0,
      6.0,
      5.0
    ],
    "creatinine": [
      1.1,
      9.5,
      1.9,
      2.3,
      2.7,
      3.1,
      3.5,
      3.9
    ],
    "urine_output_ml": [
      1500.0,
      1200.0,
      900.0,
      600.0,
      300.0,
      0.0,
      0.0,
      0.0
    ],
    "mechanical_ventilation": [
      0.0,
      0.0,
      0.0,
      1.0,
      1.0,
      1.0,
      1.0,
      1.0
    ]
  },
  "actual_sofa_features": {
    "pao2_fio2_ratio": [
      183.84,
      190.21
    ],
    "platelet": [
      126.0
    ],
    "bilirubin_total": [
      2.3
    ],
    "vasopressor_rate": [
      0.0
    ],
    "gcs_total": [
      3.0,
      15.0
    ],
    "creatinine": [
      3.4
    ],
    "urine_output_ml": [
      0.0,
      5.0,
      45.0
    ],
    "mechanical_ventilation": [
      0.0
    ]
  },
  "predicted_sofa_scores": {
    "sofa_respiration": [
      2,
      2,
      2,
      1,
      1,
      1,
      1,
      1
    ],
    "sofa_coagulation": [
      0,
      0,
      1,
      1,
      1,
      4,
      4,
      4
    ],
    "sofa_liver": [
      1,
      2,
      2,
      2,
      2,
      2,
      2,
      2
    ],
    "sofa_cardiovascular": [
      0,
      0,
      0,
      0,
      0,
      0,
      0,
      0
    ],
    "sofa_cns": [
      2,
      2,
      2,
      3,
      3,
      3,
      4,
      4
    ],
    "sofa_renal": [
      0,
      4,
      1,
      2,
      1,
      2,
      3,
      3
    ]
  },
  "actual_sofa_scores": {
    "sofa_respiration": [
      3,
      3,
      4
    ],
    "sofa_coagulation": [
      1,
      4,
      4
    ],
    "sofa_liver": [
      2,
      0,
      0
    ],
    "sofa_cardiovascular": [
      0,
      0,
      0
    ],
    "sofa_cns": [
      4,
      0,
      4
    ],
    "sofa_renal": [
      2,
      3,
      3
    ]
  },
  "analysis": {
    "total_features_compared": 6,
    "features_with_valid_data": 6,
    "average_difference": 1.5555555555555556
  },
  "debug_info": {
    "sofa_extraction_method": "intervention_analysis.sofa_related_features",
    "sofa_features_count": 8
  }
}