{
  "patient_id": "36582896",
  "timestamp": "2025-12-02T02:03:51.304313",
  "model_name": "gemma3:12b",
  "model_trust_score": 0.78462937615521,
  "feature_differences": {
    "sofa_respiration": 2.6,
    "sofa_coagulation": 1.8,
    "sofa_liver": 1.8,
    "sofa_cardiovascular": 0.6,
    "sofa_cns": 1.0,
    "sofa_renal": 0.4
  },
  "predicted_sofa_features": {
    "pao2_fio2_ratio": [
      220.0,
      200.0,
      180.0,
      160.0,
      140.0,
      120.0,
      100.0,
      80.0
    ],
    "platelet": [
      180.0,
      160.0,
      140.0,
      120.0,
      100.0,
      80.0,
      60.0,
      40.0
    ],
    "bilirubin_total": [
      1.8,
      2.2,
      2.8,
      3.6,
      4.4,
      5.2,
      6.0,
      6.8
    ],
    "vasopressor_rate": [
      0.0,
      0.0,
      0.1,
      0.2,
      0.3,
      0.4,
      0.5,
      0.6
    ],
    "gcs_total": [
      12.0,
      11.0,
      10.0,
      9.0,
      8.0,
      7.0,
      6.0,
      5.0
    ],
    "creatinine": [
      1.4,
      1.8,
      2.2,
      2.6,
      3.0,
      3.4,
      3.8,
      4.2
    ],
    "urine_output_ml": [
      1500.0,
      1200.0,
      900.0,
      600.0,
      300.0,
      0.0,
      0.0,
      0.0
    ],
    "mechanical_ventilation": [
      0.0,
      0.0,
      1.0,
      1.0,
      1.0,
      1.0,
      1.0,
      1.0
    ]
  },
  "actual_sofa_features": {
    "pao2_fio2_ratio": [
      74.59
    ],
    "platelet": [
      281.0,
      342.0
    ],
    "bilirubin_total": [
      0.3,
      0.5
    ],
    "vasopressor_rate": [
      0.0
    ],
    "gcs_total": [
      3.0,
      10.0,
      14.0
    ],
    "creatinine": [
      1.2
    ],
    "urine_output_ml": [
      0.0,
      65.0,
      140.0,
      185.0,
      200.0
    ],
    "mechanical_ventilation": [
      0.0
    ]
  },
  "predicted_sofa_scores": {
    "sofa_respiration": [
      2,
      2,
      1,
      1,
      1,
      1,
      1,
      1
    ],
    "sofa_coagulation": [
      0,
      0,
      1,
      1,
      1,
      2,
      2,
      3
    ],
    "sofa_liver": [
      1,
      2,
      2,
      2,
      2,
      2,
      3,
      3
    ],
    "sofa_cardiovascular": [
      0,
      0,
      1,
      1,
      1,
      1,
      1,
      1
    ],
    "sofa_cns": [
      2,
      2,
      2,
      3,
      3,
      3,
      4,
      4
    ],
    "sofa_renal": [
      1,
      1,
      2,
      2,
      1,
      2,
      3,
      3
    ]
  },
  "actual_sofa_scores": {
    "sofa_respiration": [
      4,
      4,
      4,
      4,
      4
    ],
    "sofa_coagulation": [
      0,
      0,
      4,
      4,
      4
    ],
    "sofa_liver": [
      0,
      0,
      0,
      0,
      0
    ],
    "sofa_cardiovascular": [
      0,
      0,
      0,
      0,
      0
    ],
    "sofa_cns": [
      4,
      2,
      1,
      4,
      4
    ],
    "sofa_renal": [
      1,
      3,
      2,
      2,
      1
    ]
  },
  "analysis": {
    "total_features_compared": 6,
    "features_with_valid_data": 6,
    "average_difference": 1.3666666666666665
  },
  "debug_info": {
    "sofa_extraction_method": "intervention_analysis.sofa_related_features",
    "sofa_features_count": 8
  }
}