{
  "patient_id": "36952026",
  "timestamp": "2025-12-02T02:13:42.800277",
  "model_name": "gemma3:12b",
  "model_trust_score": 0.7709273170314612,
  "feature_differences": {
    "sofa_respiration": 2.125,
    "sofa_coagulation": 1.625,
    "sofa_liver": 1.875,
    "sofa_cardiovascular": 0.125,
    "sofa_cns": 2.75,
    "sofa_renal": 0.5
  },
  "predicted_sofa_features": {
    "pao2_fio2_ratio": [
      250.0,
      180.0,
      150.0,
      130.0,
      110.0,
      90.0,
      75.0,
      60.0
    ],
    "platelet": [
      120.0,
      110.0,
      100.0,
      90.0,
      80.0,
      70.0,
      60.0,
      50.0
    ],
    "bilirubin_total": [
      1.8,
      2.0,
      2.2,
      2.4,
      2.6,
      2.8,
      3.0,
      3.2
    ],
    "vasopressor_rate": [
      0.5,
      0.4,
      0.3,
      0.2,
      0.1,
      0.05,
      0.02,
      0.0
    ],
    "gcs_total": [
      12.0,
      13.0,
      14.0,
      14.5,
      15.0,
      15.0,
      15.0,
      15.0
    ],
    "creatinine": [
      1.2,
      1.4,
      1.6,
      1.8,
      2.0,
      2.2,
      2.4,
      2.6
    ],
    "urine_output_ml": [
      1500.0,
      1300.0,
      1100.0,
      900.0,
      700.0,
      500.0,
      300.0,
      100.0
    ],
    "mechanical_ventilation": [
      1.0,
      1.0,
      1.0,
      1.0,
      1.0,
      0.0,
      0.0,
      0.0
    ]
  },
  "actual_sofa_features": {
    "pao2_fio2_ratio": [
      74.4,
      75.39,
      82.72,
      83.77,
      110.24,
      111.49,
      115.53,
      128.12
    ],
    "platelet": [
      308.0,
      370.0,
      437.0,
      511.0
    ],
    "bilirubin_total": [
      0.7,
      0.8,
      1.0
    ],
    "vasopressor_rate": [
      0.05,
      0.11,
      0.15,
      0.25,
      0.26,
      0.34,
      0.43,
      0.5
    ],
    "gcs_total": [
      3.0,
      8.0,
      10.0,
      15.0
    ],
    "creatinine": [
      1.5,
      1.6,
      1.85,
      2.3,
      2.4,
      2.7
    ],
    "urine_output_ml": [
      27.0,
      28.0,
      30.0,
      33.0,
      35.0,
      38.0,
      50.0,
      55.0
    ],
    "mechanical_ventilation": [
      0.0
    ]
  },
  "predicted_sofa_scores": {
    "sofa_respiration": [
      1,
      1,
      1,
      1,
      1,
      4,
      4,
      4
    ],
    "sofa_coagulation": [
      1,
      1,
      1,
      2,
      2,
      2,
      2,
      2
    ],
    "sofa_liver": [
      1,
      2,
      2,
      2,
      2,
      2,
      2,
      2
    ],
    "sofa_cardiovascular": [
      1,
      1,
      1,
      1,
      1,
      1,
      1,
      0
    ],
    "sofa_cns": [
      2,
      1,
      1,
      1,
      0,
      0,
      0,
      0
    ],
    "sofa_renal": [
      1,
      1,
      1,
      1,
      2,
      2,
      1,
      2
    ]
  },
  "actual_sofa_scores": {
    "sofa_respiration": [
      4,
      4,
      4,
      4,
      3,
      3,
      3,
      3
    ],
    "sofa_coagulation": [
      0,
      0,
      0,
      0,
      4,
      4,
      4,
      4
    ],
    "sofa_liver": [
      0,
      0,
      0,
      0,
      0,
      0,
      0,
      0
    ],
    "sofa_cardiovascular": [
      1,
      1,
      1,
      1,
      1,
      1,
      1,
      1
    ],
    "sofa_cns": [
      4,
      3,
      2,
      0,
      4,
      4,
      4,
      4
    ],
    "sofa_renal": [
      1,
      1,
      1,
      2,
      2,
      2,
      3,
      3
    ]
  },
  "analysis": {
    "total_features_compared": 6,
    "features_with_valid_data": 6,
    "average_difference": 1.5
  },
  "debug_info": {
    "sofa_extraction_method": "intervention_analysis.sofa_related_features",
    "sofa_features_count": 8
  }
}