{
  "patient_id": "32675591",
  "timestamp": "2025-12-01T23:26:57.441269",
  "model_name": "gemma3:12b",
  "model_trust_score": 0.7815672206361602,
  "feature_differences": {
    "sofa_respiration": 2.375,
    "sofa_coagulation": 1.75,
    "sofa_liver": 1.875,
    "sofa_cardiovascular": 0.375,
    "sofa_cns": 1.0,
    "sofa_renal": 1.0
  },
  "predicted_sofa_features": {
    "pao2_fio2_ratio": [
      250.0,
      230.0,
      210.0,
      190.0,
      170.0,
      150.0,
      130.0,
      110.0
    ],
    "platelet": [
      180.0,
      160.0,
      140.0,
      120.0,
      100.0,
      80.0,
      60.0,
      40.0
    ],
    "bilirubin_total": [
      1.5,
      2.0,
      2.5,
      3.0,
      3.5,
      4.0,
      4.5,
      5.0
    ],
    "vasopressor_rate": [
      0.1,
      0.2,
      0.3,
      0.4,
      0.5,
      0.6,
      0.7,
      0.8
    ],
    "gcs_total": [
      12.0,
      11.0,
      9.0,
      7.0,
      6.0,
      5.0,
      4.0,
      3.0
    ],
    "creatinine": [
      1.0,
      1.5,
      2.0,
      2.5,
      3.0,
      2.8,
      2.6,
      2.4
    ],
    "urine_output_ml": [
      1500.0,
      1200.0,
      900.0,
      600.0,
      300.0,
      100.0,
      0.0,
      0.0
    ],
    "mechanical_ventilation": [
      0.0,
      0.0,
      1.0,
      1.0,
      1.0,
      1.0,
      1.0,
      1.0
    ]
  },
  "actual_sofa_features": {
    "pao2_fio2_ratio": [
      106.0,
      182.88,
      188.64
    ],
    "platelet": [
      126.0,
      130.0,
      153.0
    ],
    "bilirubin_total": [
      0.6
    ],
    "vasopressor_rate": [
      0.0,
      0.01,
      0.03,
      0.04,
      0.05,
      0.06
    ],
    "gcs_total": [
      3.0,
      8.0,
      9.0,
      10.0,
      15.0
    ],
    "creatinine": [
      0.6,
      0.7,
      0.8
    ],
    "urine_output_ml": [
      30.0,
      135.0,
      140.0,
      175.0,
      185.0,
      200.0,
      208.0,
      265.0
    ],
    "mechanical_ventilation": [
      0.0
    ]
  },
  "predicted_sofa_scores": {
    "sofa_respiration": [
      2,
      2,
      1,
      1,
      1,
      1,
      1,
      1
    ],
    "sofa_coagulation": [
      0,
      0,
      1,
      1,
      1,
      2,
      2,
      3
    ],
    "sofa_liver": [
      1,
      2,
      2,
      2,
      2,
      2,
      2,
      2
    ],
    "sofa_cardiovascular": [
      1,
      1,
      1,
      1,
      1,
      1,
      1,
      1
    ],
    "sofa_cns": [
      2,
      2,
      3,
      3,
      4,
      4,
      4,
      4
    ],
    "sofa_renal": [
      0,
      1,
      2,
      2,
      1,
      2,
      2,
      2
    ]
  },
  "actual_sofa_scores": {
    "sofa_respiration": [
      3,
      3,
      3,
      4,
      4,
      4,
      4,
      4
    ],
    "sofa_coagulation": [
      1,
      1,
      0,
      4,
      4,
      4,
      4,
      4
    ],
    "sofa_liver": [
      0,
      0,
      0,
      0,
      0,
      0,
      0,
      0
    ],
    "sofa_cardiovascular": [
      0,
      1,
      1,
      1,
      1,
      1,
      0,
      0
    ],
    "sofa_cns": [
      4,
      3,
      3,
      2,
      0,
      4,
      4,
      4
    ],
    "sofa_renal": [
      3,
      2,
      2,
      2,
      2,
      1,
      1,
      1
    ]
  },
  "analysis": {
    "total_features_compared": 6,
    "features_with_valid_data": 6,
    "average_difference": 1.3958333333333333
  },
  "debug_info": {
    "sofa_extraction_method": "intervention_analysis.sofa_related_features",
    "sofa_features_count": 8
  }
}