{
  "patient_id": "30983281",
  "timestamp": "2025-12-01T22:47:27.823770",
  "model_name": "gemma3:12b",
  "model_trust_score": 0.7359868314376716,
  "feature_differences": {
    "sofa_respiration": 2.125,
    "sofa_coagulation": 2.75,
    "sofa_liver": 2.375,
    "sofa_cardiovascular": 2.0,
    "sofa_cns": 0.875,
    "sofa_renal": 1.125
  },
  "predicted_sofa_features": {
    "pao2_fio2_ratio": [
      200.0,
      90.0,
      60.0,
      40.0,
      20.0,
      10.0,
      5.0,
      2.0
    ],
    "platelet": [
      100.0,
      80.0,
      60.0,
      40.0,
      8.0,
      0.0,
      0.0,
      0.0
    ],
    "bilirubin_total": [
      2.0,
      3.0,
      4.0,
      5.0,
      6.0,
      7.0,
      8.0,
      9.0
    ],
    "vasopressor_rate": [
      12.5,
      15.0,
      18.0,
      21.0,
      24.0,
      25.95,
      25.95,
      25.95
    ],
    "gcs_total": [
      10.0,
      8.0,
      6.0,
      4.0,
      2.0,
      1.0,
      1.0,
      1.0
    ],
    "creatinine": [
      1.5,
      5.0,
      8.0,
      10.0,
      12.0,
      14.0,
      16.0,
      18.0
    ],
    "urine_output_ml": [
      500.0,
      400.0,
      300.0,
      200.0,
      100.0,
      50.0,
      20.0,
      10.0
    ],
    "mechanical_ventilation": [
      0.0,
      1.0,
      1.0,
      1.0,
      1.0,
      1.0,
      1.0,
      1.0
    ]
  },
  "actual_sofa_features": {
    "pao2_fio2_ratio": [
      68.33,
      98.2,
      111.61,
      113.59,
      114.19,
      115.81,
      124.44,
      132.0
    ],
    "platelet": [
      143.0,
      149.0,
      153.0,
      164.0,
      165.0,
      166.0,
      167.0,
      168.0
    ],
    "bilirubin_total": [
      0.6,
      0.8,
      0.9,
      1.2
    ],
    "vasopressor_rate": [
      12.53,
      12.54,
      25.87,
      25.95
    ],
    "gcs_total": [
      3.0,
      10.0,
      15.0
    ],
    "creatinine": [
      1.1,
      1.2,
      1.3,
      1.4,
      1.5,
      1.7
    ],
    "urine_output_ml": [
      340.0,
      400.0,
      550.0,
      575.0,
      595.0,
      610.0,
      745.0,
      900.0
    ],
    "mechanical_ventilation": [
      0.0
    ]
  },
  "predicted_sofa_scores": {
    "sofa_respiration": [
      2,
      1,
      1,
      1,
      1,
      1,
      1,
      1
    ],
    "sofa_coagulation": [
      1,
      2,
      2,
      3,
      4,
      4,
      4,
      4
    ],
    "sofa_liver": [
      2,
      2,
      2,
      2,
      3,
      3,
      3,
      3
    ],
    "sofa_cardiovascular": [
      2,
      2,
      4,
      4,
      4,
      4,
      4,
      4
    ],
    "sofa_cns": [
      2,
      3,
      4,
      4,
      4,
      4,
      4,
      4
    ],
    "sofa_renal": [
      1,
      1,
      1,
      1,
      2,
      3,
      3,
      3
    ]
  },
  "actual_sofa_scores": {
    "sofa_respiration": [
      4,
      4,
      3,
      3,
      3,
      3,
      3,
      3
    ],
    "sofa_coagulation": [
      1,
      1,
      0,
      0,
      0,
      0,
      0,
      0
    ],
    "sofa_liver": [
      0,
      0,
      0,
      1,
      0,
      0,
      0,
      0
    ],
    "sofa_cardiovascular": [
      2,
      2,
      4,
      4,
      0,
      0,
      0,
      0
    ],
    "sofa_cns": [
      4,
      2,
      0,
      4,
      4,
      4,
      4,
      4
    ],
    "sofa_renal": [
      1,
      1,
      1,
      1,
      1,
      1,
      0,
      0
    ]
  },
  "analysis": {
    "total_features_compared": 6,
    "features_with_valid_data": 6,
    "average_difference": 1.875
  },
  "debug_info": {
    "sofa_extraction_method": "intervention_analysis.sofa_related_features",
    "sofa_features_count": 8
  }
}