{
  "patient_id": "38293345",
  "timestamp": "2025-12-02T03:08:50.201344",
  "model_name": "gemma3:12b",
  "model_trust_score": 0.8067025279416296,
  "feature_differences": {
    "sofa_respiration": 1.75,
    "sofa_coagulation": 1.25,
    "sofa_liver": 1.0,
    "sofa_cardiovascular": 0.625,
    "sofa_cns": 1.375,
    "sofa_renal": 1.0
  },
  "predicted_sofa_features": {
    "pao2_fio2_ratio": [
      280.0,
      250.0,
      220.0,
      190.0,
      160.0,
      130.0,
      100.0,
      70.0
    ],
    "platelet": [
      180.0,
      150.0,
      120.0,
      90.0,
      60.0,
      30.0,
      0.0,
      0.0
    ],
    "bilirubin_total": [
      1.5,
      2.0,
      2.5,
      3.0,
      3.5,
      4.0,
      4.5,
      5.0
    ],
    "vasopressor_rate": [
      0.0,
      0.0,
      0.0,
      0.1,
      0.2,
      0.3,
      0.4,
      0.5
    ],
    "gcs_total": [
      14.0,
      13.0,
      12.0,
      11.0,
      10.0,
      9.0,
      8.0,
      7.0
    ],
    "creatinine": [
      1.1,
      1.4,
      1.7,
      2.0,
      2.3,
      2.6,
      2.9,
      3.2
    ],
    "urine_output_ml": [
      1800.0,
      1500.0,
      1200.0,
      900.0,
      600.0,
      300.0,
      0.0,
      0.0
    ],
    "mechanical_ventilation": [
      0.0,
      0.0,
      0.0,
      1.0,
      1.0,
      1.0,
      1.0,
      1.0
    ]
  },
  "actual_sofa_features": {
    "pao2_fio2_ratio": [
      40.13,
      154.65,
      188.64,
      198.89,
      227.23,
      252.24
    ],
    "platelet": [
      60.0,
      65.0,
      66.0,
      67.0,
      70.0,
      71.0,
      72.0,
      76.0
    ],
    "bilirubin_total": [
      1.2,
      1.3,
      1.6,
      1.7,
      1.9,
      2.0
    ],
    "vasopressor_rate": [
      0.0
    ],
    "gcs_total": [
      3.0,
      8.0,
      10.0,
      11.0,
      14.0,
      15.0
    ],
    "creatinine": [
      3.8,
      4.0,
      4.2,
      4.3,
      4.4
    ],
    "urine_output_ml": [
      75.0,
      85.0,
      95.0,
      105.0,
      110.0,
      115.0,
      120.0,
      130.0
    ],
    "mechanical_ventilation": [
      0.0
    ]
  },
  "predicted_sofa_scores": {
    "sofa_respiration": [
      2,
      2,
      2,
      1,
      1,
      1,
      1,
      1
    ],
    "sofa_coagulation": [
      0,
      0,
      1,
      2,
      2,
      3,
      4,
      4
    ],
    "sofa_liver": [
      1,
      2,
      2,
      2,
      2,
      2,
      2,
      2
    ],
    "sofa_cardiovascular": [
      0,
      0,
      0,
      1,
      1,
      1,
      1,
      1
    ],
    "sofa_cns": [
      1,
      1,
      2,
      2,
      2,
      3,
      3,
      3
    ],
    "sofa_renal": [
      0,
      1,
      1,
      2,
      2,
      1,
      2,
      2
    ]
  },
  "actual_sofa_scores": {
    "sofa_respiration": [
      4,
      3,
      3,
      3,
      2,
      2,
      4,
      4
    ],
    "sofa_coagulation": [
      2,
      2,
      2,
      2,
      2,
      2,
      2,
      2
    ],
    "sofa_liver": [
      1,
      1,
      1,
      1,
      1,
      2,
      0,
      0
    ],
    "sofa_cardiovascular": [
      0,
      0,
      0,
      0,
      0,
      0,
      0,
      0
    ],
    "sofa_cns": [
      4,
      3,
      2,
      2,
      1,
      0,
      4,
      4
    ],
    "sofa_renal": [
      3,
      3,
      3,
      2,
      2,
      2,
      2,
      2
    ]
  },
  "analysis": {
    "total_features_compared": 6,
    "features_with_valid_data": 6,
    "average_difference": 1.1666666666666667
  },
  "debug_info": {
    "sofa_extraction_method": "intervention_analysis.sofa_related_features",
    "sofa_features_count": 8
  }
}