{
  "patient_id": "32115504",
  "timestamp": "2025-12-01T23:18:16.431768",
  "model_name": "gemma3:12b",
  "model_trust_score": 0.7881755349031991,
  "feature_differences": {
    "sofa_respiration": 2.625,
    "sofa_coagulation": 1.0,
    "sofa_liver": 1.375,
    "sofa_cardiovascular": 0.625,
    "sofa_cns": 1.0,
    "sofa_renal": 1.375
  },
  "predicted_sofa_features": {
    "pao2_fio2_ratio": [
      280.0,
      260.0,
      240.0,
      220.0,
      200.0,
      180.0,
      160.0,
      140.0
    ],
    "platelet": [
      120.0,
      100.0,
      80.0,
      60.0,
      40.0,
      20.0,
      0.0,
      0.0
    ],
    "bilirubin_total": [
      1.8,
      2.2,
      2.6,
      3.0,
      3.4,
      3.8,
      4.2,
      4.6
    ],
    "vasopressor_rate": [
      0.02,
      0.04,
      0.06,
      0.08,
      0.1,
      0.12,
      0.14,
      0.16
    ],
    "gcs_total": [
      12.0,
      10.0,
      8.0,
      6.0,
      4.0,
      2.0,
      0.0,
      0.0
    ],
    "creatinine": [
      1.4,
      2.0,
      2.8,
      3.8,
      4.8,
      5.8,
      6.8,
      7.8
    ],
    "urine_output_ml": [
      1500.0,
      1200.0,
      900.0,
      600.0,
      300.0,
      100.0,
      0.0,
      0.0
    ],
    "mechanical_ventilation": [
      0.0,
      0.0,
      1.0,
      1.0,
      1.0,
      1.0,
      1.0,
      1.0
    ]
  },
  "actual_sofa_features": {
    "pao2_fio2_ratio": [
      88.34,
      88.71,
      98.82,
      99.77,
      153.22
    ],
    "platelet": [
      239.0,
      240.0,
      292.0
    ],
    "bilirubin_total": [
      2.1,
      2.5,
      2.8
    ],
    "vasopressor_rate": [
      0.0,
      0.03,
      0.05,
      0.06
    ],
    "gcs_total": [
      6.0,
      8.0,
      10.0,
      15.0
    ],
    "creatinine": [
      1.3,
      1.5,
      1.7,
      1.8
    ],
    "urine_output_ml": [
      93.0,
      108.0,
      150.0,
      160.0,
      450.0,
      470.0,
      630.0,
      660.0
    ],
    "mechanical_ventilation": [
      0.0
    ]
  },
  "predicted_sofa_scores": {
    "sofa_respiration": [
      2,
      2,
      1,
      1,
      1,
      1,
      1,
      1
    ],
    "sofa_coagulation": [
      1,
      1,
      2,
      2,
      3,
      3,
      4,
      4
    ],
    "sofa_liver": [
      1,
      2,
      2,
      2,
      2,
      2,
      2,
      2
    ],
    "sofa_cardiovascular": [
      1,
      1,
      1,
      1,
      1,
      1,
      1,
      1
    ],
    "sofa_cns": [
      2,
      2,
      3,
      4,
      4,
      4,
      4,
      4
    ],
    "sofa_renal": [
      1,
      2,
      2,
      3,
      1,
      2,
      3,
      3
    ]
  },
  "actual_sofa_scores": {
    "sofa_respiration": [
      4,
      4,
      4,
      4,
      3,
      4,
      4,
      4
    ],
    "sofa_coagulation": [
      0,
      0,
      0,
      4,
      4,
      4,
      4,
      4
    ],
    "sofa_liver": [
      2,
      2,
      2,
      0,
      0,
      0,
      0,
      0
    ],
    "sofa_cardiovascular": [
      0,
      1,
      1,
      1,
      0,
      0,
      0,
      0
    ],
    "sofa_cns": [
      4,
      3,
      2,
      0,
      4,
      4,
      4,
      4
    ],
    "sofa_renal": [
      1,
      1,
      1,
      1,
      1,
      1,
      0,
      0
    ]
  },
  "analysis": {
    "total_features_compared": 6,
    "features_with_valid_data": 6,
    "average_difference": 1.3333333333333333
  },
  "debug_info": {
    "sofa_extraction_method": "intervention_analysis.sofa_related_features",
    "sofa_features_count": 8
  }
}