{
  "patient_id": "32154852",
  "timestamp": "2025-12-01T23:23:28.720276",
  "model_name": "gemma3:12b",
  "model_trust_score": 0.8373531084647127,
  "feature_differences": {
    "sofa_respiration": 1.375,
    "sofa_coagulation": 1.125,
    "sofa_liver": 0.125,
    "sofa_cardiovascular": 0.75,
    "sofa_cns": 1.5,
    "sofa_renal": 0.625
  },
  "predicted_sofa_features": {
    "pao2_fio2_ratio": [
      280.0,
      250.0,
      220.0,
      190.0,
      160.0,
      130.0,
      100.0,
      70.0
    ],
    "platelet": [
      120.0,
      100.0,
      80.0,
      60.0,
      40.0,
      20.0,
      10.0,
      5.0
    ],
    "bilirubin_total": [
      1.5,
      2.0,
      2.5,
      3.0,
      3.5,
      4.0,
      4.5,
      5.0
    ],
    "vasopressor_rate": [
      0.0,
      0.0,
      0.1,
      0.2,
      0.3,
      0.4,
      0.5,
      0.6
    ],
    "gcs_total": [
      14.0,
      13.0,
      12.0,
      11.0,
      10.0,
      9.0,
      8.0,
      7.0
    ],
    "creatinine": [
      1.1,
      1.3,
      1.5,
      1.7,
      1.9,
      2.1,
      2.3,
      2.5
    ],
    "urine_output_ml": [
      1800.0,
      1600.0,
      1400.0,
      1200.0,
      1000.0,
      800.0,
      600.0,
      400.0
    ],
    "mechanical_ventilation": [
      0.0,
      0.0,
      1.0,
      1.0,
      1.0,
      1.0,
      1.0,
      1.0
    ]
  },
  "actual_sofa_features": {
    "pao2_fio2_ratio": [
      112.45,
      116.5,
      160.23,
      162.59,
      173.12,
      195.35,
      227.78,
      316.57
    ],
    "platelet": [
      48.0,
      52.0,
      53.0,
      59.0,
      68.0,
      72.0,
      74.0,
      75.0
    ],
    "bilirubin_total": [
      3.1,
      3.2,
      3.6,
      3.7,
      3.8,
      3.9,
      4.0,
      4.5
    ],
    "vasopressor_rate": [
      0.0
    ],
    "gcs_total": [
      3.0,
      4.0,
      8.0,
      10.0,
      11.0,
      15.0
    ],
    "creatinine": [
      1.1,
      1.4,
      1.6,
      1.9,
      2.0,
      2.1,
      2.3,
      2.5
    ],
    "urine_output_ml": [
      25.0,
      40.0,
      50.0,
      65.0,
      70.0,
      85.0,
      90.0,
      95.0
    ],
    "mechanical_ventilation": [
      0.0
    ]
  },
  "predicted_sofa_scores": {
    "sofa_respiration": [
      2,
      2,
      1,
      1,
      1,
      1,
      1,
      1
    ],
    "sofa_coagulation": [
      1,
      1,
      2,
      2,
      3,
      3,
      4,
      4
    ],
    "sofa_liver": [
      1,
      2,
      2,
      2,
      2,
      2,
      2,
      2
    ],
    "sofa_cardiovascular": [
      0,
      0,
      1,
      1,
      1,
      1,
      1,
      1
    ],
    "sofa_cns": [
      1,
      1,
      2,
      2,
      2,
      3,
      3,
      3
    ],
    "sofa_renal": [
      0,
      1,
      1,
      1,
      1,
      2,
      2,
      1
    ]
  },
  "actual_sofa_scores": {
    "sofa_respiration": [
      3,
      3,
      3,
      3,
      3,
      3,
      2,
      1
    ],
    "sofa_coagulation": [
      3,
      2,
      2,
      2,
      2,
      2,
      2,
      2
    ],
    "sofa_liver": [
      2,
      2,
      2,
      2,
      2,
      2,
      2,
      2
    ],
    "sofa_cardiovascular": [
      0,
      0,
      0,
      0,
      0,
      0,
      0,
      0
    ],
    "sofa_cns": [
      4,
      4,
      3,
      2,
      2,
      0,
      4,
      4
    ],
    "sofa_renal": [
      3,
      1,
      1,
      1,
      2,
      2,
      2,
      2
    ]
  },
  "analysis": {
    "total_features_compared": 6,
    "features_with_valid_data": 6,
    "average_difference": 0.9166666666666666
  },
  "debug_info": {
    "sofa_extraction_method": "intervention_analysis.sofa_related_features",
    "sofa_features_count": 8
  }
}