{
  "patient_id": "32759002",
  "timestamp": "2025-12-01T23:32:06.807228",
  "model_name": "gemma3:12b",
  "model_trust_score": 0.7378050212699414,
  "feature_differences": {
    "sofa_respiration": 2.25,
    "sofa_coagulation": 2.75,
    "sofa_liver": 1.5,
    "sofa_cardiovascular": 1.0,
    "sofa_cns": 1.875,
    "sofa_renal": 1.75
  },
  "predicted_sofa_features": {
    "pao2_fio2_ratio": [
      280.0,
      310.0,
      330.0,
      345.0,
      355.0,
      360.0,
      362.0,
      361.0
    ],
    "platelet": [
      120.0,
      140.0,
      160.0,
      180.0,
      200.0,
      220.0,
      240.0,
      260.0
    ],
    "bilirubin_total": [
      2.0,
      1.8,
      1.6,
      1.4,
      1.2,
      1.0,
      0.8,
      0.6
    ],
    "vasopressor_rate": [
      10.0,
      8.0,
      6.0,
      4.0,
      2.0,
      1.0,
      0.5,
      0.2
    ],
    "gcs_total": [
      8.0,
      9.0,
      10.0,
      11.0,
      12.0,
      13.0,
      14.0,
      15.0
    ],
    "creatinine": [
      2.5,
      2.2,
      2.0,
      1.8,
      1.6,
      1.4,
      1.2,
      1.0
    ],
    "urine_output_ml": [
      500.0,
      800.0,
      1000.0,
      1200.0,
      1400.0,
      600.0,
      800.0,
      1000.0
    ],
    "mechanical_ventilation": [
      1.0,
      1.0,
      1.0,
      1.0,
      1.0,
      1.0,
      0.0,
      0.0
    ]
  },
  "actual_sofa_features": {
    "pao2_fio2_ratio": [
      75.06,
      98.95,
      105.54,
      121.25,
      125.56,
      138.21,
      238.91
    ],
    "platelet": [
      20.0,
      26.0,
      29.0,
      30.0,
      32.0,
      34.0,
      35.0,
      40.0
    ],
    "bilirubin_total": [
      2.8,
      2.9,
      3.3,
      3.9,
      4.9,
      5.7,
      7.6,
      10.7
    ],
    "vasopressor_rate": [
      0.0,
      2.0,
      3.0,
      4.03,
      5.03,
      10.0
    ],
    "gcs_total": [
      3.0,
      10.0,
      11.0,
      14.0,
      15.0
    ],
    "creatinine": [
      1.3,
      1.4,
      1.5
    ],
    "urine_output_ml": [
      0.0,
      5.0,
      7.0,
      10.0,
      15.0,
      25.0
    ],
    "mechanical_ventilation": [
      0.0
    ]
  },
  "predicted_sofa_scores": {
    "sofa_respiration": [
      1,
      1,
      1,
      1,
      1,
      1,
      1,
      1
    ],
    "sofa_coagulation": [
      1,
      1,
      0,
      0,
      0,
      0,
      0,
      0
    ],
    "sofa_liver": [
      2,
      1,
      1,
      1,
      1,
      0,
      0,
      0
    ],
    "sofa_cardiovascular": [
      2,
      2,
      2,
      1,
      1,
      1,
      1,
      1
    ],
    "sofa_cns": [
      3,
      3,
      2,
      2,
      2,
      1,
      1,
      0
    ],
    "sofa_renal": [
      2,
      2,
      2,
      1,
      1,
      1,
      1,
      0
    ]
  },
  "actual_sofa_scores": {
    "sofa_respiration": [
      4,
      4,
      3,
      3,
      3,
      3,
      2,
      4
    ],
    "sofa_coagulation": [
      3,
      3,
      3,
      3,
      3,
      3,
      3,
      3
    ],
    "sofa_liver": [
      2,
      2,
      2,
      2,
      2,
      2,
      3,
      3
    ],
    "sofa_cardiovascular": [
      0,
      1,
      1,
      1,
      2,
      2,
      0,
      0
    ],
    "sofa_cns": [
      4,
      2,
      2,
      1,
      0,
      4,
      4,
      4
    ],
    "sofa_renal": [
      1,
      1,
      1,
      3,
      3,
      3,
      3,
      3
    ]
  },
  "analysis": {
    "total_features_compared": 6,
    "features_with_valid_data": 6,
    "average_difference": 1.8541666666666667
  },
  "debug_info": {
    "sofa_extraction_method": "intervention_analysis.sofa_related_features",
    "sofa_features_count": 8
  }
}