{
  "patient_id": "35195734",
  "timestamp": "2025-12-02T00:50:04.509280",
  "model_name": "gemma3:12b",
  "model_trust_score": 0.7859532980488876,
  "feature_differences": {
    "sofa_respiration": 1.875,
    "sofa_coagulation": 1.0,
    "sofa_liver": 1.875,
    "sofa_cardiovascular": 0.75,
    "sofa_cns": 1.375,
    "sofa_renal": 1.25
  },
  "predicted_sofa_features": {
    "pao2_fio2_ratio": [
      280.0,
      250.0,
      220.0,
      190.0,
      160.0,
      130.0,
      100.0,
      70.0
    ],
    "platelet": [
      180.0,
      160.0,
      140.0,
      120.0,
      100.0,
      80.0,
      60.0,
      40.0
    ],
    "bilirubin_total": [
      1.5,
      2.0,
      2.5,
      3.0,
      3.5,
      4.0,
      4.5,
      5.0
    ],
    "vasopressor_rate": [
      0.0,
      0.0,
      0.1,
      0.2,
      0.3,
      0.4,
      0.5,
      0.6
    ],
    "gcs_total": [
      13.0,
      12.0,
      11.0,
      10.0,
      9.0,
      8.0,
      7.0,
      6.0
    ],
    "creatinine": [
      1.1,
      1.4,
      1.7,
      2.0,
      2.3,
      2.6,
      2.9,
      3.2
    ],
    "urine_output_ml": [
      1800.0,
      1500.0,
      1200.0,
      900.0,
      600.0,
      300.0,
      0.0,
      0.0
    ],
    "mechanical_ventilation": [
      0.0,
      0.0,
      0.0,
      1.0,
      1.0,
      1.0,
      1.0,
      1.0
    ]
  },
  "actual_sofa_features": {
    "pao2_fio2_ratio": [
      115.9,
      123.1,
      124.71,
      147.19,
      149.24,
      162.44
    ],
    "platelet": [
      99.0,
      101.0,
      107.0,
      111.0,
      128.0
    ],
    "bilirubin_total": [
      0.3,
      0.4
    ],
    "vasopressor_rate": [
      0.0
    ],
    "gcs_total": [
      3.0,
      8.0,
      9.0,
      14.0,
      15.0
    ],
    "creatinine": [
      0.6,
      0.7,
      0.8
    ],
    "urine_output_ml": [
      35.0,
      150.0,
      215.0,
      235.0,
      250.0,
      475.0,
      575.0,
      895.0
    ],
    "mechanical_ventilation": [
      0.0
    ]
  },
  "predicted_sofa_scores": {
    "sofa_respiration": [
      2,
      2,
      2,
      1,
      1,
      1,
      1,
      1
    ],
    "sofa_coagulation": [
      0,
      0,
      1,
      1,
      1,
      2,
      2,
      3
    ],
    "sofa_liver": [
      1,
      2,
      2,
      2,
      2,
      2,
      2,
      2
    ],
    "sofa_cardiovascular": [
      0,
      0,
      1,
      1,
      1,
      1,
      1,
      1
    ],
    "sofa_cns": [
      1,
      2,
      2,
      2,
      3,
      3,
      3,
      4
    ],
    "sofa_renal": [
      0,
      1,
      1,
      2,
      2,
      1,
      2,
      2
    ]
  },
  "actual_sofa_scores": {
    "sofa_respiration": [
      3,
      3,
      3,
      3,
      3,
      3,
      4,
      4
    ],
    "sofa_coagulation": [
      2,
      1,
      1,
      1,
      1,
      4,
      4,
      4
    ],
    "sofa_liver": [
      0,
      0,
      0,
      0,
      0,
      0,
      0,
      0
    ],
    "sofa_cardiovascular": [
      0,
      0,
      0,
      0,
      0,
      0,
      0,
      0
    ],
    "sofa_cns": [
      4,
      3,
      3,
      1,
      0,
      4,
      4,
      4
    ],
    "sofa_renal": [
      3,
      2,
      1,
      1,
      1,
      1,
      0,
      0
    ]
  },
  "analysis": {
    "total_features_compared": 6,
    "features_with_valid_data": 6,
    "average_difference": 1.3541666666666667
  },
  "debug_info": {
    "sofa_extraction_method": "intervention_analysis.sofa_related_features",
    "sofa_features_count": 8
  }
}