{
  "patient_id": "38322114",
  "timestamp": "2025-12-02T03:13:22.034515",
  "model_name": "gemma3:12b",
  "model_trust_score": 0.8241225081011271,
  "feature_differences": {
    "sofa_respiration": 2.0,
    "sofa_coagulation": 0.75,
    "sofa_liver": 1.875,
    "sofa_cardiovascular": 0.25,
    "sofa_cns": 0.875,
    "sofa_renal": 0.375
  },
  "predicted_sofa_features": {
    "pao2_fio2_ratio": [
      280.0,
      260.0,
      240.0,
      220.0,
      200.0,
      180.0,
      160.0,
      140.0
    ],
    "platelet": [
      120.0,
      100.0,
      80.0,
      60.0,
      40.0,
      20.0,
      0.0,
      0.0
    ],
    "bilirubin_total": [
      1.8,
      2.2,
      2.6,
      3.0,
      3.4,
      3.8,
      4.2,
      4.6
    ],
    "vasopressor_rate": [
      0.2,
      0.18,
      0.16,
      0.14,
      0.12,
      0.1,
      0.08,
      0.06
    ],
    "gcs_total": [
      12.0,
      11.0,
      10.0,
      9.0,
      8.0,
      7.0,
      6.0,
      5.0
    ],
    "creatinine": [
      1.4,
      1.6,
      1.8,
      2.0,
      2.2,
      2.4,
      2.6,
      2.8
    ],
    "urine_output_ml": [
      1500.0,
      1300.0,
      1100.0,
      900.0,
      700.0,
      500.0,
      300.0,
      100.0
    ],
    "mechanical_ventilation": [
      0.0,
      0.0,
      1.0,
      1.0,
      1.0,
      1.0,
      1.0,
      1.0
    ]
  },
  "actual_sofa_features": {
    "pao2_fio2_ratio": [
      77.35,
      82.53,
      100.0,
      107.89,
      107.95,
      110.04,
      115.0,
      180.0
    ],
    "platelet": [
      145.0,
      148.0
    ],
    "bilirubin_total": [
      0.3
    ],
    "vasopressor_rate": [
      0.0,
      0.03,
      0.08,
      0.15,
      0.2,
      0.22,
      0.25
    ],
    "gcs_total": [
      3.0,
      10.0,
      11.0,
      15.0
    ],
    "creatinine": [
      1.1,
      1.2,
      1.3
    ],
    "urine_output_ml": [
      95.0,
      110.0,
      120.0,
      130.0,
      150.0,
      160.0,
      170.0,
      175.0
    ],
    "mechanical_ventilation": [
      0.0
    ]
  },
  "predicted_sofa_scores": {
    "sofa_respiration": [
      2,
      2,
      1,
      1,
      1,
      1,
      1,
      1
    ],
    "sofa_coagulation": [
      1,
      1,
      2,
      2,
      3,
      3,
      4,
      4
    ],
    "sofa_liver": [
      1,
      2,
      2,
      2,
      2,
      2,
      2,
      2
    ],
    "sofa_cardiovascular": [
      1,
      1,
      1,
      1,
      1,
      1,
      1,
      1
    ],
    "sofa_cns": [
      2,
      2,
      2,
      3,
      3,
      3,
      4,
      4
    ],
    "sofa_renal": [
      1,
      1,
      1,
      2,
      2,
      2,
      1,
      2
    ]
  },
  "actual_sofa_scores": {
    "sofa_respiration": [
      4,
      4,
      3,
      3,
      3,
      3,
      3,
      3
    ],
    "sofa_coagulation": [
      1,
      1,
      4,
      4,
      4,
      4,
      4,
      4
    ],
    "sofa_liver": [
      0,
      0,
      0,
      0,
      0,
      0,
      0,
      0
    ],
    "sofa_cardiovascular": [
      0,
      1,
      1,
      1,
      1,
      1,
      1,
      0
    ],
    "sofa_cns": [
      4,
      2,
      2,
      0,
      4,
      4,
      4,
      4
    ],
    "sofa_renal": [
      3,
      1,
      1,
      2,
      2,
      2,
      2,
      2
    ]
  },
  "analysis": {
    "total_features_compared": 6,
    "features_with_valid_data": 6,
    "average_difference": 1.0208333333333333
  },
  "debug_info": {
    "sofa_extraction_method": "intervention_analysis.sofa_related_features",
    "sofa_features_count": 8
  }
}