{
  "patient_id": "32115504",
  "model_name": "qwen3:30b",
  "input_description": "ICU住院编号 32115504，对应患者编号 14851532，73岁男性，体重86.13333333333333kg。监测持续时间为 0 小时（共 7 次测量，每4小时一次）：【生命体征】心率变化：[50.5, 50.5]（单位：次/分）收缩压变化：[68.0, 68.0]（单位：mmHg）舒张压变化：[56.5, 56.5]（单位：mmHg）体温变化：[95.7, 95.7]（单位：℃）呼吸频率变化：[20.5, 20.5]（单位：次/分）血氧饱和度变化：[98.5, 98.5]（单位：%）平均动脉压变化：[60.33, 60.33]（单位：mmHg）【SOFA评分相关特征】氧合指数变化：[59.51, 59.51, 59.51, 59.51, 59.51, 59.51, 59.51]（单位：mmHg）机械通气使用情况：[0, 0, 0, 0, 0, 0, 0]（单位：）血小板计数变化：[250.0, 250.0, 250.0, 250.0, 250.0, 250.0, 250.0]（单位：×10³/μL）总胆红素变化：[3.0, 3.0, 3.0, 3.0, 3.0, 3.0, 3.0]（单位：mg/dL）血管活性药物使用剂量：[0.0, 0.0, 0.0, 0.0, 0.0, 0.0, 0.0]（单位：μg/kg/min）格拉斯哥昏迷评分变化：[15, 15, 15, 15, 15, 3, 3]（单位：分）血清肌酐变化：[1.6, 1.6, 1.6, 1.6, 1.6, 1.6, 1.6]（单位：mg/dL）尿量变化：[0.0, 0.0, 0.0, 0.0, 0.0, 140.0, 140.0]（单位：mL）【疾病评分】SOFA总分变化：[0, 0, 0, 0, 0, 8, 8]（单位：分）SIRS评分变化：[0, 0, 0, 0, 0, 3, 3]（单位：分）",
  "intervention": "立即启动去甲肾上腺素输注，初始剂量为0.0μg·kg⁻¹·min⁻¹，根据血压反应调整至最大0.06μg·kg⁻¹·min⁻¹，剂量调整间隔4小时，密切监测血压和器官灌注，剂量呈递增趋势，提示血管反应性下降，评估8小时内发生感染性休克的风险",
  "dynamic_confidence": 1.0,
  "total_confidence": 0.9182993920766336,
  "prediction": {
    "intervention_analysis": {
      "risk_level": "high",
      "sofa_related_features": {
        "pao2_fio2_ratio": [
          250.0,
          240.0,
          230.0,
          220.0,
          210.0,
          200.0,
          190.0,
          180.0
        ],
        "platelet": [
          120.0,
          115.0,
          110.0,
          105.0,
          100.0,
          95.0,
          90.0,
          85.0
        ],
        "bilirubin_total": [
          1.5,
          1.6,
          1.7,
          1.8,
          1.9,
          2.0,
          2.1,
          2.2
        ],
        "vasopressor_rate": [
          0.0,
          0.02,
          0.04,
          0.05,
          0.055,
          0.058,
          0.059,
          0.06
        ],
        "gcs_total": [
          12.0,
          11.5,
          11.0,
          10.5,
          10.0,
          9.5,
          9.0,
          8.5
        ],
        "creatinine": [
          1.5,
          1.6,
          1.7,
          1.8,
          1.9,
          2.0,
          2.1,
          2.2
        ],
        "urine_output_ml": [
          1500.0,
          1400.0,
          1300.0,
          1200.0,
          1100.0,
          1000.0,
          900.0,
          800.0
        ],
        "mechanical_ventilation": [
          0.0,
          0.0,
          0.0,
          1.0,
          1.0,
          1.0,
          1.0,
          1.0
        ]
      },
      "reasoning": "患者当前存在低血压、低体温及意识状态改变，SOFA评分显著升高，提示感染性休克风险高。干预措施包括立即启动去甲肾上腺素输注，初始剂量为0.0μg·kg⁻¹·min⁻¹，根据血压反应调整至最大0.06μg·kg⁻¹·min⁻¹，剂量调整间隔4小时。剂量呈递增趋势表明血管反应性下降，需密切监测血压和器官灌注。基于当前状态和干预措施，预测未来8小时内患者可能因血管活性药物剂量增加而出现血压波动，器官功能可能进一步恶化，但积极干预可减缓恶化速度。"
    },
    "sofa_scores_series": {
      "sofa_respiration": [
        2,
        2,
        2,
        1,
        1,
        1,
        1,
        1
      ],
      "sofa_coagulation": [
        1,
        1,
        1,
        1,
        1,
        2,
        2,
        2
      ],
      "sofa_liver": [
        1,
        1,
        1,
        1,
        1,
        2,
        2,
        2
      ],
      "sofa_cardiovascular": [
        0,
        1,
        1,
        1,
        1,
        1,
        1,
        1
      ],
      "sofa_cns": [
        2,
        2,
        2,
        2,
        2,
        3,
        3,
        3
      ],
      "sofa_renal": [
        1,
        1,
        1,
        1,
        1,
        2,
        2,
        2
      ]
    },
    "hourly_sofa_totals": {
      "0": 7,
      "1": 8,
      "2": 8,
      "3": 7,
      "4": 7,
      "5": 11,
      "6": 11,
      "7": 11
    },
    "sofa_scores": {
      "sofa_respiration": 1,
      "sofa_coagulation": 2,
      "sofa_liver": 2,
      "sofa_cardiovascular": 1,
      "sofa_cns": 3,
      "sofa_renal": 2,
      "sofa_total": 11
    }
  },
  "timestamp": 1766640106.4953964,
  "hourly_sofa_totals": {
    "0": 7,
    "1": 8,
    "2": 8,
    "3": 7,
    "4": 7,
    "5": 11,
    "6": 11,
    "7": 11
  },
  "predicted_sofa_scores": {
    "sofa_respiration": 1,
    "sofa_coagulation": 2,
    "sofa_liver": 2,
    "sofa_cardiovascular": 1,
    "sofa_cns": 3,
    "sofa_renal": 2,
    "sofa_total": 11
  },
  "predicted_sofa_scores_series": {
    "sofa_respiration": [
      2,
      2,
      2,
      1,
      1,
      1,
      1,
      1
    ],
    "sofa_coagulation": [
      1,
      1,
      1,
      1,
      1,
      2,
      2,
      2
    ],
    "sofa_liver": [
      1,
      1,
      1,
      1,
      1,
      2,
      2,
      2
    ],
    "sofa_cardiovascular": [
      0,
      1,
      1,
      1,
      1,
      1,
      1,
      1
    ],
    "sofa_cns": [
      2,
      2,
      2,
      2,
      2,
      3,
      3,
      3
    ],
    "sofa_renal": [
      1,
      1,
      1,
      1,
      1,
      2,
      2,
      2
    ]
  }
}