{
  "patient_id": "39816062",
  "model_name": "qwen3:30b",
  "input_description": "ICU住院编号 39816062，对应患者编号 17911943，19岁男性，体重73.0kg。监测持续时间为 0 小时（共 7 次测量，每4小时一次）：【生命体征】心率变化：[86.33, 86.33]（单位：次/分）收缩压变化：[78.0, 78.0]（单位：mmHg）舒张压变化：[62.0, 62.0]（单位：mmHg）体温变化：[98.75, 98.75]（单位：℃）呼吸频率变化：[17.67, 17.67]（单位：次/分）血氧饱和度变化：[100.0, 100.0]（单位：%）平均动脉压变化：[67.33, 67.33]（单位：mmHg）【SOFA评分相关特征】氧合指数变化：[311.17, 311.17, 311.17, 311.17, 311.17, 311.17, 311.17]（单位：mmHg）机械通气使用情况：[0, 0, 0, 0, 0, 0, 0]（单位：）血小板计数变化：[75.0, 109.0, 109.0, 109.0, 109.0, 109.0, 109.0]（单位：×10³/μL）总胆红素变化：[1.6, 1.6, 1.6, 1.6, 1.6, 1.6, 1.6]（单位：mg/dL）血管活性药物使用剂量：[0.0, 0.0, 0.0, 0.0, 0.0, 0.0, 0.0]（单位：μg/kg/min）格拉斯哥昏迷评分变化：[15, 15, 15, 15, 15, 15, 15]（单位：分）血清肌酐变化：[1.1, 1.1, 1.1, 1.1, 1.1, 1.1, 1.1]（单位：mg/dL）尿量变化：[0.0, 0.0, 0.0, 0.0, 0.0, 240.0, 240.0]（单位：mL）【疾病评分】SOFA总分变化：[0, 0, 0, 0, 2, 5, 5]（单位：分）SIRS评分变化：[0, 0, 0, 0, 1, 2, 2]（单位：分）",
  "intervention": "立即启动去甲肾上腺素输注，维持剂量为10.0μg·kg⁻¹·min⁻¹，剂量调整间隔2小时，密切监测血压和器官灌注，剂量呈递增趋势，提示血管反应性下降，评估8小时内发生感染性休克的风险",
  "dynamic_confidence": 0.5997426150609009,
  "total_confidence": 0.6389437880870374,
  "prediction": {
    "intervention_analysis": {
      "risk_level": "high",
      "sofa_related_features": {
        "pao2_fio2_ratio": [
          300.0,
          280.0,
          260.0,
          240.0,
          220.0,
          200.0,
          180.0,
          160.0
        ],
        "platelet": [
          150.0,
          140.0,
          130.0,
          120.0,
          110.0,
          100.0,
          90.0,
          80.0
        ],
        "bilirubin_total": [
          1.2,
          1.4,
          1.6,
          1.8,
          2.0,
          2.2,
          2.4,
          2.6
        ],
        "vasopressor_rate": [
          0.0,
          0.1,
          0.2,
          0.3,
          0.4,
          0.5,
          0.6,
          0.7
        ],
        "gcs_total": [
          15.0,
          14.0,
          13.0,
          12.0,
          11.0,
          10.0,
          9.0,
          8.0
        ],
        "creatinine": [
          1.0,
          1.2,
          1.4,
          1.6,
          1.8,
          2.0,
          2.2,
          2.4
        ],
        "urine_output_ml": [
          2000.0,
          1800.0,
          1600.0,
          1400.0,
          1200.0,
          1000.0,
          800.0,
          600.0
        ],
        "mechanical_ventilation": [
          0.0,
          0.0,
          1.0,
          1.0,
          1.0,
          1.0,
          1.0,
          1.0
        ]
      },
      "reasoning": "基于患者当前脓毒症状态，心率正常但血压显著降低，SOFA评分持续上升，血小板减少，提示感染性休克高风险。干预措施包括立即启动去甲肾上腺素输注，维持剂量为10.0μg·kg⁻¹·min⁻¹，剂量调整间隔2小时，密切监测血压和器官灌注。剂量呈递增趋势表明血管反应性下降，需警惕感染性休克的进展。未来8小时内，血压可能进一步下降，器官灌注不足，SOFA评分将继续上升，但积极的血管活性药物干预可能暂时稳定病情。然而，血管活性药物剂量增加提示病情恶化，需高度警惕。\n\n分析SOFA相关特征：\n- 氧合指数（PaO2/FiO2）可能因低灌注而下降，从300降至160；\n- 血小板计数可能继续减少，从150降至80；\n- 总胆红素可能上升，从1.2升至2.6；\n- 血管活性药物剂量递增，从0.0升至0.7；\n- 格拉斯哥昏迷评分（GCS）可能下降，从15降至8；\n- 血清肌酐可能上升，从1.0升至2.4；\n- 尿量可能减少，从2000降至600；\n- 机械通气可能从无到有，从0.0升至1.0。"
    },
    "sofa_scores_series": {
      "sofa_respiration": [
        1,
        2,
        1,
        1,
        1,
        1,
        1,
        1
      ],
      "sofa_coagulation": [
        0,
        1,
        1,
        1,
        1,
        1,
        2,
        2
      ],
      "sofa_liver": [
        1,
        1,
        1,
        1,
        2,
        2,
        2,
        2
      ],
      "sofa_cardiovascular": [
        0,
        1,
        1,
        1,
        1,
        1,
        1,
        1
      ],
      "sofa_cns": [
        0,
        1,
        1,
        2,
        2,
        2,
        3,
        3
      ],
      "sofa_renal": [
        0,
        1,
        1,
        1,
        1,
        2,
        2,
        2
      ]
    },
    "hourly_sofa_totals": {
      "0": 2,
      "1": 7,
      "2": 6,
      "3": 7,
      "4": 8,
      "5": 9,
      "6": 11,
      "7": 11
    },
    "sofa_scores": {
      "sofa_respiration": 1,
      "sofa_coagulation": 2,
      "sofa_liver": 2,
      "sofa_cardiovascular": 1,
      "sofa_cns": 3,
      "sofa_renal": 2,
      "sofa_total": 11
    }
  },
  "timestamp": 1766997967.569272,
  "hourly_sofa_totals": {
    "0": 2,
    "1": 7,
    "2": 6,
    "3": 7,
    "4": 8,
    "5": 9,
    "6": 11,
    "7": 11
  },
  "predicted_sofa_scores": {
    "sofa_respiration": 1,
    "sofa_coagulation": 2,
    "sofa_liver": 2,
    "sofa_cardiovascular": 1,
    "sofa_cns": 3,
    "sofa_renal": 2,
    "sofa_total": 11
  },
  "predicted_sofa_scores_series": {
    "sofa_respiration": [
      1,
      2,
      1,
      1,
      1,
      1,
      1,
      1
    ],
    "sofa_coagulation": [
      0,
      1,
      1,
      1,
      1,
      1,
      2,
      2
    ],
    "sofa_liver": [
      1,
      1,
      1,
      1,
      2,
      2,
      2,
      2
    ],
    "sofa_cardiovascular": [
      0,
      1,
      1,
      1,
      1,
      1,
      1,
      1
    ],
    "sofa_cns": [
      0,
      1,
      1,
      2,
      2,
      2,
      3,
      3
    ],
    "sofa_renal": [
      0,
      1,
      1,
      1,
      1,
      2,
      2,
      2
    ]
  }
}