{
  "patient_id": "32675591",
  "model_name": "qwen3:30b",
  "input_description": "ICU住院编号 32675591，对应患者编号 18455034，65岁女性，体重60.8kg。监测持续时间为 0 小时（共 7 次测量，每4小时一次）：【生命体征】心率变化：[131.5, 131.5]（单位：次/分）收缩压变化：[102.0, 102.0]（单位：mmHg）舒张压变化：[78.5, 78.5]（单位：mmHg）体温变化：[99.5, 99.5]（单位：℃）呼吸频率变化：[18.5, 18.5]（单位：次/分）血氧饱和度变化：[99.5, 99.5]（单位：%）平均动脉压变化：[86.33, 86.33]（单位：mmHg）【SOFA评分相关特征】氧合指数变化：[158.79, 158.79, 158.79, 158.79, 158.79, 158.79, 158.79]（单位：mmHg）机械通气使用情况：[0, 0, 0, 0, 0, 0, 0]（单位：）血小板计数变化：[157.0, 157.0, 157.0, 157.0, 157.0, 157.0, 157.0]（单位：×10³/μL）总胆红素变化：[0.6, 0.6, 0.6, 0.6, 0.6, 0.6, 0.6]（单位：mg/dL）血管活性药物使用剂量：[0.0, 0.0, 0.0, 0.0, 0.0, 0.05, 0.05]（单位：μg/kg/min）格拉斯哥昏迷评分变化：[15, 15, 15, 15, 15, 10, 10]（单位：分）血清肌酐变化：[0.8, 0.8, 0.8, 0.8, 0.8, 0.8, 0.8]（单位：mg/dL）尿量变化：[0.0, 0.0, 0.0, 0.0, 0.0, 25.0, 25.0]（单位：mL）【疾病评分】SOFA总分变化：[0, 0, 0, 0, 0, 5, 5]（单位：分）SIRS评分变化：[0, 0, 0, 0, 0, 3, 3]（单位：分）",
  "intervention": "立即启动去甲肾上腺素输注，初始剂量为0.1μg·kg⁻¹·min⁻¹，根据血压反应调整至最大0.06μg·kg⁻¹·min⁻¹，剂量调整间隔4小时，密切监测血压和器官灌注，评估8小时内发生感染性休克的风险",
  "dynamic_confidence": 0.5862437103477209,
  "total_confidence": 0.6281446643164936,
  "prediction": {
    "intervention_analysis": {
      "risk_level": "high",
      "sofa_related_features": {
        "pao2_fio2_ratio": [
          320.0,
          300.0,
          280.0,
          260.0,
          240.0,
          220.0,
          200.0,
          180.0
        ],
        "platelet": [
          145.0,
          135.0,
          125.0,
          115.0,
          105.0,
          95.0,
          85.0,
          75.0
        ],
        "bilirubin_total": [
          1.3,
          1.5,
          1.7,
          1.9,
          2.1,
          2.3,
          2.5,
          2.7
        ],
        "vasopressor_rate": [
          0.05,
          0.055,
          0.06,
          0.06,
          0.06,
          0.06,
          0.06,
          0.06
        ],
        "gcs_total": [
          10.0,
          9.5,
          9.0,
          8.5,
          8.0,
          7.5,
          7.0,
          6.5
        ],
        "creatinine": [
          1.1,
          1.3,
          1.5,
          1.7,
          1.9,
          2.1,
          2.3,
          2.5
        ],
        "urine_output_ml": [
          1900.0,
          1700.0,
          1500.0,
          1300.0,
          1100.0,
          900.0,
          700.0,
          500.0
        ],
        "mechanical_ventilation": [
          0.0,
          0.0,
          0.0,
          1.0,
          1.0,
          1.0,
          1.0,
          1.0
        ]
      },
      "reasoning": "基于患者当前脓毒症状态（SOFA评分5分，SIRS评分3分，GCS 10分，血管活性药物0.05 μg/kg/min），提示感染性休克已进展。干预措施为启动去甲肾上腺素输注，初始剂量0.1μg/kg/min，但最大剂量限制为0.06μg/kg/min，这表明当前血压控制存在挑战。初始剂量高于最大允许值，可能影响血压稳定性。未来8小时需密切监测血压和器官灌注，评估感染性休克恶化风险。SOFA评分相关指标中，氧合指数、血小板、胆红素等指标可能进一步恶化，血管活性药物剂量可能增加，GCS可能下降，肌酐和尿量可能恶化，机械通气可能持续或增加。"
    },
    "sofa_scores_series": {
      "sofa_respiration": [
        1,
        1,
        2,
        1,
        1,
        1,
        1,
        1
      ],
      "sofa_coagulation": [
        1,
        1,
        1,
        1,
        1,
        2,
        2,
        2
      ],
      "sofa_liver": [
        1,
        1,
        1,
        1,
        2,
        2,
        2,
        2
      ],
      "sofa_cardiovascular": [
        1,
        1,
        1,
        1,
        1,
        1,
        1,
        1
      ],
      "sofa_cns": [
        2,
        3,
        3,
        3,
        3,
        3,
        3,
        4
      ],
      "sofa_renal": [
        0,
        1,
        1,
        1,
        1,
        2,
        2,
        2
      ]
    },
    "hourly_sofa_totals": {
      "0": 6,
      "1": 8,
      "2": 9,
      "3": 8,
      "4": 9,
      "5": 11,
      "6": 11,
      "7": 12
    },
    "sofa_scores": {
      "sofa_respiration": 1,
      "sofa_coagulation": 2,
      "sofa_liver": 2,
      "sofa_cardiovascular": 1,
      "sofa_cns": 4,
      "sofa_renal": 2,
      "sofa_total": 12
    }
  },
  "timestamp": 1772787216.6423786,
  "hourly_sofa_totals": {
    "0": 6,
    "1": 8,
    "2": 9,
    "3": 8,
    "4": 9,
    "5": 11,
    "6": 11,
    "7": 12
  },
  "predicted_sofa_scores": {
    "sofa_respiration": 1,
    "sofa_coagulation": 2,
    "sofa_liver": 2,
    "sofa_cardiovascular": 1,
    "sofa_cns": 4,
    "sofa_renal": 2,
    "sofa_total": 12
  },
  "predicted_sofa_scores_series": {
    "sofa_respiration": [
      1,
      1,
      2,
      1,
      1,
      1,
      1,
      1
    ],
    "sofa_coagulation": [
      1,
      1,
      1,
      1,
      1,
      2,
      2,
      2
    ],
    "sofa_liver": [
      1,
      1,
      1,
      1,
      2,
      2,
      2,
      2
    ],
    "sofa_cardiovascular": [
      1,
      1,
      1,
      1,
      1,
      1,
      1,
      1
    ],
    "sofa_cns": [
      2,
      3,
      3,
      3,
      3,
      3,
      3,
      4
    ],
    "sofa_renal": [
      0,
      1,
      1,
      1,
      1,
      2,
      2,
      2
    ]
  }
}