{
  "timestamp": "2025-12-25 12:13:00",
  "model_name": "deepseek-r1:32b",
  "prediction_model_name": "gemma3:12b",
  "patient_id": "30983281",
  "input_description": "ICU住院编号 30983281，对应患者编号 11501310，48岁男性，体重138.0kg。监测持续时间为 0 小时（共 7 次测量，每4小时一次）：【生命体征】心率变化：[116.0, 116.0]（单位：次/分）收缩压变化：[61.6, 61.6]（单位：mmHg）舒张压变化：[56.2, 56.2]（单位：mmHg）体温变化：[N/A, N/A]（单位：℃）呼吸频率变化：[16.8, 16.8]（单位：次/分）血氧饱和度变化：[100.0, 100.0]（单位：%）平均动脉压变化：[58.0, 58.0]（单位：mmHg）【SOFA评分相关特征】氧合指数变化：[122.6, 122.6, 122.6, 122.6, 122.6, 122.6, 122.6]（单位：mmHg）机械通气使用情况：[0, 0, 0, 0, 0, 0, 0]（单位：）血小板计数变化：[231.0, 165.0, 191.0, 191.0, 191.0, 191.0, 191.0]（单位：×10³/μL）总胆红素变化：[0.8, 0.8, 0.8, 0.8, 0.8, 0.8, 0.8]（单位：mg/dL）血管活性药物使用剂量：[0.0, 0.0, 0.0, 0.0, 0.0, 25.02, 25.02]（单位：μg/kg/min）格拉斯哥昏迷评分变化：[15, 15, 15, 15, 15, 3, 3]（单位：分）血清肌酐变化：[1.1, 1.1, 1.2, 1.2, 1.2, 1.2, 1.2]（单位：mg/dL）尿量变化：[0.0, 0.0, 0.0, 0.0, 0.0, 125.0, 125.0]（单位：mL）【疾病评分】SOFA总分变化：[1, 0, 1, 0, 0, 6, 6]（单位：分）SIRS评分变化：[0, 0, 0, 0, 1, 2, 2]（单位：分）",
  "intervention": "立即启动去甲肾上腺素输注，初始剂量为12.5μg·kg⁻¹·min⁻¹，根据血压反应调整至最大25.95μg·kg⁻¹·min⁻¹，剂量调整间隔1小时，密切监测血压和器官灌注，剂量呈递增趋势，提示血管反应性下降，评估8小时内发生感染性休克的风险",
  "evaluator_trust": {
    "a": 0.6999999999999997,
    "counterfactual_runs": 6,
    "dynamic_confidence": 0.531375968848915,
    "total_confidence": 0.7101857006096935
  },
  "prediction_trust": {
    "a": 0.6999999999999997,
    "counterfactual_runs": 6,
    "dynamic_confidence": 0.45077664430526293,
    "total_confidence": 0.6878992941404135
  },
  "predicted_vital_signs": {
    "pao2_fio2_ratio": [
      200.0,
      90.0,
      60.0,
      40.0,
      20.0,
      10.0,
      5.0,
      2.0
    ],
    "platelet": [
      100.0,
      80.0,
      60.0,
      40.0,
      8.0,
      0.0,
      0.0,
      0.0
    ],
    "bilirubin_total": [
      2.0,
      3.0,
      4.0,
      5.0,
      6.0,
      7.0,
      8.0,
      9.0
    ],
    "vasopressor_rate": [
      12.5,
      15.0,
      18.0,
      21.0,
      24.0,
      25.95,
      25.95,
      25.95
    ],
    "gcs_total": [
      10.0,
      8.0,
      6.0,
      4.0,
      2.0,
      1.0,
      1.0,
      1.0
    ],
    "creatinine": [
      1.5,
      5.0,
      8.0,
      10.0,
      12.0,
      14.0,
      16.0,
      18.0
    ],
    "urine_output_ml": [
      500.0,
      400.0,
      300.0,
      200.0,
      100.0,
      50.0,
      20.0,
      10.0
    ],
    "mechanical_ventilation": [
      0.0,
      1.0,
      1.0,
      1.0,
      1.0,
      1.0,
      1.0,
      1.0
    ]
  },
  "confidence_score": 0.3,
  "evaluation": {
    "success": true,
    "model_output": "Thinking...\n好，我现在要评估这个患者SOFA相关指标预测数据的合理性。首先，我得仔细看看提供的信息。\n\n患者的入院前信息显示他是个48岁男性，体重138kg，进入ICU的时间是监测持续时间为0小时，也就是刚入住的时候就开始监测了，每四小时一次，共7次测量。生命体征方面，心率稳定在116次/分，收缩压和舒张压都是比较低的，分别为61.6和56.2 mmHg，平均动脉压是58mmHg，这可能提示有低血压的情况。\n\n氧合指数一直是122.6 mmHg，说明他没有使用机械通气，因为机械通气使用情况显示都是0。血小板计数在下降，从231降到191，再到165，这可能有问题。总胆红素保持在0.8 mg/dL，正常范围内。血管活性药物的使用一开始是0，后来两次达到25.02 μg/kg/min，可能是开始用去甲肾上腺素。\n\n格拉斯哥昏迷评分从15分突然降到3分，这可能意味着患者意识状态急剧恶化。血清肌酐在入院前有轻微上升，从1.1到1.2 mg/dL。尿量一开始是0，后来两次达到125 mL，说明可能肾脏开始排尿了。\n\nSOFA总分变化显示波动较大，SIRS评分也在逐渐增加，提示炎症反应可能在加重。\n\n接下来的干预措施是立即启动去甲肾上腺素输注，初始剂量为12.5 μg/kg/min，逐步调整到最大25.95。预期是通过提升血压来改善器官灌注，评估感染性休克风险。\n\n现在来看预测的SOFA相关指标变化：\n\n- **pao2_fio2_ratio（氧合指数）**：从200降到2，这个下降趋势非常剧烈，而且在第7次测量时只有5和2，这明显不合理。正常情况下，这样的急剧下降会导致严重的低氧血症，需要机械通气支持。\n  \n- **platelet（血小板计数）**：从100降到0，这可能与DIC有关，但预测中并没有显示使用抗凝治疗或其他相关措施，所以这个下降速度是否合理呢？正常情况下，血小板减少可能是由多种因素引起的，但急剧到零需要更详细的支持。\n  \n- **bilirubin_total（总胆红素）**：从2一直升到9，这可能提示肝功能恶化，但初始值是0.8，这样的上升幅度在短时间内是否合理？尤其是患者没有明显的肝病史的情况下。\n  \n- **vasopressor_rate（血管活性药物剂量）**：逐渐增加，直到达到最大剂量。这个趋势合理，符合干预措施的预期，即逐步上调以维持血压。\n  \n- **gcs_total（格拉斯哥评分）**：从10降到1，这提示患者意识状态迅速恶化，可能与脑灌注不足或其他神经系统损伤有关。但这种急剧下降是否与其他指标的变化同步呢？\n  \n- **creatinine（血清肌酐）**：逐步上升到18 mg/dL，这提示肾功能严重受损，但在干预中尿量反而在减少，从500降到10，这可能合理，因为肾脏灌注不足导致尿量减少，但血清肌酐的快速升高是否与其他指标如尿量下降一致？\n  \n- **urine_output_ml（尿量）**：开始很高，然后逐渐降低，最终到10 mL。这可能反映了肾脏功能逐渐恶化，尤其是在血管活性药物使用的情况下。\n  \n- **mechanical_ventilation（机械通气）**：从0变为1并持续下去，说明在干预后患者需要机械通气支持，因为氧合指数急剧下降。\n\n接下来分析各项因素：\n\n1. 各项SOFA相关指标的数值是否合理：\n   - 氧合指数从200降到2，这不合理。正常情况下，氧合指数低于300通常提示低氧血症，需要机械通气，但这个预测中的数值下降过快且过于极端。\n   - 血小板急剧下降到零可能不太合理，除非有明确的DIC或其他原因支持。\n   - 胆红素从2升到9可能太快，尤其是在没有肝病的情况下。\n   - 血管活性药物剂量合理，符合预期。\n   - 格拉斯哥评分迅速下降至1分，这可能与其他指标如脑灌注不足有关，但需要其他指标（如神经系统检查）的支持。\n   - 肌酐快速上升和尿量减少可以相互支持，提示肾功能恶化。\n\n2. 干预措施的预期效果与SOFA变化趋势的一致性：\n   - 开始使用去甲肾上腺素，剂量逐步增加，这与血管活性药物剂量的趋势一致。但氧合指数的急剧下降可能不完全符合预期，除非有其他并发症如急性呼吸窘迫综合征（ARDS）发生。\n   \n3. SOFA各组件之间的逻辑一致性：\n   - 呼吸功能恶化（氧合指数下降）、循环支持增加、肾功能恶化、神经系统恶化，这些系统指标的变化是否协调？患者在使用血管活性药物同时，可能出现了多器官功能障碍。但氧合指数急剧下降和机械通气的启用是否合理？\n\n4. 整体趋势是否符合临床改善预期：\n   - 预测显示患者状况持续恶化，SOFA评分增加，SIRS评分也上升，这表明炎症反应加剧和多器官功能衰竭。虽然干预措施可能在循环方面有所支持，但其他系统的恶化似乎没有得到控制，导致整体情况变差。\n\n5. 数据单位统一性：\n   - 所有指标的单位都正确，没有问题。\n\n6. 时间序列数据的变化幅度合理性：\n   - 氧合指数从200降到90在第2次测量时，随后持续下降，这可能过快。正常情况下，氧合指数的急剧下降需要明确的原因如肺部感染、ARDS等。\n   - 血小板迅速减少到零也是不常见的，除非有DIC或严重出血情况。\n   - 总胆红素每天增加1 mg/dL，这在肝功能恶化时可能合理，但初始值是0.8，快速上升可能意味着急性问题。\n\n7. 数值精确度：\n   - 所有数值都以小数点后一位显示，符合医学记录的常规做法。\n\n综合来看，预测数据中存在一些不合理之处，如氧合指数和血小板的急剧变化、总胆红素的过快上升。这些指标的变化幅度在短时间内可能不太合理，除非有明确的原因支持，比如急性并发症的发生。同时，格拉斯哥评分的急剧下降也缺乏足够的支持性证据。\n\n因此，整体置信度评分应该较低。\n...done thinking.\n\n置信度评分：0.3\n\n分析理由：\n\n1. **氧合指数（pao2_fio2_ratio）**：预测显示从200急剧下降到2，这在临床中极为罕见且不合理。通常，氧合指数的显著下降会伴随机械通气的需求，但此处的变化过于极端。\n\n2. **血小板计数（platelet）**：从100降到0的趋势不常见，除非有DIC或其他严重出血情况的支持，而预测数据中未提及这些因素。\n\n3. **总胆红素（bilirubin_total）**：从2升到9的速度过快，尤其是在没有肝病的情况下，这可能不合理。\n\n4. **格拉斯哥评分（gcs_total）**：急剧下降至1分缺乏明确的支持性证据，需要其他神经系统指标的配合。\n\n5. **血清肌酐和尿量**：肌酐上升与尿量减少的趋势合理，提示肾功能恶化。\n\n6. **血管活性药物剂量**：合理，符合干预措施预期。\n\n7. **机械通气启用**：合理，因为氧合指数下降导致低氧血症。\n\n8. **时间序列变化幅度**：氧合指数和胆红素的剧烈变化在短时间内不太合理。\n\n9. **数值精确度**：正确，使用小数点后一位符合常规记录。\n\n整体预测显示多器官功能恶化，但部分指标的变化缺乏合理性，因此置信度较低。",
    "error": null
  },
  "key_reasons": [
    "好，我现在要评估这个患者SOFA相关指标预测数据的合理性。首先，我得仔细看看提供的信息。",
    "氧合指数一直是122.6 mmHg，说明他没有使用机械通气，因为机械通气使用情况显示都是0。血小板计数在下降，从231降到191，再到165，这可能有问题。总胆红素保持在0.8 mg/dL，正常范围内。血管活性药物的使用一开始是0，后来两次达到25.02 μg/kg/min，可能是开始用去甲肾上腺素。",
    "格拉斯哥昏迷评分从15分突然降到3分，这可能意味着患者意识状态急剧恶化。血清肌酐在入院前有轻微上升，从1.1到1.2 mg/dL。尿量一开始是0，后来两次达到125 mL，说明可能肾脏开始排尿了。"
  ]
}