{
  "timestamp": "2025-12-25 12:14:39",
  "model_name": "deepseek-r1:32b",
  "prediction_model_name": "deepseek-r1:32b",
  "patient_id": "30983281",
  "input_description": "ICU住院编号 30983281，对应患者编号 11501310，48岁男性，体重138.0kg。监测持续时间为 0 小时（共 7 次测量，每4小时一次）：【生命体征】心率变化：[116.0, 116.0]（单位：次/分）收缩压变化：[61.6, 61.6]（单位：mmHg）舒张压变化：[56.2, 56.2]（单位：mmHg）体温变化：[N/A, N/A]（单位：℃）呼吸频率变化：[16.8, 16.8]（单位：次/分）血氧饱和度变化：[100.0, 100.0]（单位：%）平均动脉压变化：[58.0, 58.0]（单位：mmHg）【SOFA评分相关特征】氧合指数变化：[122.6, 122.6, 122.6, 122.6, 122.6, 122.6, 122.6]（单位：mmHg）机械通气使用情况：[0, 0, 0, 0, 0, 0, 0]（单位：）血小板计数变化：[231.0, 165.0, 191.0, 191.0, 191.0, 191.0, 191.0]（单位：×10³/μL）总胆红素变化：[0.8, 0.8, 0.8, 0.8, 0.8, 0.8, 0.8]（单位：mg/dL）血管活性药物使用剂量：[0.0, 0.0, 0.0, 0.0, 0.0, 25.02, 25.02]（单位：μg/kg/min）格拉斯哥昏迷评分变化：[15, 15, 15, 15, 15, 3, 3]（单位：分）血清肌酐变化：[1.1, 1.1, 1.2, 1.2, 1.2, 1.2, 1.2]（单位：mg/dL）尿量变化：[0.0, 0.0, 0.0, 0.0, 0.0, 125.0, 125.0]（单位：mL）【疾病评分】SOFA总分变化：[1, 0, 1, 0, 0, 6, 6]（单位：分）SIRS评分变化：[0, 0, 0, 0, 1, 2, 2]（单位：分）",
  "intervention": "立即启动去甲肾上腺素输注，初始剂量为12.5μg·kg⁻¹·min⁻¹，根据血压反应调整至最大25.95μg·kg⁻¹·min⁻¹，剂量调整间隔1小时，密切监测血压和器官灌注，剂量呈递增趋势，提示血管反应性下降，评估8小时内发生感染性休克的风险",
  "evaluator_trust": {
    "a": 0.6999999999999997,
    "counterfactual_runs": 6,
    "dynamic_confidence": 0.531375968848915,
    "total_confidence": 0.7101857006096935
  },
  "prediction_trust": {
    "a": 0.6999999999999997,
    "counterfactual_runs": 6,
    "dynamic_confidence": 0.531375968848915,
    "total_confidence": 0.7101857006096935
  },
  "predicted_vital_signs": {
    "pao2_fio2_ratio": [
      300.0,
      290.0,
      280.0,
      270.0,
      260.0,
      250.0,
      240.0,
      230.0
    ],
    "platelet": [
      150.0,
      140.0,
      130.0,
      120.0,
      110.0,
      100.0,
      90.0,
      80.0
    ],
    "bilirubin_total": [
      1.2,
      1.5,
      1.8,
      2.1,
      2.4,
      2.7,
      3.0,
      3.3
    ],
    "vasopressor_rate": [
      12.5,
      15.0,
      17.5,
      20.0,
      22.5,
      25.0,
      25.95,
      25.95
    ],
    "gcs_total": [
      13.0,
      12.0,
      11.0,
      10.0,
      9.0,
      8.0,
      7.0,
      6.0
    ],
    "creatinine": [
      1.2,
      1.4,
      1.6,
      1.8,
      2.0,
      2.2,
      2.5,
      2.8
    ],
    "urine_output_ml": [
      2000.0,
      1800.0,
      1600.0,
      1400.0,
      1200.0,
      1000.0,
      800.0,
      600.0
    ],
    "mechanical_ventilation": [
      1.0,
      1.0,
      1.0,
      1.0,
      1.0,
      1.0,
      1.0,
      1.0
    ]
  },
  "confidence_score": 0.75,
  "evaluation": {
    "success": true,
    "model_output": "Thinking...\n好的，我现在需要评估预测的SOFA相关指标数据是否合理。首先，我先仔细阅读用户提供的所有信息。\n\n患者是一个48岁的男性，体重138kg，入院前的数据包括生命体征、实验室检查和SOFA评分等。监测持续时间为0小时，共7次测量，每4小时一次。各项指标看起来比较稳定，除了血管活性药物使用剂量在最后两次测量中有25.02μg/kg/min，格拉斯哥昏迷评分从15降到3，尿量从0升到125ml。\n\n计划实施的干预措施是启动去甲肾上腺素输注，初始剂量12.5μg·kg⁻¹·min⁻¹，逐步增加至最大25.95μg/kg/min，并密切监测血压和器官灌注。预期是在8小时内评估感染性休克的风险。\n\n预测的干预后SOFA相关指标包括氧合指数、血小板计数、总胆红素、血管活性药物使用剂量、格拉斯哥昏迷评分、血清肌酐、尿量，以及机械通气情况的变化。\n\n接下来，我需要逐一分析这些预测数据是否合理：\n\n1. **各项SOFA指标的医学范围**：\n   - 氧合指数（pao2_fio2_ratio）：正常值通常在300以上，但随着病情变化可能下降。预测显示从300逐渐降到230，这在重症患者中是合理的。\n   - 血小板计数：150到80×10³/μL，属于轻度减少，符合败血症患者的常见情况。\n   - 总胆红素：从1.2升至3.3mg/dL，可能提示肝功能受损或溶血，但进展速度似乎较快，需要注意。\n   - 血管活性药物剂量逐渐增加，达到最大值后保持不变，合理。\n   - 格拉斯哥昏迷评分下降到6分，显示神经系统恶化，符合严重感染或休克的情况。\n   - 血清肌酐上升至2.8mg/dL，提示肾功能受损，但考虑到患者有高体重和可能的肾脏负担，这个变化是有可能的。\n   - 尿量显著增加到2000ml，这在使用利尿剂或改善灌注后可能出现，但如果血压不稳定，大量尿液可能不太合理。\n\n2. **干预措施与指标变化的一致性**：\n   使用去甲肾上腺素应有助于提升血压和器官灌注。预测中的血管活性药物剂量增加，同时氧合指数下降，这可能意味着尽管增加了支持治疗，但感染或休克状态仍在恶化。然而，尿量的显著增加可能与其他因素有关，如利尿剂使用或其他干预措施。\n\n3. **各系统指标协调性**：\n   - 呼吸：氧合指数下降，机械通气持续使用，显示呼吸功能恶化。\n   - 循环：血管活性药物剂量增加，但血压是否稳定？初始监测中的收缩压是61.6mmHg，可能过低，干预后应该有所改善，但预测中没有直接的血压数据。\n   - 肾脏：肌酐上升和尿量变化需要协调。如果肾脏灌注改善，尿量应增加；但如果肾功能恶化，尿量可能减少或波动。预测中的尿量增加到2000ml，随后逐渐下降，这可能与利尿剂或其他治疗有关。\n   - 肝脏：总胆红素上升提示肝功能受损，但需要考虑其他因素如溶血、胆道梗阻等。\n\n4. **整体趋势和临床预期**：\n   干预措施旨在改善循环状态，预防感染性休克。预测中各项指标显示恶化（SOFA评分增加，SIRS评分增加），这可能意味着干预未能有效控制病情，或者患者状况继续恶化。这是有可能的，尤其是如果存在耐药菌感染或其他并发症。\n\n5. **数据单位和时间序列合理性**：\n   所有单位看起来正确，如mmHg、mg/dL等。时间序列上，各项指标的变化幅度在每小时或每4小时内变化不大，但某些指标如尿量从0升到2000ml可能在短时间内急剧增加，是否合理需要考虑具体治疗措施。\n\n6. **数值精确度**：\n   大部分数据保留了一位小数，符合临床习惯。尿量的精确度（如2000.0）可能略显过高，但在监测中是可以接受的。\n\n综合来看，预测的数据大部分在合理的医学范围内，并且干预措施与指标变化趋势有一定的一致性。然而，某些指标的变化速度和幅度可能存在不合理之处，例如总胆红素的快速上升和尿量的显著增加可能需要进一步验证是否符合患者的临床情况。\n...done thinking.\n\n置信度评分：0.75\n\n分析理由：\n1. **各项SOFA相关指标数值合理性**：\n   - 氧合指数、血小板计数、血管活性药物剂量、格拉斯哥昏迷评分和机械通气状态的变化均在合理范围内，符合临床常见情况。\n   - 血清肌酐和尿量的上升趋势合理，但尿量从0升至2000ml可能存在较大跳跃，需进一步核实。\n\n2. **干预措施与指标变化的一致性**：\n   使用去甲肾上腺素旨在提升血压和灌注，预测中的血管活性药物剂量增加符合预期。然而，氧合指数下降可能提示病情恶化，这可能与其他因素如感染或器官功能障碍有关。\n\n3. **系统指标协调性**：\n   - 呼吸、循环、肾脏和神经系统指标的变化相互关联，但尿量的显著增加需结合其他治疗措施解释。\n   - 总胆红素的快速上升可能提示肝功能受损或其他并发症，需要进一步评估。\n\n4. **整体趋势与临床预期**：\n   预测显示患者状况恶化，符合感染性休克风险增高的情况。干预措施未能有效改善病情，这在临床上是有可能的，尤其是当存在复杂病因时。\n\n5. **时间序列和数值精确度**：\n   时间序列中各项指标的变化幅度合理，但尿量的突变可能需要更多的临床背景信息支持。数值精确度总体合适。\n\n综上所述，预测的数据大部分符合医学逻辑，但在某些方面（如尿量变化）可能存在合理性问题，因此给予置信度评分0.75。",
    "error": null
  },
  "key_reasons": [
    "患者是一个48岁的男性，体重138kg，入院前的数据包括生命体征、实验室检查和SOFA评分等。监测持续时间为0小时，共7次测量，每4小时一次。各项指标看起来比较稳定，除了血管活性药物使用剂量在最后两次测量中有25.02μg/kg/min，格拉斯哥昏迷评分从15降到3，尿量从0升到125ml。",
    "预测的干预后SOFA相关指标包括氧合指数、血小板计数、总胆红素、血管活性药物使用剂量、格拉斯哥昏迷评分、血清肌酐、尿量，以及机械通气情况的变化。",
    "- 格拉斯哥昏迷评分下降到6分，显示神经系统恶化，符合严重感染或休克的情况。"
  ]
}