{
  "timestamp": "2025-12-25 12:36:24",
  "model_name": "deepseek-r1:32b",
  "prediction_model_name": "gemma3:12b",
  "patient_id": "31703381",
  "input_description": "ICU住院编号 31703381，对应患者编号 19338519，48岁男性，体重93.9kg。监测持续时间为 0 小时（共 7 次测量，每4小时一次）：【生命体征】心率变化：[105.0, 105.0]（单位：次/分）收缩压变化：[89.0, 89.0]（单位：mmHg）舒张压变化：[70.0, 70.0]（单位：mmHg）体温变化：[98.8, 98.8]（单位：℃）呼吸频率变化：[15.0, 15.0]（单位：次/分）血氧饱和度变化：[99.0, 99.0]（单位：%）平均动脉压变化：[76.33, 76.33]（单位：mmHg）【SOFA评分相关特征】氧合指数变化：[359.19, 359.19, 359.19, 359.19, 359.19, 359.19, 359.19]（单位：mmHg）机械通气使用情况：[0, 0, 0, 0, 0, 0, 0]（单位：）血小板计数变化：[58.0, 52.0, 75.0, 75.33, 75.33, 75.33, 75.33]（单位：×10³/μL）总胆红素变化：[5.5, 11.7, 11.7, 11.7, 11.7, 11.7, 11.7]（单位：mg/dL）血管活性药物使用剂量：[0.0, 0.0, 0.0, 0.0, 0.0, 0.0, 0.0]（单位：μg/kg/min）格拉斯哥昏迷评分变化：[15, 15, 15, 15, 15, 3, 3]（单位：分）血清肌酐变化：[0.8, 0.8, 0.8, 0.8, 0.8, 0.8, 0.8]（单位：mg/dL）尿量变化：[0.0, 0.0, 0.0, 0.0, 0.0, 50.0, 50.0]（单位：mL）【疾病评分】SOFA总分变化：[0, 5, 0, 2, 2, 11, 11]（单位：分）SIRS评分变化：[0, 0, 0, 0, 0, 3, 3]（单位：分）",
  "intervention": "无血管活性药物干预措施，建议密切监测血压和器官灌注，评估8小时内发生感染性休克的风险",
  "evaluator_trust": {
    "a": 0.5499999999999996,
    "counterfactual_runs": 9,
    "dynamic_confidence": 0.5086814162107894,
    "total_confidence": 0.6616567808309416
  },
  "prediction_trust": {
    "a": 0.5499999999999996,
    "counterfactual_runs": 9,
    "dynamic_confidence": 0.4382213744188381,
    "total_confidence": 0.6314374262982758
  },
  "predicted_vital_signs": {
    "pao2_fio2_ratio": [
      280.0,
      250.0,
      220.0,
      190.0,
      160.0,
      130.0,
      100.0,
      70.0
    ],
    "platelet": [
      180.0,
      160.0,
      140.0,
      120.0,
      100.0,
      30.0,
      20.0,
      10.0
    ],
    "bilirubin_total": [
      1.5,
      2.0,
      2.5,
      3.0,
      3.5,
      4.0,
      4.5,
      5.0
    ],
    "vasopressor_rate": [
      0.0,
      0.0,
      0.0,
      0.0,
      0.0,
      0.1,
      0.2,
      0.3
    ],
    "gcs_total": [
      13.0,
      12.0,
      11.0,
      10.0,
      9.0,
      8.0,
      7.0,
      6.0
    ],
    "creatinine": [
      1.0,
      1.3,
      1.6,
      2.0,
      2.4,
      2.8,
      3.2,
      3.6
    ],
    "urine_output_ml": [
      1800.0,
      1500.0,
      1200.0,
      900.0,
      600.0,
      300.0,
      100.0,
      0.0
    ],
    "mechanical_ventilation": [
      0.0,
      0.0,
      1.0,
      1.0,
      1.0,
      1.0,
      1.0,
      1.0
    ]
  },
  "confidence_score": 0.3,
  "evaluation": {
    "success": true,
    "model_output": "Thinking...\n好，我现在要评估一下这个患者预测后的SOFA相关指标数据是否合理。首先，我得仔细看看给出的信息。\n\n患者的ICU入院前信息显示他48岁，体重93.9kg，监测时间持续了7次测量，每4小时一次。生命体征方面，心率、血压、体温等都比较稳定，没有大的波动。SOFA评分相关特征包括氧合指数、机械通气使用情况、血小板计数、总胆红素、血管活性药物使用剂量、格拉斯哥昏迷评分、血清肌酐和尿量的变化。\n\n接下来是计划实施的干预措施：无血管活性药物干预，建议密切监测血压和器官灌注，评估8小时内发生感染性休克的风险。然后预测了干预后的各项指标变化，包括氧合指数、血小板、总胆红素、血管活性药物剂量、GCS评分、肌酐、尿量和机械通气使用情况。\n\n首先分析各SOFA相关指标的数值是否合理：\n\n1. **pao2_fio2_ratio（氧合指数）**：从359.19下降到70。这个过程有点陡峭，尤其是后期急剧下降。正常情况下，健康的成年人氧合指数通常在300以上，如果下降到200以下可能表示有呼吸问题，但这里降到70似乎过低，尤其是在没有机械通气的情况下。\n\n2. **platelet（血小板计数）**：从约58开始，逐渐上升到180，这可能不合理。因为血小板通常不会在短时间内显著增加，特别是在感染或休克情况下可能会下降。\n\n3. **bilirubin_total（总胆红素）**：从5.5mg/dL降到1.5，接着逐步上升到5.0。正常值一般不超过1.2，所以初始值偏高，但预测中先降后升可能与肝脏功能相关，需要结合其他指标来看。\n\n4. **vasopressor_rate（血管活性药物剂量）**：从0开始，逐渐增加到0.3μg/kg/min。这表明随着病情变化，可能需要逐渐加药，但在无干预的情况下，这个趋势是否合理呢？\n\n5. **gcs_total（格拉斯哥昏迷评分）**：从15下降到6，这表示患者意识状态显著恶化。但预测中没有明确的诱因，如脑损伤或代谢异常，所以这可能不太合理。\n\n6. **creatinine（肌酐）**：从0.8上升到3.6mg/dL，显示肾功能急剧恶化。短期内肌酐迅速升高可能表明急性肾损伤，但需要考虑是否有其他因素，比如脱水、肾毒性药物等。\n\n7. **urine_output_ml（尿量）**：从50下降到0，同时肌酐上升，这可能合理，但如果血管活性药物剂量增加，可能会有影响。此外，在预测中尿量急剧减少，而机械通气开始使用，这是否符合逻辑？\n\n8. **mechanical_ventilation（机械通气）**：在第三小时后开始使用，并持续到结束。氧合指数下降到需要机械通气的水平可能合理，但预测中的氧合指数下降速度较快。\n\n接下来考虑干预措施与指标变化的一致性：\n\n- 干预是无血管活性药物，建议监测血压和器官灌注。然而，预测中血管活性药物开始使用，并逐渐增加，这似乎与干预措施相矛盾。\n\n逻辑一致性方面，各个系统如呼吸、循环、肾功能的变化是否协调：\n\n- 氧合指数下降，可能需要机械通气；但血小板上升可能不支持感染或休克的恶化。\n- 肌酐升高和尿量减少提示肾功能恶化，而GCS评分下降显示神经系统恶化，这些是否相互关联？例如，如果患者有严重的器官衰竭，可能会导致意识状态改变。\n\n整体趋势是否符合临床改善：\n\n预测显示各系统逐渐恶化，特别是氧合、肾脏、神经等方面。但干预措施是监测而非积极治疗，因此恶化可能是预期的。然而，恶化速度和幅度是否合理？\n\n时间序列合理性：\n\n- 氧合指数每小时下降约30点，直到最后急剧下降到70，这在短时间内变化太大。\n- 尿量从50到0，同时肌酐急剧上升，可能符合急性肾损伤，但需要考虑是否有其他因素导致尿量减少。\n\n数值精确度：\n\n大部分指标保留了小数点后一位或整数，这是合理的。例如，GCS评分是整数，肌酐为小数点后一位。\n\n综合以上分析，预测的数据在多个方面存在不合理之处：血小板计数的上升、氧合指数下降过快、血管活性药物的使用与干预措施不符、以及神经系统恶化的缺乏明确诱因。因此，置信度评分应该较低。\n...done thinking.\n\n置信度评分：0.3\n\n分析理由：\n\n1. **各项SOFA相关指标数值合理性**：\n   - 氧合指数(pao2_fio2_ratio)：从初始值359.19急剧下降到70，尤其是在没有机械通气的情况下，这样的变化趋势不符合临床实际。\n   - 血小板计数(platelet)：从约58上升到180，这在短期内不太可能，通常感染或休克情况下血小板会下降而非上升。\n   - 总胆红素(bilirubin_total)：初始值偏高（5.5mg/dL），然后下降再上升至5.0，这可能与肝功能相关，但需要更多上下文支持。\n   - 血管活性药物剂量(vasopressor_rate)：从0开始增加到0.3μg/kg/min，这在无干预措施的情况下显得不合理，尤其是计划中建议不使用血管活性药物。\n   - 格拉斯哥昏迷评分(gcs_total)：从15急剧下降到6，缺乏明确的诱因，如脑损伤或代谢异常。\n   - 肌酐(creatinine)：迅速上升至3.6mg/dL，提示急性肾功能恶化，但需考虑其他因素如脱水或药物影响。\n   - 尿量(urine_output_ml)：急剧减少到0，同时肌酐升高，可能合理，但缺乏明确诱因。\n   - 机械通气(mechanical_ventilation)：在第三小时后开始使用并持续，这与氧合指数下降趋势相关，但氧合指数的下降速度过快。\n\n2. **干预措施与指标变化的一致性**：\n   - 计划中无血管活性药物干预，但预测显示其剂量增加，这与预期效果不一致。\n   \n3. **逻辑一致性**：\n   - 各系统如呼吸、循环、肾功能的恶化是否协调？氧合下降需要机械通气，但血小板上升不符合感染或休克的恶化。肌酐升高和尿量减少提示肾功能恶化，而GCS评分下降显示神经系统恶化，缺乏明确诱因。\n\n4. **整体趋势**：\n   - 预测显示各系统逐渐恶化，尤其是在无积极干预的情况下可能合理，但恶化速度和幅度过高。\n\n5. **时间序列合理性**：\n   - 氧合指数每小时下降约30点，最后急剧下降到70，这在短时间内变化太大。\n   \n6. **数值精确度**：\n   - 多数指标保留了合理的精度，如小数点后一位或整数。\n\n综合以上分析，预测的数据在多个方面存在不合理之处，因此置信度较低。",
    "error": null
  },
  "key_reasons": [
    "患者的ICU入院前信息显示他48岁，体重93.9kg，监测时间持续了7次测量，每4小时一次。生命体征方面，心率、血压、体温等都比较稳定，没有大的波动。SOFA评分相关特征包括氧合指数、机械通气使用情况、血小板计数、总胆红素、血管活性药物使用剂量、格拉斯哥昏迷评分、血清肌酐和尿量的变化。",
    "接下来是计划实施的干预措施：无血管活性药物干预，建议密切监测血压和器官灌注，评估8小时内发生感染性休克的风险。然后预测了干预后的各项指标变化，包括氧合指数、血小板、总胆红素、血管活性药物剂量、GCS评分、肌酐、尿量和机械通气使用情况。",
    "2. platelet（血小板计数）：从约58开始，逐渐上升到180，这可能不合理。因为血小板通常不会在短时间内显著增加，特别是在感染或休克情况下可能会下降。"
  ]
}