{
  "timestamp": "2025-12-25 11:53:07",
  "model_name": "deepseek-r1:32b",
  "prediction_model_name": "deepseek-r1:32b",
  "patient_id": "30861515",
  "input_description": "ICU住院编号 30861515，对应患者编号 11699026，72岁男性，体重96.5kg。监测持续时间为 0 小时（共 7 次测量，每4小时一次）：【生命体征】心率变化：[86.2, 75.5, 91.0, 74.5, 77.0, 73.2, 73.2]（单位：次/分）收缩压变化：[83.2, 74.25, 81.0, 77.5, 67.2, 73.8, 73.8]（单位：mmHg）舒张压变化：[70.6, 64.75, 71.0, 54.0, 51.2, 57.8, 57.8]（单位：mmHg）体温变化：[36.88, 36.6, 36.5, 35.6, 35.52, 36.06, 36.06]（单位：℃）呼吸频率变化：[17.6, 23.25, 19.0, 19.5, 17.8, 17.6, 17.6]（单位：次/分）血氧饱和度变化：[96.6, 95.25, 97.0, 98.0, 97.8, 97.4, 97.4]（单位：%）平均动脉压变化：[74.8, 67.92, 74.33, 61.83, 56.53, 63.13, 63.13]（单位：mmHg）【SOFA评分相关特征】氧合指数变化：[406.5, 280.08, 280.08, 280.08, 280.08, 280.08, 280.08]（单位：mmHg）机械通气使用情况：[0, 0, 0, 0, 0, 0, 0]（单位：）血小板计数变化：[132.0, 107.0, 113.0, 113.0, 113.0, 113.0, 113.0]（单位：×10³/μL）总胆红素变化：[3.7, 2.4, 1.8, 1.8, 1.8, 1.8, 1.8]（单位：mg/dL）血管活性药物使用剂量：[0.0, 0.0, 0.0, 0.0, 0.0, 0.0, 0.0]（单位：μg/kg/min）格拉斯哥昏迷评分变化：[15, 14, 15, 15, 15, 7, 7]（单位：分）血清肌酐变化：[1.6, 2.5, 2.8, 2.8, 2.8, 2.8, 2.8]（单位：mg/dL）尿量变化：[325.0, 35.0, 40.0, 110.0, 50.0, 80.0, 80.0]（单位：mL）【疾病评分】SOFA总分变化：[4, 5, 3, 6, 4, 10, 10]（单位：分）SIRS评分变化：[1, 1, 1, 2, 1, 1, 1]（单位：分）",
  "intervention": "无血管活性药物干预措施，建议密切监测血压和器官灌注，评估8小时内发生感染性休克的风险",
  "evaluator_trust": {
    "a": 0.7999999999999998,
    "counterfactual_runs": 4,
    "dynamic_confidence": 0.5273743113911853,
    "total_confidence": 0.7349296165125445
  },
  "prediction_trust": {
    "a": 0.7999999999999998,
    "counterfactual_runs": 4,
    "dynamic_confidence": 0.5273743113911853,
    "total_confidence": 0.7349296165125445
  },
  "predicted_vital_signs": {
    "pao2_fio2_ratio": [
      300.0,
      290.0,
      280.0,
      270.0,
      260.0,
      250.0,
      240.0,
      230.0
    ],
    "platelet": [
      140.0,
      130.0,
      120.0,
      110.0,
      100.0,
      90.0,
      80.0,
      70.0
    ],
    "bilirubin_total": [
      1.5,
      1.6,
      1.7,
      1.8,
      1.9,
      2.0,
      2.1,
      2.2
    ],
    "vasopressor_rate": [
      0.0,
      0.1,
      0.2,
      0.3,
      0.4,
      0.5,
      0.6,
      0.7
    ],
    "gcs_total": [
      14.0,
      13.0,
      12.0,
      11.0,
      10.0,
      9.0,
      8.0,
      7.0
    ],
    "creatinine": [
      1.2,
      1.3,
      1.4,
      1.5,
      1.6,
      1.7,
      1.8,
      1.9
    ],
    "urine_output_ml": [
      1800.0,
      1600.0,
      1400.0,
      1200.0,
      1000.0,
      800.0,
      600.0,
      400.0
    ],
    "mechanical_ventilation": [
      0.0,
      0.0,
      1.0,
      1.0,
      1.0,
      1.0,
      1.0,
      1.0
    ]
  },
  "confidence_score": 0.75,
  "evaluation": {
    "success": true,
    "model_output": "Thinking...\n好的，我现在要评估预测的SOFA相关指标数据是否合理。首先，我需要回顾患者的基本信息和提供的数据。\n\n患者是72岁的男性，体重96.5kg，ICU入院前监测持续时间为0小时，共有7次测量，每4小时一次。各项生命体征的数据已经给出，包括心率、收缩压、舒张压等。SOFA评分相关特征如氧合指数、机械通气使用情况等也都有记录。\n\n接下来，计划实施的干预措施是没有血管活性药物，而是建议密切监测血压和器官灌注，并评估感染性休克的风险。预测的干预后指标包括PO2/FiO2比值、血小板计数、总胆红素、血管活性药物剂量、格拉斯哥昏迷评分（GCS）、肌酐、尿量和机械通气使用情况。\n\n我需要分析这些预测结果是否合理，考虑的因素有：\n\n1. 各项指标的医学范围：例如，PO2/FiO2比值正常应在300以上，但随着病情变化可能下降。血小板计数在正常范围内波动（通常为150-450×10³/μL）。总胆红素正常应低于1.2mg/dL，预测中的数值逐渐上升到2.2，这可能提示肝功能异常或疾病进展。\n\n2. 干预措施的预期效果：因为没有使用血管活性药物，血压和器官灌注的变化需要密切监测。预测中血管活性药物剂量逐渐增加，从0到0.7μg/kg/min，这可能是因为病情恶化导致的需要升压药的情况，但干预措施中并未计划使用，这可能存在矛盾。\n\n3. 各系统的协调性：例如，GCS评分下降可能反映神经系统恶化，而肌酐上升提示肾功能受损。尿量减少与肌酐升高一致，说明肾脏排泄能力下降。然而，机械通气从不使用转为使用可能是因为呼吸功能恶化，这需要其他指标如PO2/FiO2比值的下降来支持。\n\n4. 整体趋势：预测显示大部分指标在恶化或维持稳定，尤其是GCS评分和肌酐持续上升，尿量减少，这可能表明患者状况在恶化。而SOFA评分如果增加，意味着器官功能进一步受损。\n\n5. 数据单位统一性：所有数据的单位都正确，如血压为mmHg，心率为bpm等。\n\n6. 时间序列合理性：各项指标的变化是否有合理的突变？例如，血管活性药物剂量从0开始逐渐增加，这在临床中是可能的。GCS评分每小时下降1分，连续8次可能在短时间内变化较大，但如果是病情恶化，有可能发生。\n\n7. 数值精确度：大多数指标如血小板、肌酐等保留了一位小数，符合医学记录的标准。\n\n现在具体分析各项：\n\n- PO2/FiO2比值逐渐下降，从300到230，这可能合理，尤其是在感染或ARDS的情况下。\n- 血小板计数逐渐降低，从140到70，这可能提示DIC或其他消耗性凝血障碍，但初始血小板为132，预测中的下降幅度较大，需要注意是否有出血风险。\n- 总胆红素上升，可能反映肝功能恶化或疾病进展，但需结合其他肝功能指标如ALT、AST等综合判断。\n- 血管活性药物剂量增加，这与干预措施中未使用升压药的建议不符，可能存在预测误差，因为实际没有给予药物，剂量不应增加。\n- GCS评分持续下降，从14到7，可能在短时间内不太常见，除非有急性神经系统恶化的情况，但需要结合其他因素如颅内压、脑损伤等来判断。\n- 肌酐逐渐上升，尿量减少，提示肾功能恶化，这与血管活性药物的使用相关，因为肾脏灌注不足可能导致肌酐升高和尿量减少。\n- 尿量从1800ml开始，逐步下降到400ml，这可能是因为肾脏灌注不足或肾功能恶化。然而，在无升压药的情况下，高尿量可能与利尿剂使用有关，但预测中并未提到。\n- 机械通气在第3次测量后开始使用，这可能是因为呼吸功能恶化，PO2/FiO2比值下降到一定程度需要辅助通气。\n\n综合来看，大部分指标的变化趋势是合理的，尤其是在感染性休克风险增加的情况下。然而，血管活性药物剂量的增加与干预措施中的建议不符，因为计划中没有使用升压药，而预测中却有逐步增加的情况。这可能是一个不合理的地方，导致整体置信度有所下降。\n\n另外，GCS评分持续下降是否合理？如果患者神经系统状况恶化，是可能的，但需要其他支持证据。尿量的变化也需要结合液体管理情况来判断是否合理。\n\n总体来说，大部分指标的趋势符合临床预期，但在血管活性药物使用方面存在矛盾，影响了预测的整体合理性。\n...done thinking.\n\n置信度评分：0.75\n\n分析理由：\n1. **各项SOFA相关指标数值的医学范围**：大多数指标在合理范围内。例如，PO2/FiO2比值逐渐下降，血小板计数、总胆红素、肌酐和尿量的变化均在可能的临床范围内。\n\n2. **干预措施与指标变化趋势的一致性**：预测中血管活性药物剂量的增加与实际未使用升压药的计划相矛盾，这是不合理之处。其他指标如PO2/FiO2比值下降和机械通气使用的增加则合理，符合感染性休克风险评估。\n\n3. **各系统之间的协调性**：GCS评分下降、肌酐上升和尿量减少表明神经系统和肾功能恶化，这与其他指标的变化趋势一致。然而，血管活性药物的使用与干预措施不符，影响了整体协调性。\n\n4. **整体趋势**：大部分指标显示患者状况在恶化，尤其是呼吸、循环和肾脏功能方面的变化符合感染性休克的风险增加，但血管活性药物剂量的预测不准确。\n\n5. **时间序列数据合理性**：各项指标的变化幅度在短时间内较为合理，特别是PO2/FiO2比值的逐步下降和机械通气的使用。GCS评分的持续下降可能需要更多支持证据。\n\n6. **数值精确度**：所有数据保留了适当的精度，符合临床记录标准。\n\n综上所述，尽管大部分指标的变化趋势合理，但血管活性药物剂量与干预措施不符的问题降低了整体置信度，因此评分为0.75。",
    "error": null
  },
  "key_reasons": [
    "患者是72岁的男性，体重96.5kg，ICU入院前监测持续时间为0小时，共有7次测量，每4小时一次。各项生命体征的数据已经给出，包括心率、收缩压、舒张压等。SOFA评分相关特征如氧合指数、机械通气使用情况等也都有记录。",
    "接下来，计划实施的干预措施是没有血管活性药物，而是建议密切监测血压和器官灌注，并评估感染性休克的风险。预测的干预后指标包括PO2/FiO2比值、血小板计数、总胆红素、血管活性药物剂量、格拉斯哥昏迷评分（GCS）、肌酐、尿量和机械通气使用情况。",
    "2. 干预措施的预期效果：因为没有使用血管活性药物，血压和器官灌注的变化需要密切监测。预测中血管活性药物剂量逐渐增加，从0到0.7μg/kg/min，这可能是因为病情恶化导致的需要升压药的情况，但干预措施中并未计划使用，这可能存在矛盾。"
  ]
}