{
  "timestamp": "2025-12-25 13:00:34",
  "model_name": "deepseek-r1:32b",
  "prediction_model_name": "deepseek-r1:32b",
  "patient_id": "32026706",
  "input_description": "ICU住院编号 32026706，对应患者编号 19948815，49岁女性，体重77.7kg。监测持续时间为 0 小时（共 7 次测量，每4小时一次）：【生命体征】心率变化：[95.0, 90.0, 85.0, 80.5, 124.82, 124.82, 124.82]（单位：次/分）收缩压变化：[79.5, 75.25, 74.5, 155.67, 75.32, 75.32, 75.32]（单位：mmHg）舒张压变化：[63.0, 58.0, 57.5, 60.0, 62.86, 62.86, 62.86]（单位：mmHg）体温变化：[97.6, 97.5, 96.55, 96.7, 35.5, 97.25, 97.25]（单位：℃）呼吸频率变化：[17.25, 16.25, 18.25, 20.0, 17.59, 17.59, 17.59]（单位：次/分）血氧饱和度变化：[93.5, 94.25, 94.25, 96.0, 100.0, 100.0, 100.0]（单位：%）平均动脉压变化：[68.5, 63.75, 63.17, 91.89, 67.02, 67.02, 67.02]（单位：mmHg）【SOFA评分相关特征】氧合指数变化：[172.4, 234.25, 154.34, 154.34, 154.34, 154.34, 154.34]（单位：mmHg）机械通气使用情况：[0, 0, 0, 0, 0, 0, 0]（单位：）血小板计数变化：[51.0, 55.0, 43.0, 89.2, 90.0, 90.0, 90.0]（单位：×10³/μL）总胆红素变化：[23.0, 12.5, 12.7, 12.7, 12.7, 12.7, 12.7]（单位：mg/dL）血管活性药物使用剂量：[0.0, 0.0, 0.0, 0.0, 0.0, 0.4, 0.4]（单位：μg/kg/min）格拉斯哥昏迷评分变化：[15, 15, 14, 15, 15, 3, 3]（单位：分）血清肌酐变化：[5.1, 4.0, 3.6, 3.6, 3.6, 3.6, 3.6]（单位：mg/dL）尿量变化：[0.0, 120.0, 0.0, 0.0, 0.0, 32.0, 32.0]（单位：mL）【疾病评分】SOFA总分变化：[11, 4, 4, 3, 11, 14, 14]（单位：分）SIRS评分变化：[2, 1, 1, 1, 1, 2, 2]（单位：分）",
  "intervention": "立即启动去甲肾上腺素输注，维持剂量为0.4μg·kg⁻¹·min⁻¹，剂量调整间隔4小时，密切监测血压和器官灌注，剂量呈递减趋势，提示血管反应性改善，评估8小时内发生感染性休克的风险",
  "evaluator_trust": {
    "a": 0.4999999999999996,
    "counterfactual_runs": 10,
    "dynamic_confidence": 0.512909672255541,
    "total_confidence": 0.6498640575242126
  },
  "prediction_trust": {
    "a": 0.4999999999999996,
    "counterfactual_runs": 10,
    "dynamic_confidence": 0.512909672255541,
    "total_confidence": 0.6498640575242126
  },
  "predicted_vital_signs": {
    "pao2_fio2_ratio": [
      300.0,
      280.0,
      260.0,
      240.0,
      220.0,
      200.0,
      180.0,
      160.0
    ],
    "platelet": [
      150.0,
      140.0,
      130.0,
      120.0,
      110.0,
      100.0,
      90.0,
      80.0
    ],
    "bilirubin_total": [
      1.2,
      1.4,
      1.6,
      1.8,
      2.0,
      2.2,
      2.4,
      2.6
    ],
    "vasopressor_rate": [
      0.4,
      0.35,
      0.3,
      0.25,
      0.2,
      0.15,
      0.1,
      0.05
    ],
    "gcs_total": [
      15.0,
      14.0,
      13.0,
      12.0,
      11.0,
      10.0,
      9.0,
      8.0
    ],
    "creatinine": [
      1.0,
      1.2,
      1.4,
      1.6,
      1.8,
      2.0,
      2.2,
      2.4
    ],
    "urine_output_ml": [
      2000.0,
      1800.0,
      1600.0,
      1400.0,
      1200.0,
      1000.0,
      800.0,
      600.0
    ],
    "mechanical_ventilation": [
      1.0,
      1.0,
      1.0,
      1.0,
      1.0,
      1.0,
      1.0,
      1.0
    ]
  },
  "confidence_score": 0.35,
  "evaluation": {
    "success": true,
    "model_output": "Thinking...\n好的，我需要根据提供的患者信息和预测数据来评估SOFA相关指标的合理性。首先，我会逐一分析各项指标是否符合医学范围。\n\n氧合指数（pao2_fio2_ratio）从300下降到160，虽然整体在合理范围内，但连续下降可能不合理，尤其是没有机械通气的情况下。\n血小板计数（platelet）逐步降低至80，这在预测中是不合理的，因为患者并没有出血或免疫相关的问题。\n总胆红素（bilirubin_total）从1.2升至2.6，这表明肝脏可能有问题，但患者的入院数据并未显示肝功能异常，所以这个变化不太合理。\n血管活性药物剂量（vasopressor_rate）逐步减少是合理的，符合治疗目标。\n格拉斯哥昏迷评分（gcs_total）持续下降到8分，这与患者状况改善预期不符，且初始评分为15或3，突然下降可能不真实。\n血清肌酐（creatinine）上升至2.4，显示肾功能恶化，但干预措施旨在改善循环，不应导致肾脏问题加重。\n尿量显著增加到600ml，这在短期内可能不太现实，尤其是如果伴随肌酐升高的话。\n机械通气持续使用是合理的，因为氧合指数下降可能需要支持。\n\n综合来看，尽管部分指标如血管活性药物剂量和机械通气合理，但其他指标的变化趋势与预期不符，特别是格拉斯哥评分和血清肌酐的不合理变化。整体逻辑性和时间序列合理性不足。\n...done thinking.\n\n置信度评分：0.35\n\n分析理由：\n\n1. **氧合指数 (PaO2/FiO2 比值)**:\n   - 预测值从 300 逐步下降到 160，虽然这些数值在正常范围内，但连续下降可能不正常，尤其是在没有机械通气的情况下。患者初始氧合指数为 172.4 到 234.25，预测的逐步下降可能表示恶化，这需要进一步评估。\n\n2. **血小板计数**:\n   - 预测值从 80 下降到 150 再到 80 是不合理的。正常血小板范围在 150-450 ×10³/μL，患者初始血小板为 51 到 90，预测的逐步降低可能表示血小板减少症，但在没有出血或免疫抑制的情况下，这种变化不太合理。\n\n3. **总胆红素**:\n   - 预测值从 1.2 增加到 2.6 是合理的，因为正常范围在 0.2-1.2 mg/dL。患者的初始值为 23.0 到 12.7 mg/dL，这可能表示黄疸，但预测的逐步增加可能表明肝功能异常或其他问题。\n\n4. **血管活性药物使用剂量**:\n   - 预测剂量从 0.4 μg/kg/min 下降到 0.05 是合理的，符合治疗目标，即逐渐减少剂量以测试血管反应性。\n\n5. **格拉斯哥昏迷评分 (GCS)**:\n   - 预测值从 15 下降到 8 是不合理的。患者的初始评分为 15 或 3，持续下降表明神经系统恶化，这与干预措施的目标（改善循环）不符，尤其是在没有中枢神经系统损伤的情况下。\n\n6. **血清肌酐**:\n   - 预测值从 1.0 增加到 2.4 是不合理的。患者的初始值为 3.6 到 5.1 mg/dL，表明肾功能受损，而预测的逐步增加可能表示进一步恶化，这与干预措施的目标不符。\n\n7. **尿量**:\n   - 预测值从 2000 mL 下降到 600 mL 是不合理的。患者的初始尿量为 0 到 32 mL，显著增加到 2000 mL 可能在短期内不现实，尤其是在没有明确利尿或液体复苏的情况下。\n\n8. **机械通气使用情况**:\n   - 预测值持续为 1 是合理的，因为氧合指数下降可能需要持续支持。患者的初始机械通气使用情况为 0，这与预测的干预措施一致。\n\n总结：预测数据中存在多个不合理之处，包括血小板计数、GCS 和肌酐的变化趋势，这些变化不符合临床改善的预期或医学范围。血管活性药物剂量和尿量的变化也存在问题。整体逻辑性和时间序列合理性不足，导致置信度较低。",
    "error": null
  },
  "key_reasons": [
    "好的，我需要根据提供的患者信息和预测数据来评估SOFA相关指标的合理性。首先，我会逐一分析各项指标是否符合医学范围。",
    "血小板计数（platelet）逐步降低至80，这在预测中是不合理的，因为患者并没有出血或免疫相关的问题。",
    "格拉斯哥昏迷评分（gcs_total）持续下降到8分，这与患者状况改善预期不符，且初始评分为15或3，突然下降可能不真实。"
  ]
}