{
  "timestamp": "2025-12-25 13:44:17",
  "model_name": "deepseek-r1:32b",
  "prediction_model_name": "qwen3:30b",
  "patient_id": "32675591",
  "input_description": "ICU住院编号 32675591，对应患者编号 18455034，65岁女性，体重60.8kg。监测持续时间为 0 小时（共 7 次测量，每4小时一次）：【生命体征】心率变化：[131.5, 131.5]（单位：次/分）收缩压变化：[102.0, 102.0]（单位：mmHg）舒张压变化：[78.5, 78.5]（单位：mmHg）体温变化：[99.5, 99.5]（单位：℃）呼吸频率变化：[18.5, 18.5]（单位：次/分）血氧饱和度变化：[99.5, 99.5]（单位：%）平均动脉压变化：[86.33, 86.33]（单位：mmHg）【SOFA评分相关特征】氧合指数变化：[158.79, 158.79, 158.79, 158.79, 158.79, 158.79, 158.79]（单位：mmHg）机械通气使用情况：[0, 0, 0, 0, 0, 0, 0]（单位：）血小板计数变化：[157.0, 157.0, 157.0, 157.0, 157.0, 157.0, 157.0]（单位：×10³/μL）总胆红素变化：[0.6, 0.6, 0.6, 0.6, 0.6, 0.6, 0.6]（单位：mg/dL）血管活性药物使用剂量：[0.0, 0.0, 0.0, 0.0, 0.0, 0.05, 0.05]（单位：μg/kg/min）格拉斯哥昏迷评分变化：[15, 15, 15, 15, 15, 10, 10]（单位：分）血清肌酐变化：[0.8, 0.8, 0.8, 0.8, 0.8, 0.8, 0.8]（单位：mg/dL）尿量变化：[0.0, 0.0, 0.0, 0.0, 0.0, 25.0, 25.0]（单位：mL）【疾病评分】SOFA总分变化：[0, 0, 0, 0, 0, 5, 5]（单位：分）SIRS评分变化：[0, 0, 0, 0, 0, 3, 3]（单位：分）",
  "intervention": "立即启动去甲肾上腺素输注，初始剂量为0.1μg·kg⁻¹·min⁻¹，根据血压反应调整至最大0.06μg·kg⁻¹·min⁻¹，剂量调整间隔4小时，密切监测血压和器官灌注，评估8小时内发生感染性休克的风险",
  "evaluator_trust": {
    "a": 0.29999999999999966,
    "counterfactual_runs": 14,
    "dynamic_confidence": 0.5647711523246383,
    "total_confidence": 0.6313853394651121
  },
  "prediction_trust": {
    "a": 0.29999999999999966,
    "counterfactual_runs": 14,
    "dynamic_confidence": 1.0,
    "total_confidence": 0.9387245440574753
  },
  "predicted_vital_signs": {
    "pao2_fio2_ratio": [
      320.0,
      300.0,
      280.0,
      260.0,
      240.0,
      220.0,
      200.0,
      180.0
    ],
    "platelet": [
      145.0,
      135.0,
      125.0,
      115.0,
      105.0,
      95.0,
      85.0,
      75.0
    ],
    "bilirubin_total": [
      1.3,
      1.5,
      1.7,
      1.9,
      2.1,
      2.3,
      2.5,
      2.7
    ],
    "vasopressor_rate": [
      0.05,
      0.055,
      0.06,
      0.06,
      0.06,
      0.06,
      0.06,
      0.06
    ],
    "gcs_total": [
      10.0,
      9.5,
      9.0,
      8.5,
      8.0,
      7.5,
      7.0,
      6.5
    ],
    "creatinine": [
      1.1,
      1.3,
      1.5,
      1.7,
      1.9,
      2.1,
      2.3,
      2.5
    ],
    "urine_output_ml": [
      1900.0,
      1700.0,
      1500.0,
      1300.0,
      1100.0,
      900.0,
      700.0,
      500.0
    ],
    "mechanical_ventilation": [
      0.0,
      0.0,
      0.0,
      1.0,
      1.0,
      1.0,
      1.0,
      1.0
    ]
  },
  "confidence_score": 0.7,
  "evaluation": {
    "success": true,
    "model_output": "Thinking...\n好的，我现在需要评估预测的SOFA相关指标数据的合理性。让我先仔细阅读用户提供的信息和问题。\n\n患者情况：\n- 65岁女性，体重60.8kg。\n- ICU入院前监测持续时间为0小时，共7次测量，每4小时一次。\n- 生命体征：心率131.5，收缩压102，舒张压78.5，体温99.5℃，呼吸频率18.5，血氧99.5%。平均动脉压86.33mmHg。\n- SOFA相关特征：\n  - 氧合指数：158.79（7次都是）\n  - 机械通气使用情况：0\n  - 血小板计数：157×10³/μL\n  - 总胆红素：0.6mg/dL\n  - 血管活性药物剂量：最初是0，后来两次是0.05μg/kg/min。\n  - 格拉斯哥昏迷评分（GCS）：最初几次都是15分，后两次降到10分。\n  - 血清肌酐：0.8mg/dL\n  - 尿量：最初五次都是0，后来两次25mL。\n- SOFA总分变化：[0,0,0,0,0,5,5]\n- SIRS评分变化：[0,0,0,0,0,3,3]\n\n干预措施：\n- 立即启动去甲肾上腺素输注，初始剂量0.1μg/kg/min，调整至最大0.06，每4小时调整一次。\n- 评估8小时内感染性休克风险。\n\n预测的SOFA相关指标变化包括pao2_fio2_ratio、platelet、bilirubin_total、vasopressor_rate、gcs_total、creatinine、urine_output_ml和mechanical_ventilation，共8个变量，每个有8个时间点的数据。\n\n分析要点：\n1. 各指标是否在合理范围内。\n2. 干预效果与SOFA指标变化的逻辑一致性。\n3. SOFA各组件之间的协调性。\n4. 总体趋势是否符合临床改善预期。\n5. 数据是反事实，不需要比较入院前数据。\n6. 检查单位统一性。\n7. 时间序列的变化幅度是否合理。\n8. 数值精确度是否合理。\n\n首先，检查各项指标的数值范围：\n\n1. pao2_fio2_ratio：预测值从320到180。正常氧合指数一般大于300，当低于300时可能提示低氧血症。这里随着时间推移，数值下降，最低到180，这可能意味着氧合情况恶化。但考虑到干预措施是使用血管活性药物来提升血压，所以是否会导致肺功能恶化呢？或者是否应有改善？\n\n2. platelet：从145降到75×10³/μL。血小板下降可能提示DIC或消耗性凝血病，这在感染性休克中可能出现，但这里患者最初血小板是157，在干预后持续下降，是否合理？需要考虑是否药物导致血小板减少。\n\n3. bilirubin_total：从1.3到2.7mg/dL。总胆红素升高可能提示肝功能异常或溶血，这在休克情况下可能出现，但数值是否过高？\n\n4. vasopressor_rate：初始是0.05，逐渐增加到0.06，这符合干预措施调整剂量的情况。\n\n5. gcs_total：从10降到6.5，GCS下降提示神经系统恶化，可能与低灌注有关，但在干预后是否应该有所改善？或者持续恶化？\n\n6. creatinine：从1.1升到2.5mg/dL。肌酐升高说明肾功能恶化，这在休克时可能出现，但是否增长速度太快？\n\n7. urine_output_ml：最初是1900ml，逐渐减少到500ml。尿量增加可能提示利尿或补液过多，而随后减少可能是因为肾脏灌注不足。\n\n8. mechanical_ventilation：前三次没有使用（0），之后开始使用（1）。这与氧合指数下降有关，患者需要机械通气支持。\n\n接下来，分析逻辑一致性：\n\n干预措施是去甲肾上腺素用于提升血压和器官灌注。预期效果应该是循环改善，可能提升血压，减少血管活性药物的需求？或者调整剂量以维持足够的灌注压？\n\n但是预测数据显示vasopressor_rate逐渐增加到0.06，这超过了初始的最大剂量（题目中计划实施的干预措施是最大0.06）。因此，这里是否合理？因为初始剂量为0.1，然后调整至最大0.06。而实际使用中，可能需要逐步增加剂量以维持血压，所以预测中的vasopressor_rate从0.05到0.06符合预期。\n\n接下来，考虑各项指标的变化趋势：\n\n氧合指数下降：这可能意味着肺功能恶化，但干预措施是否应改善循环从而影响肺？或者是否存在ARDS的情况？\n\n血小板减少：如果患者出现感染性休克，可能会有DIC，导致血小板消耗，因此下降是合理的。\n\n总胆红素上升：肝功能受损或溶血可能导致，这也可能发生在休克中，但数值是否过高？正常值通常在0.3-1.2mg/dL，所以预测中的最高到2.7属于明显升高。\n\n肌酐上升：肾功能恶化，尿量减少，这符合休克导致的肾脏灌注不足。但初始干预是提升血压和器官灌注，是否应改善肾功能？或者如果休克未得到控制，肾功能可能继续恶化？\n\nGCS下降：神经系统状况恶化，可能由于脑灌注不足或代谢异常，这在休克情况下可能发生。\n\n机械通气的使用增加：当氧合指数下降到一定程度（如<200），可能需要插管和机械通气。预测中第4次开始使用，此时pao2_fio2_ratio为260，还未达到常见阈值（通常低于300时考虑）。\n\n数值的单位和精确度：\n\n- 氧合指数：mmHg，正确。\n- 血小板：×10³/μL，正确。\n- 胆红素：mg/dL，正确。\n- 血管活性药物剂量：μg/kg/min，正确。\n- GCS：分，合理。\n- 肌酐：mg/dL，正确。\n- 尿量：mL，正确。\n- 机械通气：0/1，正确。\n\n时间序列变化幅度：\n\n各指标的变化是否在短时间内过快？例如，肌酐从1.1升到2.5，8小时内的增长速度可能较快。同样，尿量从1900降到500，虽然开始时有大量利尿，随后减少，这可能合理。\n\n数值的精确度：\n\n大多数指标保留了一位小数，除了部分如vasopressor_rate有两位，这是合理的，因为这些参数通常需要更精确控制。\n\n综合考虑各项因素：\n\n1. 氧合指数下降可能与肺功能恶化有关，但干预措施是否应改善循环从而影响氧合？或者患者是否存在其他并发症？\n\n2. 血小板和胆红素的上升趋势符合休克和可能的器官损伤，但数值是否在合理范围内。\n\n3. 肌酐上升和尿量变化显示肾功能恶化，这可能与休克导致的肾脏灌注不足有关，但干预措施是否应改善这一状况？\n\n4. GCS下降提示神经系统问题，可能与整体循环状态有关。\n\n5. 机械通气使用时间点是否合理？当氧合指数降到一定程度时才开始使用。\n\n6. vasopressor_rate调整是否符合预期，从0.05到0.06μg/kg/min，这在干预计划中是允许的。\n\n综合来看，大部分指标的变化趋势在感染性休克的情况下是可能的，但某些数值如肌酐和胆红素的上升速度较快，可能需要进一步考虑。此外，尿量的突然增加后迅速减少可能提示补液过多或利尿剂使用，这是否合理？\n\n总体来说，预测数据的大方向符合预期，但在一些具体指标上可能有些偏高或变化过快的情况。因此，置信度评分为0.7，表示有一定的合理性，但某些部分需要进一步验证。\n...done thinking.\n\n置信度评分：0.7\n\n详细分析：\n1. **各SOFA相关指标数值的合理性**：\n   - 氧合指数（pao2_fio2_ratio）从320降至180，符合感染性休克可能导致肺功能恶化的预期。\n   - 血小板计数逐渐下降至75×10³/μL，合理，可能提示DIC。\n   - 总胆红素上升至2.7mg/dL，高于正常范围，但休克时可能出现肝损伤或溶血。\n   - 血管活性药物剂量从0.05增至0.06，符合干预计划中的调整。\n\n2. **干预措施的逻辑一致性**：\n   - 去甲肾上腺素的应用应提升血压和器官灌注，但预测显示循环支持增加，可能反映休克未完全控制。\n   - 肾功能恶化（肌酐上升）与尿量减少一致，提示肾脏灌注不足。\n\n3. **SOFA评分各组件的协调性**：\n   - 循环、呼吸和神经系统指标的变化相互关联，GCS下降与循环支持增加可能相关。\n   - 肝脏和肾脏功能异常可能由休克引起，整体趋势协调。\n\n4. **总体趋势符合临床改善预期**：\n   - 预测显示病情恶化，SOFA评分上升，但干预措施未能有效改善整体状况，这可能是反事实预测的合理结果。\n\n5. **时间序列变化幅度**：\n   - 某些指标如肌酐和尿量的变化速度较快，可能需要进一步验证是否符合临床实际。\n\n综上所述，预测数据在大部分方面具有合理性，但部分指标的变化幅度较大，可能影响置信度。因此，整体评分定为0.7。",
    "error": null
  },
  "key_reasons": [
    "好的，我现在需要评估预测的SOFA相关指标数据的合理性。让我先仔细阅读用户提供的信息和问题。",
    "- 格拉斯哥昏迷评分（GCS）：最初几次都是15分，后两次降到10分。",
    "7. urine_output_ml：最初是1900ml，逐渐减少到500ml。尿量增加可能提示利尿或补液过多，而随后减少可能是因为肾脏灌注不足。"
  ]
}