{
  "timestamp": "2025-12-25 13:15:41",
  "model_name": "deepseek-r1:32b",
  "prediction_model_name": "deepseek-r1:32b",
  "patient_id": "32092423",
  "input_description": "ICU住院编号 32092423，对应患者编号 19670665，42岁女性，体重80.48571428571428kg。监测持续时间为 0 小时（共 7 次测量，每4小时一次）：【生命体征】心率变化：[89.0, 89.0]（单位：次/分）收缩压变化：[98.4, 98.4]（单位：mmHg）舒张压变化：[84.0, 84.0]（单位：mmHg）体温变化：[98.7, 98.7]（单位：℃）呼吸频率变化：[20.75, 20.75]（单位：次/分）血氧饱和度变化：[99.5, 99.5]（单位：%）平均动脉压变化：[88.8, 88.8]（单位：mmHg）【SOFA评分相关特征】氧合指数变化：[144.83, 144.83, 144.83, 144.83, 144.83, 144.83, 144.83]（单位：mmHg）机械通气使用情况：[0, 0, 0, 0, 0, 0, 0]（单位：）血小板计数变化：[22.0, 22.0, 43.0, 44.5, 44.5, 44.5, 44.5]（单位：×10³/μL）总胆红素变化：[9.0, 9.0, 7.3, 7.3, 7.3, 7.3, 7.3]（单位：mg/dL）血管活性药物使用剂量：[0.0, 0.0, 0.0, 0.0, 0.0, 0.0, 0.0]（单位：μg/kg/min）格拉斯哥昏迷评分变化：[15, 15, 15, 15, 15, 15, 15]（单位：分）血清肌酐变化：[2.9, 3.1, 2.6, 1.9, 1.9, 1.9, 1.9]（单位：mg/dL）尿量变化：[0.0, 0.0, 0.0, 0.0, 0.0, 75.0, 75.0]（单位：mL）【疾病评分】SOFA总分变化：[8, 8, 0, 0, 5, 7, 7]（单位：分）SIRS评分变化：[1, 1, 0, 0, 1, 2, 2]（单位：分）",
  "intervention": "无血管活性药物干预措施，建议密切监测血压和器官灌注，评估8小时内发生感染性休克的风险",
  "evaluator_trust": {
    "a": 0.4499999999999996,
    "counterfactual_runs": 11,
    "dynamic_confidence": 0.5212344842122639,
    "total_confidence": 0.6407472655735431
  },
  "prediction_trust": {
    "a": 0.4499999999999996,
    "counterfactual_runs": 11,
    "dynamic_confidence": 0.5212344842122639,
    "total_confidence": 0.6407472655735431
  },
  "predicted_vital_signs": {
    "pao2_fio2_ratio": [
      350.0,
      340.0,
      330.0,
      320.0,
      310.0,
      300.0,
      290.0,
      280.0
    ],
    "platelet": [
      160.0,
      155.0,
      150.0,
      145.0,
      140.0,
      135.0,
      130.0,
      125.0
    ],
    "bilirubin_total": [
      1.0,
      1.1,
      1.2,
      1.3,
      1.4,
      1.5,
      1.6,
      1.7
    ],
    "vasopressor_rate": [
      0.0,
      0.0,
      0.0,
      0.0,
      0.0,
      0.0,
      0.0,
      0.0
    ],
    "gcs_total": [
      15.0,
      15.0,
      14.0,
      14.0,
      13.0,
      13.0,
      12.0,
      12.0
    ],
    "creatinine": [
      0.8,
      0.9,
      1.0,
      1.1,
      1.2,
      1.3,
      1.4,
      1.5
    ],
    "urine_output_ml": [
      2200.0,
      2100.0,
      2000.0,
      1900.0,
      1800.0,
      1700.0,
      1600.0,
      1500.0
    ],
    "mechanical_ventilation": [
      0.0,
      0.0,
      0.0,
      0.0,
      0.0,
      0.0,
      0.0,
      0.0
    ]
  },
  "confidence_score": 0.3,
  "evaluation": {
    "success": true,
    "model_output": "Thinking...\n嗯，我现在要评估一下这个预测的SOFA相关指标数据是否合理。让我先仔细看看提供的信息。\n\n患者是一位42岁的女性，ICU入院前的数据监测持续了0小时，但有7次测量，每4小时一次。生命体征看起来比较稳定：心率在89左右，收缩压和舒张压分别是98.4和84，体温36.5度（因为输入的是98.7华氏度，换算成摄氏就是36.5），呼吸频率20.75次/分钟，血氧饱和度99.5%，平均动脉压88.8mmHg。这些数值看起来都是正常的，没有异常波动。\n\n接下来是SOFA评分相关的特征：氧合指数一直在144.83mmHg，机械通气没使用，血小板计数从22开始逐渐上升到44.5×10³/μL，总胆红素从9降到7.3mg/dL。血管活性药物剂量为0，说明没有用升压药。格拉斯哥昏迷评分一直是15分，正常。血清肌酐在波动，从2.9到1.9mg/dL，尿量开始都是0，后来变成75mL。\n\nSOFA总分变化是[8,8,0,0,5,7,7]，这可能有问题，因为SOFA评分应该是各器官系统的得分之和。比如呼吸、循环、肝胆、神经系统、肾脏和血液系统各部分的分数加起来。现在这个分数看起来波动很大，特别是突然降到0分，这不太合理。\n\nSIRS评分变化是[1,1,0,0,1,2,2]，这也可能有问题，因为SIRS需要满足体温、心率、呼吸频率或白细胞的变化，但这里没有看到这些指标的明显异常。\n\n现在看预测的干预后数据：计划是不使用血管活性药物，监测血压和器官灌注，评估感染性休克风险。预测的数据包括PaO2/FiO2比值从350降到280，血小板上升到160，总胆红素下降到1.7，没有用升压药，GCS从15降到12，肌酐从0.8升到1.5，尿量从2200降到1500mL，没用机械通气。\n\n首先，PaO2/FiO2比值：正常范围通常在300以上，预测的下降趋势是合理的，尤其是如果患者有肺部问题。但这里患者的入院前数据没有显示低氧血症，所以这个下降可能不合理。\n\n血小板计数：从160降到125×10³/μL，这是正常的范围吗？正常成年人的血小板在150-450之间，所以预测值是合理的。但是患者入院前的数据中，血小板在44.5左右，这可能过低，如果预测到160的话，说明有所改善。\n\n总胆红素：从1降到1.7mg/dL，这似乎在正常范围内（通常<1.2），所以可能有问题。但患者入院前的数据有波动，从9到7.3，预测值是否过低？\n\nGCS评分下降：从15降到12，意味着意识状态恶化，可能与脑功能有关。如果患者没有神经系统损伤，这可能不合理。\n\n肌酐上升：从0.8到1.5mg/dL，这表明肾功能恶化，但患者入院前的数据中肌酐有波动，是否合理需要看具体情况。\n\n尿量增加到2200mL，然后逐渐减少。这可能与利尿有关，但如果是肾脏问题，这样的变化可能不合理。\n\n其他指标如血压、心率等没有显著变化，这在预测数据中没有显示，所以可能没问题。\n\n整体来看，PaO2/FiO2比值的下降趋势合理，血小板上升也是合理的。但是胆红素和肌酐的变化可能存在异常。GCS评分下降可能导致SOFA评分中的神经系统部分增加，而尿量的变化是否符合肾脏功能也需要考虑。\n\n另外，SIRS评分从1到2可能与体温或白细胞变化有关，但这里没有相关数据支持。\n\n时间序列方面，预测的数据每4小时一次，数值变化幅度不大，这看起来合理。数值的单位和精度也符合医学标准，比如体温保留一位小数，血压整数等。\n\n综合考虑，这些预测数据在某些指标上可能不合理，特别是SOFA评分的突然变化、GCS下降以及某些生化指标的变化。因此，置信度应该较低。\n...done thinking.\n\n置信度评分：0.3\n\n分析理由：\n\n1. **各项指标合理性**：\n   - PaO2/FiO2比值从350降到280，属于正常范围但可能表明轻度低氧血症，合理。\n   - 血小板计数在合理范围内，显示改善。\n   - 总胆红素预测值低于入院前数据，可能不合理。\n   - 肌酐上升提示肾功能恶化，需结合临床情况判断。\n\n2. **干预措施与指标变化**：\n   - 无血管活性药物使用，但GCS下降和肌酐上升可能表明器官灌注不足的风险增加。\n\n3. **SOFA评分逻辑一致性**：\n   - SOFA总分波动较大，特别是突然降到0，不合理。GCS下降可能导致神经系统部分得分增加，而其他系统的分数未见明显关联。\n\n4. **整体趋势与临床预期**：\n   - 预测显示尿量增加后减少，可能与肾脏问题相关，但需更多数据支持。\n   - PaO2/FiO2比值的下降可能合理，但缺乏低氧血症入院前证据。\n\n5. **时间序列和数值精度**：\n   - 数值变化幅度适中，单位和精度正确，但某些指标如胆红素和肌酐的变化可能异常。\n\n综合来看，部分指标变化不合理，SOFA评分波动大，导致整体置信度较低。",
    "error": null
  },
  "key_reasons": [
    "患者是一位42岁的女性，ICU入院前的数据监测持续了0小时，但有7次测量，每4小时一次。生命体征看起来比较稳定：心率在89左右，收缩压和舒张压分别是98.4和84，体温36.5度（因为输入的是98.7华氏度，换算成摄氏就是36.5），呼吸频率20.75次/分钟，血氧饱和度99.5%，平均动脉压88.8mmHg。这些数值看起来都是正常的，没有异常波动。",
    "接下来是SOFA评分相关的特征：氧合指数一直在144.83mmHg，机械通气没使用，血小板计数从22开始逐渐上升到44.5×10³/μL，总胆红素从9降到7.3mg/dL。血管活性药物剂量为0，说明没有用升压药。格拉斯哥昏迷评分一直是15分，正常。血清肌酐在波动，从2.9到1.9mg/dL，尿量开始都是0，后来变成75mL。",
    "SOFA总分变化是[8,8,0,0,5,7,7]，这可能有问题，因为SOFA评分应该是各器官系统的得分之和。比如呼吸、循环、肝胆、神经系统、肾脏和血液系统各部分的分数加起来。现在这个分数看起来波动很大，特别是突然降到0分，这不太合理。"
  ]
}