{
  "timestamp": "2025-12-25 12:25:25",
  "model_name": "deepseek-r1:32b",
  "prediction_model_name": "deepseek-r1:32b",
  "patient_id": "31149608",
  "input_description": "ICU住院编号 31149608，对应患者编号 16155910，63岁男性，体重69.0kg。监测持续时间为 0 小时（共 7 次测量，每4小时一次）：【生命体征】心率变化：[120.75, 120.75]（单位：次/分）收缩压变化：[73.0, 73.0]（单位：mmHg）舒张压变化：[65.0, 65.0]（单位：mmHg）体温变化：[98.0, 98.0]（单位：℃）呼吸频率变化：[15.25, 15.25]（单位：次/分）血氧饱和度变化：[93.75, 93.75]（单位：%）平均动脉压变化：[67.67, 67.67]（单位：mmHg）【SOFA评分相关特征】氧合指数变化：[66.02, 66.02, 66.02, 66.02, 66.02, 66.02, 66.02]（单位：mmHg）机械通气使用情况：[0, 0, 0, 0, 0, 0, 0]（单位：）血小板计数变化：[13.0, 22.0, 22.0, 22.0, 22.0, 22.0, 22.0]（单位：×10³/μL）总胆红素变化：[4.3, 4.3, 4.3, 4.3, 4.3, 4.3, 4.3]（单位：mg/dL）血管活性药物使用剂量：[0.0, 0.0, 0.0, 0.0, 0.0, 8.01, 8.01]（单位：μg/kg/min）格拉斯哥昏迷评分变化：[15, 15, 15, 15, 15, 13, 13]（单位：分）血清肌酐变化：[0.9, 0.8, 0.9, 0.9, 0.9, 0.9, 0.9]（单位：mg/dL）尿量变化：[0.0, 0.0, 0.0, 0.0, 0.0, 350.0, 350.0]（单位：mL）【疾病评分】SOFA总分变化：[1, 0, 0, 5, 0, 8, 8]（单位：分）SIRS评分变化：[1, 0, 0, 0, 0, 3, 3]（单位：分）",
  "intervention": "立即启动去甲肾上腺素输注，维持剂量为15.0μg·kg⁻¹·min⁻¹，剂量调整间隔1小时，密切监测血压和器官灌注，剂量呈递减趋势，提示血管反应性改善，评估8小时内发生感染性休克的风险",
  "evaluator_trust": {
    "a": 0.6499999999999997,
    "counterfactual_runs": 7,
    "dynamic_confidence": 0.51964181767728,
    "total_confidence": 0.6933066240024228
  },
  "prediction_trust": {
    "a": 0.6499999999999997,
    "counterfactual_runs": 7,
    "dynamic_confidence": 0.51964181767728,
    "total_confidence": 0.6933066240024228
  },
  "predicted_vital_signs": {
    "pao2_fio2_ratio": [
      300.0,
      310.0,
      320.0,
      330.0,
      340.0,
      350.0,
      360.0,
      370.0
    ],
    "platelet": [
      100.0,
      98.0,
      96.0,
      94.0,
      92.0,
      90.0,
      88.0,
      86.0
    ],
    "bilirubin_total": [
      1.5,
      1.6,
      1.7,
      1.8,
      1.9,
      2.0,
      2.1,
      2.2
    ],
    "vasopressor_rate": [
      15.0,
      14.0,
      13.0,
      12.0,
      11.0,
      10.0,
      9.0,
      8.0
    ],
    "gcs_total": [
      12.0,
      12.0,
      12.0,
      12.0,
      12.0,
      12.0,
      12.0,
      12.0
    ],
    "creatinine": [
      1.4,
      1.5,
      1.6,
      1.7,
      1.8,
      1.9,
      2.0,
      2.1
    ],
    "urine_output_ml": [
      1800.0,
      1900.0,
      2000.0,
      2100.0,
      2200.0,
      2300.0,
      2400.0,
      2500.0
    ],
    "mechanical_ventilation": [
      1.0,
      1.0,
      1.0,
      1.0,
      1.0,
      1.0,
      1.0,
      1.0
    ]
  },
  "confidence_score": 0.75,
  "evaluation": {
    "success": true,
    "model_output": "Thinking...\n好，我现在需要评估这个预测的SOFA相关指标数据的合理性。首先，我得仔细阅读提供的信息，然后逐一分析每个部分。\n\n患者是一个63岁的男性，体重69kg，在ICU住院，监测持续时间为0小时，共7次测量，每4小时一次。生命体征方面，心率稳定在120.75次/分，收缩压和舒张压都是73和65 mmHg，体温正常，呼吸频率和血氧饱和度也处于正常范围。平均动脉压是67.67 mmHg，可能有点低。\n\nSOFA评分相关特征中，氧合指数稳定在66.02 mmHg，没有变化。机械通气使用情况一直是0，说明没有使用。血小板计数从13降到22，这可能有问题，因为血小板计数通常不会这么波动。总胆红素保持不变，血管活性药物剂量一开始是0，后来增加到8.01 μg/kg/min。格拉斯哥昏迷评分开始是15，后来下降到13，说明意识状态有所恶化。血清肌酐在0.9 mg/dL左右波动，尿量开始是0，后来有350 mL。\n\n疾病评分方面，SOFA总分变化很大，从1降到0再到8，SIRS评分也有波动。这可能意味着患者的状况不稳定。\n\n计划实施的干预措施是使用去甲肾上腺素，初始剂量15 μg/kg/min，逐渐减少，监测血压和器官灌注，评估感染性休克风险。\n\n预测的SOFA相关指标变化包括氧合指数上升到300-370，血小板下降到86，总胆红素上升到2.2 mg/dL，血管活性药物剂量减少到8，GCS保持12，肌酐上升到2.1，尿量增加到2500 mL，并且开始机械通气。\n\n首先，分析各项指标的合理性：\n\n1. 氧合指数：从66升到370，这在医学上是可能的，但需要考虑患者是否有严重的呼吸问题。如果使用了机械通气，氧合可能会改善，所以预测合理。\n\n2. 血小板：从22降到86，这不太对，因为血小板通常不会这么下降，除非有出血或消耗增加的情况。这里预测的是下降，可能不合理。\n\n3. 总胆红素：从4.3降到1.5再上升到2.2，这在医学上是合理的，尤其是如果患者有肝功能问题的话。\n\n4. 血管活性药物剂量：从8降到0，符合预期的干预效果，说明患者的循环稳定了。\n\n5. GCS评分：保持12分可能合理，但需要结合其他指标来看是否有改善或恶化。\n\n6. 肌酐：上升到2.1 mg/dL，这可能意味着肾功能恶化，需要考虑是否与血管活性药物有关。\n\n7. 尿量增加到2500 mL，这是显著的改善，符合肾脏功能恢复的表现。\n\n8. 机械通气使用情况变为1，说明患者开始需要机械支持，这也合理，因为氧合指数在干预后有所提升。\n\n接下来，分析干预措施与指标变化的逻辑一致性：\n\n去甲肾上腺素用于提升血压和循环稳定。预测中血管活性药物剂量减少，说明效果好。尿量增加表明肾脏灌注改善，肌酐上升可能暂时性，但需关注是否是急性肾损伤。血小板下降可能不合理，除非有其他原因。\n\nSOFA评分各部分的协调性：呼吸功能（氧合指数）、循环（血管活性药物）、肾功能（肌酐和尿量）需要协调一致。这里预测显示循环改善，肾脏情况好转，但肌酐上升可能与急性损伤有关，需关注。\n\n整体趋势是否符合临床改善：大部分指标显示改善，如氧合、尿量增加，GCS稳定，这符合干预后的预期效果。但血小板下降和肌酐上升需要解释。\n\n数据单位统一性：所有单位都正确，没有问题。\n\n时间序列的合理性：变化幅度适中，没有突变，例如血管活性药物剂量逐渐减少，氧合指数逐步上升，这些都是合理的临床变化趋势。\n\n数值精确度：各项指标的精确度合理，如体温小数点后一位，血压整数等。\n\n综合来看，大部分预测是合理的，但血小板和肌酐的变化可能需要进一步验证。整体置信度较高，但有一些需要注意的地方。\n...done thinking.\n\n置信度评分：0.75\n\n分析理由：\n1. **氧合指数**从66升至370，表明呼吸功能显著改善，符合机械通气干预的预期效果，合理。\n2. **血管活性药物剂量**逐步减少到8 μg/kg/min，显示循环稳定的积极变化，符合临床实践。\n3. **尿量**增加到2500 mL，反映肾脏灌注改善，符合干预后的预期。\n4. **GCS评分**保持在12分，表明意识状态稳定，合理。\n5. **总胆红素**的变化在正常范围内，合理。\n\n需要注意的点：\n- **血小板计数**下降至86可能不合理，除非有其他因素导致。\n- **肌酐上升**到2.1 mg/dL提示肾功能恶化，需关注是否为急性损伤或其他原因。\n\n整体趋势符合临床改善预期，指标变化幅度适中，数据单位和精确度正确。因此，置信度较高，但需注意血小板和肌酐的变化情况。",
    "error": null
  },
  "key_reasons": [
    "好，我现在需要评估这个预测的SOFA相关指标数据的合理性。首先，我得仔细阅读提供的信息，然后逐一分析每个部分。",
    "SOFA评分相关特征中，氧合指数稳定在66.02 mmHg，没有变化。机械通气使用情况一直是0，说明没有使用。血小板计数从13降到22，这可能有问题，因为血小板计数通常不会这么波动。总胆红素保持不变，血管活性药物剂量一开始是0，后来增加到8.01 μg/kg/min。格拉斯哥昏迷评分开始是15，后来下降到13，说明意识状态有所恶化。血清肌酐在0.9 mg/dL左右波动，尿量开始是0，后来有350 mL。",
    "疾病评分方面，SOFA总分变化很大，从1降到0再到8，SIRS评分也有波动。这可能意味着患者的状况不稳定。"
  ]
}