{
  "timestamp": "2025-12-25 13:40:22",
  "model_name": "deepseek-r1:32b",
  "prediction_model_name": "gemma3:12b",
  "patient_id": "32675591",
  "input_description": "ICU住院编号 32675591，对应患者编号 18455034，65岁女性，体重60.8kg。监测持续时间为 0 小时（共 7 次测量，每4小时一次）：【生命体征】心率变化：[131.5, 131.5]（单位：次/分）收缩压变化：[102.0, 102.0]（单位：mmHg）舒张压变化：[78.5, 78.5]（单位：mmHg）体温变化：[99.5, 99.5]（单位：℃）呼吸频率变化：[18.5, 18.5]（单位：次/分）血氧饱和度变化：[99.5, 99.5]（单位：%）平均动脉压变化：[86.33, 86.33]（单位：mmHg）【SOFA评分相关特征】氧合指数变化：[158.79, 158.79, 158.79, 158.79, 158.79, 158.79, 158.79]（单位：mmHg）机械通气使用情况：[0, 0, 0, 0, 0, 0, 0]（单位：）血小板计数变化：[157.0, 157.0, 157.0, 157.0, 157.0, 157.0, 157.0]（单位：×10³/μL）总胆红素变化：[0.6, 0.6, 0.6, 0.6, 0.6, 0.6, 0.6]（单位：mg/dL）血管活性药物使用剂量：[0.0, 0.0, 0.0, 0.0, 0.0, 0.05, 0.05]（单位：μg/kg/min）格拉斯哥昏迷评分变化：[15, 15, 15, 15, 15, 10, 10]（单位：分）血清肌酐变化：[0.8, 0.8, 0.8, 0.8, 0.8, 0.8, 0.8]（单位：mg/dL）尿量变化：[0.0, 0.0, 0.0, 0.0, 0.0, 25.0, 25.0]（单位：mL）【疾病评分】SOFA总分变化：[0, 0, 0, 0, 0, 5, 5]（单位：分）SIRS评分变化：[0, 0, 0, 0, 0, 3, 3]（单位：分）",
  "intervention": "立即启动去甲肾上腺素输注，初始剂量为0.1μg·kg⁻¹·min⁻¹，根据血压反应调整至最大0.06μg·kg⁻¹·min⁻¹，剂量调整间隔4小时，密切监测血压和器官灌注，评估8小时内发生感染性休克的风险",
  "evaluator_trust": {
    "a": 0.29999999999999966,
    "counterfactual_runs": 14,
    "dynamic_confidence": 0.5647711523246383,
    "total_confidence": 0.6313853394651121
  },
  "prediction_trust": {
    "a": 0.29999999999999966,
    "counterfactual_runs": 14,
    "dynamic_confidence": 0.48567690117120177,
    "total_confidence": 0.5768308168979133
  },
  "predicted_vital_signs": {
    "pao2_fio2_ratio": [
      250.0,
      230.0,
      210.0,
      190.0,
      170.0,
      150.0,
      130.0,
      110.0
    ],
    "platelet": [
      180.0,
      160.0,
      140.0,
      120.0,
      100.0,
      80.0,
      60.0,
      40.0
    ],
    "bilirubin_total": [
      1.5,
      2.0,
      2.5,
      3.0,
      3.5,
      4.0,
      4.5,
      5.0
    ],
    "vasopressor_rate": [
      0.1,
      0.2,
      0.3,
      0.4,
      0.5,
      0.6,
      0.7,
      0.8
    ],
    "gcs_total": [
      12.0,
      11.0,
      9.0,
      7.0,
      6.0,
      5.0,
      4.0,
      3.0
    ],
    "creatinine": [
      1.0,
      1.5,
      2.0,
      2.5,
      3.0,
      2.8,
      2.6,
      2.4
    ],
    "urine_output_ml": [
      1500.0,
      1200.0,
      900.0,
      600.0,
      300.0,
      100.0,
      0.0,
      0.0
    ],
    "mechanical_ventilation": [
      0.0,
      0.0,
      1.0,
      1.0,
      1.0,
      1.0,
      1.0,
      1.0
    ]
  },
  "confidence_score": 0.2,
  "evaluation": {
    "success": true,
    "model_output": "Thinking...\n好，我现在需要根据提供的患者信息和预测数据，评估SOFA相关指标变化的合理性。首先，我要理解用户的需求，他们可能是在开发或验证一个医疗预测模型，所以准确性很重要。\n\n先看患者的基本情况：65岁女性，体重60.8kg，监测持续时间是0小时，但有7次测量，每4小时一次。她的生命体征比较稳定，心率131左右，收缩压102mmHg，舒张压78.5mmHg，体温99.5℃，呼吸频率18.5次/分，血氧饱和度99.5%。这些都是相对正常的范围吗？比如，心率偏高可能需要关注，但其他指标看起来还好。\n\nSOFA评分相关特征方面，氧合指数一直是158.79mmHg，机械通气未使用，血小板计数稳定在157×10³/μL，总胆红素0.6mg/dL，血管活性药物用量从0增加到0.05μg/kg/min，格拉斯哥评分降到10分，血清肌酐0.8mg/dL，尿量到了25mL。SOFA总分和SIRS评分在最后两次测量中上升了。\n\n计划的干预措施是立即启动去甲肾上腺素输注，初始剂量0.1μg/kg/min，调整至最大0.06，每4小时监测血压等，评估感染性休克风险。这可能影响循环系统指标，如血管活性药物用量和尿量。\n\n预测的SOFA指标变化包括：\n- 氧合指数逐步下降：从250到110。\n- 血小板减少：从180降到40。\n- 总胆红素上升：1.5到5mg/dL。\n- 血管活性药物剂量增加到0.8μg/kg/min。\n- 格拉斯哥评分下降到3分。\n- 肌酐波动，最高到3mg/dL后下降。\n- 尿量从1500降到0。\n- 机械通气在第三时间点开始使用。\n\n现在分析各因素：\n\n1. 合理的医学范围：氧合指数250以上正常，逐渐下降可能反映肺功能恶化。血小板下降到40×10³/μL可能过低，容易出血。总胆红素超过正常值（通常<1.2mg/dL），提示肝损伤。血管活性药物增加可能导致循环支持加强，但高剂量可能有问题。格拉斯哥评分下降太快，最后3分说明严重意识障碍。肌酐上升到3mg/dL显示肾功能恶化，尿量减少甚至无尿表明肾脏问题严重。\n\n2. 干预措施与SOFA变化的逻辑性：去甲肾上腺素用于提升血压，可能改善循环，但预测中血管活性药物剂量增加，并且尿量减少，这似乎矛盾。如果有效，尿量应该增加，而不是减少。\n\n3. SOFA各系统协调性：呼吸（氧合下降）、循环（血管活性药增加）和肾脏（肌酐上升、尿量减少）指标显示恶化，但这些变化是否有逻辑一致性？比如，循环支持不足可能导致器官灌注差，进而影响肾功能。但如果去甲肾上腺素使用得当，可能改善情况，所以这里预测的变化似乎不太合理。\n\n4. 整体趋势是否符合预期：干预措施应改善循环，但预测显示恶化，特别是尿量急剧减少和肌酐上升，这与预期相反。同时，血小板下降明显，可能导致凝血问题，这也需要关注。\n\n5. 反事实数据无需比较入院前数据，所以重点在变化趋势是否合理。\n\n6. 单位统一性：所有指标单位正确，如血压mmHg、心率bpm等。\n\n7. 时间序列合理性：各项指标的变化幅度较大，比如血管活性药物每小时增加0.1μg/kg/min，这可能太快了。血小板每小时减少20×10³/μL是否合理？通常变化不会这么快。肌酐从0.8到3mg/dL在短时间内可能吗？\n\n8. 数值精确度：大部分指标保留一位或两位小数，如血小板、胆红素等，这看起来合理。\n\n综合来看，预测的数据存在一些不合理的地方：\n- 氧合指数下降太快，可能导致机械通气使用，但初始阶段未使用。\n- 血小板下降过快，可能不现实。\n- 肌酐上升后又下降，可能显示肾脏有波动，但在干预情况下是否合理？\n- 尿量迅速减少到无尿，与去甲肾上腺素的预期效果不符，反而可能是因为低灌注导致。\n- 血管活性药物剂量急剧增加，但没有相应的血压改善数据。\n\n因此，置信度较低。评分可能在0.2左右。\n...done thinking.\n\n置信度评分：0.2\n\n分析理由：\n\n1. **各项SOFA相关指标数值是否在合理的医学范围内**：\n   - 氧合指数（pao2_fio2_ratio）的预测值从250逐渐下降到110。虽然初始值合理，但持续下降的趋势可能过于陡峭，尤其是在没有明确诱因的情况下。\n   - 血小板计数（platelet）从180降至40，在医学上可能过低，容易引发出血风险。\n   - 总胆红素（bilirubin_total）从1.5升至5，显著高于正常范围，提示肝功能恶化。\n   - 血管活性药物剂量（vasopressor_rate）逐步增加到0.8，这在医学上可能过高，尤其是考虑到初始剂量较低。\n   - 格拉斯哥昏迷评分（gcs_total）下降至3分，表明严重的意识障碍，可能与实际情况不符。\n   - 肌酐（creatinine）从1升至3再降至2.4，显示肾功能恶化后部分恢复，但幅度较大且时间较短。\n   - 尿量（urine_output_ml）急剧减少到0，这在医学上可能过于极端。\n   - 机械通气（mechanical_ventilation）的使用从第3次测量开始，合理。\n\n2. **干预措施的预期效果与SOFA相关指标变化趋势的逻辑一致性**：\n   - 去甲肾上腺素旨在提升血压和改善循环，但预测中血管活性药物剂量增加的同时，尿量却减少，这可能不一致。\n   - 血小板的快速下降和肌酐的上升提示器官功能恶化，与预期的改善相悖。\n\n3. **SOFA评分各组件之间的逻辑一致性**：\n   - 呼吸、循环和肾脏指标均显示恶化趋势，缺乏协调性。例如，循环支持增加但肾功能未见好转。\n   \n4. **整体趋势是否符合临床改善的预期**：\n   - 预测显示患者状况持续恶化，与干预措施应带来的改善不符。\n\n5. **时间序列数据合理性**：\n   - 指标变化幅度较大，如血管活性药物每小时增加0.1μg/kg/min和血小板迅速减少，这在实际中可能不常见。\n\n6. **数值的精确度**：\n   - 大部分指标精确度合理，但个别指标（如肌酐波动）可能过于剧烈。\n\n综上所述，预测的数据存在诸多不合理之处，与干预措施预期效果和医学常识不符。因此置信度较低。",
    "error": null
  },
  "key_reasons": [
    "好，我现在需要根据提供的患者信息和预测数据，评估SOFA相关指标变化的合理性。首先，我要理解用户的需求，他们可能是在开发或验证一个医疗预测模型，所以准确性很重要。",
    "SOFA评分相关特征方面，氧合指数一直是158.79mmHg，机械通气未使用，血小板计数稳定在157×10³/μL，总胆红素0.6mg/dL，血管活性药物用量从0增加到0.05μg/kg/min，格拉斯哥评分降到10分，血清肌酐0.8mg/dL，尿量到了25mL。SOFA总分和SIRS评分在最后两次测量中上升了。",
    "1. 合理的医学范围：氧合指数250以上正常，逐渐下降可能反映肺功能恶化。血小板下降到40×10³/μL可能过低，容易出血。总胆红素超过正常值（通常<1.2mg/dL），提示肝损伤。血管活性药物增加可能导致循环支持加强，但高剂量可能有问题。格拉斯哥评分下降太快，最后3分说明严重意识障碍。肌酐上升到3mg/dL显示肾功能恶化，尿量减少甚至无尿表明肾脏问题严重。"
  ]
}