{
  "timestamp": "2025-12-25 11:59:22",
  "model_name": "deepseek-r1:32b",
  "prediction_model_name": "qwen3:30b",
  "patient_id": "30861515",
  "input_description": "ICU住院编号 30861515，对应患者编号 11699026，72岁男性，体重96.5kg。监测持续时间为 0 小时（共 7 次测量，每4小时一次）：【生命体征】心率变化：[86.2, 75.5, 91.0, 74.5, 77.0, 73.2, 73.2]（单位：次/分）收缩压变化：[83.2, 74.25, 81.0, 77.5, 67.2, 73.8, 73.8]（单位：mmHg）舒张压变化：[70.6, 64.75, 71.0, 54.0, 51.2, 57.8, 57.8]（单位：mmHg）体温变化：[36.88, 36.6, 36.5, 35.6, 35.52, 36.06, 36.06]（单位：℃）呼吸频率变化：[17.6, 23.25, 19.0, 19.5, 17.8, 17.6, 17.6]（单位：次/分）血氧饱和度变化：[96.6, 95.25, 97.0, 98.0, 97.8, 97.4, 97.4]（单位：%）平均动脉压变化：[74.8, 67.92, 74.33, 61.83, 56.53, 63.13, 63.13]（单位：mmHg）【SOFA评分相关特征】氧合指数变化：[406.5, 280.08, 280.08, 280.08, 280.08, 280.08, 280.08]（单位：mmHg）机械通气使用情况：[0, 0, 0, 0, 0, 0, 0]（单位：）血小板计数变化：[132.0, 107.0, 113.0, 113.0, 113.0, 113.0, 113.0]（单位：×10³/μL）总胆红素变化：[3.7, 2.4, 1.8, 1.8, 1.8, 1.8, 1.8]（单位：mg/dL）血管活性药物使用剂量：[0.0, 0.0, 0.0, 0.0, 0.0, 0.0, 0.0]（单位：μg/kg/min）格拉斯哥昏迷评分变化：[15, 14, 15, 15, 15, 7, 7]（单位：分）血清肌酐变化：[1.6, 2.5, 2.8, 2.8, 2.8, 2.8, 2.8]（单位：mg/dL）尿量变化：[325.0, 35.0, 40.0, 110.0, 50.0, 80.0, 80.0]（单位：mL）【疾病评分】SOFA总分变化：[4, 5, 3, 6, 4, 10, 10]（单位：分）SIRS评分变化：[1, 1, 1, 2, 1, 1, 1]（单位：分）",
  "intervention": "无血管活性药物干预措施，建议密切监测血压和器官灌注，评估8小时内发生感染性休克的风险",
  "evaluator_trust": {
    "a": 0.7999999999999998,
    "counterfactual_runs": 4,
    "dynamic_confidence": 0.5273743113911853,
    "total_confidence": 0.7349296165125445
  },
  "prediction_trust": {
    "a": 0.7999999999999998,
    "counterfactual_runs": 4,
    "dynamic_confidence": 1.0,
    "total_confidence": 0.8365987841532672
  },
  "predicted_vital_signs": {
    "pao2_fio2_ratio": [
      250.0,
      240.0,
      230.0,
      220.0,
      210.0,
      200.0,
      190.0,
      180.0
    ],
    "platelet": [
      100.0,
      95.0,
      90.0,
      85.0,
      80.0,
      75.0,
      70.0,
      65.0
    ],
    "bilirubin_total": [
      1.5,
      1.6,
      1.7,
      1.8,
      1.9,
      2.0,
      2.1,
      2.2
    ],
    "vasopressor_rate": [
      0.0,
      0.0,
      0.0,
      0.1,
      0.2,
      0.3,
      0.4,
      0.5
    ],
    "gcs_total": [
      10.0,
      9.0,
      8.0,
      7.0,
      6.0,
      5.0,
      4.0,
      3.0
    ],
    "creatinine": [
      1.2,
      1.3,
      1.4,
      1.5,
      1.6,
      1.7,
      1.8,
      1.9
    ],
    "urine_output_ml": [
      800.0,
      750.0,
      700.0,
      650.0,
      600.0,
      550.0,
      500.0,
      450.0
    ],
    "mechanical_ventilation": [
      1.0,
      1.0,
      1.0,
      1.0,
      1.0,
      1.0,
      1.0,
      1.0
    ]
  },
  "confidence_score": 0.23,
  "evaluation": {
    "success": true,
    "model_output": "Thinking...\n好，我现在需要评估预测的SOFA相关指标数据的合理性。首先，我得仔细查看提供的信息，包括患者的基本情况、监测数据、计划实施的干预措施以及预测的干预后变化。\n\n患者的入院前数据显示，他是一位72岁的男性，体重96.5kg，ICU住院编号是30861515。监测持续时间为0小时，共有7次测量，每4小时一次。生命体征包括心率、收缩压、舒张压、体温、呼吸频率和血氧饱和度等。SOFA评分相关的特征如氧合指数、机械通气使用情况、血小板计数、总胆红素、血管活性药物剂量、格拉斯哥昏迷评分（GCS）、血清肌酐和尿量都有详细记录。\n\nSOFA总分变化为[4,5,3,6,4,10,10]，SIRS评分较低。计划的干预措施是密切监测血压和器官灌注，评估感染性休克风险，不使用血管活性药物。\n\n预测的数据包括氧合指数、血小板、胆红素、血管活性药物剂量、GCS、肌酐、尿量和机械通气情况的变化。我需要逐一分析这些指标是否合理。\n\n首先看各项指标的合理性：\n- 氧合指数（pao2_fio2_ratio）在预测中逐渐下降，从250到180。正常情况下，氧合指数低可能表示呼吸功能恶化，但患者是否有机械通气？这里机械通气被预测为持续使用，所以氧合指数降低是否合理？需要看其他指标是否匹配。\n- 血小板计数（platelet）逐渐下降，从100到65。血小板过低可能导致出血风险增加，这可能与病情恶化有关，但是否有明确的原因？\n- 胆红素（bilirubin_total）上升，从1.5到2.2，这可能表示肝功能异常，需要考虑是否与其他器官功能下降有关。\n- 血管活性药物剂量（vasopressor_rate）逐渐增加到0.5 μg/kg/min。这表明循环支持需求增加，与SOFA评分中循环部分的恶化相符。\n- GCS总分逐步下降，从10到3，显示神经功能急剧恶化，这可能与其他系统衰竭有关，但是否合理？\n- 肌酐（creatinine）上升，从1.2到1.9，提示肾功能恶化。这可能与尿量变化相关吗？预测中尿量逐渐减少到450ml，这可能表明肾脏排泄能力下降。\n- 尿量（urine_output_ml）逐步减少，从800到450。这与肌酐上升一致，显示肾脏问题加重。\n- 机械通气使用情况持续为1，即一直使用。\n\n接下来分析干预措施的预期效果：没有血管活性药物干预，而是监测血压和器官灌注。预测中却出现了血管活性药物剂量逐渐增加的情况，这可能意味着患者的循环状态恶化，需要更多的支持。这与不使用血管活性药物的计划似乎有冲突，或者可能是因为病情进展导致不得不增加药物。\n\n评估各系统的逻辑一致性：\n- 呼吸系统：氧合指数下降，机械通气持续，显示呼吸功能恶化。\n- 循环系统：血压在入院前有所波动，预测中血管活性药物使用增加，提示循环支持需求上升。\n- 肾脏：肌酐上升和尿量减少表明肾功能恶化。\n- 神经系统：GCS下降明显，可能与其他器官衰竭有关。\n各系统的指标是否协调？呼吸、循环、肾脏和神经系统的恶化是相互关联的，可能符合多器官衰竭的情况。\n\n整体趋势是否符合临床改善预期？预测显示所有系统都在恶化或保持不变，这与干预措施旨在监测和预防休克的目标相悖。如果干预措施有效，应看到病情稳定或好转，但预测中情况在恶化，可能意味着患者对干预反应不佳，或者有其他未被控制的因素。\n\n数据的单位是否统一？氧合指数以mmHg为单位，血压也是mmHg，心率是bpm，体温摄氏度，呼吸频率次/分，血氧百分比，这些都是正确的单位。\n\n时间序列的数据变化幅度是否合理？例如，GCS从10降到3，每次降1分，可能太快了。通常，这样的下降速度在现实中较为少见，除非有急性恶化事件发生。尿量减少到450ml，是否过低？正常情况下，每小时尿量应至少0.5ml/kg，患者体重96kg，所以24小时约需超过1152ml，而预测中的800ml左右可能偏高还是偏低呢？需要具体计算。\n\n数值的精确度：如体温到小数点后一位，血压整数，这符合临床记录习惯。GCS评分应该是整数，但预测中使用了小数，比如10.0，这是合理的，但实际操作中通常记录为整数。\n\n最后，综合考虑各项因素：\n- 氧合指数下降合理，但机械通气持续可能影响其变化。\n- 血小板下降过快可能不合理，特别是从132降到65，是否需要更长时间？\n- 胆红素逐渐上升合理，反映肝功能问题。\n- 血管活性药物增加与干预措施中的不使用相矛盾，这可能是一个问题。\n- GCS评分快速下降可能不太现实。\n- 肌酐上升和尿量减少合理，但尿量变化是否过快？\n- 时间序列上，各项指标的变化幅度在短时间内（8小时）可能过高。\n\n综上所述，预测的数据存在一些不合理之处，特别是GCS的迅速恶化、血小板快速下降以及血管活性药物使用与干预措施不符。此外，数据的时间序列变化速度可能过高，不符合临床实际。因此，整体置信度较低。\n...done thinking.\n\n置信度评分：0.23\n\n分析理由：\n1. **各指标合理性**：\n   - 氧合指数下降合理，但机械通气持续使用可能影响其变化趋势。\n   - 血小板计数快速下降至65×10³/μL可能不合理，通常需要更长时间。\n   - 总胆红素上升符合肝功能异常的预期。\n   - 血管活性药物剂量增加与无干预措施相矛盾。\n   - GCS评分迅速恶化（从10到3）在短时间内不太现实。\n   - 肌酐和尿量的变化趋势合理，但尿量减少速度可能过快。\n\n2. **干预效果一致性**：\n   - 预测显示病情恶化，与监测干预的目标相悖，表明患者对措施反应不佳。\n\n3. **系统协调性**：\n   - 呼吸、循环、肾脏和神经系统指标的恶化是相互关联的，但GCS下降速度过快，影响整体协调性。\n\n4. **整体趋势**：\n   - 预测显示恶化，与预期监测效果不符，可能低估了干预措施的影响。\n\n5. **时间序列合理性**：\n   - 某些指标的变化幅度在8小时内过高，如血小板和GCS评分的迅速变化不合理。\n\n6. **数据精确度**：\n   - 体温、血压等单位正确，但GCS使用小数可能不准确。\n\n综合以上因素，预测结果存在多处不合理之处，置信度较低。",
    "error": null
  },
  "key_reasons": [
    "好，我现在需要评估预测的SOFA相关指标数据的合理性。首先，我得仔细查看提供的信息，包括患者的基本情况、监测数据、计划实施的干预措施以及预测的干预后变化。",
    "患者的入院前数据显示，他是一位72岁的男性，体重96.5kg，ICU住院编号是30861515。监测持续时间为0小时，共有7次测量，每4小时一次。生命体征包括心率、收缩压、舒张压、体温、呼吸频率和血氧饱和度等。SOFA评分相关的特征如氧合指数、机械通气使用情况、血小板计数、总胆红素、血管活性药物剂量、格拉斯哥昏迷评分（GCS）、血清肌酐和尿量都有详细记录。",
    "SOFA总分变化为[4,5,3,6,4,10,10]，SIRS评分较低。计划的干预措施是密切监测血压和器官灌注，评估感染性休克风险，不使用血管活性药物。"
  ]
}