{
  "timestamp": "2025-12-25 11:34:27",
  "model_name": "deepseek-r1:32b",
  "prediction_model_name": "gemma3:12b",
  "patient_id": "30717105",
  "input_description": "ICU住院编号 30717105，对应患者编号 17744715，34岁男性，体重100.0kg。监测持续时间为 0 小时（共 7 次测量，每4小时一次）：【生命体征】心率变化：[131.0, 88.1, 97.29, 109.43, 123.6, 112.25, 112.25]（单位：次/分）收缩压变化：[63.0, 79.0, 81.0, 65.5, 67.0, 67.0, 67.0]（单位：mmHg）舒张压变化：[20.0, 52.0, 68.25, 70.5, 50.0, 53.2, 53.2]（单位：mmHg）体温变化：[65.12, 36.28, 37.37, 37.31, 37.66, 37.66, 37.66]（单位：℃）呼吸频率变化：[30.67, 26.71, 27.25, 23.86, 21.47, 23.25, 23.25]（单位：次/分）血氧饱和度变化：[71.33, 99.86, 100.0, 97.86, 99.93, 98.75, 98.75]（单位：%）平均动脉压变化：[55.67, 71.83, 74.0, 55.17, 57.8, 57.8, 57.8]（单位：mmHg）【SOFA评分相关特征】氧合指数变化：[39.49, 215.75, 155.44, 95.55, 120.08, 96.54, 96.54]（单位：mmHg）机械通气使用情况：[0, 0, 0, 0, 0, 0, 0]（单位：）血小板计数变化：[128.0, 92.5, 107.0, 112.0, 84.5, 70.0, 70.0]（单位：×10³/μL）总胆红素变化：[3.3, 3.1, 3.3, 3.1, 3.4, 3.4, 3.4]（单位：mg/dL）血管活性药物使用剂量：[0.4, 0.9, 0.07, 0.07, 0.18, 0.16, 0.16]（单位：μg/kg/min）格拉斯哥昏迷评分变化：[15, 3, 3, 3, 11, 8, 8]（单位：分）血清肌酐变化：[1.5, 1.8, 1.6, 1.7, 1.75, 1.6, 1.6]（单位：mg/dL）尿量变化：[0.0, 225.0, 470.0, 25.0, 510.0, 600.0, 600.0]（单位：mL）【疾病评分】SOFA总分变化：[8, 10, 10, 10, 8, 9, 9]（单位：分）SIRS评分变化：[3, 3, 3, 3, 3, 3, 3]（单位：分）",
  "intervention": "立即启动去甲肾上腺素输注，初始剂量为0.1μg·kg⁻¹·min⁻¹，根据血压反应调整至最大0.34μg·kg⁻¹·min⁻¹，剂量调整间隔4小时，密切监测血压和器官灌注，剂量呈递增趋势，提示血管反应性下降，评估8小时内发生感染性休克的风险",
  "evaluator_trust": {
    "a": 0.8999999999999999,
    "counterfactual_runs": 2,
    "dynamic_confidence": 0.5574558879936633,
    "total_confidence": 0.7638821873129624
  },
  "prediction_trust": {
    "a": 0.8999999999999999,
    "counterfactual_runs": 2,
    "dynamic_confidence": 0.49505218623387703,
    "total_confidence": 0.7600761768576038
  },
  "predicted_vital_signs": {
    "pao2_fio2_ratio": [
      250.0,
      180.0,
      150.0,
      120.0,
      100.0,
      80.0,
      60.0,
      40.0
    ],
    "platelet": [
      120.0,
      90.0,
      60.0,
      30.0,
      10.0,
      5.0,
      0.0,
      0.0
    ],
    "bilirubin_total": [
      2.0,
      3.0,
      4.0,
      5.0,
      6.0,
      7.0,
      8.0,
      9.0
    ],
    "vasopressor_rate": [
      0.1,
      0.2,
      0.3,
      0.4,
      0.5,
      0.6,
      0.7,
      0.8
    ],
    "gcs_total": [
      12.0,
      8.0,
      6.0,
      4.0,
      3.0,
      2.0,
      1.0,
      0.0
    ],
    "creatinine": [
      1.5,
      2.0,
      2.5,
      3.0,
      3.5,
      4.0,
      4.5,
      5.0
    ],
    "urine_output_ml": [
      1000.0,
      800.0,
      600.0,
      400.0,
      200.0,
      100.0,
      50.0,
      0.0
    ],
    "mechanical_ventilation": [
      0.0,
      0.0,
      1.0,
      1.0,
      1.0,
      1.0,
      1.0,
      1.0
    ]
  },
  "confidence_score": 0.3,
  "evaluation": {
    "success": true,
    "model_output": "Thinking...\n首先，我需要仔细阅读和理解用户提供的所有信息。患者是一名34岁的男性，体重100kg，在入院前已经监测了7次生命体征和相关指标。预测的SOFA相关指标变化是基于实施去甲肾上腺素输注的干预措施后的预期结果。\n\n接下来，我逐一分析各项指标：\n\n1. **氧合指数（pao2_fio2_ratio）**：从250下降到40。虽然数值在医学范围内，但急剧下降可能意味着肺功能迅速恶化，这与使用血管活性药物增加心输出量的预期效果不一致。\n\n2. **血小板计数（platelet）**：逐渐减少至0，这不符合患者入院前血小板的变化趋势，且血小板过低可能引发严重出血风险，临床中较少见。\n\n3. **总胆红素（bilirubin_total）**：稳步上升，符合肝功能恶化的预期。但初始值较低，快速增加可能需要更详细的原因解释。\n\n4. **血管活性药物剂量（vasopressor_rate）**：逐步增加至0.8，这与干预措施的计划一致，但剂量过高可能导致组织灌注不足，影响其他器官功能。\n\n5. **格拉斯哥昏迷评分（gcs_total）**：从12降至0，表明神经系统迅速恶化。然而，患者入院前GCS有波动，短期内急剧下降可能不合理。\n\n6. **血清肌酐（creatinine）**：逐步上升，符合肾功能恶化的趋势，但需要考虑其他因素如补液和药物影响。\n\n7. **尿量（urine_output_ml）**：从1000降至0，这与血管活性药物增加肾脏灌注的预期效果相反。急剧减少可能提示肾脏严重受损或循环问题。\n\n8. **机械通气使用情况（mechanical_ventilation）**：从不使用到持续使用，符合氧合指数下降的情况，但需结合其他呼吸指标综合评估。\n\n综合分析：\n\n- 部分指标变化趋势与干预措施的预期效果不符，如氧合指数和尿量的变化。\n- 某些指标（血小板、GCS）的极端变化缺乏足够的医学依据，可能不合理。\n- 各系统之间的协调性存在问题，例如循环改善但呼吸功能恶化，肾功能与尿量不一致。\n\n因此，虽然部分预测合理，整体趋势和一些指标的变化幅度存在较大问题。置信度评分为0.3，表示对这些预测结果的合理性存在一定怀疑，需要进一步验证。\n...done thinking.\n\n置信度评分：0.3  \n分析理由：\n\n1. **氧合指数（pao2_fio2_ratio）**：从250下降到40，这可能表明严重的呼吸功能恶化，但初始值较高，随后急剧下降是否合理？如果患者未使用机械通气，这种情况不太常见。\n\n2. **血小板计数（platelet）**：逐渐减少至0，这是不可能的，因为血小板计数不会骤降到零。正常情况下，即使严重疾病，血小板也不会完全消失。\n\n3. **总胆红素（bilirubin_total）**：从2.0增加到9.0是合理的，反映了肝功能恶化。\n\n4. **血管活性药物剂量（vasopressor_rate）**：逐步增加至0.8μg/kg/min，这与干预措施的计划一致，但过高的剂量可能带来副作用。\n\n5. **格拉斯哥昏迷评分（gcs_total）**：从12降至0，表明神经系统迅速恶化，这在短期内不太合理，除非有严重脑损伤或其他原因。\n\n6. **血清肌酐（creatinine）**：逐步上升，符合肾功能恶化的趋势，但需要考虑其他因素如补液和药物影响。\n\n7. **尿量（urine_output_ml）**：从1000降至0，这可能反映肾脏功能急剧恶化，但与血管活性药物增加肾脏灌注的预期效果相反。\n\n8. **机械通气使用情况（mechanical_ventilation）**：从不使用到持续使用，符合氧合指数下降的情况，但需结合其他呼吸指标综合评估。\n\n综上所述，预测结果中部分指标的变化趋势不合理，特别是血小板计数和格拉斯哥昏迷评分的极端变化。整体趋势可能与临床改善的预期不符，因此置信度评分为0.3。",
    "error": null
  },
  "key_reasons": [
    "3. 总胆红素（bilirubin_total）：稳步上升，符合肝功能恶化的预期。但初始值较低，快速增加可能需要更详细的原因解释。",
    "5. 格拉斯哥昏迷评分（gcs_total）：从12降至0，表明神经系统迅速恶化。然而，患者入院前GCS有波动，短期内急剧下降可能不合理。",
    "因此，虽然部分预测合理，整体趋势和一些指标的变化幅度存在较大问题。置信度评分为0.3，表示对这些预测结果的合理性存在一定怀疑，需要进一步验证。"
  ]
}