{
  "timestamp": "2025-12-25 12:05:45",
  "model_name": "deepseek-r1:32b",
  "prediction_model_name": "qwen3:30b",
  "patient_id": "30893431",
  "input_description": "ICU住院编号 30893431，对应患者编号 12214410，49岁男性，体重97.95kg。监测持续时间为 0 小时（共 7 次测量，每4小时一次）：【生命体征】心率变化：[107.6, 105.25, 105.25]（单位：次/分）收缩压变化：[71.6, 68.0, 68.0]（单位：mmHg）舒张压变化：[54.0, 51.0, 51.0]（单位：mmHg）体温变化：[98.95, 99.0, 99.0]（单位：℃）呼吸频率变化：[20.2, 22.5, 22.5]（单位：次/分）血氧饱和度变化：[100.0, 100.0, 100.0]（单位：%）平均动脉压变化：[59.87, 56.67, 56.67]（单位：mmHg）【SOFA评分相关特征】氧合指数变化：[253.08, 212.5, 212.5, 212.5, 212.5, 212.5, 212.5]（单位：mmHg）机械通气使用情况：[0, 0, 0, 0, 0, 0, 0]（单位：）血小板计数变化：[29.0, 37.0, 82.33, 125.6, 103.67, 73.0, 73.0]（单位：×10³/μL）总胆红素变化：[7.4, 8.0, 6.0, 6.0, 6.0, 6.0, 6.0]（单位：mg/dL）血管活性药物使用剂量：[0.0, 0.0, 0.0, 0.0, 0.35, 0.35, 0.35]（单位：μg/kg/min）格拉斯哥昏迷评分变化：[15, 15, 15, 15, 3, 9, 9]（单位：分）血清肌酐变化：[0.5, 1.0, 1.1, 1.1, 1.1, 1.1, 1.1]（单位：mg/dL）尿量变化：[0.0, 0.0, 0.0, 0.0, 325.0, 416.0, 416.0]（单位：mL）【疾病评分】SOFA总分变化：[7, 3, 2, 1, 12, 12, 12]（单位：分）SIRS评分变化：[1, 0, 0, 0, 3, 3, 3]（单位：分）",
  "intervention": "立即启动去甲肾上腺素输注，维持剂量为0.3μg·kg⁻¹·min⁻¹，剂量调整间隔4小时，密切监测血压和器官灌注，剂量呈递减趋势，提示血管反应性改善，评估8小时内发生感染性休克的风险",
  "evaluator_trust": {
    "a": 0.7499999999999998,
    "counterfactual_runs": 5,
    "dynamic_confidence": 0.5527884630923375,
    "total_confidence": 0.7283109478677476
  },
  "prediction_trust": {
    "a": 0.7499999999999998,
    "counterfactual_runs": 5,
    "dynamic_confidence": 1.0,
    "total_confidence": 0.846811360143688
  },
  "predicted_vital_signs": {
    "pao2_fio2_ratio": [
      250.0,
      260.0,
      270.0,
      280.0,
      290.0,
      300.0,
      310.0,
      320.0
    ],
    "platelet": [
      120.0,
      125.0,
      130.0,
      135.0,
      140.0,
      145.0,
      150.0,
      155.0
    ],
    "bilirubin_total": [
      2.0,
      1.9,
      1.8,
      1.7,
      1.6,
      1.5,
      1.4,
      1.3
    ],
    "vasopressor_rate": [
      0.3,
      0.25,
      0.2,
      0.15,
      0.1,
      0.05,
      0.0,
      0.0
    ],
    "gcs_total": [
      10.0,
      11.0,
      12.0,
      13.0,
      14.0,
      14.5,
      15.0,
      15.0
    ],
    "creatinine": [
      2.0,
      1.9,
      1.8,
      1.7,
      1.6,
      1.5,
      1.4,
      1.3
    ],
    "urine_output_ml": [
      500.0,
      600.0,
      700.0,
      800.0,
      900.0,
      1000.0,
      1100.0,
      1200.0
    ],
    "mechanical_ventilation": [
      1.0,
      1.0,
      1.0,
      1.0,
      1.0,
      1.0,
      1.0,
      1.0
    ]
  },
  "confidence_score": 0.85,
  "evaluation": {
    "success": true,
    "model_output": "Thinking...\n好的，我现在要评估预测的SOFA相关指标数据是否合理。让我先仔细阅读用户提供的信息，然后逐一分析各个因素。\n\n首先，患者的基本情况：49岁男性，体重较重，ICU入院前的数据监测持续时间很短，只有7次测量，每4小时一次。生命体征显示心率在105左右波动，收缩压较低，在68-72 mmHg之间，平均动脉压也在56-59 mmHg，这可能表明循环功能不全或休克状态。体温正常，呼吸频率适中，血氧饱和度保持在100%，说明没有明显的低氧情况。\n\nSOFA评分相关特征显示，初始氧合指数较高，但随后下降到212.5并持续，这可能意味着肺部状况有所恶化或者治疗措施的影响。机械通气未使用，所以氧合指数的变化可能与其他因素有关。血小板计数波动较大，从29到103，这可能反映出血栓或感染情况。总胆红素先上升后下降，但数值都在正常范围内。血管活性药物（去甲肾上腺素）在第四次测量开始使用，剂量逐渐增加，但这里预测中剂量是递减的，这可能是因为干预措施的效果。\n\nSOFA总分变化波动较大，从7降到1，然后升到12，这可能反映了患者病情的变化。SIRS评分也显示炎症反应的变化。\n\n接下来，计划实施的干预措施是立即启动去甲肾上腺素输注，剂量为0.3 μg/kg/min，并在8小时内调整剂量，呈递减趋势，同时监测血压和器官灌注。目标是在8小时内评估感染性休克的风险。\n\n预测的SOFA相关指标变化包括氧合指数、血小板、总胆红素、血管活性药物率、GCS评分、肌酐、尿量以及机械通气使用情况的变化。\n\n现在逐一分析：\n\n1. 各项指标是否在合理范围内：\n   - 氧合指数：预测值从250到320，这在正常范围内（通常>300为良好），但患者之前有较低的氧合指数，突然上升可能需要解释。\n   - 血小板计数：从73升至155，逐渐增加，这是合理的，因为血小板低可能与感染或药物有关，治疗后回升是好的迹象。\n   - 总胆红素：预测值下降到1.3 mg/dL，正常范围通常为0.2-1.2，所以接近下限，但可能会有波动。\n   - 血管活性药物率：从0.3逐渐减少到0，这符合干预措施的预期效果，显示血管反应性改善。\n   - GCS评分：从9升至15，恢复意识，这是积极的变化。\n   - 肌酐：从1.1降到1.3，这可能有问题，因为通常肌酐下降表示肾功能好转，但患者初始肌酐较低，这里预测值似乎上升，需注意单位和趋势是否正确。\n   - 尿量：逐渐增加到1200 mL，显示肾脏灌注改善，合理。\n   - 机械通气使用情况：从0变为持续使用，这可能与氧合指数变化有关。\n\n2. 干预措施的预期效果与指标变化的逻辑一致性：\n   去甲肾上腺素用于提升血压和器官灌注。预测中血管活性药物率递减，同时血压稳定或改善，SOFA评分中的循环部分得分应该降低。但观察到SOFA总分可能会上升吗？需要看其他组件的变化。\n\n3. SOFA各组件的协调性：\n   - 呼吸：氧合指数上升，机械通气开始使用，这可能是因为治疗后肺功能改善。\n   - 循环：血管活性药物减少，血压稳定，循环SOFA评分降低。\n   - 肾脏：尿量增加，肌酐下降或保持稳定。但预测中肌酐从1.1升到2.0，再到1.3，这可能有问题，因为通常改善应使肌酐下降，而不是上升。\n   - 神经系统：GCS评分恢复，显示神经功能好转。\n\n4. 整体趋势是否符合临床改善：\n   大部分指标显示改善，如血小板上升、胆红素下降、GCS恢复、尿量增加。但肌酐的变化可能不一致，因为如果肾脏灌注改善，肌酐应下降，而预测中初始上升到2.0后又下降，这可能不合理。\n\n5. 数据单位统一性：\n   所有指标单位正确，如mmHg、bpm等，没有问题。\n\n6. 时间序列的合理性：\n   预测数据的时间点较多（8个），每次变化幅度适中。例如，尿量每次增加100 mL，血小板每步增加5，这符合临床可能的变化速度。\n\n7. 数值精确度：\n   大部分指标的小数点后一位或整数，符合医疗记录的常规做法。\n\n综合来看，大部分预测数据合理，但肌酐的变化似乎不太一致。初始预测中肌酐从1.1上升到2.0，这可能意味着肾功能恶化，而干预措施应改善循环，从而改善肾脏情况，所以肌酐应该下降。此外，SOFA评分中的肾脏部分可能因此受到影响。\n\n其他方面，如血小板上升、胆红素下降、GCS恢复和尿量增加都是积极的变化，符合预期治疗效果。\n...done thinking.\n\n置信度评分：0.85\n\n分析：\n\n1. 各项指标合理性：\n   - 氧合指数在合理范围内，逐渐上升显示肺功能改善。\n   - 血小板计数逐步回升，显示血栓风险降低。\n   - 总胆红素下降至正常范围，可能反映肝功能好转。\n   - 去甲肾上腺素剂量递减，符合预期效果。\n   - GCS评分恢复至正常，显示神经功能改善。\n   - 尿量显著增加，肾脏灌注改善。\n\n2. 干预措施与指标变化一致性：\n   使用去甲肾上腺素后，循环稳定，SOFA循环部分得分降低。呼吸和肾脏功能改善符合预期。\n\n3. SOFA各组件协调性：\n   呼吸、循环、神经系统指标均显示好转，但肌酐变化异常，可能影响肾脏评分的合理性。\n\n4. 整体趋势：\n   大部分指标显示临床改善，但肌酐变化不符合预期，需进一步核实。\n\n5. 单位和时间序列：\n   数据单位正确，时间点合理，无突变情况。\n\n6. 精确度：\n   各项指标数值精确度符合医疗记录标准。\n\n结论：预测数据大部分合理，但肌酐变化可能存在问题，建议重新评估肾脏功能的变化趋势。",
    "error": null
  },
  "key_reasons": [
    "SOFA评分相关特征显示，初始氧合指数较高，但随后下降到212.5并持续，这可能意味着肺部状况有所恶化或者治疗措施的影响。机械通气未使用，所以氧合指数的变化可能与其他因素有关。血小板计数波动较大，从29到103，这可能反映出血栓或感染情况。总胆红素先上升后下降，但数值都在正常范围内。血管活性药物（去甲肾上腺素）在第四次测量开始使用，剂量逐渐增加，但这里预测中剂量是递减的，这可能是因为干预措施的效果。",
    "SOFA总分变化波动较大，从7降到1，然后升到12，这可能反映了患者病情的变化。SIRS评分也显示炎症反应的变化。",
    "预测的SOFA相关指标变化包括氧合指数、血小板、总胆红素、血管活性药物率、GCS评分、肌酐、尿量以及机械通气使用情况的变化。"
  ]
}