{
  "timestamp": "2025-12-25 11:40:47",
  "model_name": "deepseek-r1:32b",
  "prediction_model_name": "gemma3:12b",
  "patient_id": "30835026",
  "input_description": "ICU住院编号 30835026，对应患者编号 11670720，60岁男性，体重95.0kg。监测持续时间为 0 小时（共 7 次测量，每4小时一次）：【生命体征】心率变化：[66.5, 66.5]（单位：次/分）收缩压变化：[78.33, 78.33]（单位：mmHg）舒张压变化：[50.67, 50.67]（单位：mmHg）体温变化：[N/A, N/A]（单位：℃）呼吸频率变化：[15.25, 15.25]（单位：次/分）血氧饱和度变化：[99.75, 99.75]（单位：%）平均动脉压变化：[59.89, 59.89]（单位：mmHg）【SOFA评分相关特征】氧合指数变化：[152.17, 152.17, 152.17, 152.17, 152.17, 152.17, 152.17]（单位：mmHg）机械通气使用情况：[0, 0, 0, 0, 0, 0, 0]（单位：）血小板计数变化：[41.0, 53.0, 71.0, 60.0, 60.0, 60.0, 60.0]（单位：×10³/μL）总胆红素变化：[6.0, 6.0, 6.0, 6.0, 6.0, 6.0, 6.0]（单位：mg/dL）血管活性药物使用剂量：[0.0, 0.0, 0.0, 0.0, 0.0, 0.0, 0.0]（单位：μg/kg/min）格拉斯哥昏迷评分变化：[15, 15, 15, 15, 15, 3, 3]（单位：分）血清肌酐变化：[2.2, 2.2, 2.2, 2.2, 2.2, 2.2, 2.2]（单位：mg/dL）尿量变化：[0.0, 0.0, 0.0, 0.0, 0.0, 200.0, 200.0]（单位：mL）【疾病评分】SOFA总分变化：[0, 0, 3, 2, 2, 12, 12]（单位：分）SIRS评分变化：[0, 0, 1, 0, 0, 0, 0]（单位：分）",
  "intervention": "无血管活性药物干预措施，建议密切监测血压和器官灌注，评估8小时内发生感染性休克的风险",
  "evaluator_trust": {
    "a": 0.8499999999999999,
    "counterfactual_runs": 3,
    "dynamic_confidence": 0.5380724229573974,
    "total_confidence": 0.7495065398175614
  },
  "prediction_trust": {
    "a": 0.8499999999999999,
    "counterfactual_runs": 3,
    "dynamic_confidence": 0.4415471727113289,
    "total_confidence": 0.7373268697945701
  },
  "predicted_vital_signs": {
    "pao2_fio2_ratio": [
      250.0,
      230.0,
      210.0,
      190.0,
      170.0,
      150.0,
      130.0,
      110.0
    ],
    "platelet": [
      120.0,
      100.0,
      80.0,
      60.0,
      40.0,
      20.0,
      0.0,
      0.0
    ],
    "bilirubin_total": [
      1.5,
      2.0,
      2.5,
      3.0,
      3.5,
      4.0,
      4.5,
      5.0
    ],
    "vasopressor_rate": [
      0.0,
      0.0,
      0.0,
      0.0,
      0.0,
      0.0,
      0.0,
      0.0
    ],
    "gcs_total": [
      12.0,
      11.0,
      10.0,
      9.0,
      8.0,
      7.0,
      6.0,
      5.0
    ],
    "creatinine": [
      1.1,
      1.3,
      1.5,
      1.7,
      1.9,
      2.1,
      2.3,
      1.5
    ],
    "urine_output_ml": [
      1800.0,
      1500.0,
      1200.0,
      900.0,
      600.0,
      300.0,
      0.0,
      0.0
    ],
    "mechanical_ventilation": [
      0.0,
      0.0,
      0.0,
      1.0,
      1.0,
      1.0,
      1.0,
      1.0
    ]
  },
  "confidence_score": 0.35,
  "evaluation": {
    "success": true,
    "model_output": "Thinking...\n好，我现在要评估预测的SOFA相关指标数据是否合理。首先，我需要仔细阅读提供的患者信息和预测结果，然后逐一分析各个因素。\n\n首先看患者的基本情况：60岁男性，体重95kg，ICU入院前监测持续时间为0小时，进行了7次测量，每4小时一次。生命体征显示心率稳定在66.5次/分，收缩压和舒张压分别稳定在78.33mmHg和50.67mmHg，体温N/A，呼吸频率15.25次/分，血氧饱和度99.75%，平均动脉压59.89mmHg。SOFA评分相关特征包括氧合指数、机械通气使用情况、血小板计数、总胆红素、血管活性药物剂量、格拉斯哥昏迷评分（GCS）、血清肌酐和尿量的变化。\n\n接下来，预测的干预后指标变化包括pao2_fio2_ratio、platelet、bilirubin_total、vasopressor_rate、gcs_total、creatinine、urine_output_ml和mechanical_ventilation。计划实施的干预措施是没有使用血管活性药物，建议监测血压和器官灌注，并评估感染性休克的风险。\n\n现在逐个分析：\n\n1. **各项指标是否在医学范围内**：\n   - pao2_fio2_ratio从250降到110，这个范围在正常到轻度低氧之间，可能合理。\n   - platelet从120降到0，这显然不合理，因为血小板不会骤降至0，尤其是在没有干预的情况下。\n   - bilirubin_total逐渐上升至5.0mg/dL，这在医学上是可能的，但需要考虑其他因素。\n   - vasopressor_rate保持0，符合无药物使用的情况。\n   - gcs_total从12降到5，这是一个急剧下降，可能不合理，除非有脑损伤发生。\n   - creatinine波动较大，最后回到1.5，这可能与尿量变化有关，但预测中的肌酐上升后又下降不太合理。\n   - urine_output_ml迅速减少到0，这可能与肾功能恶化有关，但短时间内如此大的变化需要解释。\n   - mechanical_ventilation从0转为1并持续使用，符合pao2_fio2_ratio下降的情况。\n\n2. **干预措施的预期效果**：\n   没有使用血管活性药物，应监测血压和器官灌注。预测中vasopressor_rate保持0，符合这一点。但其他指标的变化是否合理？\n\n3. **各系统指标的协调性**：\n   - 呼吸：pao2_fio2_ratio下降，可能需要机械通气，这与mechanical_ventilation的变化一致。\n   - 循环：没有使用血管活性药物，血压应保持稳定。但预测中未提供血压变化，无法判断循环功能是否恶化。\n   - 肾脏：血清肌酐上升后又下降，尿量迅速减少可能反映肾功能恶化，但随后又恢复需要解释。\n\n4. **整体趋势**：\n   预测显示患者状况逐渐恶化，SOFA评分从0升至12。这可能合理，但如果各项指标的变化缺乏一致性，则可信度降低。\n\n5. **数据单位和时间序列合理性**：\n   - pao2_fio2_ratio的变化是否符合医学标准？正常值通常在300左右，下降到110属于低氧血症。\n   - 血小板计数急剧减少不合理，可能预测错误。\n   - GCS评分急剧下降需要有明确的病因，如脑损伤或代谢问题，否则不合理。\n   - 肌酐和尿量的变化可能反映肾功能恶化，但随后肌酐又下降，这在短时间内不太可能。\n\n6. **数值精确度**：\n   预测中的指标通常保留一位小数，除了血小板计数和某些其他指标，这在医学上是合理的。\n\n综合来看，预测中存在不合理之处，如血小板骤降、GCS评分急剧下降、肌酐波动较大等。这些因素降低了整体的可信度。\n...done thinking.\n\n置信度评分：0.35\n\n1. **各项SOFA相关指标数值是否在合理的医学范围内**：\n   - pao2_fio2_ratio的变化范围（250.0到110.0）属于合理，但下降幅度较大可能需要进一步解释。\n   - platelet计数从120.0降到0.0不合理，因为血小板不可能在短时间内骤降至零，尤其是在没有使用任何药物的情况下。这表明预测可能存在错误或不准确。\n   - bilirubin_total逐渐上升到5.0 mg/dL是合理的，特别是如果患者存在肝功能异常的话。\n   - vasopressor_rate保持为0是合理的，因为计划中没有使用血管活性药物。\n   - gcs_total从12降到5是一个急剧下降，这在没有明显脑损伤或其他神经系统恶化的情况下不合理。GCS评分通常不会有这么大的波动，尤其是在短时间内。\n   - creatinine的变化（从1.1上升到2.3然后又回到1.5）是不合理的，因为血清肌酐水平不会在短时间内如此剧烈地变化，特别是在没有急性肾损伤或其他影响肾功能的干预措施的情况下。此外，在没有任何药物或治疗干预的情况下，creatinine不应该出现这么大的波动。\n   - urine_output_ml从1800.0 mL下降到0.0 mL可能是合理的，特别是如果患者的肾脏功能恶化了。然而，预测中没有提供其他支持这一点的信息，例如血清肌酐的变化是否与尿量的减少一致。此外，creatinine随后又有所下降，这在没有明显治疗干预的情况下是不太可能的。\n   - mechanical_ventilation从0转为1并持续使用是合理的，特别是如果患者的氧合情况恶化（pao2_fio2_ratio下降到需要机械通气的水平）。\n\n2. **干预措施的预期效果与SOFA相关指标变化趋势的逻辑一致性**：\n   - 由于计划中没有使用血管活性药物，预测中的vasopressor_rate保持为0是合理的。然而，其他指标的变化（如pao2_fio2_ratio下降、gcs_total下降、creatinine上升等）可能表明患者的病情在恶化，这与预期的监测和评估措施之间缺乏直接的逻辑一致性。\n\n3. **SOFA评分各组件之间的逻辑一致性**：\n   - 呼吸功能的变化（pao2_fio2_ratio下降和mechanical_ventilation增加）是合理的，并且相互支持。\n   - 循环功能方面，由于没有使用血管活性药物，平均动脉压的维持可能需要其他机制，但预测中并没有提供循环相关指标（如血压、心率等）的变化情况，因此难以评估循环功能的变化是否合理。此外，在预测的SOFA评分变化中，并没有看到与循环相关的评分显著增加，这可能表明循环功能相对稳定。\n   - 肾脏功能方面，creatinine的升高和尿量的减少是相互支持的，但在预测中creatinine随后又有所下降，这缺乏合理的解释。\n\n4. **整体趋势是否符合临床改善的预期**：\n   - 预测的趋势显示患者的病情在恶化（SOFA评分从0增加到12），这与计划中没有使用血管活性药物和密切监测血压的措施相一致。然而，在没有进一步干预的情况下，患者病情的这种迅速恶化可能并不常见，尤其是在没有感染性休克发生的情况下。\n\n5. **数据单位统一性和时间序列合理性**：\n   - 数据单位似乎是统一的，并且符合医学标准。\n   - 时间序列方面，各项指标的变化在短期内（例如8小时内）出现了较大的波动，这在某些情况下可能是合理的，但需要有足够的临床解释。例如，creatinine的快速上升和随后下降、gcs_total的急剧下降等都需要有明确的原因。\n\n6. **数值精确度**：\n   - 数值的精确度是合理的，除了可能的例外情况（如creatinine的变化）。\n\n总结来说，预测的数据中存在一些明显不合理的地方，例如血小板计数骤降至0、GCS评分急剧下降以及creatinine的不寻常波动等。这些因素降低了整体数据的可信度。因此，尽管部分指标的变化是合理的，并且与干预措施预期效果和SOFA评分变化趋势有一定的逻辑一致性，但整体预测数据的置信度较低。\n\n置信度评分：0.35",
    "error": null
  },
  "key_reasons": [
    "首先看患者的基本情况：60岁男性，体重95kg，ICU入院前监测持续时间为0小时，进行了7次测量，每4小时一次。生命体征显示心率稳定在66.5次/分，收缩压和舒张压分别稳定在78.33mmHg和50.67mmHg，体温N/A，呼吸频率15.25次/分，血氧饱和度99.75%，平均动脉压59.89mmHg。SOFA评分相关特征包括氧合指数、机械通气使用情况、血小板计数、总胆红素、血管活性药物剂量、格拉斯哥昏迷评分（GCS）、血清肌酐和尿量的变化。",
    "- platelet从120降到0，这显然不合理，因为血小板不会骤降至0，尤其是在没有干预的情况下。",
    "预测显示患者状况逐渐恶化，SOFA评分从0升至12。这可能合理，但如果各项指标的变化缺乏一致性，则可信度降低。"
  ]
}