{
  "timestamp": "2025-12-25 13:59:40",
  "model_name": "deepseek-r1:32b",
  "prediction_model_name": "qwen3:30b",
  "patient_id": "32759002",
  "input_description": "ICU住院编号 32759002，对应患者编号 19425678，28岁男性，体重116.7kg。监测持续时间为 0 小时（共 7 次测量，每4小时一次）：【生命体征】心率变化：[80.67, 80.67]（单位：次/分）收缩压变化：[69.67, 69.67]（单位：mmHg）舒张压变化：[49.67, 49.67]（单位：mmHg）体温变化：[N/A, N/A]（单位：℃）呼吸频率变化：[26.0, 26.0]（单位：次/分）血氧饱和度变化：[100.0, 100.0]（单位：%）平均动脉压变化：[56.33, 56.33]（单位：mmHg）【SOFA评分相关特征】氧合指数变化：[191.58, 191.58, 191.58, 191.58, 191.58, 191.58, 191.58]（单位：mmHg）机械通气使用情况：[0, 0, 0, 0, 0, 0, 0]（单位：）血小板计数变化：[42.0, 39.0, 44.5, 42.0, 42.0, 42.0, 42.0]（单位：×10³/μL）总胆红素变化：[12.3, 12.3, 12.3, 12.3, 12.3, 12.3, 12.3]（单位：mg/dL）血管活性药物使用剂量：[0.0, 0.0, 0.0, 0.0, 0.0, 10.0, 10.0]（单位：μg/kg/min）格拉斯哥昏迷评分变化：[15, 15, 15, 15, 15, 3, 3]（单位：分）血清肌酐变化：[1.3, 1.4, 1.3, 1.3, 1.3, 1.3, 1.3]（单位：mg/dL）尿量变化：[0.0, 0.0, 0.0, 0.0, 0.0, 20.0, 20.0]（单位：mL）【疾病评分】SOFA总分变化：[4, 4, 0, 0, 3, 13, 13]（单位：分）SIRS评分变化：[0, 0, 0, 0, 0, 1, 1]（单位：分）",
  "intervention": "立即启动去甲肾上腺素输注，维持剂量为10.0μg·kg⁻¹·min⁻¹，剂量调整间隔2小时，密切监测血压和器官灌注，剂量呈递减趋势，提示血管反应性改善，评估8小时内发生感染性休克的风险",
  "evaluator_trust": {
    "a": 0.24999999999999967,
    "counterfactual_runs": 15,
    "dynamic_confidence": 0.5577179832803442,
    "total_confidence": 0.6149930981584792
  },
  "prediction_trust": {
    "a": 0.24999999999999967,
    "counterfactual_runs": 15,
    "dynamic_confidence": 1.0,
    "total_confidence": 0.948937120047896
  },
  "predicted_vital_signs": {
    "pao2_fio2_ratio": [
      250.0,
      260.0,
      270.0,
      280.0,
      290.0,
      300.0,
      310.0,
      320.0
    ],
    "platelet": [
      100.0,
      105.0,
      110.0,
      115.0,
      120.0,
      125.0,
      130.0,
      135.0
    ],
    "bilirubin_total": [
      2.5,
      2.4,
      2.3,
      2.2,
      2.1,
      2.0,
      1.9,
      1.8
    ],
    "vasopressor_rate": [
      10.0,
      9.5,
      9.0,
      8.5,
      8.0,
      7.5,
      7.0,
      6.5
    ],
    "gcs_total": [
      3.0,
      4.0,
      5.0,
      6.0,
      7.0,
      8.0,
      9.0,
      10.0
    ],
    "creatinine": [
      2.5,
      2.4,
      2.3,
      2.2,
      2.1,
      2.0,
      1.9,
      1.8
    ],
    "urine_output_ml": [
      500.0,
      600.0,
      700.0,
      800.0,
      900.0,
      1000.0,
      1100.0,
      1200.0
    ],
    "mechanical_ventilation": [
      1.0,
      1.0,
      1.0,
      1.0,
      1.0,
      1.0,
      1.0,
      1.0
    ]
  },
  "confidence_score": 0.85,
  "evaluation": {
    "success": true,
    "model_output": "Thinking...\n好，我现在需要根据提供的信息评估预测的SOFA相关指标数据的合理性。让我先仔细阅读问题和给出的信息。\n\n首先，患者是一位28岁的男性，体重116.7kg，ICU住院编号32759002，入院前监测持续时间为0小时，但有7次测量，每4小时一次。各项生命体征显示心率稳定在80.67次/分，收缩压和舒张压都是69.67 mmHg和49.67 mmHg，平均动脉压56.33 mmHg。呼吸频率26次/分，血氧饱和度100%。这些数据看起来有些低血压，可能说明存在休克或循环问题。\n\nSOFA相关特征中，氧合指数（PaO2/FiO2）都是191.58 mmHg，这在正常范围之外，正常值通常在300以上，可能提示有轻度的呼吸功能不全。患者未使用机械通气（机械通气情况是0），血小板计数波动在42左右，属于正常范围。总胆红素12.3 mg/dL略高，可能提示肝功能异常或黄疸。血管活性药物使用剂量最初为0，后来变为10 μg/kg/min的去甲肾上腺素。格拉斯哥昏迷评分（GCS）从15突然降到3，这可能表示神经系统恶化，比如颅内压升高或其他原因导致意识改变。血清肌酐波动在1.3-1.4 mg/dL，略高于正常上限，提示可能有轻度肾功能不全。尿量最初为0，后来变为20 mL，但总体较低，说明肾脏排泄功能可能受到影响。\n\n疾病评分方面，SOFA总分从4到13波动，SIRS评分从0升至1，显示患者炎症反应和器官功能障碍在变化。\n\n计划实施的干预措施是立即启动去甲肾上腺素输注，维持剂量为10.0μg·kg⁻¹·min⁻¹，并调整剂量，密切监测血压和器官灌注。这提示治疗的目标是改善循环，可能针对休克状态或低血压。\n\n预测的SOFA相关指标变化包括：\n- PaO2/FiO2从250到320 mmHg逐渐上升。\n- 血小板计数逐步增加到135.0 ×10³/μL。\n- 总胆红素下降到1.8 mg/dL。\n- 去甲肾上腺素剂量递减，从10.0降到6.5 μg/kg/min。\n- GCS从3逐渐恢复到10分。\n- 血清肌酐下降到1.8 mg/dL。\n- 尿量增加到1200 mL。\n- 机械通气持续使用。\n\n现在需要分析这些预测结果的合理性，考虑以下因素：\n\n1. 各项指标是否在合理医学范围内：\n   - PaO2/FiO2：正常值通常≥300 mmHg，但患者初始为191.58，说明有呼吸功能问题。预测中的数值从250开始增加到320，逐步恢复正常，这看起来合理。\n   - 血小板计数：正常范围在150-450 ×10³/μL，预测值从100上升至135，逐渐接近正常，但初始值较低可能是因为患者有消耗或生成减少的情况，随着治疗改善，逐步恢复是合理的。\n   - 总胆红素：正常范围通常在0.2-1.2 mg/dL，患者初始为12.3 mg/dL，明显升高。预测中逐渐下降到接近正常，这可能是因为肝脏功能开始恢复或胆道通畅，这是合理的变化。\n   - 血管活性药物剂量：从10降到6.5，符合预期的血管反应性改善，逐步减少是合理的。\n   - GCS评分：从3分（昏迷状态）逐渐恢复到10分，说明神经功能在好转。这可能是因为治疗改善了脑灌注或处理了导致昏迷的原因，但GCS变化通常较慢，预测中8小时内提升7分是否太快？\n   - 血清肌酐：从2.5降到1.8 mg/dL，显示肾功能有所恢复。这符合干预措施中的肾脏保护和循环改善。\n   - 尿量：从0增加到1200 mL，说明肾脏排泄功能明显改善，尤其是对于补液或改善血流的情况。\n   - 机械通气持续使用可能是因为呼吸功能尚未完全恢复，但仍需要支持。\n\n2. 干预措施的预期效果与SOFA指标变化是否一致：\n   去甲肾上腺素用于提升血压和器官灌注，预测中循环相关指标（如尿量、肌酐）都有改善，这符合预期。PaO2/FiO2上升说明呼吸功能好转，但患者可能仍需要机械通气支持，这也合理。GCS的恢复提示神经系统状况改善，可能与脑血流改善有关。\n\n3. SOFA各组件之间的协调性：\n   - 循环：血管活性药物减少，血压稳定，尿量增加，肌酐下降，这些都显示循环改善。\n   - 呼吸：PaO2/FiO2上升，机械通气持续使用，提示呼吸功能逐渐恢复但还未完全脱离支持。\n   - 肝脏：胆红素下降说明肝脏功能好转或胆道通畅。\n   - 神经系统：GCS恢复，可能与循环改善带来的脑灌注增加有关。\n   这些指标的变化趋势是协调的，符合整体治疗效果。\n\n4. 整体趋势是否符合临床改善预期：\n   预测中的各项指标都显示逐步好转，特别是PaO2/FiO2、血小板计数、胆红素、肌酐和尿量都有积极变化。GCS从3到10虽然有较大提升，但可能是因为治疗及时，特别是如果患者原本存在低血压导致脑灌注不足，改善循环后神经功能恢复是有可能的。\n\n5. 单位统一性：\n   所有指标的单位看起来都正确：PaO2/FiO2为mmHg，血小板×10³/μL，胆红素mg/dL，血管活性药物μg/kg/min，GCS分，肌酐mg/dL，尿量mL，机械通气为二进制。单位没有问题。\n\n6. 时间序列数据合理性：\n   预测的时间点为8小时内的每个小时变化，从250到320的PaO2/FiO2是逐步增加，符合临床中通常缓慢改善的情况。其他指标如血小板、胆红素和肌酐的变化幅度也适中，没有出现突变。尿量从0升至1200 mL也是合理的过程，可能在补液或改善肾灌注后逐渐恢复。\n\n7. 数值精确度：\n   大多数数值都是整数或者一位小数，符合临床记录习惯，如PaO2/FiO2保留到个位数，血小板和胆红素等也通常记录为整数或一位小数。GCS是整数评分。\n\n综合来看，预测的数据大部分合理，但有几个潜在的问题：\n- GCS从3提升到10可能在短时间内（8小时内）显得较快，尤其是在初始状态较严重的情况下。\n- 尿量从0增加到1200 mL是否太快？虽然补液和改善肾灌注可以促进尿量，但突然的高尿量可能需要排除是否有其他问题，比如利尿剂使用或其他原因导致。\n- 血小板计数的恢复速度是否符合实际？血小板生成较慢，通常不会在短时间内迅速上升。从100到135在8小时内可能过快。\n\n考虑到这些因素，预测的数据大部分合理，但GCS和血小板的变化可能需要进一步考虑是否符合临床实际情况。因此，置信度评分可以设定为较高，但不是满分，因为存在一些可能的不一致性。\n...done thinking.\n\n置信度评分：0.85\n\n分析理由：\n\n1. **各项指标合理性**：\n   - PaO2/FiO2、血小板计数、胆红素、血管活性药物剂量和尿量的变化均在合理范围内，符合医学标准。\n   - GCS从3分恢复到10分虽然显著，但在8小时内可能需要更长时间，特别是在严重低血压的情况下。\n   - 血清肌酐下降趋势合理，显示肾功能改善。\n\n2. **干预措施与指标变化一致性**：\n   去甲肾上腺素的使用预期效果包括循环和肾脏功能改善，预测中的变化与此一致。\n\n3. **SOFA组件协调性**：\n   循环、呼吸、肝脏和神经系统的指标变化相互支持，显示整体治疗效果。\n\n4. **整体趋势合理性**：\n   预测显示逐步好转，符合临床预期，但GCS提升速度可能过快。\n\n5. **单位统一性和时间序列数据**：\n   所有单位正确，时间点变化幅度适中，避免突变。\n\n6. **数值精确度**：\n   记录方式合理，符合临床习惯。\n\n尽管存在GCS和血小板恢复速度的疑问，但大部分预测指标合理且一致。因此，置信度评分为0.85。",
    "error": null
  },
  "key_reasons": [
    "好，我现在需要根据提供的信息评估预测的SOFA相关指标数据的合理性。让我先仔细阅读问题和给出的信息。",
    "SOFA相关特征中，氧合指数（PaO2/FiO2）都是191.58 mmHg，这在正常范围之外，正常值通常在300以上，可能提示有轻度的呼吸功能不全。患者未使用机械通气（机械通气情况是0），血小板计数波动在42左右，属于正常范围。总胆红素12.3 mg/dL略高，可能提示肝功能异常或黄疸。血管活性药物使用剂量最初为0，后来变为10 μg/kg/min的去甲肾上腺素。格拉斯哥昏迷评分（GCS）从15突然降到3，这可能表示神经系统恶化，比如颅内压升高或其他原因导致意识改变。血清肌酐波动在1.3-1.4 mg/dL，略高于正常上限，提示可能有轻度肾功能不全。尿量最初为0，后来变为20 mL，但总体较低，说明肾脏排泄功能可能受到影响。",
    "疾病评分方面，SOFA总分从4到13波动，SIRS评分从0升至1，显示患者炎症反应和器官功能障碍在变化。"
  ]
}