{
  "timestamp": "2025-12-29 16:53:18",
  "model_name": "deepseek-r1:32b",
  "prediction_model_name": "deepseek-r1:32b",
  "patient_id": "39816062",
  "input_description": "ICU住院编号 39816062，对应患者编号 17911943，19岁男性，体重73.0kg。监测持续时间为 0 小时（共 7 次测量，每4小时一次）：【生命体征】心率变化：[86.33, 86.33]（单位：次/分）收缩压变化：[78.0, 78.0]（单位：mmHg）舒张压变化：[62.0, 62.0]（单位：mmHg）体温变化：[98.75, 98.75]（单位：℃）呼吸频率变化：[17.67, 17.67]（单位：次/分）血氧饱和度变化：[100.0, 100.0]（单位：%）平均动脉压变化：[67.33, 67.33]（单位：mmHg）【SOFA评分相关特征】氧合指数变化：[311.17, 311.17, 311.17, 311.17, 311.17, 311.17, 311.17]（单位：mmHg）机械通气使用情况：[0, 0, 0, 0, 0, 0, 0]（单位：）血小板计数变化：[75.0, 109.0, 109.0, 109.0, 109.0, 109.0, 109.0]（单位：×10³/μL）总胆红素变化：[1.6, 1.6, 1.6, 1.6, 1.6, 1.6, 1.6]（单位：mg/dL）血管活性药物使用剂量：[0.0, 0.0, 0.0, 0.0, 0.0, 0.0, 0.0]（单位：μg/kg/min）格拉斯哥昏迷评分变化：[15, 15, 15, 15, 15, 15, 15]（单位：分）血清肌酐变化：[1.1, 1.1, 1.1, 1.1, 1.1, 1.1, 1.1]（单位：mg/dL）尿量变化：[0.0, 0.0, 0.0, 0.0, 0.0, 240.0, 240.0]（单位：mL）【疾病评分】SOFA总分变化：[0, 0, 0, 0, 2, 5, 5]（单位：分）SIRS评分变化：[0, 0, 0, 0, 1, 2, 2]（单位：分）",
  "intervention": "立即启动去甲肾上腺素输注，维持剂量为10.0μg·kg⁻¹·min⁻¹，剂量调整间隔2小时，密切监测血压和器官灌注，剂量呈递增趋势，提示血管反应性下降，评估8小时内发生感染性休克的风险",
  "evaluator_trust": {
    "a": 0.2,
    "counterfactual_runs": 17,
    "dynamic_confidence": 0.22411644898142716,
    "total_confidence": 0.3366568477437186
  },
  "prediction_trust": {
    "a": 0.2,
    "counterfactual_runs": 17,
    "dynamic_confidence": 0.22411644898142716,
    "total_confidence": 0.3366568477437186
  },
  "predicted_vital_signs": {
    "pao2_fio2_ratio": [
      300.0,
      290.0,
      280.0,
      270.0,
      260.0,
      250.0,
      240.0,
      230.0
    ],
    "platelet": [
      140.0,
      130.0,
      120.0,
      110.0,
      100.0,
      90.0,
      80.0,
      70.0
    ],
    "bilirubin_total": [
      1.5,
      1.6,
      1.7,
      1.8,
      1.9,
      2.0,
      2.1,
      2.2
    ],
    "vasopressor_rate": [
      10.0,
      11.0,
      12.0,
      13.0,
      14.0,
      15.0,
      16.0,
      17.0
    ],
    "gcs_total": [
      13.0,
      12.0,
      11.0,
      10.0,
      9.0,
      8.0,
      7.0,
      6.0
    ],
    "creatinine": [
      1.5,
      1.6,
      1.7,
      1.8,
      1.9,
      2.0,
      2.1,
      2.2
    ],
    "urine_output_ml": [
      1800.0,
      1600.0,
      1400.0,
      1200.0,
      1000.0,
      800.0,
      600.0,
      400.0
    ],
    "mechanical_ventilation": [
      0.0,
      0.0,
      0.0,
      0.0,
      1.0,
      1.0,
      1.0,
      1.0
    ]
  },
  "confidence_score": 0.8,
  "evaluation": {
    "success": true,
    "model_output": "Thinking...\n嗯，我现在需要评估预测的SOFA相关指标数据的合理性。首先，我得理解患者的基本情况和干预措施。\n\n患者的ICU入院前信息显示他是一位19岁男性，体重73kg，监测持续时间为0小时，但有七次测量记录。生命体征看起来都比较稳定，心率86左右，收缩压78mmHg稍微偏低，但舒张压62也算正常范围。体温98.75℃，呼吸频率17.67，血氧饱和度100%，平均动脉压67.33mmHg，这些数值都处于正常范围内。\n\nSOFA评分相关特征中，氧合指数一直在311左右，这可能意味着患者当时的肺功能还不错。机械通气没有使用，所以预测中提到的后续开始使用是有依据的。血小板计数一开始是75，后来升到109，这可能提示有改善。总胆红素一直稳定在1.6mg/dL，属于正常范围。血管活性药物没有使用，但随后干预措施提到了去甲肾上腺素输注。格拉斯哥昏迷评分一直是15分，说明神经系统状态良好。血清肌酐1.1mg/dL，尿量开始都是0，后来到240，这可能显示肾脏功能逐渐恢复。\n\n计划的干预是立即启动去甲肾上腺素，剂量从10μg/kg/min开始，每两小时调整，且呈递增趋势。目标是维持血压和器官灌注，评估感染性休克风险。预测的指标变化包括氧合指数下降，血小板减少，总胆红素上升，血管活性药物增加，GCS下降，肌酐上升，尿量波动，机械通气开始使用。\n\n接下来分析各项指标合理性：\n\n1. 氧合指数从311降到230，这个趋势合理吗？氧合指数下降可能提示肺功能恶化，但患者初始状态不错，所以持续下降是否太快？或者是否有其他因素导致？需要考虑。\n\n2. 血小板从140逐渐降到70，这在正常范围内，但血小板减少可能反映骨髓抑制或其他问题。考虑到干预措施是血管活性药物的使用，这通常不影响血小板，所以这个趋势是否合理？\n\n3. 总胆红素从1.5上升到2.2，这可能显示肝功能异常，但在预测中总胆红素只是轻微上升，幅度不大，且在正常范围内，因此比较合理。\n\n4. 血管活性药物剂量逐渐增加，符合干预措施中的预期，显示对升压药的需求增加，说明循环状态可能恶化，需要更多的支持。这与SOFA评分中循环部分的增加是一致的。\n\n5. GCS总分从13降到6，下降幅度较大，是否合理？GCS的变化通常反映神经系统状况变化，比如脑功能障碍或其他并发症。短时间内大幅下降可能不太常见，除非有明确的原因如颅内压增高或药物影响。\n\n6. 肌酐从1.5升到2.2，显示肾功能恶化，这与血管活性药物的使用和循环状态有关，但尿量却在增加，这似乎矛盾。通常，如果肌酐上升，可能意味着肾脏灌注不足，而尿量增加可能是因为利尿剂或其他因素，但需要进一步分析。\n\n7. 尿量从1800降到400，波动较大。初始预测中尿量是240，然后突然增加到1800，这可能不常见，尤其是如果肌酐上升的话，通常尿量会减少而不是增加。这可能是数据上的问题，或者患者在某些时间点有液体输入或利尿剂使用。\n\n8. 机械通气从0转为1，符合氧合指数下降的预期，当肺功能恶化到一定程度时需要机械支持，这是合理的。\n\n逻辑一致性方面：\n\n- 循环部分：血管活性药物增加和SOFA评分中的循环部分（如升压药使用）增加是相符的。\n- 呼吸部分：氧合指数下降导致可能需要机械通气，这与预测结果一致。\n- 肾脏部分：肌酐上升显示肾功能恶化，但尿量却在增加，这点不太一致。通常情况下，肌酐升高伴随尿量减少。\n\n时间序列和变化幅度：\n\n- 大多数指标的变化是逐步的，比如血管活性药物每小时增加1单位，这比较合理。\n- 尿量从0到240再到1800，这样大的跳跃可能不常见，除非有特定原因如液体复苏或利尿剂使用。\n\n数值精度：\n\n- 各项指标的单位都正确，数值精确度也合理。例如，氧合指数、血小板等都是整数或一位小数，符合临床记录习惯。\n\n综合来看，大部分预测结果是合理的，但存在一些矛盾点，如肌酐上升与尿量增加不一致，GCS下降幅度较大可能需要更多依据，以及尿量的大幅波动。因此，整体置信度评分我会给0.8，因为大部分指标合理，但有几点需要注意和进一步验证。\n...done thinking.\n\n置信度评分：0.8\n\n分析：\n\n1. **各项SOFA相关指标数值合理性**：\n   - 氧合指数下降趋势合理，反映了潜在的肺功能恶化。\n   - 血小板计数在正常范围内，虽略有减少，但无明显异常。\n   - 总胆红素轻微上升，在正常范围，显示可能的肝功能变化。\n   - 血管活性药物剂量逐步增加符合预期干预措施。\n   - GCS评分下降幅度较大，缺乏明确原因支持。\n   - 肌酐上升显示肾功能恶化，但尿量增加与之矛盾。\n\n2. **干预措施与指标变化逻辑一致性**：\n   - 去甲肾上腺素使用导致血管活性药物剂量增加，循环部分SOFA评分上升合理。\n   - 氧合指数下降预期机械通气的开始符合逻辑。\n\n3. **各系统协调性**：\n   - 肾脏指标矛盾：肌酐升高但尿量增加，可能需要进一步验证数据准确性或潜在治疗因素（如利尿剂）的影响。\n\n4. **整体趋势与临床改善预期**：\n   - 预测显示患者状态恶化，符合感染性休克风险评估，但某些指标变化需更多临床依据支持。\n\n5. **时间序列和数值精度**：\n   - 变化幅度逐步合理，但尿量波动较大，可能需要考虑其他治疗因素。\n\n总体而言，预测结果大部分合理，但在肌酐与尿量的关系以及GCS评分下降方面存在疑问，因此置信度为0.8。",
    "error": null
  },
  "key_reasons": [
    "嗯，我现在需要评估预测的SOFA相关指标数据的合理性。首先，我得理解患者的基本情况和干预措施。",
    "SOFA评分相关特征中，氧合指数一直在311左右，这可能意味着患者当时的肺功能还不错。机械通气没有使用，所以预测中提到的后续开始使用是有依据的。血小板计数一开始是75，后来升到109，这可能提示有改善。总胆红素一直稳定在1.6mg/dL，属于正常范围。血管活性药物没有使用，但随后干预措施提到了去甲肾上腺素输注。格拉斯哥昏迷评分一直是15分，说明神经系统状态良好。血清肌酐1.1mg/dL，尿量开始都是0，后来到240，这可能显示肾脏功能逐渐恢复。",
    "4. 血管活性药物剂量逐渐增加，符合干预措施中的预期，显示对升压药的需求增加，说明循环状态可能恶化，需要更多的支持。这与SOFA评分中循环部分的增加是一致的。"
  ]
}