{
  "timestamp": "2026-03-06 16:16:24",
  "model_name": "deepseek-r1:32b",
  "prediction_model_name": "deepseek-r1:32b",
  "patient_id": "32675591",
  "input_description": "ICU住院编号 32675591，对应患者编号 18455034，65岁女性，体重60.8kg。监测持续时间为 0 小时（共 7 次测量，每4小时一次）：【生命体征】心率变化：[131.5, 131.5]（单位：次/分）收缩压变化：[102.0, 102.0]（单位：mmHg）舒张压变化：[78.5, 78.5]（单位：mmHg）体温变化：[99.5, 99.5]（单位：℃）呼吸频率变化：[18.5, 18.5]（单位：次/分）血氧饱和度变化：[99.5, 99.5]（单位：%）平均动脉压变化：[86.33, 86.33]（单位：mmHg）【SOFA评分相关特征】氧合指数变化：[158.79, 158.79, 158.79, 158.79, 158.79, 158.79, 158.79]（单位：mmHg）机械通气使用情况：[0, 0, 0, 0, 0, 0, 0]（单位：）血小板计数变化：[157.0, 157.0, 157.0, 157.0, 157.0, 157.0, 157.0]（单位：×10³/μL）总胆红素变化：[0.6, 0.6, 0.6, 0.6, 0.6, 0.6, 0.6]（单位：mg/dL）血管活性药物使用剂量：[0.0, 0.0, 0.0, 0.0, 0.0, 0.05, 0.05]（单位：μg/kg/min）格拉斯哥昏迷评分变化：[15, 15, 15, 15, 15, 10, 10]（单位：分）血清肌酐变化：[0.8, 0.8, 0.8, 0.8, 0.8, 0.8, 0.8]（单位：mg/dL）尿量变化：[0.0, 0.0, 0.0, 0.0, 0.0, 25.0, 25.0]（单位：mL）【疾病评分】SOFA总分变化：[0, 0, 0, 0, 0, 5, 5]（单位：分）SIRS评分变化：[0, 0, 0, 0, 0, 3, 3]（单位：分）",
  "intervention": "立即启动去甲肾上腺素输注，初始剂量为5.0μg·kg⁻¹·min⁻¹，根据血压反应调整至最大12.56μg·kg⁻¹·min⁻¹，剂量调整间隔2小时，密切监测血压和器官灌注，剂量呈递增趋势，提示血管反应性下降，评估8小时内发生感染性休克的风险",
  "evaluator_trust": {
    "a": 0.2,
    "counterfactual_runs": 18,
    "dynamic_confidence": 0.20325117431467604,
    "total_confidence": 0.3199646280103178
  },
  "prediction_trust": {
    "a": 0.2,
    "counterfactual_runs": 18,
    "dynamic_confidence": 0.20325117431467604,
    "total_confidence": 0.3199646280103178
  },
  "predicted_vital_signs": {
    "pao2_fio2_ratio": [
      300.0,
      290.0,
      280.0,
      270.0,
      260.0,
      250.0,
      240.0,
      230.0
    ],
    "platelet": [
      150.0,
      145.0,
      140.0,
      135.0,
      130.0,
      125.0,
      120.0,
      115.0
    ],
    "bilirubin_total": [
      1.2,
      1.3,
      1.4,
      1.5,
      1.6,
      1.7,
      1.8,
      1.9
    ],
    "vasopressor_rate": [
      5.0,
      6.0,
      7.0,
      8.0,
      9.0,
      10.0,
      11.0,
      12.56
    ],
    "gcs_total": [
      13.0,
      12.0,
      11.0,
      10.0,
      9.0,
      8.0,
      7.0,
      6.0
    ],
    "creatinine": [
      1.2,
      1.3,
      1.4,
      1.5,
      1.6,
      1.7,
      1.8,
      1.9
    ],
    "urine_output_ml": [
      2000.0,
      1800.0,
      1600.0,
      1400.0,
      1200.0,
      1000.0,
      800.0,
      600.0
    ],
    "mechanical_ventilation": [
      0.0,
      0.0,
      0.0,
      0.0,
      1.0,
      1.0,
      1.0,
      1.0
    ]
  },
  "confidence_score": 0.85,
  "evaluation": {
    "success": true,
    "model_output": "Thinking...\n好的，我需要评估预测的SOFA相关指标数据是否合理。首先看各项指标的范围是否符合医学标准。\n\npao2_fio2_ratio从300降到230，这个范围内都是正常的，没有异常波动。血小板计数从150降到115，虽然略有下降，但仍在正常范围内，说明患者情况稳定。总胆红素上升到1.9 mg/dL，稍微偏高，但还在可接受范围。\n\n血管活性药物剂量增加到12.56 μg/kg/min，符合预期的调整策略，显示医生在逐步上调剂量以维持血压。GCS评分从13降到6，下降幅度较大，可能意味着神经系统状况恶化，需要关注是否有其他因素导致意识水平变化。\n\n血清肌酐从1.2升到1.9 mg/dL，这表明肾功能可能有恶化趋势。尿量从2000 ml降到600 ml，减少显著，但结合肌酐升高，说明肾脏排泄能力下降，情况合理。机械通气在第5小时开始使用，符合病情加重的情况。\n\n各项指标的变化趋势整体上是连贯的，特别是血管活性药物剂量增加、GCS评分下降以及尿量和肌酐变化都显示出患者状况恶化。然而，pao2_fio2_ratio持续下降可能与氧合状态有关，但没有机械通气使用情况的支持数据，这可能需要进一步关注。\n\n总体来看，大部分指标的变化在合理范围内，并且趋势符合临床预期的恶化过程。尽管存在一些需要注意的地方，如GCS评分和机械通气启动的时间点，但整体预测数据具有较高的可信度。\n...done thinking.\n\n置信度评分：0.85\n\n分析理由：\n1. **各项SOFA相关指标数值是否在合理的医学范围内**：\n   - pao2_fio2_ratio：从300降到230，均在正常范围（通常认为正常为>300）。\n   - platelet：从150降到115，在正常范围内（正常为150-450 ×10³/μL）。\n   - bilirubin_total：从1.2升到1.9 mg/dL，略高于正常范围的上限（通常<1.2 mg/dL），但仍在可接受范围内。\n   - vasopressor_rate：从5.0升到12.56 μg/kg/min，符合预期调整策略。\n   - gcs_total：从13降到6，下降幅度较大，可能反映神经系统恶化。\n   - creatinine：从1.2升到1.9 mg/dL，在合理范围内（正常为<1.0 mg/dL）。\n   - urine_output_ml：从2000降到600 mL/8小时，符合预期变化。\n   - mechanical_ventilation：在第5小时启动，符合病情发展。\n\n2. **干预措施的预期效果与SOFA相关指标变化趋势的逻辑一致性**：\n   - 启动去甲肾上腺素输注后，血管活性药物剂量逐步增加，血压维持稳定，但尿量减少和肌酐升高表明肾脏灌注可能不足。\n   - GCS评分下降提示神经系统受累或代谢异常。\n\n3. **评估SOFA评分各组件之间的逻辑一致性**：\n   - 呼吸功能（pao2_fio2_ratio）逐渐恶化，但未达到机械通气标准。\n   - 循环功能依赖血管活性药物维持。\n   - 肾脏功能指标（肌酐和尿量）显示恶化趋势。\n\n4. **整体趋势是否符合临床改善的预期**：\n   - 预测数据反映病情恶化，特别是SOFA评分逐步增加，与干预措施的效果一致。\n\n5. **时间序列数据的合理性**：\n   - 各项指标的变化幅度适中，没有不合理的突变。\n\n6. **数值的精确度是否合理**：\n   - 所有指标的单位和小数点后位数符合临床标准。\n\n综上所述，预测数据整体合理，但在GCS评分下降和机械通气启动方面需进一步关注。",
    "error": null
  },
  "key_reasons": [
    "血管活性药物剂量增加到12.56 μg/kg/min，符合预期的调整策略，显示医生在逐步上调剂量以维持血压。GCS评分从13降到6，下降幅度较大，可能意味着神经系统状况恶化，需要关注是否有其他因素导致意识水平变化。",
    "各项指标的变化趋势整体上是连贯的，特别是血管活性药物剂量增加、GCS评分下降以及尿量和肌酐变化都显示出患者状况恶化。然而，pao2_fio2_ratio持续下降可能与氧合状态有关，但没有机械通气使用情况的支持数据，这可能需要进一步关注。",
    "总体来看，大部分指标的变化在合理范围内，并且趋势符合临床预期的恶化过程。尽管存在一些需要注意的地方，如GCS评分和机械通气启动的时间点，但整体预测数据具有较高的可信度。"
  ]
}