{
  "timestamp": "2025-12-29 16:55:02",
  "model_name": "deepseek-r1:32b",
  "prediction_model_name": "qwen3:30b",
  "patient_id": "39816062",
  "input_description": "ICU住院编号 39816062，对应患者编号 17911943，19岁男性，体重73.0kg。监测持续时间为 0 小时（共 7 次测量，每4小时一次）：【生命体征】心率变化：[86.33, 86.33]（单位：次/分）收缩压变化：[78.0, 78.0]（单位：mmHg）舒张压变化：[62.0, 62.0]（单位：mmHg）体温变化：[98.75, 98.75]（单位：℃）呼吸频率变化：[17.67, 17.67]（单位：次/分）血氧饱和度变化：[100.0, 100.0]（单位：%）平均动脉压变化：[67.33, 67.33]（单位：mmHg）【SOFA评分相关特征】氧合指数变化：[311.17, 311.17, 311.17, 311.17, 311.17, 311.17, 311.17]（单位：mmHg）机械通气使用情况：[0, 0, 0, 0, 0, 0, 0]（单位：）血小板计数变化：[75.0, 109.0, 109.0, 109.0, 109.0, 109.0, 109.0]（单位：×10³/μL）总胆红素变化：[1.6, 1.6, 1.6, 1.6, 1.6, 1.6, 1.6]（单位：mg/dL）血管活性药物使用剂量：[0.0, 0.0, 0.0, 0.0, 0.0, 0.0, 0.0]（单位：μg/kg/min）格拉斯哥昏迷评分变化：[15, 15, 15, 15, 15, 15, 15]（单位：分）血清肌酐变化：[1.1, 1.1, 1.1, 1.1, 1.1, 1.1, 1.1]（单位：mg/dL）尿量变化：[0.0, 0.0, 0.0, 0.0, 0.0, 240.0, 240.0]（单位：mL）【疾病评分】SOFA总分变化：[0, 0, 0, 0, 2, 5, 5]（单位：分）SIRS评分变化：[0, 0, 0, 0, 1, 2, 2]（单位：分）",
  "intervention": "立即启动去甲肾上腺素输注，维持剂量为10.0μg·kg⁻¹·min⁻¹，剂量调整间隔2小时，密切监测血压和器官灌注，剂量呈递增趋势，提示血管反应性下降，评估8小时内发生感染性休克的风险",
  "evaluator_trust": {
    "a": 0.2,
    "counterfactual_runs": 17,
    "dynamic_confidence": 0.22411644898142716,
    "total_confidence": 0.3366568477437186
  },
  "prediction_trust": {
    "a": 0.2,
    "counterfactual_runs": 17,
    "dynamic_confidence": 0.5997426150609009,
    "total_confidence": 0.6389437880870374
  },
  "predicted_vital_signs": {
    "pao2_fio2_ratio": [
      300.0,
      280.0,
      260.0,
      240.0,
      220.0,
      200.0,
      180.0,
      160.0
    ],
    "platelet": [
      150.0,
      140.0,
      130.0,
      120.0,
      110.0,
      100.0,
      90.0,
      80.0
    ],
    "bilirubin_total": [
      1.2,
      1.4,
      1.6,
      1.8,
      2.0,
      2.2,
      2.4,
      2.6
    ],
    "vasopressor_rate": [
      0.0,
      0.1,
      0.2,
      0.3,
      0.4,
      0.5,
      0.6,
      0.7
    ],
    "gcs_total": [
      15.0,
      14.0,
      13.0,
      12.0,
      11.0,
      10.0,
      9.0,
      8.0
    ],
    "creatinine": [
      1.0,
      1.2,
      1.4,
      1.6,
      1.8,
      2.0,
      2.2,
      2.4
    ],
    "urine_output_ml": [
      2000.0,
      1800.0,
      1600.0,
      1400.0,
      1200.0,
      1000.0,
      800.0,
      600.0
    ],
    "mechanical_ventilation": [
      0.0,
      0.0,
      1.0,
      1.0,
      1.0,
      1.0,
      1.0,
      1.0
    ]
  },
  "confidence_score": 0.5,
  "evaluation": {
    "success": true,
    "model_output": "Thinking...\n好，我来仔细分析一下这个预测结果的合理性。首先，我会逐一检查各项SOFA相关指标是否符合医学常规范围。\n\n氧合指数（pao2_fio2_ratio）从300降到160，虽然有所下降，但每个数值都还在正常范围内。血小板计数（platelet）从150降到80，这个趋势在感染性休克中可能出现，但数值变化可能过于剧烈。总胆红素（bilirubin_total）逐渐上升到2.6 mg/dL，这可能提示肝功能异常，但在干预后短时间内升高这么多似乎不太合理。\n\n血管活性药物剂量（vasopressor_rate）逐步增加，符合休克治疗的预期。格拉斯哥昏迷评分（gcs_total）持续下降，可能与颅内压变化有关，但下降速度较快，可能存在过度假设。血清肌酐（creatinine）上升到2.4 mg/dL，说明肾功能恶化，这在感染性休克中是可能的。尿量（urine_output_ml）大幅增加，通常休克时尿量会减少，这里预测的大量排尿与预期不符。\n\n机械通气使用情况（mechanical_ventilation）从无到有，并持续使用，符合氧合恶化时的治疗措施。总体来看，各项指标的变化趋势在逻辑上部分合理，但有些指标如胆红素和尿量的变化似乎不太符合临床实际。此外，数据的时间序列变化幅度较大，可能缺乏足够的依据。\n\n综合考虑这些因素，虽然大部分指标有合理的医学基础，但某些指标的变化显得过于剧烈或不符合预期，因此置信度评分为0.5。\n...done thinking.\n\n置信度评分：0.5\n\n分析理由：\n\n1. **氧合指数（pao2_fio2_ratio）**：\n   - 预测值从300下降到160，虽然有所降低，但数值仍在正常范围内。然而，在感染性休克的情况下，这种逐渐下降的趋势可能合理。\n\n2. **血小板计数（platelet）**：\n   - 预测值逐步下降，这在感染性休克中可能出现，特别是在存在脓毒症相关凝血功能障碍时。不过，从150降至80的变化速率可能偏快。\n\n3. **总胆红素（bilirubin_total）**：\n   - 逐渐上升的趋势可能提示肝功能异常或溶血，但在感染性休克早期出现如此显著的升高似乎不太常见。\n\n4. **血管活性药物使用剂量（vasopressor_rate）**：\n   - 剂量逐步增加符合休克治疗中对血管活性药物的需求递增的情况。\n\n5. **格拉斯哥昏迷评分（gcs_total）**：\n   - 从15降至8，提示意识状态恶化。这可能由于颅内压变化或代谢紊乱，但在预测的时间框架内下降速度较快，可能存在过度假设的风险。\n\n6. **血清肌酐（creatinine）**：\n   - 上升趋势合理，说明肾功能受损，符合休克情况下肾脏灌注不足的预期。\n\n7. **尿量（urine_output_ml）**：\n   - 预测值从0增加到2000后逐步减少。通常在感染性休克早期，由于血管活性药物的影响，尿量可能会减少而非增加。大量尿液排出可能不完全符合预期。\n\n8. **机械通气使用情况（mechanical_ventilation）**：\n   - 开始使用机械通气并持续使用是合理的，特别是在氧合指数下降的情况下。\n\n9. **时间序列数据合理性**：\n   - 一些指标的变化幅度较大（如血小板计数和尿量），可能需要更详细的临床背景来支持这种变化速度。此外，某些指标的数值在短时间内发生显著变化可能缺乏足够的医学依据。\n\n10. **单位统一性和精确度**：\n    - 所有指标均使用了正确的医学单位，并且数值的精度（如体温到小数点后一位）符合常规临床记录标准。\n\n综合来看，尽管大部分预测趋势具有一定的合理性，但某些指标的变化速率和方向可能与实际临床情况存在差异。特别是尿量的大幅增加和总胆红素的显著升高在感染性休克早期阶段显得不太常见。因此，整体置信度评分为0.5。",
    "error": null
  },
  "key_reasons": [
    "好，我来仔细分析一下这个预测结果的合理性。首先，我会逐一检查各项SOFA相关指标是否符合医学常规范围。",
    "血管活性药物剂量（vasopressor_rate）逐步增加，符合休克治疗的预期。格拉斯哥昏迷评分（gcs_total）持续下降，可能与颅内压变化有关，但下降速度较快，可能存在过度假设。血清肌酐（creatinine）上升到2.4 mg/dL，说明肾功能恶化，这在感染性休克中是可能的。尿量（urine_output_ml）大幅增加，通常休克时尿量会减少，这里预测的大量排尿与预期不符。",
    "综合考虑这些因素，虽然大部分指标有合理的医学基础，但某些指标的变化显得过于剧烈或不符合预期，因此置信度评分为0.5。"
  ]
}