{
  "timestamp": "2025-12-25 13:37:37",
  "model_name": "deepseek-r1:32b",
  "prediction_model_name": "qwen3:30b",
  "patient_id": "32154852",
  "input_description": "ICU住院编号 32154852，对应患者编号 12653149，47岁男性，体重64.55kg。监测持续时间为 0 小时（共 7 次测量，每4小时一次）：【生命体征】心率变化：[107.0, 107.0]（单位：次/分）收缩压变化：[100.33, 100.33]（单位：mmHg）舒张压变化：[80.33, 80.33]（单位：mmHg）体温变化：[99.2, 99.2]（单位：℃）呼吸频率变化：[24.33, 24.33]（单位：次/分）血氧饱和度变化：[100.0, 100.0]（单位：%）平均动脉压变化：[87.0, 87.0]（单位：mmHg）【SOFA评分相关特征】氧合指数变化：[353.0, 353.0, 353.0, 353.0, 353.0, 353.0, 353.0]（单位：mmHg）机械通气使用情况：[0, 0, 0, 0, 0, 0, 0]（单位：）血小板计数变化：[226.0, 197.5, 90.33, 46.25, 46.25, 46.25, 46.25]（单位：×10³/μL）总胆红素变化：[22.2, 3.3, 3.3, 3.3, 3.3, 3.3, 3.3]（单位：mg/dL）血管活性药物使用剂量：[0.0, 0.0, 0.0, 0.0, 0.0, 0.0, 0.0]（单位：μg/kg/min）格拉斯哥昏迷评分变化：[15, 15, 15, 15, 15, 15, 15]（单位：分）血清肌酐变化：[1.0, 1.2, 1.2, 1.2, 1.2, 1.2, 1.2]（单位：mg/dL）尿量变化：[0.0, 0.0, 0.0, 0.0, 0.0, 150.0, 150.0]（单位：mL）【疾病评分】SOFA总分变化：[0, 5, 0, 0, 2, 7, 7]（单位：分）SIRS评分变化：[0, 0, 0, 1, 1, 3, 3]（单位：分）",
  "intervention": "无血管活性药物干预措施，建议密切监测血压和器官灌注，评估8小时内发生感染性休克的风险",
  "evaluator_trust": {
    "a": 0.34999999999999964,
    "counterfactual_runs": 13,
    "dynamic_confidence": 0.5600101594100357,
    "total_confidence": 0.6393930585940327
  },
  "prediction_trust": {
    "a": 0.34999999999999964,
    "counterfactual_runs": 13,
    "dynamic_confidence": 1.0,
    "total_confidence": 0.9285119680670544
  },
  "predicted_vital_signs": {
    "pao2_fio2_ratio": [
      250.0,
      240.0,
      230.0,
      220.0,
      210.0,
      200.0,
      190.0,
      180.0
    ],
    "platelet": [
      100.0,
      95.0,
      90.0,
      85.0,
      80.0,
      75.0,
      70.0,
      65.0
    ],
    "bilirubin_total": [
      1.5,
      1.6,
      1.7,
      1.8,
      1.9,
      2.0,
      2.1,
      2.2
    ],
    "vasopressor_rate": [
      0.0,
      0.0,
      0.0,
      0.0,
      0.0,
      0.0,
      0.0,
      0.0
    ],
    "gcs_total": [
      14.0,
      13.0,
      12.0,
      11.0,
      10.0,
      9.0,
      8.0,
      7.0
    ],
    "creatinine": [
      1.5,
      1.6,
      1.7,
      1.8,
      1.9,
      2.0,
      2.1,
      2.2
    ],
    "urine_output_ml": [
      1500.0,
      1400.0,
      1300.0,
      1200.0,
      1100.0,
      1000.0,
      900.0,
      800.0
    ],
    "mechanical_ventilation": [
      0.0,
      0.0,
      0.0,
      1.0,
      1.0,
      1.0,
      1.0,
      1.0
    ]
  },
  "confidence_score": 0.4,
  "evaluation": {
    "success": true,
    "model_output": "Thinking...\n嗯，我现在需要评估这个患者预测后的SOFA相关指标数据是否合理。让我一步一步来思考一下。\n\n首先，我看看各项指标的数值是否在合理的医学范围内。比如，PaO2/FiO2比值从250降到180，这可能表明氧合情况有所下降，但还在正常范围内，因为正常通常大于300，所以这里有点低，但还算是可接受的变化。\n\n血小板计数从100到65，这个范围在合理区间内。总胆红素从1.5到2.2 mg/dL，也属于正常范围内，因为总胆红素一般不超过2.2，所以略有上升是可以的。\n\n血管活性药物使用量一直为0，这符合干预措施中没有使用这些药物的情况。GCS评分从14降到7，这表示意识状态在恶化，这可能合理，但下降幅度较大，需要考虑是否有其他因素影响。\n\n血清肌酐从1.5到2.2 mg/dL，显示肾功能有轻微恶化，这可能与尿量增加有关？不过通常肌酐升高意味着肾脏问题，而尿量增加可能不一致。这里有点矛盾，需要再看看。\n\n尿量从1500降到800 mL，这看起来变化很大，但考虑到患者可能在使用利尿剂或其他治疗，这也有可能。机械通气从没用到开始用了，可能是因为氧合情况恶化，所以需要通气支持。\n\n接下来，干预措施的预期效果与指标变化是否一致。建议监测血压和器官灌注，并评估感染性休克风险。预测中没有使用血管活性药物，但SOFA评分中的循环部分是否有变化？比如，如果血压稳定，那么循环部分可能不会有太多变化。然而，SOFA总分可能会因为其他系统的变化而上升。\n\n然后，各系统的逻辑一致性如何。呼吸方面，PaO2/FiO2下降，可能意味着肺功能恶化，需要机械通气。但是尿量增加，这通常与肾脏排泄有关，而肌酐升高可能表明肾功能受损。这两者之间是否有矛盾呢？如果尿量增加是因为利尿剂的使用，那么肌酐升高可能与脱水或肾血流减少有关，但这需要进一步验证。\n\n整体趋势是否符合临床改善预期。预测显示大部分指标在恶化，比如GCS下降、PaO2/FiO2下降、肌酐上升等，这可能意味着患者状况没有改善，反而可能有恶化的风险。这与干预措施的预期效果可能不符，因为建议是监测和预防休克，但指标却显示恶化。\n\n数据的时间序列合理性如何。各项指标的变化是否平缓？比如，PaO2/FiO2每周下降10点，这在8小时内可能有点快，尤其是如果患者没有明显恶化的话。同样，GCS评分每周降1分，速度较快，是否合理？\n\n数值的精确度方面，大部分数据都保留了一位小数，符合临床记录习惯，但有些指标如PaO2/FiO2应该用整数表示，这样可能会影响准确性。\n\n综合以上分析，各项指标虽然在合理范围内，但整体趋势显示患者状况恶化，这与干预措施的预期效果不一致。特别是尿量和肌酐的变化存在矛盾，GCS下降过快，这些都影响了预测结果的可信度。\n...done thinking.\n\n置信度评分：0.4\n\n**分析理由：**\n\n1. **数值合理性：**\n   - PaO2/FiO2比值在正常范围内（通常>300），但逐渐下降可能表明氧合情况恶化，这可能合理。\n   - 血小板计数和总胆红素在正常范围内，变化趋势合理。\n   - 尿量高且逐渐减少，可能与治疗措施有关，但需注意是否符合患者状况。\n   - 肌酐升高提示肾功能可能受损，但尿量增加可能存在矛盾。\n\n2. **干预措施一致性：**\n   - 没有使用血管活性药物，循环部分SOFA评分应保持稳定，但其他系统如呼吸和肾脏可能恶化。\n\n3. **系统协调性：**\n   - 呼吸和肾脏指标变化不协调，尿量增加而肌酐升高可能不合理。\n   - GCS下降迅速，可能与其他指标不符。\n\n4. **整体趋势：**\n   - 指标显示患者状况恶化，与预防休克的预期效果不符。\n\n5. **时间序列合理性：**\n   - 部分指标变化较快，如PaO2/FiO2和GCS，可能在短时间内不合理。\n\n6. **数值精确度：**\n   - 大部分数据合理，但某些指标应为整数。\n\n综合考虑，预测结果存在矛盾和不一致之处，影响了可信度。",
    "error": null
  },
  "key_reasons": [
    "首先，我看看各项指标的数值是否在合理的医学范围内。比如，PaO2/FiO2比值从250降到180，这可能表明氧合情况有所下降，但还在正常范围内，因为正常通常大于300，所以这里有点低，但还算是可接受的变化。",
    "血小板计数从100到65，这个范围在合理区间内。总胆红素从1.5到2.2 mg/dL，也属于正常范围内，因为总胆红素一般不超过2.2，所以略有上升是可以的。",
    "血管活性药物使用量一直为0，这符合干预措施中没有使用这些药物的情况。GCS评分从14降到7，这表示意识状态在恶化，这可能合理，但下降幅度较大，需要考虑是否有其他因素影响。"
  ]
}