{
  "timestamp": "2026-03-06 17:04:01",
  "model_name": "deepseek-r1:32b",
  "prediction_model_name": "deepseek-r1:32b",
  "patient_id": "32675591",
  "input_description": "ICU住院编号 32675591，对应患者编号 18455034，65岁女性，体重60.8kg。监测持续时间为 0 小时（共 7 次测量，每4小时一次）：【生命体征】心率变化：[131.5, 131.5]（单位：次/分）收缩压变化：[102.0, 102.0]（单位：mmHg）舒张压变化：[78.5, 78.5]（单位：mmHg）体温变化：[99.5, 99.5]（单位：℃）呼吸频率变化：[18.5, 18.5]（单位：次/分）血氧饱和度变化：[99.5, 99.5]（单位：%）平均动脉压变化：[86.33, 86.33]（单位：mmHg）【SOFA评分相关特征】氧合指数变化：[158.79, 158.79, 158.79, 158.79, 158.79, 158.79, 158.79]（单位：mmHg）机械通气使用情况：[0, 0, 0, 0, 0, 0, 0]（单位：）血小板计数变化：[157.0, 157.0, 157.0, 157.0, 157.0, 157.0, 157.0]（单位：×10³/μL）总胆红素变化：[0.6, 0.6, 0.6, 0.6, 0.6, 0.6, 0.6]（单位：mg/dL）血管活性药物使用剂量：[0.0, 0.0, 0.0, 0.0, 0.0, 0.05, 0.05]（单位：μg/kg/min）格拉斯哥昏迷评分变化：[15, 15, 15, 15, 15, 10, 10]（单位：分）血清肌酐变化：[0.8, 0.8, 0.8, 0.8, 0.8, 0.8, 0.8]（单位：mg/dL）尿量变化：[0.0, 0.0, 0.0, 0.0, 0.0, 25.0, 25.0]（单位：mL）【疾病评分】SOFA总分变化：[0, 0, 0, 0, 0, 5, 5]（单位：分）SIRS评分变化：[0, 0, 0, 0, 0, 3, 3]（单位：分）",
  "intervention": "立即启动去甲肾上腺素输注，初始剂量为0.1μg·kg⁻¹·min⁻¹，根据血压反应调整至最大0.06μg·kg⁻¹·min⁻¹，剂量调整间隔4小时，密切监测血压和器官灌注，评估8小时内发生感染性休克的风险",
  "evaluator_trust": {
    "a": 0.2,
    "counterfactual_runs": 18,
    "dynamic_confidence": 0.20325117431467604,
    "total_confidence": 0.3199646280103178
  },
  "prediction_trust": {
    "a": 0.2,
    "counterfactual_runs": 18,
    "dynamic_confidence": 0.20325117431467604,
    "total_confidence": 0.3199646280103178
  },
  "predicted_vital_signs": {
    "pao2_fio2_ratio": [
      200.0,
      210.0,
      220.0,
      230.0,
      240.0,
      250.0,
      260.0,
      270.0
    ],
    "platelet": [
      100.0,
      95.0,
      90.0,
      85.0,
      80.0,
      75.0,
      70.0,
      65.0
    ],
    "bilirubin_total": [
      2.0,
      2.2,
      2.4,
      2.6,
      2.8,
      3.0,
      3.2,
      3.4
    ],
    "vasopressor_rate": [
      0.1,
      0.09,
      0.08,
      0.07,
      0.06,
      0.05,
      0.04,
      0.03
    ],
    "gcs_total": [
      12.0,
      13.0,
      14.0,
      15.0,
      15.0,
      15.0,
      15.0,
      15.0
    ],
    "creatinine": [
      1.5,
      1.6,
      1.7,
      1.8,
      1.9,
      2.0,
      2.1,
      2.2
    ],
    "urine_output_ml": [
      500.0,
      550.0,
      600.0,
      650.0,
      700.0,
      750.0,
      800.0,
      850.0
    ],
    "mechanical_ventilation": [
      1.0,
      1.0,
      1.0,
      1.0,
      1.0,
      1.0,
      1.0,
      1.0
    ]
  },
  "confidence_score": 0.35,
  "evaluation": {
    "success": true,
    "model_output": "Thinking...\n好，我来仔细看看这个问题。首先，患者是65岁的女性，ICU入院前的数据已经给出，包括生命体征、SOFA评分相关特征和其他疾病评分。计划实施的干预措施是使用去甲肾上腺素输注，并且有预测的干预后SOFA相关指标变化。\n\n我需要评估这些预测结果是否合理，基于几个因素：\n\n1. **各项指标的医学合理性**：比如PaO2/FiO2比值、血小板计数等是否在正常范围内。例如，血小板过低可能导致出血风险增加，而总胆红素升高可能反映肝功能异常。\n\n2. **干预措施的效果与指标变化的一致性**：去甲肾上腺素用于提升血压和改善循环，预测的尿量增加可能反映了肾脏灌注改善。但同时，PaO2/FiO2比值的上升是否合理？机械通气的使用情况是否有变化？\n\n3. **各系统之间的逻辑协调性**：比如循环、呼吸、肾功能等指标是否相互支持。例如，血压稳定后尿量增加是合理的，但其他系统的指标是否有矛盾。\n\n4. **整体临床改善趋势**：预测的数据是否显示患者状况在逐渐好转？例如SOFA评分降低，器官功能恢复等。\n\n5. **单位统一性和时间序列的合理性**：确保所有数据单位正确，如血压为mmHg，且相邻时间点的变化幅度符合实际。\n\n6. **数值精确度**：比如体温是否需要小数点后一位，而血压是否可以整数表示。\n\n现在详细分析每个指标：\n\n- **PaO2/FiO2比值**：从158.79开始，预测逐渐上升到270。这可能不合理，因为正常范围大约在300以上，但短时间内增加这么多是否太快？尤其患者之前没有机械通气使用，现在却显示有改善。\n\n- **血小板计数**：从157下降到65，明显过低，可能不现实，除非有其他原因导致血小板减少，但在预测中并未说明。\n\n- **总胆红素**：从0.6升至3.4，这表明肝功能恶化，与去甲肾上腺素的使用是否相关？或者是否有其他并发症？\n\n- **血管活性药物剂量**：从0.1逐渐降低到0.03，显示病情好转，这是合理的。\n\n- **GCS评分**：从15下降到12，但之后又恢复到15，可能表明神经系统状态不稳定，需要考虑是否与其他指标协调。\n\n- **血清肌酐**：从0.8升至2.2，肾功能恶化，这与尿量增加似乎矛盾。通常尿量增加应伴随肌酐降低，除非有其他因素影响。\n\n- **尿量**：从0逐渐增加到850ml，显示肾脏排泄改善，但血清肌酐却上升，两者不一致。\n\n- **机械通气使用情况**：从0变为1，意味着开始使用，这可能是因为PaO2/FiO2比值较低，需要支持。但预测中的比值在增加，是否矛盾？\n\n综上所述，尽管一些指标如尿量和血管活性药物剂量的变化是合理的，但血小板、胆红素和肌酐的异常升高与其他改善趋势不符，整体协调性较差。因此，置信度评分较低。\n...done thinking.\n\n置信度评分：0.35\n\n分析理由：\n\n1. **各项SOFA相关指标数值是否在合理的医学范围内**：\n   - 氧合指数（PaO2/FiO2）的预测值从200增加到270，这在正常范围（通常>300为正常），但考虑到患者入院前氧合指数稳定在158.79且未使用机械通气，短期内迅速提高到超过正常水平可能不太合理。\n   - 血小板计数从157下降至65，这表明血小板显著减少，可能导致出血风险增加，但在预测中没有明显的诱因（如药物影响、疾病进展等）支持这一变化。\n   - 总胆红素从0.6增加到3.4，显著升高，可能提示肝功能异常或溶血，但缺乏相关背景信息支持这种快速上升。\n   - 尿量从0增加到850ml，显示肾脏排泄改善，但同时血清肌酐却在增加（从0.8升至2.2），这表明肾功能恶化，与尿量增加趋势不符。\n\n2. **干预措施的预期效果与SOFA相关指标变化趋势的逻辑一致性**：\n   - 去甲肾上腺素用于提升血压和改善器官灌注。预测中尿量增加可能反映了肾脏灌注改善，但血清肌酐上升则表明肾功能恶化，这与去甲肾上腺素的预期效果不符。\n   - 氧合指数的提高需要机械通气的支持或肺部状况的显著改善，而患者开始使用机械通气（从0变为1）可能部分解释氧合指数的提升，但短期内达到270可能过高。\n\n3. **评估SOFA评分各组件之间的逻辑一致性**：\n   - 呼吸功能（氧合指数增加）、循环功能（血管活性药物减少）和神经功能（GCS评分波动）的趋势看似改善，但肾功能（肌酐升高）与其他指标恶化不协调。\n   - GCS评分从15下降到12再恢复到15，显示神经系统状态不稳定，可能与其他器官功能的恶化有关。\n\n4. **整体趋势是否符合临床改善的预期**：\n   - 尽管一些指标如尿量和血管活性药物剂量的变化表明部分器官功能改善，但其他关键指标如血小板、胆红素和肌酐的异常升高提示整体病情可能在恶化，这与干预措施的预期效果不一致。\n\n5. **单位统一性和时间序列合理性**：\n   - 所有数据单位正确，如血压为mmHg，心率为bpm。\n   - 时间序列表现中，某些指标（如血小板、胆红素）的变化幅度较大，可能在短期内难以实现，缺乏临床依据支持。\n\n6. **数值的精确度**：\n   - 体温和某些生命体征保留了合理的小数点位数，但SOFA评分等整数指标精确到小数点后一位，这可能影响数据的可信度。\n\n综上所述，尽管部分预测结果符合预期，如尿量增加和血管活性药物剂量减少，但其他关键指标的变化趋势与临床逻辑不符，导致整体置信度较低。",
    "error": null
  },
  "key_reasons": [
    "好，我来仔细看看这个问题。首先，患者是65岁的女性，ICU入院前的数据已经给出，包括生命体征、SOFA评分相关特征和其他疾病评分。计划实施的干预措施是使用去甲肾上腺素输注，并且有预测的干预后SOFA相关指标变化。",
    "1. 各项指标的医学合理性：比如PaO2/FiO2比值、血小板计数等是否在正常范围内。例如，血小板过低可能导致出血风险增加，而总胆红素升高可能反映肝功能异常。",
    "4. 整体临床改善趋势：预测的数据是否显示患者状况在逐渐好转？例如SOFA评分降低，器官功能恢复等。"
  ]
}