{
  "timestamp": "2025-12-25 13:22:22",
  "model_name": "deepseek-r1:32b",
  "prediction_model_name": "gemma3:12b",
  "patient_id": "32115504",
  "input_description": "ICU住院编号 32115504，对应患者编号 14851532，73岁男性，体重86.13333333333333kg。监测持续时间为 0 小时（共 7 次测量，每4小时一次）：【生命体征】心率变化：[50.5, 50.5]（单位：次/分）收缩压变化：[68.0, 68.0]（单位：mmHg）舒张压变化：[56.5, 56.5]（单位：mmHg）体温变化：[95.7, 95.7]（单位：℃）呼吸频率变化：[20.5, 20.5]（单位：次/分）血氧饱和度变化：[98.5, 98.5]（单位：%）平均动脉压变化：[60.33, 60.33]（单位：mmHg）【SOFA评分相关特征】氧合指数变化：[59.51, 59.51, 59.51, 59.51, 59.51, 59.51, 59.51]（单位：mmHg）机械通气使用情况：[0, 0, 0, 0, 0, 0, 0]（单位：）血小板计数变化：[250.0, 250.0, 250.0, 250.0, 250.0, 250.0, 250.0]（单位：×10³/μL）总胆红素变化：[3.0, 3.0, 3.0, 3.0, 3.0, 3.0, 3.0]（单位：mg/dL）血管活性药物使用剂量：[0.0, 0.0, 0.0, 0.0, 0.0, 0.0, 0.0]（单位：μg/kg/min）格拉斯哥昏迷评分变化：[15, 15, 15, 15, 15, 3, 3]（单位：分）血清肌酐变化：[1.6, 1.6, 1.6, 1.6, 1.6, 1.6, 1.6]（单位：mg/dL）尿量变化：[0.0, 0.0, 0.0, 0.0, 0.0, 140.0, 140.0]（单位：mL）【疾病评分】SOFA总分变化：[0, 0, 0, 0, 0, 8, 8]（单位：分）SIRS评分变化：[0, 0, 0, 0, 0, 3, 3]（单位：分）",
  "intervention": "立即启动去甲肾上腺素输注，初始剂量为0.0μg·kg⁻¹·min⁻¹，根据血压反应调整至最大0.06μg·kg⁻¹·min⁻¹，剂量调整间隔4小时，密切监测血压和器官灌注，剂量呈递增趋势，提示血管反应性下降，评估8小时内发生感染性休克的风险",
  "evaluator_trust": {
    "a": 0.39999999999999963,
    "counterfactual_runs": 12,
    "dynamic_confidence": 0.5537561107628814,
    "total_confidence": 0.6469810435748825
  },
  "prediction_trust": {
    "a": 0.39999999999999963,
    "counterfactual_runs": 12,
    "dynamic_confidence": 0.4840339073667817,
    "total_confidence": 0.6062296591908316
  },
  "predicted_vital_signs": {
    "pao2_fio2_ratio": [
      280.0,
      260.0,
      240.0,
      220.0,
      200.0,
      180.0,
      160.0,
      140.0
    ],
    "platelet": [
      120.0,
      100.0,
      80.0,
      60.0,
      40.0,
      20.0,
      0.0,
      0.0
    ],
    "bilirubin_total": [
      1.8,
      2.2,
      2.6,
      3.0,
      3.4,
      3.8,
      4.2,
      4.6
    ],
    "vasopressor_rate": [
      0.02,
      0.04,
      0.06,
      0.08,
      0.1,
      0.12,
      0.14,
      0.16
    ],
    "gcs_total": [
      12.0,
      10.0,
      8.0,
      6.0,
      4.0,
      2.0,
      0.0,
      0.0
    ],
    "creatinine": [
      1.4,
      2.0,
      2.8,
      3.8,
      4.8,
      5.8,
      6.8,
      7.8
    ],
    "urine_output_ml": [
      1500.0,
      1200.0,
      900.0,
      600.0,
      300.0,
      100.0,
      0.0,
      0.0
    ],
    "mechanical_ventilation": [
      0.0,
      0.0,
      1.0,
      1.0,
      1.0,
      1.0,
      1.0,
      1.0
    ]
  },
  "confidence_score": 0.6,
  "evaluation": {
    "success": true,
    "model_output": "Thinking...\n首先，我要评估预测的SOFA相关指标数据是否合理。根据提供的患者信息和干预措施，逐一分析各项指标。\n\n1. **氧合指数 (PaO2/FiO2)**：预测值从280下降到140，这可能表明呼吸功能恶化。但初始状态显示机械通气未使用，氧合指数较高，可能说明患者情况稳定，因此显著下降需要更明确的诱因。\n\n2. **血小板计数**：从120降至0，这速度过快，不符合临床实际。正常情况下，血小板计数不会在短时间内如此剧烈下降，除非有严重出血或消耗性疾病，但患者信息中没有相关迹象。\n\n3. **总胆红素**：逐步上升至4.6 mg/dL，符合肝功能恶化的趋势，可能合理。\n\n4. **血管活性药物使用剂量**：从0增加到0.16 μg/kg/min，与干预措施一致，但初始阶段的低剂量调整可能更符合实际。\n\n5. **格拉斯哥昏迷评分 (GCS)**：逐步下降至0，暗示神经系统恶化。结合其他指标，如氧合指数和血小板变化，这种恶化趋势合理。\n\n6. **血清肌酐**：从1.4升至7.8 mg/dL，显示肾功能急剧恶化，可能与尿量减少有关，但短期内迅速上升需要进一步验证。\n\n7. **尿量**：从1500降至0，波动较大。初始阶段尿量增加可能反映利尿效果，但随后骤降需考虑是否合理。\n\n8. **机械通气使用情况**：在第3小时开始使用，符合氧合指数下降的情况，逻辑上一致。\n\n综上所述，各项指标的变化趋势大部分符合干预措施和临床预期，但在血小板计数和尿量变化方面存在不合理之处。整体置信度为0.6。\n...done thinking.\n\n置信度评分：0.6\n\n分析理由：\n1. **氧合指数 (PaO2/FiO2)**：预测值从280下降到140，符合干预措施可能导致呼吸功能恶化的预期。但初始状态显示机械通气未使用，氧合指数较高，显著下降需更明确诱因。\n\n2. **血小板计数**：从120降至0，速度过快，不符合临床实际。正常情况下不会有如此剧烈的下降，除非有严重出血或消耗性疾病，但患者信息中没有相关迹象，因此不合理。\n\n3. **总胆红素**：逐步上升至4.6 mg/dL，符合肝功能恶化的趋势，可能合理。\n\n4. **血管活性药物使用剂量**：从0增加到0.16 μg/kg/min，与干预措施一致。初始阶段的低剂量调整更符合实际，但预测中剂量呈线性增长可能过于理想化。\n\n5. **格拉斯哥昏迷评分 (GCS)**：逐步下降至0，暗示神经系统恶化。结合其他指标如氧合指数和血小板变化，这种恶化趋势合理。\n\n6. **血清肌酐**：从1.4升至7.8 mg/dL，显示肾功能急剧恶化，可能与尿量减少有关，但短期内迅速上升需要进一步验证，可能过高。\n\n7. **尿量**：从1500降至0，波动较大。初始阶段尿量增加可能反映利尿效果，但随后骤降需考虑是否合理，尤其在血管活性药物使用的情况下。\n\n8. **机械通气使用情况**：在第3小时开始使用，符合氧合指数下降的情况，逻辑上一致。\n\n整体趋势部分符合临床改善预期，但在血小板计数和尿量变化方面存在不合理之处。置信度评分调整为0.6。",
    "error": null
  },
  "key_reasons": [
    "5. 格拉斯哥昏迷评分 (GCS)：逐步下降至0，暗示神经系统恶化。结合其他指标，如氧合指数和血小板变化，这种恶化趋势合理。",
    "综上所述，各项指标的变化趋势大部分符合干预措施和临床预期，但在血小板计数和尿量变化方面存在不合理之处。整体置信度为0.6。",
    "1. 氧合指数 (PaO2/FiO2)：预测值从280下降到140，符合干预措施可能导致呼吸功能恶化的预期。但初始状态显示机械通气未使用，氧合指数较高，显著下降需更明确诱因。"
  ]
}