{
  "timestamp": "2025-12-25 13:06:35",
  "model_name": "deepseek-r1:32b",
  "prediction_model_name": "qwen3:30b",
  "patient_id": "32026706",
  "input_description": "ICU住院编号 32026706，对应患者编号 19948815，49岁女性，体重77.7kg。监测持续时间为 0 小时（共 7 次测量，每4小时一次）：【生命体征】心率变化：[95.0, 90.0, 85.0, 80.5, 124.82, 124.82, 124.82]（单位：次/分）收缩压变化：[79.5, 75.25, 74.5, 155.67, 75.32, 75.32, 75.32]（单位：mmHg）舒张压变化：[63.0, 58.0, 57.5, 60.0, 62.86, 62.86, 62.86]（单位：mmHg）体温变化：[97.6, 97.5, 96.55, 96.7, 35.5, 97.25, 97.25]（单位：℃）呼吸频率变化：[17.25, 16.25, 18.25, 20.0, 17.59, 17.59, 17.59]（单位：次/分）血氧饱和度变化：[93.5, 94.25, 94.25, 96.0, 100.0, 100.0, 100.0]（单位：%）平均动脉压变化：[68.5, 63.75, 63.17, 91.89, 67.02, 67.02, 67.02]（单位：mmHg）【SOFA评分相关特征】氧合指数变化：[172.4, 234.25, 154.34, 154.34, 154.34, 154.34, 154.34]（单位：mmHg）机械通气使用情况：[0, 0, 0, 0, 0, 0, 0]（单位：）血小板计数变化：[51.0, 55.0, 43.0, 89.2, 90.0, 90.0, 90.0]（单位：×10³/μL）总胆红素变化：[23.0, 12.5, 12.7, 12.7, 12.7, 12.7, 12.7]（单位：mg/dL）血管活性药物使用剂量：[0.0, 0.0, 0.0, 0.0, 0.0, 0.4, 0.4]（单位：μg/kg/min）格拉斯哥昏迷评分变化：[15, 15, 14, 15, 15, 3, 3]（单位：分）血清肌酐变化：[5.1, 4.0, 3.6, 3.6, 3.6, 3.6, 3.6]（单位：mg/dL）尿量变化：[0.0, 120.0, 0.0, 0.0, 0.0, 32.0, 32.0]（单位：mL）【疾病评分】SOFA总分变化：[11, 4, 4, 3, 11, 14, 14]（单位：分）SIRS评分变化：[2, 1, 1, 1, 1, 2, 2]（单位：分）",
  "intervention": "立即启动去甲肾上腺素输注，维持剂量为0.4μg·kg⁻¹·min⁻¹，剂量调整间隔4小时，密切监测血压和器官灌注，剂量呈递减趋势，提示血管反应性改善，评估8小时内发生感染性休克的风险",
  "evaluator_trust": {
    "a": 0.4999999999999996,
    "counterfactual_runs": 10,
    "dynamic_confidence": 0.512909672255541,
    "total_confidence": 0.6498640575242126
  },
  "prediction_trust": {
    "a": 0.4999999999999996,
    "counterfactual_runs": 10,
    "dynamic_confidence": 1.0,
    "total_confidence": 0.8978742400957921
  },
  "predicted_vital_signs": {
    "pao2_fio2_ratio": [
      250.0,
      260.0,
      270.0,
      280.0,
      290.0,
      300.0,
      310.0,
      320.0
    ],
    "platelet": [
      120.0,
      125.0,
      130.0,
      135.0,
      140.0,
      145.0,
      150.0,
      155.0
    ],
    "bilirubin_total": [
      2.5,
      2.4,
      2.3,
      2.2,
      2.1,
      2.0,
      1.9,
      1.8
    ],
    "vasopressor_rate": [
      0.4,
      0.35,
      0.3,
      0.25,
      0.2,
      0.15,
      0.1,
      0.05
    ],
    "gcs_total": [
      10.0,
      11.0,
      12.0,
      13.0,
      14.0,
      14.5,
      14.8,
      15.0
    ],
    "creatinine": [
      2.5,
      2.4,
      2.3,
      2.2,
      2.1,
      2.0,
      1.9,
      1.8
    ],
    "urine_output_ml": [
      800.0,
      900.0,
      1000.0,
      1100.0,
      1200.0,
      1300.0,
      1400.0,
      1500.0
    ],
    "mechanical_ventilation": [
      1.0,
      1.0,
      1.0,
      1.0,
      1.0,
      1.0,
      1.0,
      1.0
    ]
  },
  "confidence_score": 0.4,
  "evaluation": {
    "success": true,
    "model_output": "Thinking...\n好的，我现在需要根据用户提供的信息来评估预测的SOFA相关指标数据是否合理。首先，我得仔细阅读和理解患者的数据以及干预措施。\n\n患者的ICU入院前信息显示她49岁，女性，体重77.7kg。监测持续时间为0小时，共7次测量，每4小时一次。生命体征方面，心率从正常逐渐下降到80.5，之后突然上升到124.82并保持，这可能表明有应激反应或问题出现。收缩压和平均动脉压的变化也显示波动，特别是第四次测量时收缩压骤升到155.67 mmHg，可能意味着高血压事件或其他情况。\n\nSOFA评分方面，总分变化较大，从11降到4，再升高到14，这可能反映了患者病情的波动。SIRS评分则相对较低，但有所波动，提示可能存在轻度炎症反应。\n\n计划实施的干预措施是启动去甲肾上腺素输注，剂量0.4μg/kg/min，并逐步递减。目的是维持血压和器官灌注，评估感染性休克风险。\n\n现在看预测的干预后指标变化：\n\n1. **氧合指数 (pao2_fio2_ratio)**：从250到320 mmHg，逐渐上升。这表明肺功能在改善，但需要考虑是否合理，尤其是在没有机械通气的情况下。患者当前使用机械通气的情况为0，预测却显示机械通气为1，可能意味着治疗中增加了机械通气。\n\n2. **血小板计数 (platelet)**：从51逐渐上升到155 ×10³/μL，这是合理的，因为去甲肾上腺素可能改善循环，促进血小板生成或减少消耗。但需注意过高的血小板可能有风险。\n\n3. **总胆红素 (bilirubin_total)**：从23降到1.8 mg/dL，这下降幅度很大，尤其是超过正常范围（通常<1.2 mg/dL为正常），可能不合理，除非患者有严重肝功能障碍正在改善，但数据中未显示。\n\n4. **血管活性药物使用剂量 (vasopressor_rate)**：从0.4递减到0.05，符合干预措施预期，说明治疗有效，血压稳定。\n\n5. **格拉斯哥昏迷评分 (gcs_total)**：从15下降到3，再逐渐恢复到15，这可能反映神经系统状态的变化。预测中GCS从3开始逐步上升，但初始数据中的最后一次测量是3，可能表示患者意识水平低，干预后有所改善，这是合理的。\n\n6. **血清肌酐 (creatinine)**：从5.1降到1.8 mg/dL，同样大幅下降。这需要肾脏功能显著恢复，否则可能不现实，尤其是短期内的快速变化。\n\n7. **尿量 (urine_output_ml)**：从0到32 mL逐渐增加到1500 mL，这是非常大的增幅，可能在急性肾损伤改善时发生，但需考虑是否合理，尤其是在短时间内大量利尿的可能性。\n\n8. **机械通气使用情况 (mechanical_ventilation)**：预测中变为1，而入院前为0，这可能意味着干预措施导致患者需要机械支持，但需评估是否合理，如氧合指数提高后可能减少依赖。\n\n接下来分析各项因素：\n\n- **指标合理性**：大部分指标在医学范围内，但总胆红素和肌酐的下降幅度可能过大。体温和血压的变化也需要检查单位的一致性，例如体温数据是否有误（比如摄氏度数过低）。\n\n- **干预措施与效果逻辑一致性**：使用去甲肾上腺素应有助于提升血压，改善器官灌注，从而影响血小板、尿量等指标。但胆红素和肌酐的大幅下降可能需要更长时间或特定治疗才能实现。\n\n- **各系统协调性**：呼吸功能（氧合指数上升）、循环稳定（血管活性药物减少）、肾功能恢复（肌酐下降）之间有逻辑联系，但幅度是否合理需进一步评估。例如，尿量急剧增加可能与其他因素如利尿剂使用有关，而数据中未提及。\n\n- **整体趋势**：总体显示病情改善，符合预期，但某些指标的变化速度可能过快，不符合临床实际。\n\n时间序列方面，相邻点变化幅度较大，尤其是胆红素和肌酐，这在短期内可能不太现实。数值精确度方面，大部分数据保留到小数点后一位或整数，符合医学标准。\n\n综合来看，预测显示了积极的治疗效果，但某些指标如总胆红素、肌酐和尿量的变化幅度较大，可能超出常规预期。特别是胆红素从23降到1.8，这在没有肝功能迅速恢复的情况下不太可能。此外，初始数据中的体温有一次骤降到35.5℃，是否是输入错误？如果是，可能影响评估。\n\n因此，整体预测的置信度较低，因为存在一些不合理的指标变化和潜在的数据错误。\n...done thinking.\n\n置信度评分：0.4\n\n分析理由：\n\n1. **氧合指数 (pao2_fio2_ratio)**：从250到320 mmHg是合理的，显示肺功能改善。但机械通气的使用可能影响结果。\n\n2. **血小板计数**：合理，去甲肾上腺素可能导致上升，但需监控是否过高。\n\n3. **总胆红素**：下降幅度过大，可能不现实，除非有特定治疗干预。\n\n4. **血管活性药物剂量**：合理，符合预期，显示血压稳定。\n\n5. **格拉斯哥昏迷评分**：合理，显示神经系统改善。\n\n6. **血清肌酐和尿量**：变化速度过快，短期内大幅下降可能不合理。\n\n7. **时间序列数据**：某些指标的变化幅度较大，不符合临床实际的逐步改善过程。\n\n综合来看，预测结果部分合理，但存在一些不合理的指标变化，特别是总胆红素、肌酐和尿量的大幅波动。因此，置信度为0.4。",
    "error": null
  },
  "key_reasons": [
    "SOFA评分方面，总分变化较大，从11降到4，再升高到14，这可能反映了患者病情的波动。SIRS评分则相对较低，但有所波动，提示可能存在轻度炎症反应。",
    "2. 血小板计数 (platelet)：从51逐渐上升到155 ×10³/μL，这是合理的，因为去甲肾上腺素可能改善循环，促进血小板生成或减少消耗。但需注意过高的血小板可能有风险。",
    "5. 格拉斯哥昏迷评分 (gcs_total)：从15下降到3，再逐渐恢复到15，这可能反映神经系统状态的变化。预测中GCS从3开始逐步上升，但初始数据中的最后一次测量是3，可能表示患者意识水平低，干预后有所改善，这是合理的。"
  ]
}