{
  "timestamp": "2025-12-25 13:25:40",
  "model_name": "deepseek-r1:32b",
  "prediction_model_name": "qwen3:30b",
  "patient_id": "32115504",
  "input_description": "ICU住院编号 32115504，对应患者编号 14851532，73岁男性，体重86.13333333333333kg。监测持续时间为 0 小时（共 7 次测量，每4小时一次）：【生命体征】心率变化：[50.5, 50.5]（单位：次/分）收缩压变化：[68.0, 68.0]（单位：mmHg）舒张压变化：[56.5, 56.5]（单位：mmHg）体温变化：[95.7, 95.7]（单位：℃）呼吸频率变化：[20.5, 20.5]（单位：次/分）血氧饱和度变化：[98.5, 98.5]（单位：%）平均动脉压变化：[60.33, 60.33]（单位：mmHg）【SOFA评分相关特征】氧合指数变化：[59.51, 59.51, 59.51, 59.51, 59.51, 59.51, 59.51]（单位：mmHg）机械通气使用情况：[0, 0, 0, 0, 0, 0, 0]（单位：）血小板计数变化：[250.0, 250.0, 250.0, 250.0, 250.0, 250.0, 250.0]（单位：×10³/μL）总胆红素变化：[3.0, 3.0, 3.0, 3.0, 3.0, 3.0, 3.0]（单位：mg/dL）血管活性药物使用剂量：[0.0, 0.0, 0.0, 0.0, 0.0, 0.0, 0.0]（单位：μg/kg/min）格拉斯哥昏迷评分变化：[15, 15, 15, 15, 15, 3, 3]（单位：分）血清肌酐变化：[1.6, 1.6, 1.6, 1.6, 1.6, 1.6, 1.6]（单位：mg/dL）尿量变化：[0.0, 0.0, 0.0, 0.0, 0.0, 140.0, 140.0]（单位：mL）【疾病评分】SOFA总分变化：[0, 0, 0, 0, 0, 8, 8]（单位：分）SIRS评分变化：[0, 0, 0, 0, 0, 3, 3]（单位：分）",
  "intervention": "立即启动去甲肾上腺素输注，初始剂量为0.0μg·kg⁻¹·min⁻¹，根据血压反应调整至最大0.06μg·kg⁻¹·min⁻¹，剂量调整间隔4小时，密切监测血压和器官灌注，剂量呈递增趋势，提示血管反应性下降，评估8小时内发生感染性休克的风险",
  "evaluator_trust": {
    "a": 0.39999999999999963,
    "counterfactual_runs": 12,
    "dynamic_confidence": 0.5537561107628814,
    "total_confidence": 0.6469810435748825
  },
  "prediction_trust": {
    "a": 0.39999999999999963,
    "counterfactual_runs": 12,
    "dynamic_confidence": 1.0,
    "total_confidence": 0.9182993920766336
  },
  "predicted_vital_signs": {
    "pao2_fio2_ratio": [
      250.0,
      240.0,
      230.0,
      220.0,
      210.0,
      200.0,
      190.0,
      180.0
    ],
    "platelet": [
      120.0,
      115.0,
      110.0,
      105.0,
      100.0,
      95.0,
      90.0,
      85.0
    ],
    "bilirubin_total": [
      1.5,
      1.6,
      1.7,
      1.8,
      1.9,
      2.0,
      2.1,
      2.2
    ],
    "vasopressor_rate": [
      0.0,
      0.02,
      0.04,
      0.05,
      0.055,
      0.058,
      0.059,
      0.06
    ],
    "gcs_total": [
      12.0,
      11.5,
      11.0,
      10.5,
      10.0,
      9.5,
      9.0,
      8.5
    ],
    "creatinine": [
      1.5,
      1.6,
      1.7,
      1.8,
      1.9,
      2.0,
      2.1,
      2.2
    ],
    "urine_output_ml": [
      1500.0,
      1400.0,
      1300.0,
      1200.0,
      1100.0,
      1000.0,
      900.0,
      800.0
    ],
    "mechanical_ventilation": [
      0.0,
      0.0,
      0.0,
      1.0,
      1.0,
      1.0,
      1.0,
      1.0
    ]
  },
  "confidence_score": 0.35,
  "evaluation": {
    "success": true,
    "model_output": "Thinking...\n好，我现在要评估预测的SOFA相关指标数据的合理性，按照用户提供的信息一步步来分析。\n\n首先，我看到患者的基本情况是73岁男性，体重86.13公斤。他被监测了7次，每4小时一次，持续0小时，这可能意味着是在入院后立即开始监测。现在主要关注的是干预措施后的预测数据是否合理。\n\n接下来，我仔细查看了各项SOFA评分相关指标的当前值和预测的变化：\n\n1. **氧合指数 (PaO2/FiO2)**：入院时是59.51 mmHg，预测从250开始逐渐下降到180。正常情况下，这个指数在300以上为正常，小于200则提示ARDS。所以预测的数值偏高，但考虑到可能有机械通气的影响，这可能不合理，因为初始值很低，干预后反而上升。\n\n2. **血小板计数**：入院时是250 ×10³/μL，预测逐渐下降到85。正常范围通常在150-450之间，所以从250降到85属于显著降低，可能导致出血风险增加，这可能合理，但需要考虑是否有其他原因导致血小板减少。\n\n3. **总胆红素**：入院时是3.0 mg/dL，预测逐渐上升到2.2。正常范围通常在0.1-1.2之间，所以这个数值偏高，可能提示肝功能异常或溶血等问题，需要进一步评估。\n\n4. **血管活性药物使用剂量**：从0开始增加到0.06 μg/kg/min，这符合干预措施中去甲肾上腺素的调整策略，是合理的。\n\n5. **格拉斯哥昏迷评分 (GCS)**：入院时最后一次为3分，预测逐渐下降到8.5。通常GCS低提示意识水平下降，但这里预测值反而上升可能不合理，因为如果病情恶化，GCS应该会更低。\n\n6. **血清肌酐**：从1.6 mg/dL逐渐增加到2.2，这可能表明肾功能恶化，但需要结合尿量和其他因素来看是否合理。\n\n7. **尿量**：从0开始增加到800 mL，这看起来是改善的迹象，但如果同时肌酐上升，可能存在肾脏问题或其他原因导致尿量变化。\n\n接下来，分析各项因素：\n\n- **医学范围合理性**：大多数指标在预测范围内，但GCS和PaO2/FiO2的变化可能有误。PaO2/FiO2从59升到250不合理，除非患者情况显著改善或开始机械通气。而GCS从3升到8.5也不合理，因为通常SOFA评分增加意味着病情恶化。\n\n- **干预措施的预期效果**：去甲肾上腺素用于提升血压和器官灌注，但预测显示血管活性药物剂量在增加，这可能是因为初始剂量不足以维持血压。然而，PaO2/FiO2上升可能与机械通气开始有关，但需要确认是否合理。\n\n- **各系统指标的协调性**：呼吸功能（PaO2/FiO2）和循环功能（血管活性药物使用）之间似乎有些矛盾，因为如果血压改善，氧合可能也会改善。但是GCS下降和肌酐上升提示神经系统和肾脏问题，这需要与其他指标协调。\n\n- **整体趋势是否符合预期**：预测显示多数指标在恶化或改善不一致，如PaO2/FiO2和尿量改善，但血小板、胆红素、肌酐和GCS恶化。这可能表明病情复杂，但某些变化（如PaO2/FiO2的突然升高）不太合理。\n\n- **时间序列数据的合理性**：某些指标的变化幅度较大，尤其是PaO2/FiO2从59升到250在短时间内不常见，除非有干预措施如机械通气开始使用。但初始时机械通气为0，后来变为1，这可能解释部分变化。\n\n- **数值精确度**：各项指标的精度合理，例如血小板计数和胆红素的小数点后一位是常见的医疗记录方式。\n\n综合来看，预测数据中有部分合理的部分，如血管活性药物剂量增加、尿量增加，但也有不合理之处，如PaO2/FiO2的快速上升和GCS的不降反升。因此，整体置信度评分较低。\n...done thinking.\n\n置信度评分：0.35\n\n分析理由：\n\n1. **各项SOFA相关指标数值合理性**：\n   - 氧合指数（PaO2/FiO2）从59.51 mmHg上升到250.0 mmHg不合理，因为入院时值极低，预测值显著升高不符合预期，除非有机械通气的干预。\n   - 血小板计数下降至85 ×10³/μL是可能的，但需考虑出血风险。\n   - 总胆红素上升至2.2 mg/dL高于正常范围，提示肝功能问题。\n   - 尿量增加到800 mL合理，表明肾脏灌注改善。\n   - 血清肌酐上升至2.2 mg/dL可能表示肾功能恶化。\n\n2. **干预措施的预期效果**：\n   - 去甲肾上腺素剂量增加符合预期，但PaO2/FiO2和GCS的变化与预期不符，特别是GCS升高不合理。\n\n3. **各系统指标协调性**：\n   - PaO2/FiO2上升可能与机械通气有关，但初始时未使用机械通气，后续使用可能导致变化。\n   - 循环支持改善了尿量，但肌酐上升提示肾脏问题或其他因素影响。\n\n4. **整体趋势一致性**：\n   - 预测显示部分指标改善（如尿量、PaO2/FiO2），而其他指标恶化（GCS、血小板、胆红素、肌酐）。这种不一致可能反映复杂病情，但某些变化（如PaO2/FiO2的快速上升）不合理。\n\n5. **时间序列数据合理性**：\n   - PaO2/FiO2从59升至250在短时间内不常见，除非有机械通气干预。预测中机械通气在第4小时开始使用，可能解释部分变化。\n   \n6. **数值精确度**：\n   - 各项指标的精度合理，符合医疗记录标准。\n\n综合来看，尽管某些指标如血管活性药物剂量和尿量的变化合理，但PaO2/FiO2和GCS的趋势不合理，影响整体置信度。",
    "error": null
  },
  "key_reasons": [
    "好，我现在要评估预测的SOFA相关指标数据的合理性，按照用户提供的信息一步步来分析。",
    "接下来，我仔细查看了各项SOFA评分相关指标的当前值和预测的变化：",
    "1. 氧合指数 (PaO2/FiO2)：入院时是59.51 mmHg，预测从250开始逐渐下降到180。正常情况下，这个指数在300以上为正常，小于200则提示ARDS。所以预测的数值偏高，但考虑到可能有机械通气的影响，这可能不合理，因为初始值很低，干预后反而上升。"
  ]
}