{
  "timestamp": "2026-03-06 16:52:28",
  "model_name": "deepseek-r1:32b",
  "prediction_model_name": "deepseek-r1:32b",
  "patient_id": "32675591",
  "input_description": "ICU住院编号 32675591，对应患者编号 18455034，65岁女性，体重60.8kg。监测持续时间为 0 小时（共 7 次测量，每4小时一次）：【生命体征】心率变化：[131.5, 131.5]（单位：次/分）收缩压变化：[102.0, 102.0]（单位：mmHg）舒张压变化：[78.5, 78.5]（单位：mmHg）体温变化：[99.5, 99.5]（单位：℃）呼吸频率变化：[18.5, 18.5]（单位：次/分）血氧饱和度变化：[99.5, 99.5]（单位：%）平均动脉压变化：[86.33, 86.33]（单位：mmHg）【SOFA评分相关特征】氧合指数变化：[158.79, 158.79, 158.79, 158.79, 158.79, 158.79, 158.79]（单位：mmHg）机械通气使用情况：[0, 0, 0, 0, 0, 0, 0]（单位：）血小板计数变化：[157.0, 157.0, 157.0, 157.0, 157.0, 157.0, 157.0]（单位：×10³/μL）总胆红素变化：[0.6, 0.6, 0.6, 0.6, 0.6, 0.6, 0.6]（单位：mg/dL）血管活性药物使用剂量：[0.0, 0.0, 0.0, 0.0, 0.0, 0.05, 0.05]（单位：μg/kg/min）格拉斯哥昏迷评分变化：[15, 15, 15, 15, 15, 10, 10]（单位：分）血清肌酐变化：[0.8, 0.8, 0.8, 0.8, 0.8, 0.8, 0.8]（单位：mg/dL）尿量变化：[0.0, 0.0, 0.0, 0.0, 0.0, 25.0, 25.0]（单位：mL）【疾病评分】SOFA总分变化：[0, 0, 0, 0, 0, 5, 5]（单位：分）SIRS评分变化：[0, 0, 0, 0, 0, 3, 3]（单位：分）",
  "intervention": "立即启动去甲肾上腺素输注，初始剂量为0.1μg·kg⁻¹·min⁻¹，根据血压反应调整至最大0.06μg·kg⁻¹·min⁻¹，剂量调整间隔4小时，密切监测血压和器官灌注，评估8小时内发生感染性休克的风险",
  "evaluator_trust": {
    "a": 0.2,
    "counterfactual_runs": 18,
    "dynamic_confidence": 0.20325117431467604,
    "total_confidence": 0.3199646280103178
  },
  "prediction_trust": {
    "a": 0.2,
    "counterfactual_runs": 18,
    "dynamic_confidence": 0.20325117431467604,
    "total_confidence": 0.3199646280103178
  },
  "predicted_vital_signs": {
    "pao2_fio2_ratio": [
      200.0,
      210.0,
      220.0,
      230.0,
      240.0,
      250.0,
      260.0,
      270.0
    ],
    "platelet": [
      100.0,
      95.0,
      90.0,
      85.0,
      80.0,
      75.0,
      70.0,
      65.0
    ],
    "bilirubin_total": [
      2.0,
      2.2,
      2.4,
      2.6,
      2.8,
      3.0,
      3.2,
      3.4
    ],
    "vasopressor_rate": [
      0.1,
      0.09,
      0.08,
      0.07,
      0.06,
      0.05,
      0.04,
      0.03
    ],
    "gcs_total": [
      12.0,
      13.0,
      14.0,
      15.0,
      15.0,
      15.0,
      15.0,
      15.0
    ],
    "creatinine": [
      1.5,
      1.6,
      1.7,
      1.8,
      1.9,
      2.0,
      2.1,
      2.2
    ],
    "urine_output_ml": [
      500.0,
      550.0,
      600.0,
      650.0,
      700.0,
      750.0,
      800.0,
      850.0
    ],
    "mechanical_ventilation": [
      1.0,
      1.0,
      1.0,
      1.0,
      1.0,
      1.0,
      1.0,
      1.0
    ]
  },
  "confidence_score": 0.65,
  "evaluation": {
    "success": true,
    "model_output": "Thinking...\n嗯，我现在要评估预测的SOFA相关指标数据的合理性。首先，我得回顾一下患者的基本信息和干预措施。\n\n患者是一位65岁的女性，体重60.8kg，在ICU入院前的数据看起来比较稳定，生命体征变化不大，比如心率、血压都保持在合理范围内，体温也正常。SOFA评分最初是0分，后来增加到5分，可能是因为一些指标的变化，比如血小板、胆红素和血管活性药物的使用。\n\n接下来，干预措施是立即启动去甲肾上腺素输注，初始剂量0.1μg/kg/min，之后根据血压反应调整，最大剂量为0.06。这个措施主要是为了提升血压和支持循环功能，因为患者可能有低血压或者休克的风险。\n\n现在看预测的指标变化：\n\n1. 氧合指数（pao2_fio2_ratio）从158上升到270，这应该是改善的趋势，但考虑到患者开始使用机械通气（从0变为1），氧合应该得到支持。不过，数值是否合理？正常值在300左右是比较好的，所以预测的范围还在合理范围内。\n\n2. 血小板计数下降到65，这可能有问题，因为干预措施通常不会直接导致血小板减少，反而去甲肾上腺素可能会影响血液供应。但血小板降低可能与其他因素有关，比如感染或药物反应，这里需要进一步考虑是否合理。\n\n3. 总胆红素从0.6升到3.4，上升明显，这提示肝功能受损，但患者是否有黄疸或其他肝病迹象？如果之前没有相关症状，这种快速上升可能不太合理。\n\n4. 血管活性药物使用剂量逐渐减少，从0.1降到0.03，显示干预有效，血压稳定，这是一个积极的信号。\n\n5. 格拉斯哥评分开始是10，后来恢复到15，说明神经系统状态改善，这与整体状况好转一致。\n\n6. 肌酐从0.8升到2.2，提示肾功能恶化。使用血管活性药物和可能的低灌注可能导致肾损伤，但短时间内肌酐上升这么快是否合理？需要考虑是否有其他因素，比如脱水或肾脏直接损伤。\n\n7. 尿量从0增加到850ml，这表明利尿作用，可能与补液或药物有关。然而，在感染性休克的情况下，过高的尿量可能不太常见，除非有明确的补液措施。\n\n整体来看，虽然大部分指标显示改善，但有些指标的变化趋势似乎矛盾。例如，血小板减少和肌酐升高暗示器官功能受损，而氧合指数和GCS评分却在好转。此外，血管活性药物的使用剂量减少与循环稳定有关，但同时肾功能恶化可能需要更多的关注。\n\n另外，数据的时间序列是否合理？比如，尿量突然增加到850ml，这在短时间内是否可能？通常，尿量的变化不会这么剧烈，尤其是在没有明确补液的情况下。还有胆红素的快速上升，可能不太符合常规变化速度。\n\n综上所述，预测的数据有部分合理的地方，比如氧合和GCS评分改善，但血小板、胆红素和肌酐的变化有些不一致，可能需要更多的临床信息来验证这些趋势是否正确。\n...done thinking.\n\n置信度评分：0.65\n\n分析：\n1. **各项指标合理性**：\n   - 氧合指数上升至270合理，显示机械通气改善了氧合状态。\n   - 血小板减少可能合理，但需考虑潜在原因如药物影响或感染。\n   - 总胆红素快速升高提示肝功能问题，缺乏前期数据支持，可能不合理。\n   - 尿量显著增加至850ml在没有补液情况下不太常见。\n\n2. **干预措施与趋势一致性**：\n   - 去甲肾上腺素使用有效降低血管活性药物剂量，显示循环改善。\n   - 机械通气和GCS评分提升合理，支持神经系统恢复。\n\n3. **系统协调性**：\n   - 循环功能改善但同时出现肝、肾功能恶化，需评估是否多器官受累。\n\n4. **临床改善趋势**：\n   - 大部分指标显示好转，但部分如胆红素和肌酐升高可能暗示并发症。\n\n5. **时间序列合理性**：\n   - 尿量快速增加和胆红素迅速上升可能不符合常规变化速度。\n\n6. **数据精确度**：\n   - 指标单位正确，数值精度合理。\n\n综合来看，预测数据部分合理，但存在一些不一致和快速变化，需进一步验证。",
    "error": null
  },
  "key_reasons": [
    "嗯，我现在要评估预测的SOFA相关指标数据的合理性。首先，我得回顾一下患者的基本信息和干预措施。",
    "患者是一位65岁的女性，体重60.8kg，在ICU入院前的数据看起来比较稳定，生命体征变化不大，比如心率、血压都保持在合理范围内，体温也正常。SOFA评分最初是0分，后来增加到5分，可能是因为一些指标的变化，比如血小板、胆红素和血管活性药物的使用。",
    "接下来，干预措施是立即启动去甲肾上腺素输注，初始剂量0.1μg/kg/min，之后根据血压反应调整，最大剂量为0.06。这个措施主要是为了提升血压和支持循环功能，因为患者可能有低血压或者休克的风险。"
  ]
}