{
  "timestamp": "2025-12-25 13:23:57",
  "model_name": "deepseek-r1:32b",
  "prediction_model_name": "deepseek-r1:32b",
  "patient_id": "32115504",
  "input_description": "ICU住院编号 32115504，对应患者编号 14851532，73岁男性，体重86.13333333333333kg。监测持续时间为 0 小时（共 7 次测量，每4小时一次）：【生命体征】心率变化：[50.5, 50.5]（单位：次/分）收缩压变化：[68.0, 68.0]（单位：mmHg）舒张压变化：[56.5, 56.5]（单位：mmHg）体温变化：[95.7, 95.7]（单位：℃）呼吸频率变化：[20.5, 20.5]（单位：次/分）血氧饱和度变化：[98.5, 98.5]（单位：%）平均动脉压变化：[60.33, 60.33]（单位：mmHg）【SOFA评分相关特征】氧合指数变化：[59.51, 59.51, 59.51, 59.51, 59.51, 59.51, 59.51]（单位：mmHg）机械通气使用情况：[0, 0, 0, 0, 0, 0, 0]（单位：）血小板计数变化：[250.0, 250.0, 250.0, 250.0, 250.0, 250.0, 250.0]（单位：×10³/μL）总胆红素变化：[3.0, 3.0, 3.0, 3.0, 3.0, 3.0, 3.0]（单位：mg/dL）血管活性药物使用剂量：[0.0, 0.0, 0.0, 0.0, 0.0, 0.0, 0.0]（单位：μg/kg/min）格拉斯哥昏迷评分变化：[15, 15, 15, 15, 15, 3, 3]（单位：分）血清肌酐变化：[1.6, 1.6, 1.6, 1.6, 1.6, 1.6, 1.6]（单位：mg/dL）尿量变化：[0.0, 0.0, 0.0, 0.0, 0.0, 140.0, 140.0]（单位：mL）【疾病评分】SOFA总分变化：[0, 0, 0, 0, 0, 8, 8]（单位：分）SIRS评分变化：[0, 0, 0, 0, 0, 3, 3]（单位：分）",
  "intervention": "立即启动去甲肾上腺素输注，初始剂量为0.0μg·kg⁻¹·min⁻¹，根据血压反应调整至最大0.06μg·kg⁻¹·min⁻¹，剂量调整间隔4小时，密切监测血压和器官灌注，剂量呈递增趋势，提示血管反应性下降，评估8小时内发生感染性休克的风险",
  "evaluator_trust": {
    "a": 0.39999999999999963,
    "counterfactual_runs": 12,
    "dynamic_confidence": 0.5537561107628814,
    "total_confidence": 0.6469810435748825
  },
  "prediction_trust": {
    "a": 0.39999999999999963,
    "counterfactual_runs": 12,
    "dynamic_confidence": 0.5537561107628814,
    "total_confidence": 0.6469810435748825
  },
  "predicted_vital_signs": {
    "pao2_fio2_ratio": [
      300.0,
      280.0,
      260.0,
      240.0,
      220.0,
      200.0,
      180.0,
      160.0
    ],
    "platelet": [
      150.0,
      140.0,
      130.0,
      120.0,
      110.0,
      100.0,
      90.0,
      80.0
    ],
    "bilirubin_total": [
      1.2,
      1.4,
      1.6,
      1.8,
      2.0,
      2.2,
      2.4,
      2.6
    ],
    "vasopressor_rate": [
      0.0,
      0.03,
      0.05,
      0.06,
      0.06,
      0.06,
      0.06,
      0.06
    ],
    "gcs_total": [
      15.0,
      14.0,
      13.0,
      12.0,
      11.0,
      10.0,
      9.0,
      8.0
    ],
    "creatinine": [
      1.0,
      1.2,
      1.4,
      1.6,
      1.8,
      2.0,
      2.2,
      2.4
    ],
    "urine_output_ml": [
      2000.0,
      1800.0,
      1600.0,
      1400.0,
      1200.0,
      1000.0,
      800.0,
      600.0
    ],
    "mechanical_ventilation": [
      0.0,
      0.0,
      1.0,
      1.0,
      1.0,
      1.0,
      1.0,
      1.0
    ]
  },
  "confidence_score": 0.75,
  "evaluation": {
    "success": true,
    "model_output": "Thinking...\n首先，我看到患者的基本信息包括年龄73岁，男性，体重86.13 kg，监测时间为0小时但有7次测量数据。各项生命体征如心率、血压、体温等都保持稳定，没有明显变化。SOFA评分初始为0，但在最后两次测量中上升到8分，同时SIRS评分也有所增加。\n\n干预措施是使用去甲肾上腺素输注，剂量逐渐增加，目的是维持血压和器官灌注，预防感染性休克。预测的干预后指标包括氧合指数、血小板计数、总胆红素、血管活性药物剂量等的变化。\n\n分析各项SOFA相关指标的合理性：\n1. 氧合指数从59.51 mmHg增加到300 mmHg，但初始值偏低可能提示有呼吸问题。预测的氧合指数逐渐上升，显示出改善的趋势，这在使用机械通气后是合理的。\n2. 血小板计数下降，从250 ×10³/μL降到80 ×10³/μL，这可能与脓毒症或休克有关，但下降幅度较大，需要注意是否有出血风险或其他并发症。\n3. 总胆红素逐渐上升，从3.0 mg/dL到2.6 mg/dL，这在预测中是合理的，表明肝功能可能有轻微损伤。\n4. 血管活性药物剂量逐步增加到0.06 μg/kg/min，与干预措施一致，显示对维持血压有效。\n5. 格拉斯哥昏迷评分从15降到8，反映出神经系统状况恶化，这可能与其他器官功能不全有关。\n6. 肌酐水平上升，显示肾功能恶化，但尿量却逐渐增加，这在逻辑上有些矛盾，需要进一步核实是否有其他因素影响。\n7. 尿量预测从0 mL到600 mL波动，但在最后两次测量中有所下降，可能与肾脏恢复或利尿剂使用有关。\n\n干预措施的预期效果与SOFA指标变化趋势的一致性：\n- 使用去甲肾上腺素旨在提升血压和器官灌注，血管活性药物剂量增加符合这一目标。\n- 机械通气的引入有助于改善氧合指数，这也与预测中的氧合指数上升相一致。\n- 尽管其他指标如血小板、肌酐等显示恶化趋势，但这些可能是由于基础疾病或其他并发症导致。\n\n整体趋势是否符合临床预期：\n- 氧合指数和尿量的变化显示出一定的改善，这与干预措施的预期效果相符。\n- 然而，血小板计数和格拉斯哥评分的下降可能表明患者情况复杂，存在多器官功能障碍的风险。\n\n综合考虑各项因素后，预测结果大部分合理，但肌酐与尿量之间的关系需要进一步验证。整体趋势显示部分改善，但也存在潜在风险。\n...done thinking.\n\n置信度评分：0.75\n\n分析理由：\n1. **SOFA相关指标的合理性**：\n   - 氧合指数（pao2_fio2_ratio）从59.51 mmHg增加到300 mmHg，显示出改善趋势。初始值偏低可能提示呼吸功能受损，但机械通气介入后有所改善。\n   - 血小板计数（platelet）逐步下降至80 ×10³/μL，这在感染性休克中常见，但需警惕出血风险。\n   - 总胆红素（bilirubin_total）逐渐上升，显示肝功能可能受损，但在合理范围内。\n   - 血管活性药物剂量（vasopressor_rate）增加至0.06 μg/kg/min，符合干预措施预期。\n\n2. **干预效果与指标变化的一致性**：\n   - 使用去甲肾上腺素后血管活性药物剂量递增，有效维持血压。\n   - 机械通气的引入改善了氧合指数，支持呼吸功能恢复。\n\n3. **SOFA评分各组件的协调性**：\n   - 循环和呼吸指标改善，但神经系统和肾脏功能指标恶化。格拉斯哥评分下降可能与多器官功能障碍有关。\n\n4. **时间序列数据合理性**：\n   - 指标变化趋势平缓，无突变，符合临床预期。血小板和肌酐的逐步变化合理，尿量增加后下降需进一步关注。\n\n5. **数值精确度**：\n   - 所有指标单位正确，数值精度合理，如体温保留一位小数。\n\n6. **潜在问题**：\n   - 尿量与肌酐变化趋势不符，可能需要进一步评估肾脏功能。\n   \n综合分析，预测结果大部分符合临床逻辑和医学范围，但需关注尿量与肾功能的关系。置信度较高，为0.75分。",
    "error": null
  },
  "key_reasons": [
    "首先，我看到患者的基本信息包括年龄73岁，男性，体重86.13 kg，监测时间为0小时但有7次测量数据。各项生命体征如心率、血压、体温等都保持稳定，没有明显变化。SOFA评分初始为0，但在最后两次测量中上升到8分，同时SIRS评分也有所增加。",
    "5. 格拉斯哥昏迷评分从15降到8，反映出神经系统状况恶化，这可能与其他器官功能不全有关。",
    "- 然而，血小板计数和格拉斯哥评分的下降可能表明患者情况复杂，存在多器官功能障碍的风险。"
  ]
}