{
  "timestamp": "2026-03-06 16:56:15",
  "model_name": "deepseek-r1:32b",
  "prediction_model_name": "gemma3:12b",
  "patient_id": "32675591",
  "input_description": "ICU住院编号 32675591，对应患者编号 18455034，65岁女性，体重60.8kg。监测持续时间为 0 小时（共 7 次测量，每4小时一次）：【生命体征】心率变化：[131.5, 131.5]（单位：次/分）收缩压变化：[102.0, 102.0]（单位：mmHg）舒张压变化：[78.5, 78.5]（单位：mmHg）体温变化：[99.5, 99.5]（单位：℃）呼吸频率变化：[18.5, 18.5]（单位：次/分）血氧饱和度变化：[99.5, 99.5]（单位：%）平均动脉压变化：[86.33, 86.33]（单位：mmHg）【SOFA评分相关特征】氧合指数变化：[158.79, 158.79, 158.79, 158.79, 158.79, 158.79, 158.79]（单位：mmHg）机械通气使用情况：[0, 0, 0, 0, 0, 0, 0]（单位：）血小板计数变化：[157.0, 157.0, 157.0, 157.0, 157.0, 157.0, 157.0]（单位：×10³/μL）总胆红素变化：[0.6, 0.6, 0.6, 0.6, 0.6, 0.6, 0.6]（单位：mg/dL）血管活性药物使用剂量：[0.0, 0.0, 0.0, 0.0, 0.0, 0.05, 0.05]（单位：μg/kg/min）格拉斯哥昏迷评分变化：[15, 15, 15, 15, 15, 10, 10]（单位：分）血清肌酐变化：[0.8, 0.8, 0.8, 0.8, 0.8, 0.8, 0.8]（单位：mg/dL）尿量变化：[0.0, 0.0, 0.0, 0.0, 0.0, 25.0, 25.0]（单位：mL）【疾病评分】SOFA总分变化：[0, 0, 0, 0, 0, 5, 5]（单位：分）SIRS评分变化：[0, 0, 0, 0, 0, 3, 3]（单位：分）",
  "intervention": "立即启动去甲肾上腺素输注，初始剂量为0.1μg·kg⁻¹·min⁻¹，根据血压反应调整至最大0.06μg·kg⁻¹·min⁻¹，剂量调整间隔4小时，密切监测血压和器官灌注，评估8小时内发生感染性休克的风险",
  "evaluator_trust": {
    "a": 0.2,
    "counterfactual_runs": 18,
    "dynamic_confidence": 0.20325117431467604,
    "total_confidence": 0.3199646280103178
  },
  "prediction_trust": {
    "a": 0.2,
    "counterfactual_runs": 18,
    "dynamic_confidence": 0.21158558531338362,
    "total_confidence": 0.32717312563608825
  },
  "predicted_vital_signs": {
    "pao2_fio2_ratio": [
      250.0,
      230.0,
      210.0,
      190.0,
      170.0,
      150.0,
      130.0,
      110.0
    ],
    "platelet": [
      180.0,
      160.0,
      140.0,
      120.0,
      100.0,
      80.0,
      60.0,
      40.0
    ],
    "bilirubin_total": [
      1.5,
      2.0,
      2.5,
      3.0,
      3.5,
      4.0,
      4.5,
      5.0
    ],
    "vasopressor_rate": [
      0.1,
      0.2,
      0.3,
      0.4,
      0.5,
      0.6,
      0.7,
      0.8
    ],
    "gcs_total": [
      12.0,
      11.0,
      9.0,
      7.0,
      6.0,
      5.0,
      4.0,
      3.0
    ],
    "creatinine": [
      1.0,
      1.5,
      2.0,
      2.5,
      3.0,
      2.8,
      2.6,
      2.4
    ],
    "urine_output_ml": [
      1500.0,
      1200.0,
      900.0,
      600.0,
      300.0,
      100.0,
      0.0,
      0.0
    ],
    "mechanical_ventilation": [
      0.0,
      0.0,
      1.0,
      1.0,
      1.0,
      1.0,
      1.0,
      1.0
    ]
  },
  "confidence_score": 0.3,
  "evaluation": {
    "success": true,
    "model_output": "Thinking...\n嗯，我现在需要根据给定的信息评估预测的SOFA相关指标数据的合理性。首先，我得仔细阅读并理解提供的所有信息。\n\n患者是一位65岁的女性，体重60.8kg，在ICU住院编号是32675591，对应患者编号是18455034。监测持续时间为0小时，但有7次测量，每4小时一次。从她的生命体征来看，心率稳定在131.5次/分，收缩压和舒张压分别是102mmHg和78.5mmHg，平均动脉压是86.33mmHg，体温正常（99.5℃），呼吸频率18.5次/分，血氧饱和度99.5%。这些生命体征看起来在合理范围内，没有极端值。\n\nSOFA评分相关特征方面，氧合指数稳定在158.79mmHg，机械通气未使用（0表示未使用），血小板计数为157×10³/μL，总胆红素0.6mg/dL，血管活性药物剂量最初是0，后来两次达到0.05μg/kg/min。格拉斯哥昏迷评分为15分，之后降到10分，这可能意味着意识状态有所恶化。血清肌酐稳定在0.8mg/dL，尿量开始为0，后来增加到25mL。\n\nSOFA总分最初是0，后来升至5分，SIRS评分也从0升至3分。这表明患者有轻度的全身炎症反应。\n\n计划实施的干预措施是立即启动去甲肾上腺素输注，初始剂量为0.1μg/kg/min，根据血压调整到最大0.06μg/kg/min，每4小时调整一次，并密切监测血压和器官灌注。目的是评估8小时内感染性休克的风险。\n\n接下来是预测的干预后SOFA相关指标变化：\n\n- pao2_fio2_ratio：从250降到110\n- platelet：从180降到40\n- bilirubin_total：从1.5升到5.0\n- vasopressor_rate：从0.1增加到0.8\n- gcs_total：从12降到3\n- creatinine：先上升后轻微下降，峰值在3.0mg/dL\n- urine_output_ml：从1500降到0\n- mechanical_ventilation：从0变为1\n\n现在我需要分析这些预测数据的合理性。\n\n首先，各项指标是否在合理范围内：\n\npao2_fio2_ratio：正常范围通常为≥300mmHg，如果低于这个值，可能有低氧血症。但预测中是逐步下降到110，这表明氧合情况恶化，这可能不合理，因为干预措施包括改善循环状态，应该有助于提高氧合。\n\nplatelet：血小板正常范围大约在150-450×10³/μL。预测从180降到40，这属于显著减少，可能提示DIC或严重感染，但初始血小板是正常的（157），所以急剧下降是否合理？可能需要更多的信息来判断。\n\nbilirubin_total：总胆红素正常范围一般为0.3-1.2mg/dL。预测值从1.5上升到5.0，这表明肝功能恶化，但初始值是0.6，轻微升高可能合理，但迅速升至5.0是否太快？\n\nvasopressor_rate：去甲肾上腺素剂量增加到0.8μg/kg/min，这在治疗感染性休克中可能合理，但如果血压恢复，可能会减少。\n\ngcs_total：从12降到3，这是意识状态急剧恶化，可能导致SOFA评分中的神经系统部分增加。但初始GCS是15，后来两次为10，之后预测进一步下降，是否符合干预后的预期？\n\ncreatinine：上升到3.0mg/dL可能提示肾功能恶化，随后轻微下降，这可能反映了肾脏的反应，但需要考虑尿量的变化。\n\nurine_output_ml：从1500降到0，这表示肾脏排泄急剧减少，可能与少尿或无尿有关，这在感染性休克中可能出现，但如果补液和血管活性药物使用得当，应该会有一定的尿量。\n\nmechanical_ventilation：开始没有使用，后来开始使用（1.0），这可能是因为氧合恶化需要机械通气支持。\n\n接下来考虑干预措施的预期效果与指标变化是否逻辑一致。干预措施是去甲肾上腺素输注以提升血压和改善器官灌注，但预测中SOFA评分反而上升，特别是循环、呼吸和神经系统部分。这似乎不太合理，因为干预应有助于稳定或改善这些功能。\n\nSOFA各组件之间的协调性：循环支持可能会影响肾脏和神经系统的状态，但如果干预有效，应该看到尿量增加，血清肌酐下降，而不是升高。此外，机械通气的使用通常与氧合指数降低有关，但预测中氧合指数持续下降，这可能意味着病情恶化，而干预措施未能有效改善。\n\n整体趋势是否符合临床改善预期：患者SOFA评分从0升至5，SIRS从0升至3，这表明炎症和器官功能恶化。然而，干预措施的目的是稳定情况，预防休克发展，所以这些变化似乎与预期相反。\n\n时间序列数据的合理性：指标的变化幅度在短时间内非常大，例如血小板迅速下降到40，这是可能的吗？通常，在感染性休克中，血小板可能会逐渐减少，而不是急剧下降。同样，胆红素从1.5升至5可能太快，除非有其他因素导致肝功能急剧恶化。\n\n数值精确度：各项指标单位和精度看起来合理，如体温到小数点后一位，血压为整数等。\n\n综合以上分析，预测的数据存在一些不合理之处，特别是SOFA评分和相关指标的变化与干预措施预期效果不符。例如，使用去甲肾上腺素应有助于提高血压，改善器官灌注，而预测中却出现了氧合恶化、血小板减少、胆红素升高、尿量减少等情况，这可能意味着病情在恶化而非好转。\n\n所以，这个预测的置信度应该较低，大约0.3左右。\n...done thinking.\n\n置信度评分：0.3\n\n分析理由：\n\n1. **各项SOFA相关指标数值是否在合理范围内**：\n   - 氧合指数（pao2_fio2_ratio）从250下降到110，远低于正常范围（通常≥300mmHg），这表明氧合情况恶化，可能不合理，因为干预措施应改善循环和氧合。\n   - 血小板计数急剧减少至40×10³/μL，虽然初始值正常，但急剧下降提示DIC或严重感染，这在预测中缺乏明确依据。\n   - 总胆红素迅速升高到5.0mg/dL，远超正常范围（通常<1.2mg/dL），可能不合理，除非有其他因素导致肝功能恶化。\n   - 血管活性药物剂量逐渐增加是合理的，但SOFA评分应随之改善而非恶化。\n\n2. **干预措施的预期效果与指标变化趋势的逻辑一致性**：\n   - 干预措施旨在稳定循环状态，但预测显示循环、呼吸和神经功能恶化，这与预期不符。氧合指数下降和机械通气使用增加表明病情恶化，而非好转。\n\n3. **SOFA评分各组件之间的协调性**：\n   - 循环支持应改善肾脏灌注，但尿量减少和肌酐升高表明肾功能恶化，缺乏合理性。\n   - 神经系统状态急剧恶化（GCS从12降至3）可能合理，但需与其他指标变化相协调。\n\n4. **整体趋势是否符合临床改善预期**：\n   - 预测显示病情持续恶化，而干预措施应稳定或改善状况。SOFA和SIRS评分上升表明炎症反应加剧，这与治疗目标相反。\n\n5. **时间序列数据的合理性**：\n   - 指标变化幅度大且迅速，如血小板和胆红素的变化可能在短期内不太可能发生，缺乏临床依据支持这种快速恶化。\n\n6. **数值精确度**：\n   - 所有指标单位正确，精度合理，但整体趋势与预期不符，影响了置信度。\n\n综合以上分析，预测的SOFA相关指标变化与干预措施的预期效果和医学合理性存在显著不一致，因此置信度较低。",
    "error": null
  },
  "key_reasons": [
    "嗯，我现在需要根据给定的信息评估预测的SOFA相关指标数据的合理性。首先，我得仔细阅读并理解提供的所有信息。",
    "SOFA评分相关特征方面，氧合指数稳定在158.79mmHg，机械通气未使用（0表示未使用），血小板计数为157×10³/μL，总胆红素0.6mg/dL，血管活性药物剂量最初是0，后来两次达到0.05μg/kg/min。格拉斯哥昏迷评分为15分，之后降到10分，这可能意味着意识状态有所恶化。血清肌酐稳定在0.8mg/dL，尿量开始为0，后来增加到25mL。",
    "SOFA总分最初是0，后来升至5分，SIRS评分也从0升至3分。这表明患者有轻度的全身炎症反应。"
  ]
}