{
  "timestamp": "2025-12-25 12:30:21",
  "model_name": "deepseek-r1:32b",
  "prediction_model_name": "gemma3:12b",
  "patient_id": "31613211",
  "input_description": "ICU住院编号 31613211，对应患者编号 18084435，58岁女性，体重122.6kg。监测持续时间为 0 小时（共 7 次测量，每4小时一次）：【生命体征】心率变化：[117.5, 117.5]（单位：次/分）收缩压变化：[73.0, 73.0]（单位：mmHg）舒张压变化：[64.17, 64.17]（单位：mmHg）体温变化：[97.45, 97.45]（单位：℃）呼吸频率变化：[26.75, 26.75]（单位：次/分）血氧饱和度变化：[95.0, 95.0]（单位：%）平均动脉压变化：[67.11, 67.11]（单位：mmHg）【SOFA评分相关特征】氧合指数变化：[112.98, 112.98, 112.98, 112.98, 112.98, 112.98, 112.98]（单位：mmHg）机械通气使用情况：[0, 0, 0, 0, 0, 0, 0]（单位：）血小板计数变化：[313.0, 472.0, 441.0, 441.0, 441.0, 441.0, 441.0]（单位：×10³/μL）总胆红素变化：[0.7, 0.7, 0.7, 0.7, 0.7, 0.7, 0.7]（单位：mg/dL）血管活性药物使用剂量：[0.0, 0.0, 0.0, 0.0, 0.0, 0.2, 0.2]（单位：μg/kg/min）格拉斯哥昏迷评分变化：[15, 15, 15, 15, 15, 15, 15]（单位：分）血清肌酐变化：[0.6, 1.2, 1.3, 1.3, 1.3, 1.3, 1.3]（单位：mg/dL）尿量变化：[0.0, 0.0, 0.0, 0.0, 250.0, 88.0, 88.0]（单位：mL）【疾病评分】SOFA总分变化：[1, 0, 0, 0, 1, 2, 2]（单位：分）SIRS评分变化：[0, 0, 0, 0, 0, 3, 3]（单位：分）",
  "intervention": "立即启动去甲肾上腺素输注，维持剂量为0.2μg·kg⁻¹·min⁻¹，剂量调整间隔4小时，密切监测血压和器官灌注，剂量呈递减趋势，提示血管反应性改善，评估8小时内发生感染性休克的风险",
  "evaluator_trust": {
    "a": 0.5999999999999996,
    "counterfactual_runs": 8,
    "dynamic_confidence": 0.5112448858113227,
    "total_confidence": 0.6765890200002597
  },
  "prediction_trust": {
    "a": 0.5999999999999996,
    "counterfactual_runs": 8,
    "dynamic_confidence": 0.42902075364700837,
    "total_confidence": 0.6453222736149473
  },
  "predicted_vital_signs": {
    "pao2_fio2_ratio": [
      250.0,
      260.0,
      270.0,
      280.0,
      290.0,
      300.0,
      310.0,
      320.0
    ],
    "platelet": [
      120.0,
      130.0,
      140.0,
      150.0,
      160.0,
      170.0,
      180.0,
      190.0
    ],
    "bilirubin_total": [
      1.8,
      1.6,
      1.4,
      1.2,
      1.0,
      0.8,
      0.6,
      0.4
    ],
    "vasopressor_rate": [
      0.2,
      0.18,
      0.16,
      0.14,
      0.12,
      0.1,
      0.08,
      0.06
    ],
    "gcs_total": [
      12.0,
      13.0,
      14.0,
      15.0,
      14.0,
      13.0,
      12.0,
      11.0
    ],
    "creatinine": [
      1.5,
      1.4,
      1.3,
      1.2,
      1.1,
      1.0,
      0.9,
      0.8
    ],
    "urine_output_ml": [
      1500.0,
      1600.0,
      1700.0,
      1800.0,
      1900.0,
      2000.0,
      2100.0,
      2200.0
    ],
    "mechanical_ventilation": [
      1.0,
      1.0,
      1.0,
      1.0,
      1.0,
      0.0,
      0.0,
      0.0
    ]
  },
  "confidence_score": 0.65,
  "evaluation": {
    "success": true,
    "model_output": "Thinking...\n好，我现在要评估预测的SOFA相关指标数据合理性。首先，我得看看各项指标是否在医学合理范围内。\n\n先看氧合指数pao2_fio2_ratio，预测值从250到320，这个范围看起来正常，因为正常人的氧合指数通常在300左右，而机械通气患者可能在150-250之间。这里逐渐上升，说明呼吸情况在改善。\n\n接下来是血小板计数platelet，从120到190，单位都是×10³/μL。正常范围大约在150-450，所以这些数值都在合理范围内。逐步增加也符合干预后的情况，可能使用了药物促进血小板生成。\n\n总胆红素bilirubin_total从1.8降到0.4，这有些问题。正常总胆红素通常不超过2.0 mg/dL，但这里初始值偏高，然后快速下降到低于正常范围的下限（通常为0.3-1.9）。所以这个变化可能不太合理。\n\n血管活性药物使用剂量vasopressor_rate从0.2递减到0.06，这符合预期，因为干预措施包括逐渐减少剂量。但要注意患者的血压是否稳定，如果过快减少可能导致血压下降。\n\n格拉斯哥昏迷评分gcs_total从12开始，波动后降到11，这可能有问题，因为最初的GCS是15分（正常），之后下降到12-14，说明意识有变化，这在干预过程中应该密切监测是否有恶化的情况，所以这个趋势是否合理需要考虑。\n\n血清肌酐creatinine从1.5降到0.8，这看起来合理，因为肾脏功能改善了。尿量urine_output_ml迅速增加到每天2200 mL，这也符合肾功能恢复的预期。\n\n机械通气mechanical_ventilation开始使用，后来停止，这也是合理的，说明呼吸状况好转，不需要再依赖机械辅助。\n\n综合来看，大部分指标的变化趋势合理，但总胆红素下降过快可能有问题。此外，GCS评分在干预后降低也需要注意是否与实际情况相符。整体逻辑上，这些变化是协调的，比如循环和肾功能改善，呼吸情况也在好转，尿量增加支持了这一点。\n\n考虑到时间和数值的合理性，各项指标的变化幅度适中，没有突变的情况。单位也都正确统一。因此，置信度评分应该在0.7左右，因为大部分合理但有两个点可能需要进一步验证。\n...done thinking.\n\n**置信度评分：0.65**\n\n1. **氧合指数 (pao2_fio2_ratio)**：\n   - 预测值为250.0到320.0 mmHg，符合医学标准范围。改善趋势合理。\n\n2. **血小板计数 (platelet)**：\n   - 从120.0增加至190.0 ×10³/μL，在正常范围内（通常150-450），变化合理。\n\n3. **总胆红素 (bilirubin_total)**：\n   - 从1.8降至0.4 mg/dL，初始偏高，后迅速下降至低于正常下限，可能存在不合理性。\n\n4. **血管活性药物使用剂量 (vasopressor_rate)**：\n   - 递减趋势合理，符合预期调整策略。\n\n5. **格拉斯哥昏迷评分 (gcs_total)**：\n   - 初始降低后波动，可能反映神经系统状态变化，需谨慎评估。\n\n6. **血清肌酐 (creatinine) 和尿量**：\n   - 肌酐下降和尿量增加合理，支持肾功能改善。\n\n7. **机械通气 (mechanical_ventilation)**：\n   - 使用后停止合理，表明呼吸状况好转。\n\n总体趋势符合临床预期，但总胆红素下降过快和GCS评分波动可能存在问题。因此，置信度为0.65。",
    "error": null
  },
  "key_reasons": [
    "好，我现在要评估预测的SOFA相关指标数据合理性。首先，我得看看各项指标是否在医学合理范围内。",
    "先看氧合指数pao2_fio2_ratio，预测值从250到320，这个范围看起来正常，因为正常人的氧合指数通常在300左右，而机械通气患者可能在150-250之间。这里逐渐上升，说明呼吸情况在改善。",
    "血管活性药物使用剂量vasopressor_rate从0.2递减到0.06，这符合预期，因为干预措施包括逐渐减少剂量。但要注意患者的血压是否稳定，如果过快减少可能导致血压下降。"
  ]
}