{
  "timestamp": "2025-12-29 16:47:12",
  "model_name": "deepseek-r1:32b",
  "prediction_model_name": "gemma3:12b",
  "patient_id": "39816062",
  "input_description": "ICU住院编号 39816062，对应患者编号 17911943，19岁男性，体重73.0kg。监测持续时间为 0 小时（共 7 次测量，每4小时一次）：【生命体征】心率变化：[86.33, 86.33]（单位：次/分）收缩压变化：[78.0, 78.0]（单位：mmHg）舒张压变化：[62.0, 62.0]（单位：mmHg）体温变化：[98.75, 98.75]（单位：℃）呼吸频率变化：[17.67, 17.67]（单位：次/分）血氧饱和度变化：[100.0, 100.0]（单位：%）平均动脉压变化：[67.33, 67.33]（单位：mmHg）【SOFA评分相关特征】氧合指数变化：[311.17, 311.17, 311.17, 311.17, 311.17, 311.17, 311.17]（单位：mmHg）机械通气使用情况：[0, 0, 0, 0, 0, 0, 0]（单位：）血小板计数变化：[75.0, 109.0, 109.0, 109.0, 109.0, 109.0, 109.0]（单位：×10³/μL）总胆红素变化：[1.6, 1.6, 1.6, 1.6, 1.6, 1.6, 1.6]（单位：mg/dL）血管活性药物使用剂量：[0.0, 0.0, 0.0, 0.0, 0.0, 0.0, 0.0]（单位：μg/kg/min）格拉斯哥昏迷评分变化：[15, 15, 15, 15, 15, 15, 15]（单位：分）血清肌酐变化：[1.1, 1.1, 1.1, 1.1, 1.1, 1.1, 1.1]（单位：mg/dL）尿量变化：[0.0, 0.0, 0.0, 0.0, 0.0, 240.0, 240.0]（单位：mL）【疾病评分】SOFA总分变化：[0, 0, 0, 0, 2, 5, 5]（单位：分）SIRS评分变化：[0, 0, 0, 0, 1, 2, 2]（单位：分）",
  "intervention": "立即启动去甲肾上腺素输注，维持剂量为10.0μg·kg⁻¹·min⁻¹，剂量调整间隔2小时，密切监测血压和器官灌注，剂量呈递增趋势，提示血管反应性下降，评估8小时内发生感染性休克的风险",
  "evaluator_trust": {
    "a": 0.2,
    "counterfactual_runs": 17,
    "dynamic_confidence": 0.22411644898142716,
    "total_confidence": 0.3366568477437186
  },
  "prediction_trust": {
    "a": 0.2,
    "counterfactual_runs": 17,
    "dynamic_confidence": 0.1988714490023766,
    "total_confidence": 0.31700181658728266
  },
  "predicted_vital_signs": {
    "pao2_fio2_ratio": [
      250.0,
      230.0,
      210.0,
      190.0,
      170.0,
      150.0,
      130.0,
      110.0
    ],
    "platelet": [
      120.0,
      100.0,
      80.0,
      60.0,
      40.0,
      20.0,
      0.0,
      0.0
    ],
    "bilirubin_total": [
      1.8,
      2.2,
      2.6,
      3.0,
      3.4,
      3.8,
      4.2,
      4.6
    ],
    "vasopressor_rate": [
      10.0,
      12.0,
      14.0,
      16.0,
      18.0,
      20.0,
      22.0,
      24.0
    ],
    "gcs_total": [
      13.0,
      12.0,
      11.0,
      10.0,
      9.0,
      8.0,
      7.0,
      6.0
    ],
    "creatinine": [
      1.4,
      2.0,
      2.6,
      3.2,
      3.8,
      4.4,
      5.0,
      5.6
    ],
    "urine_output_ml": [
      1500.0,
      400.0,
      100.0,
      0.0,
      0.0,
      0.0,
      0.0,
      0.0
    ],
    "mechanical_ventilation": [
      0.0,
      0.0,
      1.0,
      1.0,
      1.0,
      1.0,
      1.0,
      1.0
    ]
  },
  "confidence_score": 0.65,
  "evaluation": {
    "success": true,
    "model_output": "Thinking...\n好，我现在需要评估用户提供的预测SOFA相关指标数据是否合理。首先，我要仔细阅读患者的信息和干预措施，然后逐一分析各项指标的变化。\n\n患者是一位19岁的男性，体重73kg，入院前监测持续时间为0小时，进行了7次测量。生命体征方面，心率稳定在86次/分左右，收缩压78mmHg，舒张压62mmHg，平均动脉压67.33mmHg，这些数值看起来偏低，尤其是血压可能较低，可能导致器官灌注不足。\n\nSOFA评分相关特征中，氧合指数一直是311.17 mmHg，机械通气未使用，血小板计数波动不大，总胆红素稳定，血管活性药物未使用。患者的格拉斯哥昏迷评分为满分15分，说明意识清醒。血清肌酐略高，但尿量变化较大，最后一次测量是240ml，可能有肾脏问题。\n\n干预措施是立即启动去甲肾上腺素输注，剂量逐步增加，密切监测血压和器官灌注。目的是评估感染性休克风险。\n\n接下来分析预测的SOFA相关指标：\n\n1. **pao2_fio2_ratio**：从250下降到110，这表明氧合逐渐恶化，可能需要机械通气。数值在合理范围内，但急剧下降是否符合预期？\n\n2. **platelet**：从120降到0，血小板迅速减少，提示DIC可能。这种快速下降是否常见？可能过低。\n\n3. **bilirubin_total**：逐步增加到4.6 mg/dL，这表明肝功能恶化。合理范围内，但增速如何？\n\n4. **vasopressor_rate**：剂量逐步增加，符合干预措施，但是否会导致血压过高的风险？\n\n5. **gcs_total**：从13降到6，意识状态急剧下降，可能与低氧血症或脑灌注不足有关。变化幅度较大，是否合理？\n\n6. **creatinine**：逐步上升到5.6 mg/dL，肾功能恶化明显。尿量突然减少到0，可能肾脏受损严重。\n\n7. **urine_output_ml**：初始高排尿后骤降，这可能反映肾功能急剧恶化，但是否有其他因素影响？\n\n8. **mechanical_ventilation**：在第三次测量开始使用，合理，因为氧合指数下降需要支持。\n\n综合分析各项指标：\n\n- 氧合指数下降和机械通气的引入是合理的，但血小板快速减少到0可能不常见，通常DIC会有一定过程。\n- GCS评分急剧下降可能与低氧或代谢异常有关，但幅度较大，是否合理？\n- 肾功能恶化迅速，肌酐上升明显，尿量骤降，这可能显示严重肾脏损伤，但需要考虑其他因素如容量状态和药物影响。\n- 血管活性药物剂量增加可能导致血压升高或其他副作用，需监测。\n\n逻辑一致性方面：\n\n- 随着去甲肾上腺素剂量增加，可能会改善循环，但若器官灌注不足，可能导致SOFA评分上升。预测中呼吸、循环、肾脏指标都恶化，这可能表明干预效果不佳或病情加重。\n- GCS下降与氧合恶化有关，符合逻辑。\n\n时间序列合理性：\n\n- 指标变化幅度较大，特别是在短时间内出现急剧变化，如血小板从120降到0用了8小时，速度较快。通常DIC的发展可能需要更长时间。\n- 尿量骤降是否合理？如果肾脏灌注不足，可能迅速减少尿量。\n\n数值精确度：\n\n- 体温到小数点后一位，血压为整数，其他指标如血小板、肌酐等单位正确。\n\n整体趋势：\n\n预测显示病情恶化，符合干预措施未能有效改善的情况。但部分指标变化速度可能过快，导致置信度降低。\n\n综合考虑，尽管大部分指标在合理范围内，但某些指标的变化幅度和速度可能过高，特别是在短时间内出现严重恶化。因此，置信度评分为0.65。\n...done thinking.\n\n置信度评分：0.65\n\n**详细分析：**\n\n1. **各项SOFA相关指标数值是否在合理的医学范围内**\n   - 氧合指数（pao2_fio2_ratio）的预测值从250.0下降到110.0，这个范围在合理范围内。正常氧合指数通常高于300，低于200可能提示急性呼吸窘迫综合征（ARDS），因此数值是合理的。\n   - 血小板计数（platelet）从120.0下降到0.0，这在理论上是可能的，尤其是在存在严重感染或弥散性血管内凝血（DIC）的情况下。然而，在8小时内血小板计数降至0并不常见，除非有极严重的病理过程。\n   - 总胆红素（bilirubin_total）从1.8上升到4.6 mg/dL，这在合理范围内，尤其在肝功能受损或胆道阻塞的情况下。\n   - 血管活性药物使用剂量（vasopressor_rate）逐步增加至24.0 μg/kg/min，这是合理的，因为去甲肾上腺素的剂量可能需要逐步调整以维持血压。\n   - 格拉斯哥昏迷评分（gcs_total）从13.0下降到6.0，这提示神经系统功能恶化，可能是由于低氧血症、代谢性酸中毒或其他并发症。虽然在理论上是可能的，但这种急剧下降的速度在8小时内显得较快。\n   - 血清肌酐（creatinine）从1.4上升到5.6 mg/dL，这表明肾功能逐渐恶化，符合败血症或感染性休克时常见的急性肾损伤（AKI）。然而，这种快速升高的速度可能需要进一步验证，尤其是在没有其他肾脏损害因素的情况下。\n   - 尿量（urine_output_ml）从1500.0 mL骤降至0.0 mL，这在短时间内（8小时内）的变化幅度较大。尿量的急剧减少通常与肾功能迅速恶化或液体管理不当有关。\n   - 机械通气使用情况（mechanical_ventilation）从0增加到1，这是合理的，因为氧合指数持续下降，需要进行机械通气支持。\n\n2. **干预措施的预期效果与SOFA相关指标变化趋势的逻辑一致性**\n   - 干预措施是启动去甲肾上腺素输注以维持血压和器官灌注。然而，预测结果显示多个系统的恶化（如呼吸、循环、肾脏功能），这可能表明感染性休克或败血症未被有效控制，或者干预措施未能达到预期效果。\n   - 随着时间的推移，血管活性药物剂量增加可能导致外周血管收缩和器官灌注不足，进而导致多器官功能障碍。这种趋势与SOFA评分的变化是一致的。\n\n3. **评估SOFA评分各组件之间的逻辑一致性**\n   - 呼吸功能（氧合指数下降）和循环功能（血管活性药物剂量增加、GCS评分下降）以及肾功能（肌酐升高、尿量减少）的恶化是相互关联的，符合感染性休克或败血症的进展。\n   - 然而，某些指标的变化速度较快，如血小板计数和尿量，这可能在短期内不太常见。\n\n4. **整体趋势是否符合临床改善的预期**\n   - 预测结果显示病情恶化，而不是改善。这与干预措施未能有效控制感染性休克的风险一致。然而，在8小时内出现如此显著的多器官功能障碍可能表明病情进展极为迅速，这虽然在理论上是可能的，但在实际临床中较为罕见。\n\n5. **数据的单位统一性和时间序列合理性**\n   - 所有指标的数据单位均正确，符合医学标准。\n   - 时间序列数据显示每2小时一次测量，在8小时内共进行了8次测量。然而，某些指标的变化幅度较大（如血小板计数降至0），这在短时间内显得不太合理。\n\n6. **数值的精确度是否合理**\n   - 体温和血压等生命体征的数据精度符合临床标准（如体温精确到小数点后一位）。\n   - SOFA相关指标的预测值虽然精确，但在某些情况下（如血小板计数和尿量）的变化速度可能过高。\n\n**总结：**\n预测结果在整体上是合理的，但部分指标的变化速度较快，可能需要进一步验证。特别是血小板计数和尿量的急剧变化在8小时内显得不太常见。尽管如此，这些变化趋势与感染性休克或败血症的进展一致，因此具有一定的合理性。",
    "error": null
  },
  "key_reasons": [
    "SOFA评分相关特征中，氧合指数一直是311.17 mmHg，机械通气未使用，血小板计数波动不大，总胆红素稳定，血管活性药物未使用。患者的格拉斯哥昏迷评分为满分15分，说明意识清醒。血清肌酐略高，但尿量变化较大，最后一次测量是240ml，可能有肾脏问题。",
    "8. mechanical_ventilation：在第三次测量开始使用，合理，因为氧合指数下降需要支持。",
    "- GCS评分急剧下降可能与低氧或代谢异常有关，但幅度较大，是否合理？"
  ]
}