{
  "timestamp": "2025-12-25 12:33:43",
  "model_name": "deepseek-r1:32b",
  "prediction_model_name": "qwen3:30b",
  "patient_id": "31613211",
  "input_description": "ICU住院编号 31613211，对应患者编号 18084435，58岁女性，体重122.6kg。监测持续时间为 0 小时（共 7 次测量，每4小时一次）：【生命体征】心率变化：[117.5, 117.5]（单位：次/分）收缩压变化：[73.0, 73.0]（单位：mmHg）舒张压变化：[64.17, 64.17]（单位：mmHg）体温变化：[97.45, 97.45]（单位：℃）呼吸频率变化：[26.75, 26.75]（单位：次/分）血氧饱和度变化：[95.0, 95.0]（单位：%）平均动脉压变化：[67.11, 67.11]（单位：mmHg）【SOFA评分相关特征】氧合指数变化：[112.98, 112.98, 112.98, 112.98, 112.98, 112.98, 112.98]（单位：mmHg）机械通气使用情况：[0, 0, 0, 0, 0, 0, 0]（单位：）血小板计数变化：[313.0, 472.0, 441.0, 441.0, 441.0, 441.0, 441.0]（单位：×10³/μL）总胆红素变化：[0.7, 0.7, 0.7, 0.7, 0.7, 0.7, 0.7]（单位：mg/dL）血管活性药物使用剂量：[0.0, 0.0, 0.0, 0.0, 0.0, 0.2, 0.2]（单位：μg/kg/min）格拉斯哥昏迷评分变化：[15, 15, 15, 15, 15, 15, 15]（单位：分）血清肌酐变化：[0.6, 1.2, 1.3, 1.3, 1.3, 1.3, 1.3]（单位：mg/dL）尿量变化：[0.0, 0.0, 0.0, 0.0, 250.0, 88.0, 88.0]（单位：mL）【疾病评分】SOFA总分变化：[1, 0, 0, 0, 1, 2, 2]（单位：分）SIRS评分变化：[0, 0, 0, 0, 0, 3, 3]（单位：分）",
  "intervention": "立即启动去甲肾上腺素输注，维持剂量为0.2μg·kg⁻¹·min⁻¹，剂量调整间隔4小时，密切监测血压和器官灌注，剂量呈递减趋势，提示血管反应性改善，评估8小时内发生感染性休克的风险",
  "evaluator_trust": {
    "a": 0.5999999999999996,
    "counterfactual_runs": 8,
    "dynamic_confidence": 0.5112448858113227,
    "total_confidence": 0.6765890200002597
  },
  "prediction_trust": {
    "a": 0.5999999999999996,
    "counterfactual_runs": 8,
    "dynamic_confidence": 1.0,
    "total_confidence": 0.8774490881149504
  },
  "predicted_vital_signs": {
    "pao2_fio2_ratio": [
      350.0,
      340.0,
      330.0,
      320.0,
      310.0,
      300.0,
      290.0,
      280.0
    ],
    "platelet": [
      160.0,
      155.0,
      150.0,
      145.0,
      140.0,
      135.0,
      130.0,
      125.0
    ],
    "bilirubin_total": [
      1.3,
      1.35,
      1.4,
      1.45,
      1.5,
      1.55,
      1.6,
      1.65
    ],
    "vasopressor_rate": [
      0.2,
      0.18,
      0.16,
      0.14,
      0.12,
      0.1,
      0.08,
      0.06
    ],
    "gcs_total": [
      13.0,
      13.5,
      14.0,
      14.5,
      15.0,
      15.0,
      15.0,
      15.0
    ],
    "creatinine": [
      1.4,
      1.35,
      1.3,
      1.25,
      1.2,
      1.15,
      1.1,
      1.05
    ],
    "urine_output_ml": [
      1200.0,
      1300.0,
      1400.0,
      1500.0,
      1600.0,
      1700.0,
      1800.0,
      1900.0
    ],
    "mechanical_ventilation": [
      1.0,
      1.0,
      1.0,
      1.0,
      1.0,
      1.0,
      1.0,
      1.0
    ]
  },
  "confidence_score": 0.65,
  "evaluation": {
    "success": true,
    "model_output": "Thinking...\n好的，我现在要评估这个预测的SOFA相关指标数据是否合理。首先，我会逐一查看每个指标的变化情况，并结合医学知识来判断它们是否符合实际情况。\n\n患者信息：58岁女性，体重较重，ICU住院编号31613211。她入院前的数据有生命体征、SOFA评分和其他实验室检查结果。生命体征包括心率、血压、体温等，都比较稳定。SOFA总分在0到2之间波动，SIRS评分也从0上升到3。\n\n干预措施是立即启动去甲肾上腺素输注，初始剂量为0.2μg/kg/min，每4小时调整一次，观察血管反应性是否改善，并评估感染性休克风险。\n\n预测的SOFA指标包括PaO2/FiO2比值、血小板计数、总胆红素、血管活性药物率、GCS评分、肌酐和尿量。我需要分析这些指标的变化趋势是否合理，以及它们之间是否有逻辑一致性。\n\n1. PaO2/FiO2比值：预测从350下降到280。正常情况下，这个比率越高越好。使用机械通气后，可能会降低，但如果患者情况恶化，比如肺部损伤加重，比率会进一步下降。这里的变化趋势是逐渐下降，但幅度是否合理？如果患者有感染性休克或ARDS，比率可能持续下降，但这里的预测似乎显示了一种稳定的恶化趋势。\n\n2. 血小板计数：从160降到125，这可能表明DIC或骨髓抑制的情况。血小板减少需要考虑病因，比如药物、感染等。如果患者使用了去甲肾上腺素，可能会有影响，但下降幅度是否合理？\n\n3. 总胆红素：从1.3升到1.65。轻度升高可能提示肝功能异常或溶血。这与SOFA中的肝功能评分有关。\n\n4. 血管活性药物率：逐渐减少，符合干预措施的预期效果，说明血管反应性改善，血压稳定。\n\n5. GCS评分：从13到15，表明意识状态有所恢复，但变化幅度较小。如果患者有脑水肿或其他神经系统问题，GCS可能不会有这么大的变化。\n\n6. 肌酐：从1.4降到1.05，说明肾功能改善。尿量增加，从0到1900，这与肌酐下降一致，表明肾脏灌注好转。\n\n7. 尿量：急剧增加到每天2000ml以上，可能合理，因为血管活性药物改善了肾脏血流，但需要考虑是否有其他因素如利尿剂的使用或液体过载的情况。\n\n8. 机械通气使用情况持续为1，意味着患者仍在机械通气中。这与PaO2/FiO2比率下降是否一致？如果呼吸功能恶化，可能需要继续或增加支持。\n\n现在综合分析：\n\n- 血管活性药物剂量减少，说明循环改善，符合干预措施预期。\n- 尿量显著增加和肌酐降低显示肾功能好转。\n- GCS评分略有上升，但幅度不大，可能合理。\n- PaO2/FiO2比率下降可能提示肺部问题恶化，需要结合其他因素如感染进展来判断。\n- 血小板减少和胆红素升高可能提示肝或血液系统的问题，这与休克相关的情况有关。\n\n总体趋势显示循环和肾脏功能在改善，但呼吸功能可能没有好转。这种情况下，SOFA评分可能会有变化，特别是呼吸部分。然而，SIRS评分从0上升到3，提示炎症反应加重，这也可能影响各个系统的指标。\n\n现在检查数值合理性：\n\n- PaO2/FiO2比率的单位是mmHg，预测值在合理范围内。\n- 血小板计数在160到125之间，属于轻度减少，但是否过低？正常范围通常高于150，所以降到125可能在某些情况下合理。\n- 胆红素从1.3到1.65，属于正常或轻微升高。\n- 血管活性药物剂量逐步下降，逻辑合理。\n- GCS评分从13到15，变化幅度不大，但如果是意识恢复的早期阶段，这可能合理。\n- 肌酐和尿量的变化趋势相反，肌酐降低，尿量增加，这在肾脏改善的情况下是合理的。\n- 尿量急剧增加是否现实？需要考虑是否有其他干预措施，如利尿剂使用或补液情况。\n\n时间序列方面，每个指标变化幅度在每4小时周期内是否合理。例如，血小板每次减少5，这可能过快，因为血小板计数通常不会迅速下降，除非有急性问题。同样，总胆红素每天增加0.05mg/dL，这在短期内可能合理，但长期来看需要病因支持。\n\n数值的精确度方面，大多数指标的小数点后一位或两位是合理的，符合临床记录标准。\n\n最后，综合所有因素，预测的数据大部分在合理范围内，但有几个地方可能存在问题：血小板下降速度较快，PaO2/FiO2比率持续下降是否与SIRS评分增加一致？循环改善的情况下，呼吸功能为何恶化？\n\n考虑到这些因素，我会给出一个中等的置信度评分。\n...done thinking.\n\n置信度评分：0.65\n\n分析理由：\n\n1. **数值合理性**：\n   - PaO2/FiO2比率下降至合理范围内，但持续下降可能提示肺部问题。\n   - 血小板计数在正常范围以下，但下降速度较快，需考虑病因。\n   - 胆红素轻度升高，肌酐和尿量变化符合肾脏改善。\n\n2. **干预措施与趋势逻辑**：\n   - 血管活性药物剂量减少，循环改善，尿量增加合理。\n   - GCS评分略有上升，意识状态可能好转。\n\n3. **系统协调性**：\n   - 循环和肾脏指标改善，但呼吸功能恶化，可能需进一步评估。\n\n4. **整体趋势**：\n   - 大多数指标显示改善或稳定，符合预期，但呼吸功能的恶化值得警惕。\n\n5. **时间序列和精确度**：\n   - 指标变化幅度合理，数值精度适中。\n\n结论：预测数据大部分合理，但在血小板下降速度和呼吸功能趋势方面可能存在疑点。整体置信度为0.65。",
    "error": null
  },
  "key_reasons": [
    "患者信息：58岁女性，体重较重，ICU住院编号31613211。她入院前的数据有生命体征、SOFA评分和其他实验室检查结果。生命体征包括心率、血压、体温等，都比较稳定。SOFA总分在0到2之间波动，SIRS评分也从0上升到3。",
    "预测的SOFA指标包括PaO2/FiO2比值、血小板计数、总胆红素、血管活性药物率、GCS评分、肌酐和尿量。我需要分析这些指标的变化趋势是否合理，以及它们之间是否有逻辑一致性。",
    "3. 总胆红素：从1.3升到1.65。轻度升高可能提示肝功能异常或溶血。这与SOFA中的肝功能评分有关。"
  ]
}