{
  "timestamp": "2025-12-25 12:32:01",
  "model_name": "deepseek-r1:32b",
  "prediction_model_name": "deepseek-r1:32b",
  "patient_id": "31613211",
  "input_description": "ICU住院编号 31613211，对应患者编号 18084435，58岁女性，体重122.6kg。监测持续时间为 0 小时（共 7 次测量，每4小时一次）：【生命体征】心率变化：[117.5, 117.5]（单位：次/分）收缩压变化：[73.0, 73.0]（单位：mmHg）舒张压变化：[64.17, 64.17]（单位：mmHg）体温变化：[97.45, 97.45]（单位：℃）呼吸频率变化：[26.75, 26.75]（单位：次/分）血氧饱和度变化：[95.0, 95.0]（单位：%）平均动脉压变化：[67.11, 67.11]（单位：mmHg）【SOFA评分相关特征】氧合指数变化：[112.98, 112.98, 112.98, 112.98, 112.98, 112.98, 112.98]（单位：mmHg）机械通气使用情况：[0, 0, 0, 0, 0, 0, 0]（单位：）血小板计数变化：[313.0, 472.0, 441.0, 441.0, 441.0, 441.0, 441.0]（单位：×10³/μL）总胆红素变化：[0.7, 0.7, 0.7, 0.7, 0.7, 0.7, 0.7]（单位：mg/dL）血管活性药物使用剂量：[0.0, 0.0, 0.0, 0.0, 0.0, 0.2, 0.2]（单位：μg/kg/min）格拉斯哥昏迷评分变化：[15, 15, 15, 15, 15, 15, 15]（单位：分）血清肌酐变化：[0.6, 1.2, 1.3, 1.3, 1.3, 1.3, 1.3]（单位：mg/dL）尿量变化：[0.0, 0.0, 0.0, 0.0, 250.0, 88.0, 88.0]（单位：mL）【疾病评分】SOFA总分变化：[1, 0, 0, 0, 1, 2, 2]（单位：分）SIRS评分变化：[0, 0, 0, 0, 0, 3, 3]（单位：分）",
  "intervention": "立即启动去甲肾上腺素输注，维持剂量为0.2μg·kg⁻¹·min⁻¹，剂量调整间隔4小时，密切监测血压和器官灌注，剂量呈递减趋势，提示血管反应性改善，评估8小时内发生感染性休克的风险",
  "evaluator_trust": {
    "a": 0.5999999999999996,
    "counterfactual_runs": 8,
    "dynamic_confidence": 0.5112448858113227,
    "total_confidence": 0.6765890200002597
  },
  "prediction_trust": {
    "a": 0.5999999999999996,
    "counterfactual_runs": 8,
    "dynamic_confidence": 0.5112448858113227,
    "total_confidence": 0.6765890200002597
  },
  "predicted_vital_signs": {
    "pao2_fio2_ratio": [
      350.0,
      360.0,
      370.0,
      380.0,
      390.0,
      400.0,
      410.0,
      420.0
    ],
    "platelet": [
      120.0,
      130.0,
      140.0,
      150.0,
      160.0,
      170.0,
      180.0,
      190.0
    ],
    "bilirubin_total": [
      2.0,
      1.9,
      1.8,
      1.7,
      1.6,
      1.5,
      1.4,
      1.3
    ],
    "vasopressor_rate": [
      0.2,
      0.15,
      0.1,
      0.05,
      0.0,
      0.0,
      0.0,
      0.0
    ],
    "gcs_total": [
      14.0,
      14.0,
      14.0,
      14.0,
      14.0,
      14.0,
      14.0,
      14.0
    ],
    "creatinine": [
      2.0,
      1.9,
      1.8,
      1.7,
      1.6,
      1.5,
      1.4,
      1.3
    ],
    "urine_output_ml": [
      1000.0,
      1200.0,
      1400.0,
      1600.0,
      1800.0,
      2000.0,
      2200.0,
      2400.0
    ],
    "mechanical_ventilation": [
      1.0,
      1.0,
      0.5,
      0.5,
      0.0,
      0.0,
      0.0,
      0.0
    ]
  },
  "confidence_score": 0.85,
  "evaluation": {
    "success": true,
    "model_output": "Thinking...\n好的，我现在需要根据用户提供的信息，评估预测的SOFA相关指标数据的合理性。首先，我得仔细阅读所有给定的信息，理解患者的情况以及干预措施的内容。\n\n患者是一位58岁的女性，体重122.6kg，在ICU住院编号31613211，患者编号18084435。监测持续时间为0小时，共7次测量，每4小时一次。生命体征方面，心率保持在117.5次/分，收缩压73mmHg，舒张压64.17mmHg，体温97.45℃，呼吸频率26.75次/分，血氧饱和度95%。平均动脉压是67.11mmHg。\n\nSOFA评分相关特征中，氧合指数一直为112.98mmHg，机械通气未使用，血小板计数波动在313到441之间，总胆红素稳定在0.7mg/dL。血管活性药物剂量开始是0，后来到了0.2μg/kg/min。格拉斯哥昏迷评分一直是15分，血清肌酐从0.6上升到1.3mg/dL，尿量最初为0，之后增加到88ml。\n\nSOFA总分变化是从1降到0再升到2，SIRS评分开始是0，后来升到3。计划实施的干预措施是启动去甲肾上腺素输注，剂量0.2μg/kg/min，每隔4小时调整，监测血压和器官灌注，剂量递减，评估8小时内感染性休克风险。\n\n预测的SOFA相关指标变化包括：氧合指数逐步上升到420mmHg，血小板从120增加到190×10³/μL，总胆红素从2降到1.3mg/dL，血管活性药物剂量递减到0，GCS保持在14分，肌酐下降到1.3mg/dL，尿量逐步增加到2400ml，机械通气从1降到0。\n\n现在，我需要分析这些预测数据的合理性。首先看各项指标是否在医学范围内：\n\n1. 氧合指数：正常范围通常在300以上，预测值从350到420是合理的。\n2. 血小板计数：正常为150-450×10³/μL，预测的120-190是在合理范围内。\n3. 总胆红素：正常不超过1.2mg/dL，预测从2降到1.3可能需要关注，但如果是治疗后的变化，可能合理。\n4. 血管活性药物剂量递减是合理的，显示病情改善。\n5. GCS保持在14分，接近满分，合理。\n6. 肌酐下降到正常范围，合理。\n7. 尿量增加是积极的迹象，但突然从0升到2400可能有点快。\n8. 机械通气从使用到停止也是合理的。\n\n接下来，检查干预措施与指标变化是否一致。去甲肾上腺素用于提升血压和器官灌注，预测中尿量增加，肌酐下降，说明肾脏功能改善，符合预期。氧合指数上升显示呼吸功能改善，血小板稳定，胆红素下降可能表明肝脏功能好转。\n\n各系统的协调性如何？循环方面，血管活性药物剂量减少，尿量增加，肌酐下降，说明循环和肾脏状况改善。呼吸方面，氧合指数上升，机械通气减少，符合治疗效果。\n\n整体趋势是否符合临床预期？预测显示各项指标逐步改善，但尿量增长可能过快，从0到2400ml在8小时内，这可能不常见，特别是如果患者之前没有利尿剂使用的话。此外，血小板和肌酐的下降速度是否合理，尤其是肌酐从1.3降到1.3，这似乎没变化，但预测显示有波动。\n\n数据单位统一性：所有指标单位正确，没有问题。\n\n时间序列的合理性：各项指标的变化幅度在相邻时间点上是否太大？例如尿量从0直接到1000ml可能有些突兀。其他指标如氧合指数和肌酐的变化较为平缓，这符合临床实际。\n\n数值精确度：体温小数后一位，血压整数，血氧饱和度整数，这些都是合理的。肌酐和胆红素的小数点处理也合适。\n\n综合以上分析，预测结果大部分合理，但尿量增长过快可能有问题。血管活性药物剂量递减合理，其他指标变化趋势符合预期。\n...done thinking.\n\n置信度评分：0.85\n\n1. **各项SOFA相关指标数值合理性**：\n   - 氧合指数（PaO2/FiO2）逐步上升至420mmHg，处于正常范围，合理。\n   - 血小板计数从120到190×10³/μL，符合治疗后的预期变化。\n   - 总胆红素从2.0mg/dL降至1.3mg/dL，在可接受范围内。\n   - 血管活性药物剂量递减合理，显示病情改善。\n   - GCS保持在14分，接近满分，合理。\n   - 肌酐下降至正常范围，合理。\n   - 尿量增长较快，从0升至2400ml可能过快。\n\n2. **干预措施与指标变化一致性**：\n   - 去甲肾上腺素的使用导致血压和器官灌注改善，尿量增加、肌酐下降符合预期。\n   - 氧合指数上升显示呼吸功能改善，机械通气减少合理。\n\n3. **各系统协调性**：\n   - 循环和肾脏状况通过尿量和肌酐指标改善一致。\n   - 呼吸功能的改善与氧合指数和机械通气使用情况一致。\n\n4. **整体趋势合理性**：\n   - 大部分指标逐步改善，符合临床预期。但尿量增长速度可能过高，需关注。\n\n5. **数据单位和时间序列**：\n   - 所有单位正确无误。\n   - 除尿量外，其他指标变化幅度合理，时间序列平滑。\n\n6. **数值精确度**：\n   - 各指标的精度处理符合临床标准，如体温、血压等。\n\n综上所述，预测结果大部分合理，但尿量增长速度过快可能需要调整。整体置信度为0.85，显示较高可信度。",
    "error": null
  },
  "key_reasons": [
    "好的，我现在需要根据用户提供的信息，评估预测的SOFA相关指标数据的合理性。首先，我得仔细阅读所有给定的信息，理解患者的情况以及干预措施的内容。",
    "SOFA评分相关特征中，氧合指数一直为112.98mmHg，机械通气未使用，血小板计数波动在313到441之间，总胆红素稳定在0.7mg/dL。血管活性药物剂量开始是0，后来到了0.2μg/kg/min。格拉斯哥昏迷评分一直是15分，血清肌酐从0.6上升到1.3mg/dL，尿量最初为0，之后增加到88ml。",
    "SOFA总分变化是从1降到0再升到2，SIRS评分开始是0，后来升到3。计划实施的干预措施是启动去甲肾上腺素输注，剂量0.2μg/kg/min，每隔4小时调整，监测血压和器官灌注，剂量递减，评估8小时内感染性休克风险。"
  ]
}