{
  "timestamp": "2025-12-25 11:29:55",
  "model_name": "deepseek-r1:32b",
  "prediction_model_name": "deepseek-r1:32b",
  "patient_id": "30315020",
  "input_description": "ICU住院编号 30315020，对应患者编号 11992186，56岁男性，体重87.05kg。监测持续时间为 0 小时（共 7 次测量，每4小时一次）：【生命体征】心率变化：[128.0, 128.0]（单位：次/分）收缩压变化：[78.14, 78.14]（单位：mmHg）舒张压变化：[64.86, 64.86]（单位：mmHg）体温变化：[98.3, 98.3]（单位：℃）呼吸频率变化：[21.71, 21.71]（单位：次/分）血氧饱和度变化：[98.57, 98.57]（单位：%）平均动脉压变化：[69.29, 69.29]（单位：mmHg）【SOFA评分相关特征】氧合指数变化：[219.23, 219.23, 219.23, 219.23, 219.23, 219.23, 219.23]（单位：mmHg）机械通气使用情况：[0, 0, 0, 0, 0, 0, 0]（单位：）血小板计数变化：[92.67, 119.67, 105.0, 105.0, 105.0, 105.0, 105.0]（单位：×10³/μL）总胆红素变化：[1.5, 1.9, 1.9, 1.9, 1.9, 1.9, 1.9]（单位：mg/dL）血管活性药物使用剂量：[0.0, 0.0, 0.0, 0.0, 0.0, 5.0, 5.0]（单位：μg/kg/min）格拉斯哥昏迷评分变化：[15, 15, 15, 15, 15, 10, 10]（单位：分）血清肌酐变化：[0.8, 0.8, 0.8, 0.8, 0.8, 0.8, 0.8]（单位：mg/dL）尿量变化：[0.0, 0.0, 0.0, 0.0, 0.0, 825.0, 825.0]（单位：mL）【疾病评分】SOFA总分变化：[0, 0, 0, 4, 1, 7, 7]（单位：分）SIRS评分变化：[0, 0, 0, 0, 1, 4, 4]（单位：分）",
  "intervention": "立即启动去甲肾上腺素输注，维持剂量为5.0μg·kg⁻¹·min⁻¹，剂量调整间隔4小时，密切监测血压和器官灌注，剂量呈递减趋势，提示血管反应性改善，评估8小时内发生感染性休克的风险",
  "evaluator_trust": {
    "a": 0.95,
    "counterfactual_runs": 1,
    "dynamic_confidence": 0.684951554634758,
    "total_confidence": 0.7817250983849782
  },
  "prediction_trust": {
    "a": 0.95,
    "counterfactual_runs": 1,
    "dynamic_confidence": 0.684951554634758,
    "total_confidence": 0.7817250983849782
  },
  "predicted_vital_signs": {
    "pao2_fio2_ratio": [
      280.0,
      290.0,
      300.0,
      310.0,
      320.0,
      330.0,
      340.0,
      350.0
    ],
    "platelet": [
      140.0,
      145.0,
      150.0,
      155.0,
      160.0,
      165.0,
      170.0,
      175.0
    ],
    "bilirubin_total": [
      2.0,
      1.9,
      1.8,
      1.7,
      1.6,
      1.5,
      1.4,
      1.3
    ],
    "vasopressor_rate": [
      5.0,
      4.5,
      4.0,
      3.5,
      3.0,
      2.5,
      2.0,
      1.5
    ],
    "gcs_total": [
      13.0,
      14.0,
      14.0,
      15.0,
      15.0,
      15.0,
      15.0,
      15.0
    ],
    "creatinine": [
      2.0,
      1.9,
      1.8,
      1.7,
      1.6,
      1.5,
      1.4,
      1.3
    ],
    "urine_output_ml": [
      1000.0,
      1100.0,
      1200.0,
      1300.0,
      1400.0,
      1500.0,
      1600.0,
      1700.0
    ],
    "mechanical_ventilation": [
      1.0,
      1.0,
      1.0,
      1.0,
      1.0,
      1.0,
      1.0,
      1.0
    ]
  },
  "confidence_score": 0.85,
  "evaluation": {
    "success": true,
    "model_output": "Thinking...\n好，我来仔细看看这个预测结果是否合理。首先，患者的基本情况是56岁男性，体重87.05kg，ICU住院编号30315020。监测数据持续了0小时，共7次测量，每4小时一次。\n\n先看一下入院前的数据：\n- 生命体征方面，心率稳定在128次/分，收缩压78mmHg，舒张压65mmHg，体温98.3℃，呼吸频率21.71次/分，血氧饱和度98.57%。平均动脉压69mmHg。\n- SOFA评分相关特征：氧合指数稳定在219mmHg，机械通气未使用，血小板计数波动较大，从92.67到105×10³/μL，总胆红素从1.5上升到1.9mg/dL。血管活性药物剂量开始为0，后来增加到5μg/kg/min。格拉斯哥评分最后两次降到了10分，血清肌酐稳定在0.8mg/dL，尿量前五次都是0，后两次突然增加到825ml。\n- SOFA总分从0逐渐上升到7分，SIRS评分也从0升到4分。\n\n接下来是干预措施：启动去甲肾上腺素输注，剂量为5μg/kg/min，每4小时调整，观察血压和器官灌注情况，计划8小时内评估感染性休克风险。这可能意味着治疗目标是改善循环状态，提升血压和尿量等指标。\n\n预测的SOFA相关指标变化：\n1. pao2_fio2_ratio逐步增加到350mmHg：这个看起来合理，因为干预措施可能提升了氧合情况。\n2. 血小板计数从140逐渐上升到175×10³/μL：这可能表示凝血功能有所改善。\n3. 总胆红素逐步下降到1.3mg/dL：这可能显示肝功能在好转，但下降速度较快是否合理？\n4. 血管活性药物剂量递减到1.5μg/kg/min：符合干预措施的预期，血管反应性改善，所以减少用药。\n5. 格拉斯哥评分从13升至15：意识状态恢复，可能与病情好转有关。\n6. 肌酐逐步下降到1.3mg/dL：肾功能改善，但初始值为0.8，现在上升是否合理？\n7. 尿量增加到1700ml：这表明肾脏排泄功能显著提升，但是否合理？尤其是从0突然升至高尿量。\n8. 机械通气持续使用：可能患者仍需呼吸支持。\n\n接下来详细分析各指标：\n- 氧合指数（pao2_fio2_ratio）逐步上升是好的迹象，符合干预后的预期。但要注意单位是否正确，这里用的是mmHg，应该是正确的。\n- 血小板增加到175：在正常范围内（通常140以上为正常），可能显示凝血功能改善，合理。\n- 胆红素从2.0降到1.3：这可能显示肝功能好转，但初始值是1.5，现在有所波动是否符合临床情况？需要考虑是否有其他因素影响胆红素水平。\n- 血管活性药物剂量递减到1.5：与预期一致，说明循环改善，合理。\n- 格拉斯哥评分从13升至15：表明意识恢复，可能是因为整体病情好转，特别是如果脑功能得到改善，这符合逻辑。\n- 肌酐从2降到1.3：但初始肌酐是0.8，现在预测中它开始于2，然后下降。这似乎不太合理，因为患者入院时肌酐正常（0.8），预测中却开始升高到2，这可能显示肾功能恶化，与干预措施预期的改善相矛盾。\n- 尿量从1000升至1700：这是一个显著增加，尤其是在初始尿量为0的情况下。快速大量排尿是否合理？需要考虑补液情况、利尿剂使用等。否则，高尿量可能提示肾功能恢复过快或有其他问题。\n- 机械通气持续使用：合理，因为氧合指数虽然提高，但可能仍需支持。\n\n整体趋势：\n干预措施预期是改善循环状态，提升血压和器官灌注。预测中循环相关指标（血管活性药物剂量减少）符合预期，肾功能方面尿量增加也是好的迹象。然而，肌酐的突然升高再到下降可能不合理，特别是初始值正常的情况下。此外，胆红素的波动是否合理？是否有其他因素影响肝功能？\n\n还需要检查时间序列数据的变化幅度：\n- 尿量从0到1000ml在4小时内，然后继续增加，这变化较大，可能不太符合临床实际，除非有大量补液或利尿剂使用。\n- 肌酐从2降到1.3：初始值为0.8，预测开始于2，这可能是错误的基线数据，还是实际情况中的问题？\n\n总结：\n大多数指标的变化趋势合理，特别是氧合、血小板、血管活性药物剂量和格拉斯哥评分。然而，肌酐的预测开始高于入院值且随后下降可能不合理；尿量的快速增加也需要考虑是否合理。整体来说，大部分指标符合预期，但部分数据可能存在不一致或需要更多背景信息来确认。\n\n置信度评分：0.85\n...done thinking.\n\n置信度评分：0.85\n\n分析结果：\n1. **氧合指数（pao2_fio2_ratio）**：逐步上升至350mmHg，合理，符合干预措施预期，改善氧合情况。\n2. **血小板计数**：从140升至175×10³/μL，正常范围内，显示凝血功能好转，合理。\n3. **总胆红素**：波动在2.0到1.3mg/dL，可能反映肝功能改善，但需确认是否受其他因素影响。\n4. **血管活性药物剂量**：递减至1.5μg/kg/min，符合循环改善预期，合理。\n5. **格拉斯哥评分**：从13升至15分，意识恢复，合理。\n6. **肌酐变化**：预测开始于2mg/dL，随后下降，但入院时为0.8，可能基线数据错误或需确认。\n7. **尿量**：快速增加到1700ml，合理性取决于补液和利尿情况，否则可能过高。\n8. **机械通气使用**：持续合理，支持呼吸。\n\n整体趋势符合预期，但肌酐和尿量部分指标需进一步验证。",
    "error": null
  },
  "key_reasons": [
    "- SOFA评分相关特征：氧合指数稳定在219mmHg，机械通气未使用，血小板计数波动较大，从92.67到105×10³/μL，总胆红素从1.5上升到1.9mg/dL。血管活性药物剂量开始为0，后来增加到5μg/kg/min。格拉斯哥评分最后两次降到了10分，血清肌酐稳定在0.8mg/dL，尿量前五次都是0，后两次突然增加到825ml。",
    "- SOFA总分从0逐渐上升到7分，SIRS评分也从0升到4分。",
    "1. pao2_fio2_ratio逐步增加到350mmHg：这个看起来合理，因为干预措施可能提升了氧合情况。"
  ]
}