{
  "timestamp": "2025-12-25 13:35:44",
  "model_name": "deepseek-r1:32b",
  "prediction_model_name": "deepseek-r1:32b",
  "patient_id": "32154852",
  "input_description": "ICU住院编号 32154852，对应患者编号 12653149，47岁男性，体重64.55kg。监测持续时间为 0 小时（共 7 次测量，每4小时一次）：【生命体征】心率变化：[107.0, 107.0]（单位：次/分）收缩压变化：[100.33, 100.33]（单位：mmHg）舒张压变化：[80.33, 80.33]（单位：mmHg）体温变化：[99.2, 99.2]（单位：℃）呼吸频率变化：[24.33, 24.33]（单位：次/分）血氧饱和度变化：[100.0, 100.0]（单位：%）平均动脉压变化：[87.0, 87.0]（单位：mmHg）【SOFA评分相关特征】氧合指数变化：[353.0, 353.0, 353.0, 353.0, 353.0, 353.0, 353.0]（单位：mmHg）机械通气使用情况：[0, 0, 0, 0, 0, 0, 0]（单位：）血小板计数变化：[226.0, 197.5, 90.33, 46.25, 46.25, 46.25, 46.25]（单位：×10³/μL）总胆红素变化：[22.2, 3.3, 3.3, 3.3, 3.3, 3.3, 3.3]（单位：mg/dL）血管活性药物使用剂量：[0.0, 0.0, 0.0, 0.0, 0.0, 0.0, 0.0]（单位：μg/kg/min）格拉斯哥昏迷评分变化：[15, 15, 15, 15, 15, 15, 15]（单位：分）血清肌酐变化：[1.0, 1.2, 1.2, 1.2, 1.2, 1.2, 1.2]（单位：mg/dL）尿量变化：[0.0, 0.0, 0.0, 0.0, 0.0, 150.0, 150.0]（单位：mL）【疾病评分】SOFA总分变化：[0, 5, 0, 0, 2, 7, 7]（单位：分）SIRS评分变化：[0, 0, 0, 1, 1, 3, 3]（单位：分）",
  "intervention": "无血管活性药物干预措施，建议密切监测血压和器官灌注，评估8小时内发生感染性休克的风险",
  "evaluator_trust": {
    "a": 0.34999999999999964,
    "counterfactual_runs": 13,
    "dynamic_confidence": 0.5600101594100357,
    "total_confidence": 0.6393930585940327
  },
  "prediction_trust": {
    "a": 0.34999999999999964,
    "counterfactual_runs": 13,
    "dynamic_confidence": 0.5600101594100357,
    "total_confidence": 0.6393930585940327
  },
  "predicted_vital_signs": {
    "pao2_fio2_ratio": [
      300.0,
      290.0,
      280.0,
      270.0,
      260.0,
      250.0,
      240.0,
      230.0
    ],
    "platelet": [
      150.0,
      140.0,
      130.0,
      120.0,
      110.0,
      100.0,
      90.0,
      80.0
    ],
    "bilirubin_total": [
      1.2,
      1.3,
      1.4,
      1.5,
      1.6,
      1.7,
      1.8,
      1.9
    ],
    "vasopressor_rate": [
      0.0,
      0.0,
      0.0,
      0.0,
      0.0,
      0.0,
      0.0,
      0.0
    ],
    "gcs_total": [
      15.0,
      14.0,
      13.0,
      12.0,
      11.0,
      10.0,
      9.0,
      8.0
    ],
    "creatinine": [
      1.0,
      1.1,
      1.2,
      1.3,
      1.4,
      1.5,
      1.6,
      1.7
    ],
    "urine_output_ml": [
      2000.0,
      1800.0,
      1600.0,
      1400.0,
      1200.0,
      1000.0,
      800.0,
      600.0
    ],
    "mechanical_ventilation": [
      0.0,
      0.0,
      0.0,
      0.0,
      0.0,
      1.0,
      1.0,
      1.0
    ]
  },
  "confidence_score": 0.2,
  "evaluation": {
    "success": true,
    "model_output": "Thinking...\n好，我需要评估预测的SOFA相关指标数据是否合理。首先看各项指标是否在医学范围内。\n\nPaO2/FiO2比值的预测从300降到230，这似乎在正常范围外，因为正常的这个比值通常高于300，尤其是在没有机械通气的情况下。可能不合理。\n\n血小板计数从150下降到80，这个趋势看起来合理，符合可能的血小板减少情况。\n\n总胆红素逐步上升，这可能与肝功能有关，但需要结合其他指标来看是否协调。\n\n血管活性药物使用量为0，说明没有用药干预，这与患者的情况一致。\n\nGCS评分从15降到8，这意味着意识状态恶化，如果没有任何干预措施，这种下降速度似乎过快，不太合理。\n\n血清肌酐逐渐上升，可能反映肾功能恶化，但需要结合其他因素来看是否合理。\n\n尿量突然增加到2000ml以上，这在短时间内变化较大，可能不合理，除非有明确的液体治疗或其他干预。\n\n机械通气使用情况从无变为有，这符合病情恶化的预期，但如果患者之前没有使用过，突然开始使用可能需要其他指标支持。\n\n接下来分析干预措施与指标变化是否一致。计划中没有血管活性药物，建议监测和评估休克风险。然而，预测显示GCS下降、PaO2/FiO2下降，这可能意味着病情恶化，但没有相应的治疗干预来支持这些变化，逻辑上不完全吻合。\n\n各系统指标的协调性方面，呼吸功能（PaO2/FiO2）和肾功能（肌酐）都在恶化，而循环功能稳定（血管活性药物为0）。这种情况下，其他系统的恶化是否相互关联，需要进一步分析。例如，呼吸恶化可能导致低氧血症，进而影响肾脏和其他器官。\n\n整体趋势上，大部分指标显示恶化或不稳定变化，这可能与患者的初始状态和干预措施不匹配。患者入院前监测数据显示生命体征相对稳定，SOFA评分也有波动，但预测显示急剧恶化，这种转变缺乏足够的支持。\n\n时间序列的合理性方面，某些指标如PaO2/FiO2在短时间内大幅下降，尿量突然增加，这些变化可能不符合临床实际中的渐进过程。特别是PaO2/FiO2下降到230，在非机械通气情况下显得异常低。\n\n数值精确度方面，各项指标的单位和精度符合医学标准，没有明显错误。\n\n综合来看，预测的数据存在不合理之处，尤其是呼吸功能和意识状态的变化过于剧烈，且缺乏相应的干预措施支持。因此，我对这些预测结果的信心较低。\n...done thinking.\n\n置信度评分：0.2  \n分析：预测数据在某些方面不符合临床实际，指标变化趋势与预期干预措施不完全一致，部分数值超出合理范围或变化幅度过大。\n\n1. **PaO2/FiO2比值**从353降至230，但患者未使用机械通气，正常情况下此比值应维持在较高水平，特别是在无机械辅助的情况下。预测显示下降趋势，可能不符合实际情况。\n   \n2. **血小板计数**逐步下降至80×10³/μL，这符合可能的血小板减少趋势，但需要结合其他指标如出血倾向来评估。\n\n3. **总胆红素**逐渐上升，从3.3mg/dL到1.9mg/dL，这似乎有误，因为数值在入院前已经较高（22.2mg/dL），预测显示下降，可能与实际情况不符。\n\n4. **血管活性药物使用量**保持为0，符合计划中无干预措施的情况，但其他指标的变化是否合理需进一步分析。\n\n5. **格拉斯哥昏迷评分（GCS）**从15降至8，在短时间内迅速恶化，缺乏明确的诱因或支持因素，可能不合理。\n\n6. **血清肌酐**逐步上升，从1.0mg/dL到1.7mg/dL，这可能反映肾功能恶化，但需要结合尿量和其他指标来看是否合理。\n\n7. **尿量**突然增加到2000ml以上，随后逐渐减少，这种波动在短时间内变化较大，可能不符合临床实际。\n\n8. **机械通气使用情况**从无变为有，符合病情恶化的预期，但在预测中出现较晚（第6小时），是否合理需结合其他指标来看。\n\n**干预措施与指标变化的一致性**：计划中建议监测和评估感染性休克风险，但没有实施血管活性药物或其他积极治疗。然而，预测数据显示多项指标恶化，包括呼吸功能、肾功能和意识状态，这可能意味着病情在未干预的情况下迅速恶化。虽然这种情况在某些情况下可能发生，但在缺乏明确诱因的情况下，这种变化趋势可能不够合理。\n\n**各系统指标的协调性**：呼吸功能（PaO2/FiO2下降）、循环功能（稳定）和肾功能（肌酐上升）的变化需要协调一致。例如，如果循环功能恶化，可能会导致肾脏灌注不足，进而影响血清肌酐水平。然而，血管活性药物使用量为0，说明循环状态相对稳定，这与肾功能的恶化可能不完全吻合。\n\n**整体趋势**：大多数预测指标显示恶化的趋势，这可能表明病情在8小时内迅速恶化。然而，患者入院前的监测数据显示生命体征相对稳定（如心率、血压、体温等），且SOFA评分有波动但无明显恶化。因此，预测中的急剧变化可能与初始状态不完全一致。\n\n**时间序列合理性**：某些指标的变化幅度在短时间内较大，例如PaO2/FiO2比值从353降至230，尿量从0增至2000ml，这些变化可能不符合临床实际的渐进过程。特别是PaO2/FiO2比值的下降趋势，在没有机械通气的情况下显得异常。\n\n**数值精确度**：所有指标的单位和精度符合医学标准，例如PaO2/FiO2以mmHg为单位，血小板计数以×10³/μL为单位，尿量以mL为单位等。\n\n综上所述，预测的数据在某些方面存在不合理之处，尤其是呼吸功能、意识状态和尿量的变化可能不符合临床实际或缺乏足够的支持。因此，对这些预测结果的信心较低，置信度评分为0.2。",
    "error": null
  },
  "key_reasons": [
    "PaO2/FiO2比值的预测从300降到230，这似乎在正常范围外，因为正常的这个比值通常高于300，尤其是在没有机械通气的情况下。可能不合理。",
    "GCS评分从15降到8，这意味着意识状态恶化，如果没有任何干预措施，这种下降速度似乎过快，不太合理。",
    "整体趋势上，大部分指标显示恶化或不稳定变化，这可能与患者的初始状态和干预措施不匹配。患者入院前监测数据显示生命体征相对稳定，SOFA评分也有波动，但预测显示急剧恶化，这种转变缺乏足够的支持。"
  ]
}