{
  "timestamp": "2025-12-25 11:38:01",
  "model_name": "deepseek-r1:32b",
  "prediction_model_name": "qwen3:30b",
  "patient_id": "30717105",
  "input_description": "ICU住院编号 30717105，对应患者编号 17744715，34岁男性，体重100.0kg。监测持续时间为 0 小时（共 7 次测量，每4小时一次）：【生命体征】心率变化：[131.0, 88.1, 97.29, 109.43, 123.6, 112.25, 112.25]（单位：次/分）收缩压变化：[63.0, 79.0, 81.0, 65.5, 67.0, 67.0, 67.0]（单位：mmHg）舒张压变化：[20.0, 52.0, 68.25, 70.5, 50.0, 53.2, 53.2]（单位：mmHg）体温变化：[65.12, 36.28, 37.37, 37.31, 37.66, 37.66, 37.66]（单位：℃）呼吸频率变化：[30.67, 26.71, 27.25, 23.86, 21.47, 23.25, 23.25]（单位：次/分）血氧饱和度变化：[71.33, 99.86, 100.0, 97.86, 99.93, 98.75, 98.75]（单位：%）平均动脉压变化：[55.67, 71.83, 74.0, 55.17, 57.8, 57.8, 57.8]（单位：mmHg）【SOFA评分相关特征】氧合指数变化：[39.49, 215.75, 155.44, 95.55, 120.08, 96.54, 96.54]（单位：mmHg）机械通气使用情况：[0, 0, 0, 0, 0, 0, 0]（单位：）血小板计数变化：[128.0, 92.5, 107.0, 112.0, 84.5, 70.0, 70.0]（单位：×10³/μL）总胆红素变化：[3.3, 3.1, 3.3, 3.1, 3.4, 3.4, 3.4]（单位：mg/dL）血管活性药物使用剂量：[0.4, 0.9, 0.07, 0.07, 0.18, 0.16, 0.16]（单位：μg/kg/min）格拉斯哥昏迷评分变化：[15, 3, 3, 3, 11, 8, 8]（单位：分）血清肌酐变化：[1.5, 1.8, 1.6, 1.7, 1.75, 1.6, 1.6]（单位：mg/dL）尿量变化：[0.0, 225.0, 470.0, 25.0, 510.0, 600.0, 600.0]（单位：mL）【疾病评分】SOFA总分变化：[8, 10, 10, 10, 8, 9, 9]（单位：分）SIRS评分变化：[3, 3, 3, 3, 3, 3, 3]（单位：分）",
  "intervention": "立即启动去甲肾上腺素输注，初始剂量为0.1μg·kg⁻¹·min⁻¹，根据血压反应调整至最大0.34μg·kg⁻¹·min⁻¹，剂量调整间隔4小时，密切监测血压和器官灌注，剂量呈递增趋势，提示血管反应性下降，评估8小时内发生感染性休克的风险",
  "evaluator_trust": {
    "a": 0.8999999999999999,
    "counterfactual_runs": 2,
    "dynamic_confidence": 0.5574558879936633,
    "total_confidence": 0.7638821873129624
  },
  "prediction_trust": {
    "a": 0.8999999999999999,
    "counterfactual_runs": 2,
    "dynamic_confidence": 1.0,
    "total_confidence": 0.8161736321724256
  },
  "predicted_vital_signs": {
    "pao2_fio2_ratio": [
      39.49,
      38.5,
      37.6,
      36.7,
      35.8,
      34.9,
      34.0,
      33.1
    ],
    "platelet": [
      120.0,
      115.0,
      110.0,
      105.0,
      100.0,
      95.0,
      90.0,
      85.0
    ],
    "bilirubin_total": [
      1.8,
      1.9,
      2.0,
      2.1,
      2.2,
      2.3,
      2.4,
      2.5
    ],
    "vasopressor_rate": [
      0.4,
      0.45,
      0.5,
      0.55,
      0.6,
      0.65,
      0.7,
      0.75
    ],
    "gcs_total": [
      12.0,
      11.5,
      11.0,
      10.5,
      10.0,
      9.5,
      9.0,
      8.5
    ],
    "creatinine": [
      1.8,
      1.9,
      2.0,
      2.1,
      2.2,
      2.3,
      2.4,
      2.5
    ],
    "urine_output_ml": [
      800.0,
      750.0,
      700.0,
      650.0,
      600.0,
      550.0,
      500.0,
      450.0
    ],
    "mechanical_ventilation": [
      1.0,
      1.0,
      1.0,
      1.0,
      1.0,
      1.0,
      1.0,
      1.0
    ]
  },
  "confidence_score": 0.25,
  "evaluation": {
    "success": true,
    "model_output": "Thinking...\n嗯，我现在需要评估预测的SOFA相关指标数据的合理性。首先，我得理解患者的基本情况和给出的数据。\n\n患者是34岁男性，体重100kg，入院前监测持续时间是0小时，共7次测量，每4小时一次。生命体征包括心率、收缩压、舒张压、体温、呼吸频率、血氧饱和度和平均动脉压的变化。SOFA评分相关特征包括氧合指数、机械通气使用情况、血小板计数、总胆红素、血管活性药物剂量、格拉斯哥昏迷评分、血清肌酐和尿量变化。疾病评分方面，SOFA总分在8到10之间波动，SIRS评分为3。\n\n计划的干预措施是启动去甲肾上腺素输注，初始剂量为0.1μg·kg⁻¹·min⁻¹，逐步调整至最大0.34μg·kg⁻¹·min⁻¹，每4小时调整一次。目标是监测血压和器官灌注，评估感染性休克风险。\n\n预测的干预后指标包括氧合指数、血小板、总胆红素、血管活性药物剂量、格拉斯哥评分、肌酐、尿量和机械通气使用情况的变化。\n\n接下来，我需要逐一分析这些数据是否合理：\n\n1. **各项SOFA相关指标数值是否在合理的医学范围内**：\n   - 氧合指数：正常范围通常≥300 mmHg。预测值从39.49到33.1，远低于正常，提示严重低氧血症。\n   - 血小板计数：正常为150-450 ×10³/μL。预测值从120下降到85，处于较低水平，可能提示DIC或骨髓抑制。\n   - 总胆红素：正常<1.2 mg/dL。预测值从1.8升至2.5，说明肝功能异常。\n   - 血管活性药物剂量：逐步增加是合理的，用于维持血压。\n   - 格拉斯哥评分：从12下降到8.5，显示神经状态恶化。\n   - 肌酐：正常男性约0.6-1.2 mg/dL。预测值从1.8升至2.5，肾功能恶化。\n   - 尿量：减少到450 mL/8小时，可能提示急性肾损伤。\n   - 机械通气开始使用，符合低氧血症的处理。\n\n2. **干预措施的预期效果与指标变化趋势是否一致**：\n   - 去甲肾上腺素用于提升血压，但预测中血管活性药物剂量增加而平均动脉压没有明显上升，反而下降（从57.8到可能更低），这不太合理。\n   - 预测中的氧合指数持续下降，提示呼吸功能恶化，可能与休克有关。\n\n3. **各系统指标的协调性**：\n   - 呼吸功能：氧合指数下降，机械通气使用，符合低氧血症。\n   - 循环功能：血管活性药物增加但血压未见改善，反而下降，显示循环状态恶化。\n   - 肾功能：肌酐上升，尿量减少，提示肾脏受损。\n\n4. **整体趋势是否符合临床预期**：\n   - 干预措施应改善循环，但预测中血压没有改善，反而恶化，这可能不合理。通常，血管活性药物增加会导致血压升高，而这里似乎效果不佳，可能是因为休克难以纠正或存在其他并发症。\n\n5. **数据单位和精确度**：\n   - 所有指标单位正确，如血压为mmHg，心率bpm等。\n   - 精确度方面，体温到小数点后两位，而预测中的氧合指数只有一位小数，可能不够准确，但尚可接受。\n\n6. **时间序列的合理性**：\n   - 相邻时间点的变化幅度：如血小板每4小时降5，肌酐每4小时升0.1-0.2。这些变化速度在短期内是否合理？肌酐快速上升可能提示急性肾损伤，但需要结合其他因素。\n\n7. **整体置信度**：\n   - 预测显示各系统恶化，特别是循环和呼吸，但血管活性药物增加未改善血压，这可能不合理。因此，置信度较低。\n...done thinking.\n\n置信度评分：0.25\n\n分析理由：\n\n1. **各项指标的合理性**：\n   - 氧合指数显著低于正常范围，提示严重低氧血症，合理。\n   - 血小板计数下降，肌酐上升，尿量减少，显示器官功能恶化，合理。\n\n2. **干预措施与指标变化趋势的一致性**：\n   - 使用去甲肾上腺素应提升血压，但预测中血管活性药物剂量增加而血压未见改善，反而可能下降，这不合理。\n\n3. **各系统指标的协调性**：\n   - 呼吸功能恶化（氧合指数下降）、循环状态恶化（血压未改善）和肾功能恶化（肌酐上升、尿量减少），各系统间存在一致性，但循环反应不佳不符合预期。\n\n4. **整体趋势合理性**：\n   - 虽然预测显示多器官恶化，但血管活性药物效果不明显，可能不合理，因为通常剂量增加会带来血压改善。\n\n5. **数据单位和精确度**：\n   - 单位正确，部分指标如氧合指数的小数位数合理。\n\n6. **时间序列的合理性**：\n   - 指标变化幅度在短期内看似合理，但循环系统的反应与预期不符。\n\n综上所述，预测结果显示了多器官功能恶化，但循环状态对干预措施的反应不合理，导致整体置信度较低。",
    "error": null
  },
  "key_reasons": [
    "嗯，我现在需要评估预测的SOFA相关指标数据的合理性。首先，我得理解患者的基本情况和给出的数据。",
    "患者是34岁男性，体重100kg，入院前监测持续时间是0小时，共7次测量，每4小时一次。生命体征包括心率、收缩压、舒张压、体温、呼吸频率、血氧饱和度和平均动脉压的变化。SOFA评分相关特征包括氧合指数、机械通气使用情况、血小板计数、总胆红素、血管活性药物剂量、格拉斯哥昏迷评分、血清肌酐和尿量变化。疾病评分方面，SOFA总分在8到10之间波动，SIRS评分为3。",
    "预测的干预后指标包括氧合指数、血小板、总胆红素、血管活性药物剂量、格拉斯哥评分、肌酐、尿量和机械通气使用情况的变化。"
  ]
}