{
  "timestamp": "2025-12-25 12:27:35",
  "model_name": "deepseek-r1:32b",
  "prediction_model_name": "qwen3:30b",
  "patient_id": "31149608",
  "input_description": "ICU住院编号 31149608，对应患者编号 16155910，63岁男性，体重69.0kg。监测持续时间为 0 小时（共 7 次测量，每4小时一次）：【生命体征】心率变化：[120.75, 120.75]（单位：次/分）收缩压变化：[73.0, 73.0]（单位：mmHg）舒张压变化：[65.0, 65.0]（单位：mmHg）体温变化：[98.0, 98.0]（单位：℃）呼吸频率变化：[15.25, 15.25]（单位：次/分）血氧饱和度变化：[93.75, 93.75]（单位：%）平均动脉压变化：[67.67, 67.67]（单位：mmHg）【SOFA评分相关特征】氧合指数变化：[66.02, 66.02, 66.02, 66.02, 66.02, 66.02, 66.02]（单位：mmHg）机械通气使用情况：[0, 0, 0, 0, 0, 0, 0]（单位：）血小板计数变化：[13.0, 22.0, 22.0, 22.0, 22.0, 22.0, 22.0]（单位：×10³/μL）总胆红素变化：[4.3, 4.3, 4.3, 4.3, 4.3, 4.3, 4.3]（单位：mg/dL）血管活性药物使用剂量：[0.0, 0.0, 0.0, 0.0, 0.0, 8.01, 8.01]（单位：μg/kg/min）格拉斯哥昏迷评分变化：[15, 15, 15, 15, 15, 13, 13]（单位：分）血清肌酐变化：[0.9, 0.8, 0.9, 0.9, 0.9, 0.9, 0.9]（单位：mg/dL）尿量变化：[0.0, 0.0, 0.0, 0.0, 0.0, 350.0, 350.0]（单位：mL）【疾病评分】SOFA总分变化：[1, 0, 0, 5, 0, 8, 8]（单位：分）SIRS评分变化：[1, 0, 0, 0, 0, 3, 3]（单位：分）",
  "intervention": "立即启动去甲肾上腺素输注，维持剂量为15.0μg·kg⁻¹·min⁻¹，剂量调整间隔1小时，密切监测血压和器官灌注，剂量呈递减趋势，提示血管反应性改善，评估8小时内发生感染性休克的风险",
  "evaluator_trust": {
    "a": 0.6499999999999997,
    "counterfactual_runs": 7,
    "dynamic_confidence": 0.51964181767728,
    "total_confidence": 0.6933066240024228
  },
  "prediction_trust": {
    "a": 0.6499999999999997,
    "counterfactual_runs": 7,
    "dynamic_confidence": 1.0,
    "total_confidence": 0.8672365121245297
  },
  "predicted_vital_signs": {
    "pao2_fio2_ratio": [
      300.0,
      310.0,
      320.0,
      330.0,
      340.0,
      350.0,
      360.0,
      370.0
    ],
    "platelet": [
      150.0,
      155.0,
      160.0,
      165.0,
      170.0,
      175.0,
      180.0,
      185.0
    ],
    "bilirubin_total": [
      1.2,
      1.1,
      1.0,
      0.9,
      0.8,
      0.7,
      0.6,
      0.5
    ],
    "vasopressor_rate": [
      8.01,
      7.5,
      7.0,
      6.5,
      6.0,
      5.5,
      5.0,
      4.5
    ],
    "gcs_total": [
      12.0,
      12.5,
      13.0,
      13.5,
      14.0,
      14.5,
      15.0,
      15.0
    ],
    "creatinine": [
      1.8,
      1.7,
      1.6,
      1.5,
      1.4,
      1.3,
      1.2,
      1.1
    ],
    "urine_output_ml": [
      800.0,
      850.0,
      900.0,
      950.0,
      1000.0,
      1050.0,
      1100.0,
      1150.0
    ],
    "mechanical_ventilation": [
      1.0,
      1.0,
      1.0,
      1.0,
      1.0,
      1.0,
      1.0,
      1.0
    ]
  },
  "confidence_score": 0.75,
  "evaluation": {
    "success": true,
    "model_output": "Thinking...\n好，我现在需要评估预测的SOFA相关指标数据是否合理。首先，我要仔细阅读用户提供的所有信息，包括患者的ICU入院前数据、计划实施的干预措施以及预测的干预后指标变化。\n\n患者的基本情况：63岁男性，体重69kg，监测持续时间0小时（共7次测量，每4小时一次）。生命体征方面，心率稳定在120.75次/分，收缩压和舒张压分别为73mmHg和65mmHg，平均动脉压是67.67mmHg。体温正常，呼吸频率为15.25次/分，血氧饱和度93.75%。\n\nSOFA评分相关特征：氧合指数稳定在66.02mmHg，没有使用机械通气（均为0），血小板计数开始是13×10³/μL，之后逐渐上升到22。总胆红素保持4.3mg/dL。血管活性药物的剂量前五次为0，后两次为8.01μg/kg/min。格拉斯哥昏迷评分为15分，最后两次下降到13分。血清肌酐在0.9mg/dL上下波动，尿量开始几次是0，最后两次是350mL。\n\n疾病评分：SOFA总分波动较大，从1分到8分再到8分。SIRS评分则较低，从1降到0再上升到3和3分。\n\n干预措施包括立即启动去甲肾上腺素输注，初始剂量15μg/kg/min，每小时调整一次，逐渐减量，监测血压和器官灌注，评估感染性休克风险。\n\n预测的干预后指标变化有八个方面：pao2_fio2_ratio、platelet、bilirubin_total、vasopressor_rate、gcs_total、creatinine、urine_output_ml、mechanical_ventilation。我需要逐一分析这些指标是否合理，以及它们之间的一致性和趋势。\n\n首先看各项指标的数值范围：\n\n1. pao2_fio2_ratio：预测值从300到370mmHg，这是正常的氧合指数范围吗？正常情况下，pao2/fio2比值在健康人中通常较高，比如大于300被认为是正常的。所以这里逐渐上升是合理的。\n\n2. platelet：血小板计数从150开始，每次增加5×10³/μL，到185。原始数据中的血小板变化是从13升至22，单位为×10³/μL，也就是13,000到22,000。预测中提到的是150.0，即150×10³/μL？这可能有点高，因为正常范围通常在150-450×10³/μL之间，所以从150到185是合理的。\n\n3. bilirubin_total：总胆红素从1.2降到0.5mg/dL。原始数据中总胆红素一直是4.3mg/dL，这可能有问题。因为正常值通常低于1.2mg/dL，所以4.3已经是偏高的，干预后是否能迅速下降到1.2以下？这似乎有些突然，但需要结合干预措施来看。\n\n4. vasopressor_rate：血管活性药物的剂量从8.01逐渐减少到4.5μg/kg/min。初始干预是启动去甲肾上腺素15，然后调整为8.01，之后逐渐减量，这是合理的。\n\n5. gcs_total：格拉斯哥评分从12开始，逐渐升至15分，最后稳定在15。原始数据中最后一次评分为13分，干预后逐渐恢复是可能的。\n\n6. creatinine：血清肌酐从1.8降到1.1mg/dL。原始数据中的肌酐在0.9左右波动，预测值高于入院前，这可能不合理，除非患者有肾功能恶化的情况，但这里似乎是在改善，所以需要进一步分析。\n\n7. urine_output_ml：尿量从800开始，逐渐增加到1150mL。原始数据中最后一次是350mL，干预后尿量显著增加，这可能是因为血管活性药物的使用改善了肾脏灌注，所以合理。\n\n8. mechanical_ventilation：持续为1，即继续机械通气，虽然初始情况下没有使用，但根据氧合指数较低的情况，可能需要机械通气。\n\n接下来，评估这些指标变化是否符合逻辑：\n\n干预措施是启动去甲肾上腺素以维持血压和器官灌注。随着血管活性药物的减量，说明患者的循环状况有所改善，这应该反映在各项SOFA评分相关指标上。\n\npao2/fio2上升表明氧合情况好转，可能是因为机械通气和支持治疗有效，或者肺部情况改善。\n\n血小板增加可能是由于干预措施改善了凝血功能或基础疾病得到控制。总胆红素下降说明肝脏功能有所恢复。但原始数据中总胆红素较高，干预后能迅速降低到正常范围是否合理？可能需要更详细的分析。\n\n肌酐值从1.8降到1.1，这意味着肾功能在改善，因为肌酐通常随肾功能好转而下降。然而，入院前的肌酐是0.9左右，预测中却出现更高的数值，这可能不符合逻辑，除非患者在干预后出现了暂时性的肌酐上升，比如由于利尿剂使用或其他原因。\n\n尿量增加也是支持肾功能改善的一个指标，与肌酐的变化趋势是否一致？如果肌酐下降而尿量增加，说明肾脏滤过能力提升，这是合理的。但这里预测的肌酐从1.8降到1.1，似乎在入院前的基础上反而上升了，这可能不合理。\n\n血管活性药物剂量逐渐减少，显示循环稳定，这与血压和心率的变化趋势是否一致？原始数据中，平均动脉压为67.67mmHg，在干预后可能有所提升，但这里没有提供血压的具体预测值，所以只能从其他指标推断。\n\nGCS评分逐步上升，表示神经系统状况改善，这也合理。机械通气持续使用可能是因为氧合指数仍低于正常水平（虽然pao2/fio2在增加），但是否有必要继续使用？这需要结合实际情况。\n\n时间序列数据的合理性：各项指标的变化幅度是否过大或过小？例如，肌酐从1.8降到1.1，这可能太快了，因为肾功能改善通常较慢。总胆红素迅速降低到正常范围也可能不太现实，特别是如果原来有肝功能损伤的话。\n\n数值精确度方面，大部分指标如血小板、bilirubin_total、creatinine等都是以一位小数给出的，这是合理的，而血压和心率可能应为整数。但用户提供的预测数据似乎已经考虑到了这一点。\n\n综合来看，大多数指标的变化趋势是合理的，尤其是pao2/fio2上升、血小板增加、总胆红素下降、血管活性药物减量、GCS评分上升以及尿量增加。然而，肌酐值的预测可能存在问题，因为入院前的数据较低，而干预后却出现了较高的数值，并且随后又迅速下降，这在逻辑上不太一致。\n\n此外，SOFA评分各组件之间的协调性也需要考虑。呼吸功能改善（pao2/fio2上升）、循环稳定（血管活性药物减量）、肾功能可能恶化或改善需要进一步分析。如果肌酐值预测有误，可能会影响整体的合理性。\n\n最后，整体趋势是否符合临床改善预期？干预措施是为了稳定循环和支持器官功能，所以各项指标应显示向好的变化。大部分指标都支持这一点，但肌酐的预测可能存在问题。\n...done thinking.\n\n置信度评分：0.75\n\n分析理由：\n\n1. **数值范围**：\n   - 大部分指标如pao2/fio2、血小板计数、总胆红素、尿量等的变化均在合理范围内。尤其是氧合指数的逐步上升和血小板的增加，符合治疗预期。\n   - 机械通气持续使用虽然在入院前没有记录，但考虑到氧合指数的改善可能仍需支持，因此可以理解。\n\n2. **逻辑一致性**：\n   - 干预措施（去甲肾上腺素减量）与循环功能指标的变化一致，显示循环稳定。\n   - 肾脏功能方面，尿量增加合理，但肌酐值的预测存在问题：入院前数据较低，干预后却出现上升，随后迅速下降，这不符合逻辑。\n\n3. **SOFA组件协调性**：\n   - 呼吸、循环指标显示改善，肾脏指标中尿量增加合理，但肌酐的变化趋势与预期不符，可能影响整体评分的一致性。\n\n4. **时间序列和精确度**：\n   - 变化幅度总体合理，数值精确度符合医学标准。\n   - 肌酐的预测变化过快，可能不现实。\n\n5. **整体趋势**：\n   - 大部分指标显示临床改善，但肌酐的问题影响了置信度。总体来说，数据大部分合理，存在个别需要修正的地方。\n\n综合考虑以上因素，置信度评分为0.75。",
    "error": null
  },
  "key_reasons": [
    "SOFA评分相关特征：氧合指数稳定在66.02mmHg，没有使用机械通气（均为0），血小板计数开始是13×10³/μL，之后逐渐上升到22。总胆红素保持4.3mg/dL。血管活性药物的剂量前五次为0，后两次为8.01μg/kg/min。格拉斯哥昏迷评分为15分，最后两次下降到13分。血清肌酐在0.9mg/dL上下波动，尿量开始几次是0，最后两次是350mL。",
    "疾病评分：SOFA总分波动较大，从1分到8分再到8分。SIRS评分则较低，从1降到0再上升到3和3分。",
    "2. platelet：血小板计数从150开始，每次增加5×10³/μL，到185。原始数据中的血小板变化是从13升至22，单位为×10³/μL，也就是13,000到22,000。预测中提到的是150.0，即150×10³/μL？这可能有点高，因为正常范围通常在150-450×10³/μL之间，所以从150到185是合理的。"
  ]
}