{
  "timestamp": "2025-12-25 12:19:22",
  "model_name": "deepseek-r1:32b",
  "prediction_model_name": "gemma3:12b",
  "patient_id": "31149608",
  "input_description": "ICU住院编号 31149608，对应患者编号 16155910，63岁男性，体重69.0kg。监测持续时间为 0 小时（共 7 次测量，每4小时一次）：【生命体征】心率变化：[120.75, 120.75]（单位：次/分）收缩压变化：[73.0, 73.0]（单位：mmHg）舒张压变化：[65.0, 65.0]（单位：mmHg）体温变化：[98.0, 98.0]（单位：℃）呼吸频率变化：[15.25, 15.25]（单位：次/分）血氧饱和度变化：[93.75, 93.75]（单位：%）平均动脉压变化：[67.67, 67.67]（单位：mmHg）【SOFA评分相关特征】氧合指数变化：[66.02, 66.02, 66.02, 66.02, 66.02, 66.02, 66.02]（单位：mmHg）机械通气使用情况：[0, 0, 0, 0, 0, 0, 0]（单位：）血小板计数变化：[13.0, 22.0, 22.0, 22.0, 22.0, 22.0, 22.0]（单位：×10³/μL）总胆红素变化：[4.3, 4.3, 4.3, 4.3, 4.3, 4.3, 4.3]（单位：mg/dL）血管活性药物使用剂量：[0.0, 0.0, 0.0, 0.0, 0.0, 8.01, 8.01]（单位：μg/kg/min）格拉斯哥昏迷评分变化：[15, 15, 15, 15, 15, 13, 13]（单位：分）血清肌酐变化：[0.9, 0.8, 0.9, 0.9, 0.9, 0.9, 0.9]（单位：mg/dL）尿量变化：[0.0, 0.0, 0.0, 0.0, 0.0, 350.0, 350.0]（单位：mL）【疾病评分】SOFA总分变化：[1, 0, 0, 5, 0, 8, 8]（单位：分）SIRS评分变化：[1, 0, 0, 0, 0, 3, 3]（单位：分）",
  "intervention": "立即启动去甲肾上腺素输注，维持剂量为15.0μg·kg⁻¹·min⁻¹，剂量调整间隔1小时，密切监测血压和器官灌注，剂量呈递减趋势，提示血管反应性改善，评估8小时内发生感染性休克的风险",
  "evaluator_trust": {
    "a": 0.6499999999999997,
    "counterfactual_runs": 7,
    "dynamic_confidence": 0.51964181767728,
    "total_confidence": 0.6933066240024228
  },
  "prediction_trust": {
    "a": 0.6499999999999997,
    "counterfactual_runs": 7,
    "dynamic_confidence": 0.4225195538417722,
    "total_confidence": 0.6610719803471096
  },
  "predicted_vital_signs": {
    "pao2_fio2_ratio": [
      250.0,
      270.0,
      290.0,
      310.0,
      330.0,
      350.0,
      370.0,
      390.0
    ],
    "platelet": [
      120.0,
      140.0,
      160.0,
      180.0,
      200.0,
      220.0,
      240.0,
      260.0
    ],
    "bilirubin_total": [
      1.8,
      1.6,
      1.4,
      1.2,
      1.0,
      0.8,
      0.6,
      0.4
    ],
    "vasopressor_rate": [
      15.0,
      12.0,
      9.0,
      6.0,
      3.0,
      1.0,
      0.5,
      0.2
    ],
    "gcs_total": [
      12.0,
      13.0,
      14.0,
      15.0,
      14.0,
      13.0,
      12.0,
      11.0
    ],
    "creatinine": [
      1.5,
      1.4,
      1.3,
      1.2,
      1.1,
      1.0,
      0.9,
      0.8
    ],
    "urine_output_ml": [
      1500.0,
      1700.0,
      1900.0,
      2100.0,
      2300.0,
      2500.0,
      2700.0,
      2900.0
    ],
    "mechanical_ventilation": [
      1.0,
      1.0,
      1.0,
      1.0,
      0.0,
      0.0,
      0.0,
      0.0
    ]
  },
  "confidence_score": 0.65,
  "evaluation": {
    "success": true,
    "model_output": "Thinking...\n好，我现在要评估预测的SOFA相关指标数据的合理性。首先，我需要仔细阅读提供的患者信息和预测结果，然后逐一分析各项因素。\n\n患者的基本情况：63岁男性，体重69kg，ICU入院前监测持续时间为0小时，共7次测量，每4小时一次。生命体征显示心率稳定在120.75次/分，收缩压73mmHg，舒张压65mmHg，体温98℃，呼吸频率15.25次/分，血氧饱和度93.75%。平均动脉压67.67mmHg。\n\nSOFA评分相关特征包括：氧合指数稳定在66.02mmHg，没有使用机械通气（都是0），血小板计数从13降到22再稳定，总胆红素4.3mg/dL，血管活性药物剂量开始是0，后来增加到8.01μg/kg/min。格拉斯哥昏迷评分从15降到13，血清肌酐波动在0.8-0.9之间，尿量最初为0，后来达到350mL。SOFA总分波动较大，SIRS评分也有变化。\n\n计划实施的干预措施是立即启动去甲肾上腺素输注，剂量15μg/kg/min，每小时调整，观察血压和器官灌注，预期8小时内降低感染性休克风险。\n\n预测的指标包括：氧合指数、血小板、总胆红素、血管活性药物剂量、GCS评分、肌酐、尿量以及机械通气情况。需要分析这些是否合理。\n\n首先，各项指标是否在医学范围内：\n- 氧合指数（PaO2/FiO2）通常正常范围是300以上，预测从250到390，逐渐上升，这可能是因为干预改善了氧合。\n- 血小板计数：120到260×10³/μL，在正常范围内（通常为150-450），但初始值是13和22，预测增加，这可能合理。\n- 总胆红素：从1.8降到0.4mg/dL，正常范围是0.2-1.2，所以这个趋势可能有问题，因为数值下降到低于正常下限。\n- 血管活性药物剂量逐渐减少，这是合理的，说明病情好转。\n- GCS评分波动在11-15分之间，正常是13-15，但预测有波动，这可能不太合理，尤其是从12降到11，可能显示神经系统恶化，而干预措施主要针对循环，所以这个趋势是否符合逻辑？\n- 肌酐：从1.5降到0.8mg/dL，初始值在正常范围内（0.6-1.2），但预测中肌酐先升后降，这可能有问题，因为如果肾脏好转，肌酐应该下降。\n- 尿量从1500增加到2900mL，这可能过高，可能导致水中毒或电解质紊乱。\n- 机械通气在前4次为1，之后转为0，这表示逐渐撤机，合理。\n\n接下来，分析各项因素：\n\n1. 合理医学范围：\n   - 氧合指数：预测值从250到390，正常范围300以上，所以可能过高。初始入院前是66，使用机械通气为0，预测开始用了机械通气（变为1），但氧合指数反而上升了，这可能不合理。\n   - 总胆红素：从4.3降到0.4，远低于正常范围，这在现实中不太可能，除非有严重肝病好转，而患者信息中没有提到肝病，所以这个趋势有问题。\n   - 尿量：预测增加到2900mL，这可能导致容量超载或电解质失衡，特别是如果肾功能恢复过快，尿量过高可能不安全。\n\n2. 干预措施的预期效果：\n   去甲肾上腺素用于提升血压，改善循环。预测中血管活性药物剂量减少，说明血压稳定，这是一个好的迹象。氧合指数上升可能是因为机械通气帮助，但初始值66，入院前没有使用机械通气，而预测中机械通气从0变为1，所以PaO2/FiO2应该提高，这合理。\n\n3. SOFA评分各组件逻辑一致性：\n   - 呼吸：氧合指数上升，使用机械通气，说明呼吸功能改善。\n   - 循环：血管活性药物减少，血压稳定，循环好转。\n   - 肾脏：尿量增加，肌酐下降，肾脏功能改善。\n   但总胆红素急剧下降可能不合理，尤其是降到0.4mg/dL以下，这在没有肝病的情况下不太可能。\n\n4. 整体趋势是否符合临床预期：\n   总体上，干预措施应导致循环和呼吸改善，肾脏好转。预测中大部分指标合理，但总胆红素的下降幅度过大，尿量过高，GCS评分波动较大，特别是从12降到11，可能表示神经系统恶化，这与整体改善趋势不符。\n\n5. 时间序列数据合理性：\n   每次变化是否平缓？例如，血小板每次增加20，这可能太快。肌酐先升到1.5，再逐步下降，初始值是0.9，预测从1.5降到0.8，这可能有问题，因为干预措施主要是循环支持，而不是肾脏直接治疗。\n\n6. 数值精确度：\n   大多数指标的单位和精度合理，比如体温小数点后一位，血压整数。但血小板计数以×10³/μL为单位，预测中的数值如260可能过高，初始入院前是13和22，这可能是异常低的情况。\n\n7. 其他因素：\n   患者在ICU入院前监测持续时间为0小时，说明刚入住，数据可能不完整。预测中使用机械通气后氧合指数上升，但初始值很低，是否合理？此外，尿量突然增加到2900mL，是否有风险？\n\n综合来看，大部分指标变化趋势是合理的，如血管活性药物减少、氧合改善、尿量增加等，但总胆红素下降过低，肌酐先升后降可能不合理，GCS评分波动可能不支持整体好转。这些因素可能导致置信度较低。\n...done thinking.\n\n置信度评分：0.65\n\n分析理由：\n1. **各项SOFA相关指标数值合理性**：\n   - 氧合指数从250上升至390，正常范围应在300以上，但初始值为66，可能过低。使用机械通气后改善合理。\n   - 血小板计数增加在正常范围内，但初始值较低，预测值偏高。\n   - 总胆红素下降到低于正常水平（0.2-1.2 mg/dL），这不合理，除非有肝病好转的背景信息。\n   - 尿量过高可能带来风险，尤其是没有肾脏疾病的情况下。\n\n2. **干预措施预期效果**：\n   去甲肾上腺素剂量减少合理，说明循环改善。氧合指数上升与机械通气使用相符。\n\n3. **SOFA评分组件逻辑一致性**：\n   循环、呼吸和肾脏指标改善合理，但总胆红素下降过低，GCS评分波动不支持整体好转。\n\n4. **整体趋势合理性**：\n   大部分指标合理，但总胆红素和尿量变化可能有问题，影响整体置信度。\n\n5. **时间序列数据**：\n   变化幅度较大，尤其是血小板和肌酐的变化速度过快。\n\n6. **数值精确度**：\n   单位使用正确，但某些指标如血小板计数预测值偏高。\n\n综合考虑，尽管大部分指标合理，但总胆红素和尿量的不合理变化以及GCS评分波动降低了整体置信度。",
    "error": null
  },
  "key_reasons": [
    "好，我现在要评估预测的SOFA相关指标数据的合理性。首先，我需要仔细阅读提供的患者信息和预测结果，然后逐一分析各项因素。",
    "SOFA评分相关特征包括：氧合指数稳定在66.02mmHg，没有使用机械通气（都是0），血小板计数从13降到22再稳定，总胆红素4.3mg/dL，血管活性药物剂量开始是0，后来增加到8.01μg/kg/min。格拉斯哥昏迷评分从15降到13，血清肌酐波动在0.8-0.9之间，尿量最初为0，后来达到350mL。SOFA总分波动较大，SIRS评分也有变化。",
    "预测的指标包括：氧合指数、血小板、总胆红素、血管活性药物剂量、GCS评分、肌酐、尿量以及机械通气情况。需要分析这些是否合理。"
  ]
}