{
  "timestamp": "2025-12-25 12:54:37",
  "model_name": "deepseek-r1:32b",
  "prediction_model_name": "gemma3:12b",
  "patient_id": "32026706",
  "input_description": "ICU住院编号 32026706，对应患者编号 19948815，49岁女性，体重77.7kg。监测持续时间为 0 小时（共 7 次测量，每4小时一次）：【生命体征】心率变化：[95.0, 90.0, 85.0, 80.5, 124.82, 124.82, 124.82]（单位：次/分）收缩压变化：[79.5, 75.25, 74.5, 155.67, 75.32, 75.32, 75.32]（单位：mmHg）舒张压变化：[63.0, 58.0, 57.5, 60.0, 62.86, 62.86, 62.86]（单位：mmHg）体温变化：[97.6, 97.5, 96.55, 96.7, 35.5, 97.25, 97.25]（单位：℃）呼吸频率变化：[17.25, 16.25, 18.25, 20.0, 17.59, 17.59, 17.59]（单位：次/分）血氧饱和度变化：[93.5, 94.25, 94.25, 96.0, 100.0, 100.0, 100.0]（单位：%）平均动脉压变化：[68.5, 63.75, 63.17, 91.89, 67.02, 67.02, 67.02]（单位：mmHg）【SOFA评分相关特征】氧合指数变化：[172.4, 234.25, 154.34, 154.34, 154.34, 154.34, 154.34]（单位：mmHg）机械通气使用情况：[0, 0, 0, 0, 0, 0, 0]（单位：）血小板计数变化：[51.0, 55.0, 43.0, 89.2, 90.0, 90.0, 90.0]（单位：×10³/μL）总胆红素变化：[23.0, 12.5, 12.7, 12.7, 12.7, 12.7, 12.7]（单位：mg/dL）血管活性药物使用剂量：[0.0, 0.0, 0.0, 0.0, 0.0, 0.4, 0.4]（单位：μg/kg/min）格拉斯哥昏迷评分变化：[15, 15, 14, 15, 15, 3, 3]（单位：分）血清肌酐变化：[5.1, 4.0, 3.6, 3.6, 3.6, 3.6, 3.6]（单位：mg/dL）尿量变化：[0.0, 120.0, 0.0, 0.0, 0.0, 32.0, 32.0]（单位：mL）【疾病评分】SOFA总分变化：[11, 4, 4, 3, 11, 14, 14]（单位：分）SIRS评分变化：[2, 1, 1, 1, 1, 2, 2]（单位：分）",
  "intervention": "立即启动去甲肾上腺素输注，维持剂量为0.4μg·kg⁻¹·min⁻¹，剂量调整间隔4小时，密切监测血压和器官灌注，剂量呈递减趋势，提示血管反应性改善，评估8小时内发生感染性休克的风险",
  "evaluator_trust": {
    "a": 0.4999999999999996,
    "counterfactual_runs": 10,
    "dynamic_confidence": 0.512909672255541,
    "total_confidence": 0.6498640575242126
  },
  "prediction_trust": {
    "a": 0.4999999999999996,
    "counterfactual_runs": 10,
    "dynamic_confidence": 0.43288803897767103,
    "total_confidence": 0.6112056629522887
  },
  "predicted_vital_signs": {
    "pao2_fio2_ratio": [
      280.0,
      310.0,
      330.0,
      345.0,
      355.0,
      360.0,
      362.0,
      360.0
    ],
    "platelet": [
      120.0,
      130.0,
      145.0,
      160.0,
      175.0,
      190.0,
      205.0,
      220.0
    ],
    "bilirubin_total": [
      2.5,
      2.3,
      2.1,
      1.9,
      1.7,
      1.5,
      1.3,
      1.1
    ],
    "vasopressor_rate": [
      0.4,
      0.3,
      0.2,
      0.1,
      0.05,
      0.03,
      0.01,
      0.0
    ],
    "gcs_total": [
      9.0,
      11.0,
      12.0,
      13.0,
      14.0,
      14.5,
      15.0,
      15.0
    ],
    "creatinine": [
      1.8,
      1.6,
      1.4,
      1.2,
      1.0,
      0.9,
      0.8,
      0.7
    ],
    "urine_output_ml": [
      800.0,
      1000.0,
      1200.0,
      1400.0,
      1600.0,
      1800.0,
      2000.0,
      2200.0
    ],
    "mechanical_ventilation": [
      1.0,
      1.0,
      1.0,
      1.0,
      1.0,
      0.0,
      0.0,
      0.0
    ]
  },
  "confidence_score": 0.75,
  "evaluation": {
    "success": true,
    "model_output": "Thinking...\n好，我现在要评估一下这个预测的SOFA相关指标数据是否合理。让我先仔细看一下提供的信息。\n\n首先，患者是一个49岁的女性，体重77.7kg，入院前的数据包括生命体征、SOFA评分和其他一些特征。计划实施的是去甲肾上腺素输注，维持剂量为0.4μg/kg/min，每4小时调整一次，目标是减少剂量并观察血管反应性改善的情况。\n\n接下来，预测的干预后指标有八个方面：pao2_fio2_ratio、platelet、bilirubin_total、vasopressor_rate、gcs_total、creatinine、urine_output_ml和mechanical_ventilation。每个都有八次测量值，每4小时一次。\n\n评估这些预测数据的合理性需要考虑多个因素：\n\n1. **各指标是否在合理医学范围内**：\n   - **pao2_fio2_ratio（氧合指数）**：从280开始逐渐上升到362，这似乎偏高。正常情况下，机械通气患者的氧合指数可能在150-300之间波动，而这个预测值超过了通常的范围。\n   - **platelet（血小板计数）**：从120到220逐渐上升，这看起来合理，因为治疗可能会改善血小板生成或减少消耗。\n   - **bilirubin_total（总胆红素）**：从2.5降到1.1，这可能是因为肝脏功能恢复或者胆道疏通，但需要注意单位是否正确。\n   - **vasopressor_rate（血管活性药物剂量）**：逐渐降低到0，这是预期的效果，因为治疗有效的话会减少用药。\n   - **gcs_total（格拉斯哥昏迷评分）**：从9上升到15，这表明意识状态明显改善，但需要看是否符合患者的情况。\n   - **creatinine（血清肌酐）**：从1.8降到0.7，降幅较大，可能需要考虑肾脏功能是否有迅速恢复的依据。\n   - **urine_output_ml（尿量）**：从800到2200逐渐增加，这表明肾脏排泄功能改善，但这个数值是否在合理范围内？通常急性肾损伤患者的尿量会增加，但一下子达到2000以上可能需要评估是否有其他并发症。\n   - **mechanical_ventilation（机械通气）**：从1到0，即从使用转为停止，这也是预期的效果。\n\n2. **干预措施的预期效果与指标变化是否一致**：\n   去甲肾上腺素用于提升血压和改善器官灌注。预测中vasopressor_rate在降低，说明治疗有效；同时尿量增加、肌酐下降，表明肾脏功能恢复；氧合指数上升可能是因为呼吸支持（机械通气）的撤出或肺部情况好转。\n\n3. **各系统指标之间的逻辑一致性**：\n   患者接受血管活性药物，预期循环改善，从而影响其他器官如肾脏和肝脏。血小板上升、胆红素下降说明造血功能和肝功能在恢复。GCS升高显示神经系统状态改善，这些变化是相互关联的。\n\n4. **整体趋势是否符合临床预期**：\n   大多数指标呈现积极的变化，尤其是尿量增加和肌酐下降，这表明肾脏功能改善。然而，氧合指数过高可能不常见，尤其是在机械通气逐渐减少的情况下。\n\n5. **数据单位统一性**：\n   检查每个指标的单位是否正确，比如pao2_fio2_ratio是否为mmHg，血小板计数是否正确单位。从提供的信息看，似乎没有明显的单位错误。\n\n6. **时间序列数据合理性**：\n   需要注意相邻时间点的变化幅度。例如，creatinine从1.8降到0.7，每周间隔变化较大，可能不太常见；同样，尿量迅速增加到2200ml也可能需要考虑是否合理，是否有液体过多的风险。\n\n7. **数值精确度**：\n   体温通常保留一位小数，而血压可能为整数。预测数据中的数值大多数是两位小数或一位小数，比如creatinine从1.8降到0.7，这在临床中常见吗？可能更常见的变化幅度较小。\n\n现在综合考虑这些因素：\n\n- 氧合指数的升高可能过高，不太合理。\n- 肌酐和尿量的变化速度较快，可能存在过度乐观的情况。\n- 其他指标如血小板、胆红素、GCS等变化较为合理。\n\n因此，虽然大部分预测指标在合理范围内，并且干预措施与预期效果一致，但氧合指数和肌酐/尿量的快速变化可能需要调整。整体趋势是积极的，但部分数值可能略显夸张。\n...done thinking.\n\n置信度评分：0.75\n\n分析理由：\n\n1. **各指标合理性**：\n   - **氧合指数**：预测值偏高，可能不太合理，正常范围应为150-300 mmHg。建议调整至更合理的范围。\n   - **血小板计数、总胆红素、血管活性药物剂量和GCS评分变化**：这些指标的变化趋势符合预期，数值在合理范围内。\n   - **肌酐和尿量**：下降和上升速度较快，可能存在过度乐观的情况。临床中通常不会出现如此快速的恢复，建议调整为更平缓的趋势。\n\n2. **干预措施一致性**：\n   去甲肾上腺素的使用预期改善循环功能，从而影响肾脏和其他器官。预测中的尿量增加和肌酐下降是合理的，但速度可能过快。\n\n3. **系统指标协调性**：\n   各指标的变化相互支持，尤其是循环、呼吸和神经系统改善，但部分数值如氧合指数过高，需调整。\n\n4. **整体趋势**：\n   大多数指标呈现积极变化，符合临床预期。然而，个别指标的快速变化可能不现实，需谨慎评估。\n\n5. **单位和时间序列数据**：\n   所有指标单位正确，时间序列显示的变化幅度在某些情况下可能过高，尤其是肌酐和尿量部分。\n\n综上所述，预测结果整体合理，但氧合指数、肌酐和尿量的数值需要调整以反映更现实的临床变化趋势。",
    "error": null
  },
  "key_reasons": [
    "首先，患者是一个49岁的女性，体重77.7kg，入院前的数据包括生命体征、SOFA评分和其他一些特征。计划实施的是去甲肾上腺素输注，维持剂量为0.4μg/kg/min，每4小时调整一次，目标是减少剂量并观察血管反应性改善的情况。",
    "- platelet（血小板计数）：从120到220逐渐上升，这看起来合理，因为治疗可能会改善血小板生成或减少消耗。",
    "- bilirubin_total（总胆红素）：从2.5降到1.1，这可能是因为肝脏功能恢复或者胆道疏通，但需要注意单位是否正确。"
  ]
}