{
  "timestamp": "2025-12-25 12:16:23",
  "model_name": "deepseek-r1:32b",
  "prediction_model_name": "qwen3:30b",
  "patient_id": "30983281",
  "input_description": "ICU住院编号 30983281，对应患者编号 11501310，48岁男性，体重138.0kg。监测持续时间为 0 小时（共 7 次测量，每4小时一次）：【生命体征】心率变化：[116.0, 116.0]（单位：次/分）收缩压变化：[61.6, 61.6]（单位：mmHg）舒张压变化：[56.2, 56.2]（单位：mmHg）体温变化：[N/A, N/A]（单位：℃）呼吸频率变化：[16.8, 16.8]（单位：次/分）血氧饱和度变化：[100.0, 100.0]（单位：%）平均动脉压变化：[58.0, 58.0]（单位：mmHg）【SOFA评分相关特征】氧合指数变化：[122.6, 122.6, 122.6, 122.6, 122.6, 122.6, 122.6]（单位：mmHg）机械通气使用情况：[0, 0, 0, 0, 0, 0, 0]（单位：）血小板计数变化：[231.0, 165.0, 191.0, 191.0, 191.0, 191.0, 191.0]（单位：×10³/μL）总胆红素变化：[0.8, 0.8, 0.8, 0.8, 0.8, 0.8, 0.8]（单位：mg/dL）血管活性药物使用剂量：[0.0, 0.0, 0.0, 0.0, 0.0, 25.02, 25.02]（单位：μg/kg/min）格拉斯哥昏迷评分变化：[15, 15, 15, 15, 15, 3, 3]（单位：分）血清肌酐变化：[1.1, 1.1, 1.2, 1.2, 1.2, 1.2, 1.2]（单位：mg/dL）尿量变化：[0.0, 0.0, 0.0, 0.0, 0.0, 125.0, 125.0]（单位：mL）【疾病评分】SOFA总分变化：[1, 0, 1, 0, 0, 6, 6]（单位：分）SIRS评分变化：[0, 0, 0, 0, 1, 2, 2]（单位：分）",
  "intervention": "立即启动去甲肾上腺素输注，初始剂量为12.5μg·kg⁻¹·min⁻¹，根据血压反应调整至最大25.95μg·kg⁻¹·min⁻¹，剂量调整间隔1小时，密切监测血压和器官灌注，剂量呈递增趋势，提示血管反应性下降，评估8小时内发生感染性休克的风险",
  "evaluator_trust": {
    "a": 0.6999999999999997,
    "counterfactual_runs": 6,
    "dynamic_confidence": 0.531375968848915,
    "total_confidence": 0.7101857006096935
  },
  "prediction_trust": {
    "a": 0.6999999999999997,
    "counterfactual_runs": 6,
    "dynamic_confidence": 1.0,
    "total_confidence": 0.8570239361341088
  },
  "predicted_vital_signs": {
    "pao2_fio2_ratio": [
      250.0,
      230.0,
      210.0,
      190.0,
      170.0,
      150.0,
      130.0,
      110.0
    ],
    "platelet": [
      120.0,
      110.0,
      100.0,
      90.0,
      80.0,
      70.0,
      60.0,
      50.0
    ],
    "bilirubin_total": [
      1.5,
      1.7,
      1.9,
      2.1,
      2.3,
      2.5,
      2.7,
      2.9
    ],
    "vasopressor_rate": [
      12.5,
      15.0,
      17.5,
      20.0,
      22.5,
      24.0,
      25.0,
      25.95
    ],
    "gcs_total": [
      10.0,
      9.0,
      8.0,
      7.0,
      6.0,
      5.0,
      4.0,
      3.0
    ],
    "creatinine": [
      1.5,
      1.7,
      1.9,
      2.1,
      2.3,
      2.5,
      2.7,
      2.9
    ],
    "urine_output_ml": [
      800.0,
      700.0,
      600.0,
      500.0,
      400.0,
      300.0,
      200.0,
      100.0
    ],
    "mechanical_ventilation": [
      0.0,
      0.0,
      0.0,
      1.0,
      1.0,
      1.0,
      1.0,
      1.0
    ]
  },
  "confidence_score": 0.75,
  "evaluation": {
    "success": true,
    "model_output": "Thinking...\n好，我来仔细分析一下这个问题。首先，患者是48岁男性，体重138kg，在ICU住院编号为30983281，监测持续时间为0小时，共7次测量，每4小时一次。\n\n先看生命体征：心率稳定在116次/分，收缩压和舒张压分别是61.6和56.2mmHg，平均动脉压58mmHg。这些数值显示患者可能存在低血压情况，心率偏高可能与休克或应激有关。\n\nSOFA评分相关特征中，氧合指数一直是122.6mmHg，提示可能存在轻度呼吸功能不全。机械通气未使用（0），血小板计数波动在231到191×10³/μL之间，总胆红素稳定在0.8mg/dL，血管活性药物使用剂量从0逐渐增加到25.02μg/kg/min，说明患者可能有循环支持需求。格拉斯哥昏迷评分从15降到3，显示神经系统功能恶化。血清肌酐升高到1.2mg/dL，尿量在最后两次测量中出现125mL，提示肾功能可能受到影响。\n\n计划干预措施是立即启动去甲肾上腺素输注，初始剂量12.5μg/kg/min，逐步增加至最大25.95μg/kg/min，每小时调整一次。目标是维持血压和器官灌注，评估感染性休克风险。\n\n预测的SOFA相关指标变化包括氧合指数下降、血小板减少、总胆红素上升、血管活性药物剂量增加、GCS评分持续下降、肌酐上升以及尿量逐渐减少，同时机械通气在第4小时开始使用。\n\n现在分析这些数据：\n\n1. 氧合指数从250降到110mmHg：这可能表明肺功能恶化，但预测值是逐步降低的，每个时间点降大约30点。这个趋势是否合理？感染性休克可能导致ARDS，氧合下降是可以理解的。\n\n2. 血小板计数从120降到50×10³/μL：血小板减少可能与脓毒症相关消耗增加或骨髓抑制有关，逐步降低也是合理的。\n\n3. 总胆红素上升到2.9mg/dL：这提示肝功能受损，通常在感染性休克中可能出现，但速度是否过快？从0.8到2.9在8小时内，可能过高了。\n\n4. 血管活性药物剂量逐步增加到最大值：符合预期，说明尽管使用药物，血压仍难以维持，提示病情恶化。\n\n5. GCS评分持续下降到3分：神经系统恶化，可能是脑功能受损，但连续每小时降1-2分，是否有临床依据？通常会更缓慢。\n\n6. 肌酐上升到2.9mg/dL：肾功能恶化，与尿量减少一致。肌酐的升高是否合理？\n\n7. 尿量从800降到100mL：显示肾小球滤过率下降，这可能合理，但开始时尿量突然增加到800mL后又迅速下降，是否有合理性？可能是因为液体复苏初期导致利尿。\n\n8. 机械通气在第4小时启用：随着氧合恶化，启动通气是合理的。\n\n总体来看，大部分指标的趋势符合预期，如血管活性药物剂量增加、氧合指数下降、肌酐升高和尿量减少。但某些指标的变化速度可能过快，比如GCS评分每小时降1-2分，总胆红素迅速上升到2.9mg/dL，这在临床中可能不太常见。\n\n另外，初始阶段尿量突然增加然后急剧减少，这是否合理？需要考虑液体管理的影响。此外，血小板计数的下降速度也应评估，是否有其他因素如DIC等。\n\n综合分析，预测结果大部分合理，但某些指标的变化幅度和速度可能过高，影响置信度。\n...done thinking.\n\n置信度评分：0.75\n\n分析理由：\n1. **各项SOFA相关指标数值合理性**：\n   - 氧合指数下降趋势符合呼吸功能恶化，但初始值偏高且逐步降低合理。\n   - 血小板计数减少与脓毒症相符，但下降速度可能过快。\n   - 总胆红素快速上升至2.9mg/dL，在8小时内显得较快，可能存在肝脏严重受损的情况。\n   - 血管活性药物剂量逐步增加符合预期，显示病情恶化。\n   - GCS评分持续下降合理，但每小时降1-2分可能过快。\n   - 肌酐升高和尿量减少协调一致，提示肾功能恶化。\n\n2. **干预措施与指标变化的一致性**：\n   - 去甲肾上腺素剂量增加导致血管活性药物使用率上升，合理。\n   - 机械通气启用时间点符合氧合指数下降趋势。\n\n3. **SOFA组件协调性**：\n   - 呼吸、循环和肾功能指标变化协调一致，整体显示感染性休克进展。\n   - 神经系统恶化与其他器官功能不全相符合。\n\n4. **整体趋势合理性**：\n   - 大部分指标变化趋势合理，但某些参数如胆红素和GCS评分的变化速度可能过高。\n\n5. **时间序列数据合理性**：\n   - 除了尿量初始增加后骤降，大部分指标的变化幅度在每小时之间符合临床预期。\n\n6. **数值精确度**：\n   - 指标单位正确，数值精度合理，无明显错误。\n\n综合考虑以上因素，预测结果的置信度为0.75。",
    "error": null
  },
  "key_reasons": [
    "SOFA评分相关特征中，氧合指数一直是122.6mmHg，提示可能存在轻度呼吸功能不全。机械通气未使用（0），血小板计数波动在231到191×10³/μL之间，总胆红素稳定在0.8mg/dL，血管活性药物使用剂量从0逐渐增加到25.02μg/kg/min，说明患者可能有循环支持需求。格拉斯哥昏迷评分从15降到3，显示神经系统功能恶化。血清肌酐升高到1.2mg/dL，尿量在最后两次测量中出现125mL，提示肾功能可能受到影响。",
    "预测的SOFA相关指标变化包括氧合指数下降、血小板减少、总胆红素上升、血管活性药物剂量增加、GCS评分持续下降、肌酐上升以及尿量逐渐减少，同时机械通气在第4小时开始使用。",
    "5. GCS评分持续下降到3分：神经系统恶化，可能是脑功能受损，但连续每小时降1-2分，是否有临床依据？通常会更缓慢。"
  ]
}