{
  "timestamp": "2025-12-25 12:41:32",
  "model_name": "deepseek-r1:32b",
  "prediction_model_name": "deepseek-r1:32b",
  "patient_id": "31703381",
  "input_description": "ICU住院编号 31703381，对应患者编号 19338519，48岁男性，体重93.9kg。监测持续时间为 0 小时（共 7 次测量，每4小时一次）：【生命体征】心率变化：[105.0, 105.0]（单位：次/分）收缩压变化：[89.0, 89.0]（单位：mmHg）舒张压变化：[70.0, 70.0]（单位：mmHg）体温变化：[98.8, 98.8]（单位：℃）呼吸频率变化：[15.0, 15.0]（单位：次/分）血氧饱和度变化：[99.0, 99.0]（单位：%）平均动脉压变化：[76.33, 76.33]（单位：mmHg）【SOFA评分相关特征】氧合指数变化：[359.19, 359.19, 359.19, 359.19, 359.19, 359.19, 359.19]（单位：mmHg）机械通气使用情况：[0, 0, 0, 0, 0, 0, 0]（单位：）血小板计数变化：[58.0, 52.0, 75.0, 75.33, 75.33, 75.33, 75.33]（单位：×10³/μL）总胆红素变化：[5.5, 11.7, 11.7, 11.7, 11.7, 11.7, 11.7]（单位：mg/dL）血管活性药物使用剂量：[0.0, 0.0, 0.0, 0.0, 0.0, 0.0, 0.0]（单位：μg/kg/min）格拉斯哥昏迷评分变化：[15, 15, 15, 15, 15, 3, 3]（单位：分）血清肌酐变化：[0.8, 0.8, 0.8, 0.8, 0.8, 0.8, 0.8]（单位：mg/dL）尿量变化：[0.0, 0.0, 0.0, 0.0, 0.0, 50.0, 50.0]（单位：mL）【疾病评分】SOFA总分变化：[0, 5, 0, 2, 2, 11, 11]（单位：分）SIRS评分变化：[0, 0, 0, 0, 0, 3, 3]（单位：分）",
  "intervention": "无血管活性药物干预措施，建议密切监测血压和器官灌注，评估8小时内发生感染性休克的风险",
  "evaluator_trust": {
    "a": 0.5499999999999996,
    "counterfactual_runs": 9,
    "dynamic_confidence": 0.5086814162107894,
    "total_confidence": 0.6616567808309416
  },
  "prediction_trust": {
    "a": 0.5499999999999996,
    "counterfactual_runs": 9,
    "dynamic_confidence": 0.5086814162107894,
    "total_confidence": 0.6616567808309416
  },
  "predicted_vital_signs": {
    "pao2_fio2_ratio": [
      300.0,
      280.0,
      260.0,
      240.0,
      220.0,
      200.0,
      180.0,
      160.0
    ],
    "platelet": [
      150.0,
      140.0,
      130.0,
      120.0,
      110.0,
      100.0,
      90.0,
      80.0
    ],
    "bilirubin_total": [
      1.2,
      1.4,
      1.6,
      1.8,
      2.0,
      2.2,
      2.4,
      2.6
    ],
    "vasopressor_rate": [
      0.0,
      0.1,
      0.2,
      0.3,
      0.4,
      0.5,
      0.6,
      0.7
    ],
    "gcs_total": [
      15.0,
      14.0,
      13.0,
      12.0,
      11.0,
      10.0,
      9.0,
      8.0
    ],
    "creatinine": [
      1.0,
      1.2,
      1.4,
      1.6,
      1.8,
      2.0,
      2.2,
      2.4
    ],
    "urine_output_ml": [
      2000.0,
      1800.0,
      1600.0,
      1400.0,
      1200.0,
      1000.0,
      800.0,
      600.0
    ],
    "mechanical_ventilation": [
      0.0,
      0.0,
      1.0,
      1.0,
      1.0,
      1.0,
      1.0,
      1.0
    ]
  },
  "confidence_score": 0.35,
  "evaluation": {
    "success": true,
    "model_output": "Thinking...\n好，我来仔细分析一下这个预测数据的合理性。\n\n首先，患者是一个48岁的男性，体重93.9kg，刚入住ICU。监测数据显示生命体征相对稳定：心率维持在105次/分，收缩压和舒张压分别是89mmHg和70mmHg，体温正常，呼吸频率为15次/分，血氧饱和度99%。SOFA评分显示入院时总分为0，后来有波动，最高到11分。\n\n预测的干预措施是密切监测血压和器官灌注，不使用血管活性药物，并评估感染性休克风险。那么预测的数据包括：\n\n1. **氧合指数(pao2_fio2_ratio)**：从359降到最低160，这个趋势是否合理？正常范围通常大于300mmHg，降到200以下可能表示呼吸功能恶化。\n\n2. **血小板计数(platelet)**：从58下降到80，这看起来不一致。入院时血小板是低的，预测显示逐渐上升到150，这可能合理，因为干预措施可能会改善凝血状态。\n\n3. **总胆红素(bilirubin_total)**：从11.7降到最低1.2，这明显不合理，因为高胆红素通常表示肝功能问题，短时间内大幅下降不太可能。\n\n4. **血管活性药物使用剂量(vasopressor_rate)**：逐渐增加到0.7μg/kg/min。由于计划中未使用这些药物，这种增加与预期不符，可能不正确。\n\n5. **格拉斯哥昏迷评分(gcs_total)**：从15降到8，这表明神经系统恶化，但患者入院时GCS是正常的，突然下降不合理。\n\n6. **血清肌酐(creatinine)**：从0.8上升到2.4，显示肾功能恶化。在无干预下，可能出现这种情况，但如果监测和治疗得当，可能不会有这么大的增长。\n\n7. **尿量(urine_output_ml)**：从50增加到2000ml，这不合理，因为高尿量通常与利尿或补液过多有关，而入院时有低尿量，突然大量排尿不常见。\n\n8. **机械通气(mechanical_ventilation)**：第3次测量开始使用，但预测显示逐渐增加，这可能合理，如果呼吸功能恶化的话。\n\n总体来看，各项指标的变化趋势有些合理，有些则明显不合理。特别是胆红素的大幅下降和GCS评分的突然降低，不符合临床实际情况。血管活性药物的使用与计划不符，尿量的剧烈变化也不太现实。因此，整体数据的可信度较低。\n...done thinking.\n\n置信度评分：0.35\n\n分析：\n\n1. **氧合指数(pao2_fio2_ratio)**：从入院时的359降到预测最低160，显示呼吸功能恶化。虽然在无干预情况下可能下降，但幅度较大，合理性较低。\n\n2. **血小板计数(platelet)**：逐渐上升到正常范围合理，尤其如果治疗有效改善凝血状态。\n\n3. **总胆红素(bilirubin_total)**：从11.7降至1.2不合理，肝功能急剧好转的可能性极低，且初始值高表明问题存在，短时间内下降不现实。\n\n4. **血管活性药物使用剂量(vasopressor_rate)**：计划中无使用，但预测显示增加，与预期不符，影响可信度。\n\n5. **格拉斯哥昏迷评分(gcs_total)**：从15降至8不合理，神经系统急剧恶化缺乏依据，尤其是在入院时状态正常的情况下。\n\n6. **血清肌酐(creatinine)**：逐步上升至2.4合理，但若无干预，可能不会这么快增长，需更多临床证据支持。\n\n7. **尿量(urine_output_ml)**：从低到高急剧增加不合理，通常与治疗或补液有关，但短时间内大量排尿不常见。\n\n8. **机械通气(mechanical_ventilation)**：逐步使用合理，若呼吸功能恶化则可能需要。\n\n整体趋势显示部分指标变化合理，但胆红素、GCS和尿量的变化明显不符合临床实际，血管活性药物的增加与计划不符。因此，预测结果的可信度较低。",
    "error": null
  },
  "key_reasons": [
    "首先，患者是一个48岁的男性，体重93.9kg，刚入住ICU。监测数据显示生命体征相对稳定：心率维持在105次/分，收缩压和舒张压分别是89mmHg和70mmHg，体温正常，呼吸频率为15次/分，血氧饱和度99%。SOFA评分显示入院时总分为0，后来有波动，最高到11分。",
    "2. 血小板计数(platelet)：从58下降到80，这看起来不一致。入院时血小板是低的，预测显示逐渐上升到150，这可能合理，因为干预措施可能会改善凝血状态。",
    "3. 总胆红素(bilirubin_total)：从11.7降到最低1.2，这明显不合理，因为高胆红素通常表示肝功能问题，短时间内大幅下降不太可能。"
  ]
}