{
  "timestamp": "2025-12-25 13:42:11",
  "model_name": "deepseek-r1:32b",
  "prediction_model_name": "deepseek-r1:32b",
  "patient_id": "32675591",
  "input_description": "ICU住院编号 32675591，对应患者编号 18455034，65岁女性，体重60.8kg。监测持续时间为 0 小时（共 7 次测量，每4小时一次）：【生命体征】心率变化：[131.5, 131.5]（单位：次/分）收缩压变化：[102.0, 102.0]（单位：mmHg）舒张压变化：[78.5, 78.5]（单位：mmHg）体温变化：[99.5, 99.5]（单位：℃）呼吸频率变化：[18.5, 18.5]（单位：次/分）血氧饱和度变化：[99.5, 99.5]（单位：%）平均动脉压变化：[86.33, 86.33]（单位：mmHg）【SOFA评分相关特征】氧合指数变化：[158.79, 158.79, 158.79, 158.79, 158.79, 158.79, 158.79]（单位：mmHg）机械通气使用情况：[0, 0, 0, 0, 0, 0, 0]（单位：）血小板计数变化：[157.0, 157.0, 157.0, 157.0, 157.0, 157.0, 157.0]（单位：×10³/μL）总胆红素变化：[0.6, 0.6, 0.6, 0.6, 0.6, 0.6, 0.6]（单位：mg/dL）血管活性药物使用剂量：[0.0, 0.0, 0.0, 0.0, 0.0, 0.05, 0.05]（单位：μg/kg/min）格拉斯哥昏迷评分变化：[15, 15, 15, 15, 15, 10, 10]（单位：分）血清肌酐变化：[0.8, 0.8, 0.8, 0.8, 0.8, 0.8, 0.8]（单位：mg/dL）尿量变化：[0.0, 0.0, 0.0, 0.0, 0.0, 25.0, 25.0]（单位：mL）【疾病评分】SOFA总分变化：[0, 0, 0, 0, 0, 5, 5]（单位：分）SIRS评分变化：[0, 0, 0, 0, 0, 3, 3]（单位：分）",
  "intervention": "立即启动去甲肾上腺素输注，初始剂量为0.1μg·kg⁻¹·min⁻¹，根据血压反应调整至最大0.06μg·kg⁻¹·min⁻¹，剂量调整间隔4小时，密切监测血压和器官灌注，评估8小时内发生感染性休克的风险",
  "evaluator_trust": {
    "a": 0.29999999999999966,
    "counterfactual_runs": 14,
    "dynamic_confidence": 0.5647711523246383,
    "total_confidence": 0.6313853394651121
  },
  "prediction_trust": {
    "a": 0.29999999999999966,
    "counterfactual_runs": 14,
    "dynamic_confidence": 0.5647711523246383,
    "total_confidence": 0.6313853394651121
  },
  "predicted_vital_signs": {
    "pao2_fio2_ratio": [
      200.0,
      210.0,
      220.0,
      230.0,
      240.0,
      250.0,
      260.0,
      270.0
    ],
    "platelet": [
      100.0,
      95.0,
      90.0,
      85.0,
      80.0,
      75.0,
      70.0,
      65.0
    ],
    "bilirubin_total": [
      2.0,
      2.2,
      2.4,
      2.6,
      2.8,
      3.0,
      3.2,
      3.4
    ],
    "vasopressor_rate": [
      0.1,
      0.09,
      0.08,
      0.07,
      0.06,
      0.05,
      0.04,
      0.03
    ],
    "gcs_total": [
      12.0,
      13.0,
      14.0,
      15.0,
      15.0,
      15.0,
      15.0,
      15.0
    ],
    "creatinine": [
      1.5,
      1.6,
      1.7,
      1.8,
      1.9,
      2.0,
      2.1,
      2.2
    ],
    "urine_output_ml": [
      500.0,
      550.0,
      600.0,
      650.0,
      700.0,
      750.0,
      800.0,
      850.0
    ],
    "mechanical_ventilation": [
      1.0,
      1.0,
      1.0,
      1.0,
      1.0,
      1.0,
      1.0,
      1.0
    ]
  },
  "confidence_score": 0.6,
  "evaluation": {
    "success": true,
    "model_output": "Thinking...\n好，我现在要评估预测的SOFA相关指标数据合理性。首先，我得仔细看看提供的信息。\n\n患者是一位65岁的女性，在ICU住院，编号是32675591，体重60.8kg。监测持续时间只有0小时，共测量了7次，每4小时一次。生命体征方面，心率稳定在131.5bpm，收缩压和舒张压分别维持在102mmHg和78.5mmHg，体温99.5℃，呼吸频率18.5次/分，血氧饱和度99.5%。平均动脉压是86.33mmHg。\n\nSOFA相关特征显示，氧合指数一直稳定在158.79mmHg，没有使用机械通气（都是0），血小板计数157×10³/μL，总胆红素0.6mg/dL。血管活性药物使用剂量一开始是0，后来两次测量到0.05μg/kg/min。格拉斯哥昏迷评分开始都是15分，最后两次降到10分。血清肌酐稳定在0.8mg/dL，尿量开始五次都是0mL，之后两次25mL。\n\nSOFA总分一直是0，直到第六第七次测量到5分。SIRS评分也是从0到3。\n\n干预措施是立即启动去甲肾上腺素输注，初始剂量0.1μg/kg/min，根据血压调整，最大0.06。密切监测血压和器官灌注，评估8小时内感染性休克风险。\n\n预测的SOFA指标变化包括：\n- pao2_fio2_ratio从200到270mmHg\n- platelet从100降到65×10³/μL\n- bilirubin_total从2.0升至3.4mg/dL\n- vasopressor_rate从0.1降到0.03μg/kg/min\n- gcs_total从12升到15分\n- creatinine从1.5升到2.2mg/dL\n- urine_output_ml从500升至850mL\n- mechanical_ventilation一直为1，即使用了机械通气\n\n现在分析合理性：\n\n首先，各项指标是否在合理范围内：\n- pao2_fio2_ratio在预测中是逐渐增加的，这可能表明氧合改善。但正常范围通常大于200mmHg，所以初始值200是可以的。\n- 血小板计数从157降到65，这个下降幅度较大，尤其是短期内，可能有问题，因为血小板减少可能意味着出血风险或其他并发症，这与休克治疗是否有关？\n- 胆红素上升到3.4mg/dL属于轻度升高，可能合理。\n- 血管活性药物剂量从0.1降到0.03，这表明病情有所改善，血压稳定。\n- GCS从12升至15，显示意识状态好转。\n- 肌酐上升到2.2，可能肾功能受损，但患者初始肌酐是0.8，现在升高可能因为脱水或其他原因，需注意。\n- 尿量急剧增加到850mL，这可能是因为补液或肾脏恢复，但需要时间过程是否合理。\n\n干预措施的预期效果：\n去甲肾上腺素用于提升血压，改善循环。如果使用后循环好转，那么氧合可能改善，血小板可能下降吗？或者治疗感染性休克可能导致凝血问题，从而血小板减少？\n\n各系统指标协调性：\n- 呼吸：pao2_fio2上升，可能呼吸功能好转。\n- 循环：vasopressor rate下降，说明循环稳定，血压改善。\n- 肾脏：肌酐上升但尿量增加，这有点矛盾。通常肌酐升高可能意味着肾功能恶化，而大量尿液可能显示肾脏排泄能力恢复，这两者需要协调。\n\n整体趋势是否符合临床预期：\n患者在干预后出现意识好转（GCS上升），血压稳定（vasopressor减少），氧合改善。但血小板下降和肌酐上升可能提示其他问题，比如凝血功能障碍或肾功能恶化。\n\n数据的时间序列合理性：\n各项指标的变化幅度是否合理？比如尿量从0升到850，这在短时间内可能吗？通常需要补液或其他治疗逐渐起效，所以这个跳跃式增加可能不合理。同样，肌酐突然升高也需注意，是否有其他因素导致。\n\n数值精确度：\n大部分数据都是小数点后一位或两位，符合临床习惯。\n\n综合以上分析，预测中存在一些矛盾点，如尿量和肌酐的变化趋势不一致，血小板下降过快可能不合理。此外，干预措施预期改善循环，但SOFA中的肾功能指标却显示恶化，这可能有问题。\n...done thinking.\n\n置信度评分：0.6\n\n分析：\n1. **各项指标范围合理性**：大多数指标在合理范围内，如pao2_fio2_ratio和vasopressor rate的变化。然而，血小板计数下降过快且显著，肌酐升高伴随尿量增加可能不协调。\n\n2. **干预措施效果**：去甲肾上腺素的使用预期改善循环，这与vasopressor rate减少一致，但可能导致其他系统如肾脏的影响需进一步验证。\n\n3. **各系统指标协调性**：呼吸功能改善（pao2_fio2上升）和循环稳定（vasopressor减少）合理，但肾功能指标肌酐升高与尿量增加矛盾。\n\n4. **时间序列变化**：尿量从0到850的突然增加在短时间内可能不合理，缺乏渐进性调整过程的支持。\n\n5. **数值精确度**：数据点的精度符合临床标准，但某些趋势需要进一步验证。\n\n综上所述，预测结果部分合理，但存在一些不协调和过快变化的情况，影响整体可信度。",
    "error": null
  },
  "key_reasons": [
    "好，我现在要评估预测的SOFA相关指标数据合理性。首先，我得仔细看看提供的信息。",
    "SOFA相关特征显示，氧合指数一直稳定在158.79mmHg，没有使用机械通气（都是0），血小板计数157×10³/μL，总胆红素0.6mg/dL。血管活性药物使用剂量一开始是0，后来两次测量到0.05μg/kg/min。格拉斯哥昏迷评分开始都是15分，最后两次降到10分。血清肌酐稳定在0.8mg/dL，尿量开始五次都是0mL，之后两次25mL。",
    "SOFA总分一直是0，直到第六第七次测量到5分。SIRS评分也是从0到3。"
  ]
}