{
  "timestamp": "2025-12-25 13:17:51",
  "model_name": "deepseek-r1:32b",
  "prediction_model_name": "qwen3:30b",
  "patient_id": "32092423",
  "input_description": "ICU住院编号 32092423，对应患者编号 19670665，42岁女性，体重80.48571428571428kg。监测持续时间为 0 小时（共 7 次测量，每4小时一次）：【生命体征】心率变化：[89.0, 89.0]（单位：次/分）收缩压变化：[98.4, 98.4]（单位：mmHg）舒张压变化：[84.0, 84.0]（单位：mmHg）体温变化：[98.7, 98.7]（单位：℃）呼吸频率变化：[20.75, 20.75]（单位：次/分）血氧饱和度变化：[99.5, 99.5]（单位：%）平均动脉压变化：[88.8, 88.8]（单位：mmHg）【SOFA评分相关特征】氧合指数变化：[144.83, 144.83, 144.83, 144.83, 144.83, 144.83, 144.83]（单位：mmHg）机械通气使用情况：[0, 0, 0, 0, 0, 0, 0]（单位：）血小板计数变化：[22.0, 22.0, 43.0, 44.5, 44.5, 44.5, 44.5]（单位：×10³/μL）总胆红素变化：[9.0, 9.0, 7.3, 7.3, 7.3, 7.3, 7.3]（单位：mg/dL）血管活性药物使用剂量：[0.0, 0.0, 0.0, 0.0, 0.0, 0.0, 0.0]（单位：μg/kg/min）格拉斯哥昏迷评分变化：[15, 15, 15, 15, 15, 15, 15]（单位：分）血清肌酐变化：[2.9, 3.1, 2.6, 1.9, 1.9, 1.9, 1.9]（单位：mg/dL）尿量变化：[0.0, 0.0, 0.0, 0.0, 0.0, 75.0, 75.0]（单位：mL）【疾病评分】SOFA总分变化：[8, 8, 0, 0, 5, 7, 7]（单位：分）SIRS评分变化：[1, 1, 0, 0, 1, 2, 2]（单位：分）",
  "intervention": "无血管活性药物干预措施，建议密切监测血压和器官灌注，评估8小时内发生感染性休克的风险",
  "evaluator_trust": {
    "a": 0.4499999999999996,
    "counterfactual_runs": 11,
    "dynamic_confidence": 0.5212344842122639,
    "total_confidence": 0.6407472655735431
  },
  "prediction_trust": {
    "a": 0.4499999999999996,
    "counterfactual_runs": 11,
    "dynamic_confidence": 1.0,
    "total_confidence": 0.9080868160862128
  },
  "predicted_vital_signs": {
    "pao2_fio2_ratio": [
      250.0,
      240.0,
      230.0,
      220.0,
      210.0,
      200.0,
      190.0,
      180.0
    ],
    "platelet": [
      22.0,
      20.0,
      18.0,
      16.0,
      14.0,
      12.0,
      10.0,
      8.0
    ],
    "bilirubin_total": [
      9.0,
      9.5,
      10.0,
      10.5,
      11.0,
      11.5,
      12.0,
      12.5
    ],
    "vasopressor_rate": [
      0.0,
      0.0,
      0.0,
      0.0,
      0.0,
      0.1,
      0.2,
      0.3
    ],
    "gcs_total": [
      12.0,
      11.0,
      10.0,
      9.0,
      8.0,
      7.0,
      6.0,
      5.0
    ],
    "creatinine": [
      3.1,
      3.3,
      3.5,
      3.7,
      3.9,
      4.1,
      4.3,
      4.5
    ],
    "urine_output_ml": [
      800.0,
      750.0,
      700.0,
      650.0,
      600.0,
      550.0,
      500.0,
      450.0
    ],
    "mechanical_ventilation": [
      0.0,
      0.0,
      0.0,
      0.0,
      0.0,
      1.0,
      1.0,
      1.0
    ]
  },
  "confidence_score": 0.25,
  "evaluation": {
    "success": true,
    "model_output": "Thinking...\n好的，我现在需要根据提供的信息评估预测的SOFA相关指标数据的合理性。首先，我得仔细阅读用户给出的数据和要求。\n\n患者是42岁女性，入院前的一些生命体征看起来比较稳定，比如心率、血压等都没有明显波动。但她的血清肌酐值有所变化，从2.9到1.9 mg/dL，这可能表明肾脏功能在好转或者有其他原因导致的变化。SOFA评分的初始情况是8分，之后降到了0分，然后又上升到5和7分，这显示出病情有一定的波动。\n\n预测的干预措施是密切监测血压和器官灌注，并评估感染性休克的风险，同时没有使用血管活性药物。这意味着预期中患者的状况可能会有所改善或保持稳定，但同时也需要关注可能的变化趋势。\n\n接下来，我得逐个分析预测的SOFA相关指标：\n\n1. **氧合指数（pao2_fio2_ratio）**：从入院前的约145 mmHg开始，预测中逐渐下降到180再到更低。不过，正常情况下，这个指数应该在更高水平，比如200以上被认为是正常的，所以这个趋势可能不太合理，尤其是在没有使用机械通气的情况下。\n\n2. **血小板计数（platelet）**：从22开始持续下降，这可能会引起出血风险增加，但在预测中，患者的机械通气情况后来变为1，这可能意味着需要进行插管等操作，进而影响血小板。不过，血小板的下降幅度是否合理还需要考虑其他因素。\n\n3. **总胆红素（bilirubin_total）**：逐渐上升，从9到12.5 mg/dL，这可能表明肝功能异常，但需要结合其他指标来看是否有合理性。\n\n4. **血管活性药物使用剂量（vasopressor_rate）**：最初为0，后来开始增加，这可能是病情恶化的信号，但由于干预措施中没有使用这些药物，这种变化可能不太符合预期。\n\n5. **格拉斯哥昏迷评分（gcs_total）**：从12开始逐渐下降到5分，这表明意识状态恶化。虽然SOFA评分中的神经系统部分涉及GCS，但这样的快速下降是否合理呢？需要考虑是否有其他因素导致神经功能恶化。\n\n6. **血清肌酐（creatinine）**：逐渐上升，这可能与肾脏功能恶化有关，尤其是在尿量增加的情况下，这似乎有些矛盾。尿量从0到75再到更高的数值，但血清肌酐却在上升，这可能表明肾小球滤过率下降或其他问题。\n\n7. **尿量（urine_output_ml）**：预测中尿量显著增加，达到800 mL，随后逐渐减少。虽然这是好的迹象，但如果肾脏功能正常化了，血清肌酐应该会下降，而不是上升，这可能存在矛盾。\n\n8. **机械通气使用情况（mechanical_ventilation）**：从0到1，意味着患者在后续时间点开始需要机械通气支持。这可能是因为氧合指数下降，但之前患者的氧气饱和度一直很好，所以突然需要机械通气是否合理呢？\n\n接下来，我得考虑这些指标之间的逻辑一致性。例如，尿量增加通常与肾脏功能改善有关，但血清肌酐上升则表明肾功能恶化，这两者似乎不一致。氧合指数下降可能意味着呼吸功能恶化，但患者刚开始并没有使用机械通气，直到后期才开始使用，这可能合理，但如果其他指标没有相应支持，可能有问题。\n\n血管活性药物的使用剂量逐渐增加，而干预措施中并未使用这些药物，所以这个预测结果与预期不符。另外，GCS评分的持续下降可能表明神经系统恶化，但需要有相应的病因来解释这一点，比如颅内压升高或其他神经损伤。\n\n数值方面，大部分指标的单位是正确的，但血小板和肌酐的变化幅度是否合理？血小板从22降到8，这可能过低；肌酐从3.1到4.5 mg/dL，虽然上升，但如果尿量增加，应该有所改善才对。这可能表明肾功能恶化，但需要其他指标支持。\n\n时间序列数据方面，各项指标的变化幅度是否合理？比如GCS评分每小时下降1分，这样在8小时内降到5分，这速度较快，通常神经系统恶化的速度不会这么快，除非有急性事件发生，如脑水肿或颅内出血。但患者入院前的情况似乎没有这样的迹象。\n\n综合以上分析，这些预测指标的合理性存在较多问题，尤其是尿量与肌酐的矛盾，氧合指数下降与机械通气开始使用的逻辑性，以及GCS评分和血管活性药物使用的变化趋势不符合预期的干预措施。因此，置信度应该较低。\n...done thinking.\n\n置信度评分：0.25\n\n### 分析结果：\n\n1. **各项SOFA相关指标数值合理性分析**：\n   - 氧合指数（pao2_fio2_ratio）：预测值从250逐渐下降到180，这可能表明氧合状况逐步恶化。然而，在没有机械通气的情况下，氧合指数的这种变化趋势是否合理需要进一步验证。\n   - 血小板计数（platelet）：血小板数量持续减少，最低降至8.0 ×10³/μL，这在医学上可能表明出血风险增加或骨髓抑制。然而，患者没有使用血管活性药物，且SOFA评分中循环部分评分为0，这种趋势是否合理需要进一步确认。\n   - 总胆红素（bilirubin_total）：总胆红素逐步上升至12.5 mg/dL，这可能表明肝功能异常或胆道梗阻。然而，在患者监测数据中没有明确的肝脏疾病信息，这种变化是否合理需进一步分析。\n   - 血管活性药物使用剂量（vasopressor_rate）：血管活性药物使用剂量从0增加到0.3 μg/kg/min，这可能表明循环支持需求增加。然而，干预措施中未计划使用血管活性药物，这种趋势是否合理需要进一步评估。\n   - 格拉斯哥昏迷评分（gcs_total）：格拉斯哥昏迷评分逐步下降至5分，这可能表明神经系统功能恶化。然而，在患者监测数据中没有明确的神经系统损伤信息，这种变化是否合理需进一步分析。\n   - 血清肌酐（creatinine）：血清肌酐逐步上升至4.5 mg/dL，这可能表明肾功能恶化。然而，尿量从0增加到800 mL，这可能表明肾脏排泄功能改善，这两者的变化趋势是否存在矛盾需进一步评估。\n   - 尿量（urine_output_ml）：尿量逐步减少至450 mL，这可能表明肾脏排泄功能恶化。然而，在患者监测数据中没有明确的肾脏疾病信息，这种变化是否合理需要进一步确认。\n   - 机械通气使用情况（mechanical_ventilation）：机械通气从0增加到1，这可能表明呼吸支持需求增加。然而，在预测数据中氧合指数逐步下降，这种变化趋势是否合理需要进一步分析。\n\n2. **干预措施的预期效果与SOFA相关指标变化趋势逻辑一致性**：\n   - 干预措施为密切监测血压和器官灌注，评估8小时内发生感染性休克的风险。\n   - 从预测结果来看，氧合指数逐步下降、血管活性药物使用剂量增加、格拉斯哥昏迷评分下降、血清肌酐上升等指标可能表明患者病情恶化。然而，这些变化是否与干预措施的预期效果一致需要进一步分析。\n\n3. **SOFA评分各组件之间的逻辑一致性**：\n   - 呼吸功能（氧合指数）逐步恶化。\n   - 循环功能（血管活性药物使用剂量增加）需求增加。\n   - 肾脏功能（血清肌酐上升，尿量减少）可能恶化。\n   - 神经系统功能（格拉斯哥昏迷评分下降）可能恶化。\n   - 肝脏功能（总胆红素上升）可能异常。\n\n4. **整体趋势是否符合临床改善的预期**：\n   - 从预测结果来看，患者的病情似乎逐步恶化，这与干预措施的预期效果可能存在矛盾。因此，这种变化趋势是否符合临床改善的预期需要进一步分析。\n\n5. **数据的单位统一性**：\n   - 所有指标的单位均使用正确的医学单位（如血压为mmHg，心率为bpm等），符合要求。\n\n6. **时间序列数据合理性**：\n   - 相邻时间点之间的变化幅度是否符合临床实际需要进一步分析。例如，血管活性药物使用剂量从0增加到0.3 μg/kg/min，血小板计数从22.0 ×10³/μL降至8.0 ×10³/μL等变化幅度是否合理需进一步确认。\n\n7. **数值的精确度合理性**：\n   - 体温、心率等指标的数值精度符合临床常规记录标准，例如体温精确到小数点后1位，血压整数即可。\n\n### 结论：\n\n综合分析预测结果，各项SOFA相关指标的变化趋势在逻辑上存在一定的矛盾，部分指标的变化幅度和方向可能不符合临床实际。因此，对这些预测结果的置信度评分为0.25。",
    "error": null
  },
  "key_reasons": [
    "好的，我现在需要根据提供的信息评估预测的SOFA相关指标数据的合理性。首先，我得仔细阅读用户给出的数据和要求。",
    "患者是42岁女性，入院前的一些生命体征看起来比较稳定，比如心率、血压等都没有明显波动。但她的血清肌酐值有所变化，从2.9到1.9 mg/dL，这可能表明肾脏功能在好转或者有其他原因导致的变化。SOFA评分的初始情况是8分，之后降到了0分，然后又上升到5和7分，这显示出病情有一定的波动。",
    "3. 总胆红素（bilirubin_total）：逐渐上升，从9到12.5 mg/dL，这可能表明肝功能异常，但需要结合其他指标来看是否有合理性。"
  ]
}