{
  "timestamp": "2026-03-06 17:02:10",
  "model_name": "deepseek-r1:32b",
  "prediction_model_name": "qwen3:30b",
  "patient_id": "32675591",
  "input_description": "ICU住院编号 32675591，对应患者编号 18455034，65岁女性，体重60.8kg。监测持续时间为 0 小时（共 7 次测量，每4小时一次）：【生命体征】心率变化：[131.5, 131.5]（单位：次/分）收缩压变化：[102.0, 102.0]（单位：mmHg）舒张压变化：[78.5, 78.5]（单位：mmHg）体温变化：[99.5, 99.5]（单位：℃）呼吸频率变化：[18.5, 18.5]（单位：次/分）血氧饱和度变化：[99.5, 99.5]（单位：%）平均动脉压变化：[86.33, 86.33]（单位：mmHg）【SOFA评分相关特征】氧合指数变化：[158.79, 158.79, 158.79, 158.79, 158.79, 158.79, 158.79]（单位：mmHg）机械通气使用情况：[0, 0, 0, 0, 0, 0, 0]（单位：）血小板计数变化：[157.0, 157.0, 157.0, 157.0, 157.0, 157.0, 157.0]（单位：×10³/μL）总胆红素变化：[0.6, 0.6, 0.6, 0.6, 0.6, 0.6, 0.6]（单位：mg/dL）血管活性药物使用剂量：[0.0, 0.0, 0.0, 0.0, 0.0, 0.05, 0.05]（单位：μg/kg/min）格拉斯哥昏迷评分变化：[15, 15, 15, 15, 15, 10, 10]（单位：分）血清肌酐变化：[0.8, 0.8, 0.8, 0.8, 0.8, 0.8, 0.8]（单位：mg/dL）尿量变化：[0.0, 0.0, 0.0, 0.0, 0.0, 25.0, 25.0]（单位：mL）【疾病评分】SOFA总分变化：[0, 0, 0, 0, 0, 5, 5]（单位：分）SIRS评分变化：[0, 0, 0, 0, 0, 3, 3]（单位：分）",
  "intervention": "立即启动去甲肾上腺素输注，初始剂量为0.1μg·kg⁻¹·min⁻¹，根据血压反应调整至最大0.06μg·kg⁻¹·min⁻¹，剂量调整间隔4小时，密切监测血压和器官灌注，评估8小时内发生感染性休克的风险",
  "evaluator_trust": {
    "a": 0.2,
    "counterfactual_runs": 18,
    "dynamic_confidence": 0.20325117431467604,
    "total_confidence": 0.3199646280103178
  },
  "prediction_trust": {
    "a": 0.2,
    "counterfactual_runs": 18,
    "dynamic_confidence": 0.5862437103477209,
    "total_confidence": 0.6281446643164936
  },
  "predicted_vital_signs": {
    "pao2_fio2_ratio": [
      320.0,
      300.0,
      280.0,
      260.0,
      240.0,
      220.0,
      200.0,
      180.0
    ],
    "platelet": [
      145.0,
      135.0,
      125.0,
      115.0,
      105.0,
      95.0,
      85.0,
      75.0
    ],
    "bilirubin_total": [
      1.3,
      1.5,
      1.7,
      1.9,
      2.1,
      2.3,
      2.5,
      2.7
    ],
    "vasopressor_rate": [
      0.05,
      0.055,
      0.06,
      0.06,
      0.06,
      0.06,
      0.06,
      0.06
    ],
    "gcs_total": [
      10.0,
      9.5,
      9.0,
      8.5,
      8.0,
      7.5,
      7.0,
      6.5
    ],
    "creatinine": [
      1.1,
      1.3,
      1.5,
      1.7,
      1.9,
      2.1,
      2.3,
      2.5
    ],
    "urine_output_ml": [
      1900.0,
      1700.0,
      1500.0,
      1300.0,
      1100.0,
      900.0,
      700.0,
      500.0
    ],
    "mechanical_ventilation": [
      0.0,
      0.0,
      0.0,
      1.0,
      1.0,
      1.0,
      1.0,
      1.0
    ]
  },
  "confidence_score": 0.3,
  "evaluation": {
    "success": true,
    "model_output": "Thinking...\n好，我来仔细分析一下这个预测结果的合理性。\n\n首先，患者是一个65岁的女性，体重60.8kg，入院前监测数据显示生命体征相对稳定，SOFA评分为0分，说明她的器官功能良好。接下来，计划实施去甲肾上腺素输注，初始剂量为0.1μg/kg/min，然后调整到最大0.06μg/kg/min，每4小时调整一次。这个措施主要是为了提升血压和改善循环。\n\n预测的数据包括多个SOFA相关指标的变化趋势，我需要逐一评估这些变化是否合理。\n\n1. **氧合指数（pao2_fio2_ratio）**：从320降到180，这表明患者的氧合情况在恶化。然而，患者入院前并没有使用机械通气，而且氧合指数很高，说明她的呼吸功能良好。如果她没有感染或肺部问题，突然的氧合下降不太合理。因此，这部分数据可能有问题。\n\n2. **血小板计数（platelet）**：从145降到75，这样的快速下降可能表明有凝血功能障碍或其他严重疾病，比如败血症。但患者入院前没有相关症状，且干预措施主要是针对循环支持，血小板的急剧下降不太符合预期。\n\n3. **总胆红素（bilirubin_total）**：从1.3升到2.7，这表明肝功能可能受损。但是患者的初始数据中胆红素很低，没有肝脏问题的迹象，短期内快速上升可能不太合理，除非有明确的原因如肝损伤或溶血。\n\n4. **血管活性药物使用剂量（vasopressor_rate）**：从0.05逐渐增加到0.06，这个趋势合理，因为随着血压的变化，调整剂量是常见的做法。\n\n5. **格拉斯哥昏迷评分（gcs_total）**：从10降到6.5，这表明神经系统状态恶化。患者入院前GCS为15，干预后突然下降可能意味着颅内压增高或其他神经系统问题，但没有相关信息支持这一点，所以不太合理。\n\n6. **血清肌酐（creatinine）**：从1.1升到2.5，肾功能恶化。这可能与循环支持不足或肾脏受损有关，但如果去甲肾上腺素使用得当，应该不会导致如此严重的肾功能下降。\n\n7. **尿量（urine_output_ml）**：从1900降到500，这是一个显著的减少，可能意味着肾脏灌注不足。虽然使用血管活性药物可能影响尿量，但这种快速下降需要考虑是否合理，特别是如果其他指标如肌酐也上升的话。\n\n8. **机械通气使用情况（mechanical_ventilation）**：从0到1，这表示开始使用机械通气，但患者的氧合指数在恶化，所以可能需要。然而，入院前数据中患者没有呼吸问题，因此启动机械通气的时机和原因需要考虑是否合理。\n\n综合来看，这些指标的变化趋势显示出多个器官系统同时恶化的迹象，但在缺乏明确诱因的情况下，这种多系统的快速恶化不太符合临床预期。特别是氧合指数、血小板、GCS等指标的快速变化，在没有明显诱因的情况下显得不合理。\n\n此外，数据的时间序列上，有些指标的变化幅度较大，例如尿量在短时间内减少超过1000ml，这在临床上可能不太常见。同时，各个系统的恶化似乎缺乏协调性，比如循环改善但肾脏功能却恶化，这种情况需要更详细的解释。\n\n整体来说，虽然部分指标如血管活性药物剂量和机械通气启动是合理的，但其他指标的变化趋势显得过于悲观且缺乏逻辑一致性。这使得预测结果的可信度较低。\n...done thinking.\n\n置信度评分：0.3\n\n详细分析：\n\n1. **氧合指数（pao2_fio2_ratio）**：\n   - 患者入院前没有使用机械通气，氧合指数很高，表明呼吸功能良好。预测中氧合指数持续下降至180，这可能表明呼吸功能恶化。然而，缺乏明确的诱因如感染或肺部疾病，使得这一变化不太合理。\n\n2. **血小板计数（platelet）**：\n   - 血小板从145快速降至75，提示凝血功能障碍或其他严重问题。但入院前数据中没有相关迹象，且干预措施主要是循环支持，因此这种急剧下降不合理。\n\n3. **总胆红素（bilirubin_total）**：\n   - 从1.3升至2.7，表明肝功能可能受损。然而，初始数据未显示肝脏问题，短期内快速上升缺乏合理解释。\n\n4. **血管活性药物使用剂量（vasopressor_rate）**：\n   - 剂量逐步增加到0.06，符合临床调整逻辑，这部分合理。\n\n5. **格拉斯哥昏迷评分（gcs_total）**：\n   - GCS从10降至6.5，神经功能恶化，但缺乏明确原因，与入院前数据不符。\n\n6. **血清肌酐（creatinine）**：\n   - 肌酐快速上升至2.5，肾功能恶化。虽然循环支持可能影响肾脏，但没有明显诱因导致如此严重的损伤。\n\n7. **尿量（urine_output_ml）**：\n   - 尿量显著减少，可能与肾脏灌注不足有关，但这种急剧变化缺乏合理解释。\n\n8. **机械通气使用情况（mechanical_ventilation）**：\n   - 启用机械通气合理，但在无明确呼吸问题的情况下启动时机存疑。\n\n总体而言，预测结果显示出多个系统同时恶化的趋势，缺乏合理的诱因和逻辑一致性。部分指标的变化幅度较大且不符合临床实际，导致整体可信度较低。",
    "error": null
  },
  "key_reasons": [
    "首先，患者是一个65岁的女性，体重60.8kg，入院前监测数据显示生命体征相对稳定，SOFA评分为0分，说明她的器官功能良好。接下来，计划实施去甲肾上腺素输注，初始剂量为0.1μg/kg/min，然后调整到最大0.06μg/kg/min，每4小时调整一次。这个措施主要是为了提升血压和改善循环。",
    "3. 总胆红素（bilirubin_total）：从1.3升到2.7，这表明肝功能可能受损。但是患者的初始数据中胆红素很低，没有肝脏问题的迹象，短期内快速上升可能不太合理，除非有明确的原因如肝损伤或溶血。",
    "4. 血管活性药物使用剂量（vasopressor_rate）：从0.05逐渐增加到0.06，这个趋势合理，因为随着血压的变化，调整剂量是常见的做法。"
  ]
}