{
  "timestamp": "2025-12-25 13:33:48",
  "model_name": "deepseek-r1:32b",
  "prediction_model_name": "gemma3:12b",
  "patient_id": "32154852",
  "input_description": "ICU住院编号 32154852，对应患者编号 12653149，47岁男性，体重64.55kg。监测持续时间为 0 小时（共 7 次测量，每4小时一次）：【生命体征】心率变化：[107.0, 107.0]（单位：次/分）收缩压变化：[100.33, 100.33]（单位：mmHg）舒张压变化：[80.33, 80.33]（单位：mmHg）体温变化：[99.2, 99.2]（单位：℃）呼吸频率变化：[24.33, 24.33]（单位：次/分）血氧饱和度变化：[100.0, 100.0]（单位：%）平均动脉压变化：[87.0, 87.0]（单位：mmHg）【SOFA评分相关特征】氧合指数变化：[353.0, 353.0, 353.0, 353.0, 353.0, 353.0, 353.0]（单位：mmHg）机械通气使用情况：[0, 0, 0, 0, 0, 0, 0]（单位：）血小板计数变化：[226.0, 197.5, 90.33, 46.25, 46.25, 46.25, 46.25]（单位：×10³/μL）总胆红素变化：[22.2, 3.3, 3.3, 3.3, 3.3, 3.3, 3.3]（单位：mg/dL）血管活性药物使用剂量：[0.0, 0.0, 0.0, 0.0, 0.0, 0.0, 0.0]（单位：μg/kg/min）格拉斯哥昏迷评分变化：[15, 15, 15, 15, 15, 15, 15]（单位：分）血清肌酐变化：[1.0, 1.2, 1.2, 1.2, 1.2, 1.2, 1.2]（单位：mg/dL）尿量变化：[0.0, 0.0, 0.0, 0.0, 0.0, 150.0, 150.0]（单位：mL）【疾病评分】SOFA总分变化：[0, 5, 0, 0, 2, 7, 7]（单位：分）SIRS评分变化：[0, 0, 0, 1, 1, 3, 3]（单位：分）",
  "intervention": "无血管活性药物干预措施，建议密切监测血压和器官灌注，评估8小时内发生感染性休克的风险",
  "evaluator_trust": {
    "a": 0.34999999999999964,
    "counterfactual_runs": 13,
    "dynamic_confidence": 0.5600101594100357,
    "total_confidence": 0.6393930585940327
  },
  "prediction_trust": {
    "a": 0.34999999999999964,
    "counterfactual_runs": 13,
    "dynamic_confidence": 0.49492465165603317,
    "total_confidence": 0.5980341740008388
  },
  "predicted_vital_signs": {
    "pao2_fio2_ratio": [
      280.0,
      250.0,
      220.0,
      190.0,
      160.0,
      130.0,
      100.0,
      70.0
    ],
    "platelet": [
      120.0,
      100.0,
      80.0,
      60.0,
      40.0,
      20.0,
      10.0,
      5.0
    ],
    "bilirubin_total": [
      1.5,
      2.0,
      2.5,
      3.0,
      3.5,
      4.0,
      4.5,
      5.0
    ],
    "vasopressor_rate": [
      0.0,
      0.0,
      0.1,
      0.2,
      0.3,
      0.4,
      0.5,
      0.6
    ],
    "gcs_total": [
      14.0,
      13.0,
      12.0,
      11.0,
      10.0,
      9.0,
      8.0,
      7.0
    ],
    "creatinine": [
      1.1,
      1.3,
      1.5,
      1.7,
      1.9,
      2.1,
      2.3,
      2.5
    ],
    "urine_output_ml": [
      1800.0,
      1600.0,
      1400.0,
      1200.0,
      1000.0,
      800.0,
      600.0,
      400.0
    ],
    "mechanical_ventilation": [
      0.0,
      0.0,
      1.0,
      1.0,
      1.0,
      1.0,
      1.0,
      1.0
    ]
  },
  "confidence_score": 0.3,
  "evaluation": {
    "success": true,
    "model_output": "Thinking...\n好的，我来仔细看看这个评估任务。首先，用户提供了一个患者的ICU入院前数据和计划实施的干预措施，以及预测的SOFA相关指标变化。我需要根据这些信息分析预测结果的合理性。\n\n第一步是理解患者的基本情况。这位47岁男性体重64.55kg，监测时间虽短但有七次测量，每四小时一次。生命体征包括心率、血压、体温等，看起来相对稳定。SOFA评分变化显示他可能在入院后出现了器官功能的变化，特别是肾脏和呼吸方面。\n\n接下来，计划的干预措施是密切监测血压和器官灌注，评估感染性休克风险，没有使用血管活性药物。预测的数据包括氧合指数、血小板、胆红素、血管活性药物剂量等多个指标的变化趋势。\n\n首先分析各项SOFA相关指标是否在合理范围内。比如，氧合指数从353降到70，这个下降幅度较大，可能反映呼吸功能恶化。血小板计数持续下降到5，这明显低于正常范围，可能存在严重出血风险。总胆红素上升到5.0，超过正常值，提示肝功能受损。\n\n然后看干预措施的预期效果与指标变化是否一致。因为没有使用血管活性药物，所以血管活性药物剂量逐步增加可能不合理，特别是从0增加到0.6。这可能意味着病情恶化需要药物支持，但与无干预措施矛盾。\n\n再评估各SOFA组件之间的协调性。预测中呼吸功能（氧合指数下降）、循环功能（血管活性药物增加）和肾功能（肌酐上升、尿量减少）都在恶化，而GCS评分也在下降，显示神经系统受累。这些指标的恶化是否一致？如果患者没有感染性休克，这些变化可能不太合理。\n\n整体趋势是否符合临床改善预期？预测中大部分指标在恶化，尤其是氧合指数和血小板急剧下降，这与干预措施预期的监测和评估风险不符。通常，在密切监测下，病情恶化应有所控制或至少不迅速恶化。\n\n数据单位方面，各项指标如mmHg、mg/dL等看起来正确。时间序列上，每次测量间隔4小时，预测是8个时间点，但有些指标的变化幅度较大，比如血管活性药物剂量每步增加0.1，这在短期内是否合理？通常，这类药物调整较为谨慎。\n\n数值的精确度方面，大部分指标如体温、血压等都保留了一位小数或整数，符合临床记录习惯。但血小板计数从226降到5，似乎过于剧烈，可能不符合实际变化速度。\n\n综合来看，预测结果中有些指标的变化趋势与干预措施预期不一致，特别是血管活性药物的使用和氧合指数的快速下降。这些因素可能导致整体置信度较低。\n...done thinking.\n\n置信度评分：0.3\n\n分析：\n1. **各项SOFA相关指标数值合理性**：\n   - 氧合指数（PaO2/FiO2）从353.0下降到70.0，虽然在合理范围内，但下降幅度较大且迅速，可能反映呼吸功能恶化。\n   - 血小板计数（platelet）从226.0下降到5.0，尽管在医学上血小板计数可以如此低，但在没有明显病因的情况下，这种急剧下降不太常见。\n   - 总胆红素（bilirubin_total）从1.5上升到5.0，这在合理范围内，但需注意是否有肝功能异常的证据。\n   - 血管活性药物使用剂量（vasopressor_rate）逐步增加，虽然在医学上可能合理，但从0开始逐渐增加，但在没有明显低血压或休克的情况下，这种变化可能不太常见。\n   - 格拉斯哥昏迷评分（gcs_total）从14.0下降到7.0，这在医学上是合理的，但需要结合其他指标来看是否符合整体病情。\n   - 血清肌酐（creatinine）逐渐上升，这是合理的，尤其是在肾脏功能受损的情况下。\n   - 尿量（urine_output_ml）逐渐减少，这也是合理的，尤其是在肾脏功能恶化的情况下。\n\n2. **干预措施的预期效果与SOFA相关指标变化趋势的逻辑一致性**：\n   - 干预措施是密切监测血压和器官灌注，并评估感染性休克的风险。然而，预测数据中血管活性药物使用剂量逐步增加，这表明可能需要更多的支持治疗，但没有使用血管活性药物干预措施。\n   - 氧合指数的下降和格拉斯哥昏迷评分的下降可能与病情恶化有关，但这些变化是否符合预期的感染性休克风险评估尚不清楚。\n\n3. **SOFA评分各组件之间的逻辑一致性**：\n   - 呼吸功能（氧合指数）逐渐恶化，循环功能（血管活性药物使用剂量增加）、肾功能（血清肌酐上升和尿量减少）、神经系统功能（格拉斯哥昏迷评分下降）也在恶化。这些变化在一定程度上是协调的，表明可能有全身性器官功能障碍。\n\n4. **整体趋势是否符合临床改善的预期**：\n   - 预测数据中大多数指标的趋势显示病情在恶化，例如氧合指数下降、血小板计数减少、总胆红素增加等。这与干预措施的预期效果（密切监测并评估感染性休克风险）不完全一致，因为通常在这种情况下，病情可能会趋于稳定或有所改善。\n\n5. **时间序列数据的合理性**：\n   - 预测的数据是基于8个时间点，每4小时一次，总共32小时。从数据的变化趋势来看，一些指标的变化幅度较大（如血管活性药物使用剂量、血小板计数），这在短时间内可能不太合理。\n\n6. **数值的精确度是否合理**：\n   - 除了某些指标外，大多数指标的数值单位和精度是合理的。例如，血压和心率的单位正确，但某些指标的变化幅度较大，如血管活性药物使用剂量从0.0增加到0.6 μg/kg/min，这在短时间内可能不太常见。\n\n综合以上分析，预测结果中部分指标的变化趋势与预期不符，且一些变化幅度较大，导致整体置信度较低。",
    "error": null
  },
  "key_reasons": [
    "好的，我来仔细看看这个评估任务。首先，用户提供了一个患者的ICU入院前数据和计划实施的干预措施，以及预测的SOFA相关指标变化。我需要根据这些信息分析预测结果的合理性。",
    "第一步是理解患者的基本情况。这位47岁男性体重64.55kg，监测时间虽短但有七次测量，每四小时一次。生命体征包括心率、血压、体温等，看起来相对稳定。SOFA评分变化显示他可能在入院后出现了器官功能的变化，特别是肾脏和呼吸方面。",
    "然后看干预措施的预期效果与指标变化是否一致。因为没有使用血管活性药物，所以血管活性药物剂量逐步增加可能不合理，特别是从0增加到0.6。这可能意味着病情恶化需要药物支持，但与无干预措施矛盾。"
  ]
}