{
  "timestamp": "2025-12-25 13:13:51",
  "model_name": "deepseek-r1:32b",
  "prediction_model_name": "gemma3:12b",
  "patient_id": "32092423",
  "input_description": "ICU住院编号 32092423，对应患者编号 19670665，42岁女性，体重80.48571428571428kg。监测持续时间为 0 小时（共 7 次测量，每4小时一次）：【生命体征】心率变化：[89.0, 89.0]（单位：次/分）收缩压变化：[98.4, 98.4]（单位：mmHg）舒张压变化：[84.0, 84.0]（单位：mmHg）体温变化：[98.7, 98.7]（单位：℃）呼吸频率变化：[20.75, 20.75]（单位：次/分）血氧饱和度变化：[99.5, 99.5]（单位：%）平均动脉压变化：[88.8, 88.8]（单位：mmHg）【SOFA评分相关特征】氧合指数变化：[144.83, 144.83, 144.83, 144.83, 144.83, 144.83, 144.83]（单位：mmHg）机械通气使用情况：[0, 0, 0, 0, 0, 0, 0]（单位：）血小板计数变化：[22.0, 22.0, 43.0, 44.5, 44.5, 44.5, 44.5]（单位：×10³/μL）总胆红素变化：[9.0, 9.0, 7.3, 7.3, 7.3, 7.3, 7.3]（单位：mg/dL）血管活性药物使用剂量：[0.0, 0.0, 0.0, 0.0, 0.0, 0.0, 0.0]（单位：μg/kg/min）格拉斯哥昏迷评分变化：[15, 15, 15, 15, 15, 15, 15]（单位：分）血清肌酐变化：[2.9, 3.1, 2.6, 1.9, 1.9, 1.9, 1.9]（单位：mg/dL）尿量变化：[0.0, 0.0, 0.0, 0.0, 0.0, 75.0, 75.0]（单位：mL）【疾病评分】SOFA总分变化：[8, 8, 0, 0, 5, 7, 7]（单位：分）SIRS评分变化：[1, 1, 0, 0, 1, 2, 2]（单位：分）",
  "intervention": "无血管活性药物干预措施，建议密切监测血压和器官灌注，评估8小时内发生感染性休克的风险",
  "evaluator_trust": {
    "a": 0.4499999999999996,
    "counterfactual_runs": 11,
    "dynamic_confidence": 0.5212344842122639,
    "total_confidence": 0.6407472655735431
  },
  "prediction_trust": {
    "a": 0.4499999999999996,
    "counterfactual_runs": 11,
    "dynamic_confidence": 0.46095231888092375,
    "total_confidence": 0.6088092545016159
  },
  "predicted_vital_signs": {
    "pao2_fio2_ratio": [
      280.0,
      250.0,
      220.0,
      190.0,
      160.0,
      130.0,
      100.0,
      70.0
    ],
    "platelet": [
      180.0,
      160.0,
      140.0,
      120.0,
      100.0,
      80.0,
      60.0,
      40.0
    ],
    "bilirubin_total": [
      1.0,
      1.2,
      1.4,
      1.6,
      1.8,
      2.0,
      2.2,
      2.4
    ],
    "vasopressor_rate": [
      0.0,
      0.0,
      0.0,
      0.1,
      0.2,
      0.3,
      0.4,
      0.5
    ],
    "gcs_total": [
      15.0,
      14.0,
      13.0,
      12.0,
      11.0,
      10.0,
      9.0,
      7.0
    ],
    "creatinine": [
      0.8,
      1.0,
      1.2,
      1.4,
      1.6,
      1.8,
      2.0,
      2.2
    ],
    "urine_output_ml": [
      2200.0,
      2000.0,
      1800.0,
      1600.0,
      1400.0,
      1200.0,
      1000.0,
      800.0
    ],
    "mechanical_ventilation": [
      0.0,
      0.0,
      0.0,
      1.0,
      1.0,
      1.0,
      1.0,
      1.0
    ]
  },
  "confidence_score": 0.5,
  "evaluation": {
    "success": true,
    "model_output": "Thinking...\n好的，我现在要根据提供的信息评估预测SOFA相关指标数据的合理性。首先，我需要仔细阅读并理解所有给定的数据和要求。\n\n患者的基本情况是42岁女性，ICU住院编号32092423，体重80.48571428571428kg。入院前监测持续时间为0小时，共7次测量，每4小时一次。生命体征显示心率稳定在89次/分，收缩压98.4mmHg，舒张压84mmHg，体温98.7℃，呼吸频率20.75次/分，血氧饱和度99.5%。平均动脉压88.8mmHg，这些数值看起来都比较稳定，没有显著波动。\n\nSOFA评分相关特征方面，氧合指数为144.83mmHg，机械通气未使用（均为0）。血小板计数从22.0开始逐渐上升到44.5×10³/μL。总胆红素从9.0mg/dL下降到7.3mg/dL。血管活性药物剂量均为0，说明没有使用升压药。格拉斯哥昏迷评分为15分，正常。血清肌酐波动较大，从2.9mg/dL降到1.9mg/dL，尿量从0增加到75mL。\n\nSOFA总分变化为[8,8,0,0,5,7,7]分，SIRS评分变化为[1,1,0,0,1,2,2]分。计划的干预措施是密切监测血压和器官灌注，评估感染性休克风险，没有使用血管活性药物。\n\n预测的SOFA相关指标包括：pao2_fio2_ratio从280下降到70mmHg，血小板从180降到40×10³/μL，总胆红素逐渐增加到2.4mg/dL。血管活性药剂量开始为0，逐渐上升到0.5μg/kg/min。GCS评分从15下降到7分。肌酐从0.8升至2.2mg/dL，尿量从2200降到800mL。机械通气从无到有。\n\n现在我需要分析这些预测指标是否合理：\n\n1. **数值范围**：血小板计数通常正常范围在150-450×10³/μL，预测值从180下降到40，40过低，可能不合理。pao2_fio2_ratio下降幅度大，70mmHg可能表示严重低氧，但患者未使用机械通气早期是否合理？总胆红素增加到2.4mg/dL，在正常范围内（通常<1.2），但超过可能提示肝功能异常。血管活性药物开始为0，逐渐增加，这与干预措施中提到的无用药相矛盾，因为预测用了。GCS下降至7分表示意识状态恶化，可能合理，但需要其他指标配合。肌酐上升到2.2mg/dL，显示肾功能恶化，尿量减少支持这一点。\n\n2. **逻辑一致性**：干预措施是密切监测，未使用药物。然而，预测中血管活性药开始使用，这与计划不符，可能不合理。同时，pao2下降明显，是否需要机械通气？在第3小时开始使用机械通气，但此时pao2_fio2_ratio已经降到190，可能过低才启动，逻辑上合理。\n\n3. **各系统协调性**：循环方面血管活性药物增加，GCS下降提示神经系统恶化。呼吸功能氧合指数下降，尿量减少和肌酐上升提示肾脏问题。这些指标的变化是否相互关联？例如，循环恶化影响肾灌注，导致肌酐升高和尿量减少；低氧可能影响多器官功能。\n\n4. **整体趋势**：预测显示患者状况逐渐恶化，SOFA评分增加，这可能符合感染性休克的风险评估，但需要看变化幅度是否合理。血小板下降过快，可能导致凝血问题，而总胆红素上升可能反映肝损伤或溶血。\n\n5. **时间序列合理性**：各指标的变化是否有突变？例如，血管活性药物在第4小时开始使用，0.1μg/kg/min，逐步增加到0.5。尿量从2200降到800，每小时减少约500mL，这可能太快了，不太合理，因为通常变化不会这么剧烈。\n\n6. **单位和精确度**：大多数指标的单位正确，如血压mmHg，血小板×10³/μL等。肌酐的上升从0.8到2.2，每一步增加0.2mg/dL，合理。尿量每次减少200mL，可能稍快。\n\n综合来看，预测中的某些指标变化可能存在不合理之处，特别是血小板过低、血管活性药物使用与干预措施不一致，以及尿量变化幅度较大。同时，pao2下降速度较快是否合理？此外，GCS评分从15降到7分，是否有其他支持因素，如颅内压升高或其他神经系统损伤的指标？\n\n另外，患者入院前的数据中，SOFA总分有波动，但预测中的SOFA评分是否会根据这些指标变化而相应调整？例如，pao2下降可能增加呼吸功能部分的得分，血小板减少影响凝血，肌酐上升和尿量减少影响肾脏，GCS下降影响神经系统，这些都会导致SOFA评分整体上升。\n\n考虑到以上因素，预测结果中存在一些不一致或不合理之处，特别是血管活性药物使用与计划不符，以及某些指标的变化速度过快。因此，置信度可能较低。\n...done thinking.\n\n置信度评分：0.5\n\n分析理由：\n\n1. **数值范围**：\n   - 血小板计数预测值从180降到40×10³/μL，40过低，不合理。\n   - pao2_fio2_ratio下降到70mmHg，合理但可能需要机械通气支持。\n   - 总胆红素增加到2.4mg/dL，在正常范围内，但可能反映肝功能异常。\n   - 血管活性药物使用与计划措施不符，可能不合理。\n\n2. **逻辑一致性**：\n   - 干预措施未使用血管活性药，预测中却逐渐使用，不一致。\n   - 机械通气启动时间合理，pao2下降到190后开始使用。\n\n3. **各系统协调性**：\n   - 循环恶化影响肾功能和神经系统，指标变化相互关联，但需更多支持因素（如颅内压）。\n\n4. **整体趋势**：\n   - 患者状况恶化合理，但部分指标变化过快或不合理。\n\n5. **时间序列合理性**：\n   - 尿量减少幅度较大，可能过于剧烈。\n   - 血管活性药物剂量逐步增加合理，但与计划不符。\n\n综合考虑，预测中存在一些不一致和不合理之处，特别是血管活性药物使用和血小板下降过快，因此置信度为0.5。",
    "error": null
  },
  "key_reasons": [
    "好的，我现在要根据提供的信息评估预测SOFA相关指标数据的合理性。首先，我需要仔细阅读并理解所有给定的数据和要求。",
    "SOFA评分相关特征方面，氧合指数为144.83mmHg，机械通气未使用（均为0）。血小板计数从22.0开始逐渐上升到44.5×10³/μL。总胆红素从9.0mg/dL下降到7.3mg/dL。血管活性药物剂量均为0，说明没有使用升压药。格拉斯哥昏迷评分为15分，正常。血清肌酐波动较大，从2.9mg/dL降到1.9mg/dL，尿量从0增加到75mL。",
    "SOFA总分变化为[8,8,0,0,5,7,7]分，SIRS评分变化为[1,1,0,0,1,2,2]分。计划的干预措施是密切监测血压和器官灌注，评估感染性休克风险，没有使用血管活性药物。"
  ]
}