{
  "timestamp": "2025-12-25 11:51:09",
  "model_name": "deepseek-r1:32b",
  "prediction_model_name": "gemma3:12b",
  "patient_id": "30861515",
  "input_description": "ICU住院编号 30861515，对应患者编号 11699026，72岁男性，体重96.5kg。监测持续时间为 0 小时（共 7 次测量，每4小时一次）：【生命体征】心率变化：[86.2, 75.5, 91.0, 74.5, 77.0, 73.2, 73.2]（单位：次/分）收缩压变化：[83.2, 74.25, 81.0, 77.5, 67.2, 73.8, 73.8]（单位：mmHg）舒张压变化：[70.6, 64.75, 71.0, 54.0, 51.2, 57.8, 57.8]（单位：mmHg）体温变化：[36.88, 36.6, 36.5, 35.6, 35.52, 36.06, 36.06]（单位：℃）呼吸频率变化：[17.6, 23.25, 19.0, 19.5, 17.8, 17.6, 17.6]（单位：次/分）血氧饱和度变化：[96.6, 95.25, 97.0, 98.0, 97.8, 97.4, 97.4]（单位：%）平均动脉压变化：[74.8, 67.92, 74.33, 61.83, 56.53, 63.13, 63.13]（单位：mmHg）【SOFA评分相关特征】氧合指数变化：[406.5, 280.08, 280.08, 280.08, 280.08, 280.08, 280.08]（单位：mmHg）机械通气使用情况：[0, 0, 0, 0, 0, 0, 0]（单位：）血小板计数变化：[132.0, 107.0, 113.0, 113.0, 113.0, 113.0, 113.0]（单位：×10³/μL）总胆红素变化：[3.7, 2.4, 1.8, 1.8, 1.8, 1.8, 1.8]（单位：mg/dL）血管活性药物使用剂量：[0.0, 0.0, 0.0, 0.0, 0.0, 0.0, 0.0]（单位：μg/kg/min）格拉斯哥昏迷评分变化：[15, 14, 15, 15, 15, 7, 7]（单位：分）血清肌酐变化：[1.6, 2.5, 2.8, 2.8, 2.8, 2.8, 2.8]（单位：mg/dL）尿量变化：[325.0, 35.0, 40.0, 110.0, 50.0, 80.0, 80.0]（单位：mL）【疾病评分】SOFA总分变化：[4, 5, 3, 6, 4, 10, 10]（单位：分）SIRS评分变化：[1, 1, 1, 2, 1, 1, 1]（单位：分）",
  "intervention": "无血管活性药物干预措施，建议密切监测血压和器官灌注，评估8小时内发生感染性休克的风险",
  "evaluator_trust": {
    "a": 0.7999999999999998,
    "counterfactual_runs": 4,
    "dynamic_confidence": 0.5273743113911853,
    "total_confidence": 0.7349296165125445
  },
  "prediction_trust": {
    "a": 0.7999999999999998,
    "counterfactual_runs": 4,
    "dynamic_confidence": 0.39893402286000146,
    "total_confidence": 0.7114054341135256
  },
  "predicted_vital_signs": {
    "pao2_fio2_ratio": [
      250.0,
      230.0,
      210.0,
      190.0,
      170.0,
      150.0,
      130.0,
      110.0
    ],
    "platelet": [
      180.0,
      160.0,
      140.0,
      120.0,
      100.0,
      0.0,
      0.0,
      0.0
    ],
    "bilirubin_total": [
      1.8,
      2.2,
      2.6,
      3.0,
      3.4,
      3.8,
      4.2,
      4.6
    ],
    "vasopressor_rate": [
      0.0,
      0.0,
      0.0,
      0.0,
      0.0,
      0.0,
      0.0,
      0.0
    ],
    "gcs_total": [
      12.0,
      11.0,
      10.0,
      9.0,
      8.0,
      7.0,
      6.0,
      5.0
    ],
    "creatinine": [
      1.1,
      9.5,
      1.9,
      2.3,
      2.7,
      3.1,
      3.5,
      3.9
    ],
    "urine_output_ml": [
      1500.0,
      1200.0,
      900.0,
      600.0,
      300.0,
      0.0,
      0.0,
      0.0
    ],
    "mechanical_ventilation": [
      0.0,
      0.0,
      0.0,
      1.0,
      1.0,
      1.0,
      1.0,
      1.0
    ]
  },
  "confidence_score": 0.4,
  "evaluation": {
    "success": true,
    "model_output": "Thinking...\n好，我现在要评估这个预测SOFA相关指标数据的合理性。首先，我需要仔细阅读和理解提供的患者信息以及预测的数据。\n\n患者是一位72岁的男性，体重96.5kg，在ICU入院前的监测数据显示了一些生命体征的变化，比如心率、血压等。他的SOFA评分在入院时波动较大，从4到10分不等，说明可能有多个器官系统受累。干预措施是密切监测血压和器官灌注，并评估感染性休克的风险，而没有使用血管活性药物。\n\n接下来分析预测的指标变化：\n\n1. **PaO2/FiO2比值**：从入院时的406降到最低110，这似乎合理，因为患者可能出现了呼吸功能恶化。不过，这个下降趋势是否过于陡峭？临床中通常会有一个逐渐的过程，但如果是感染性休克的一部分，这样的变化是有可能的。\n\n2. **血小板计数**：从132升到最高180，随后骤降到0，这不太合理。在没有出血或严重肝病的情况下，血小板不会突然消失。这可能反映了某种错误，或者预测模型有误。\n\n3. **总胆红素**：从3.7逐渐上升到4.6，这是合理的，尤其如果患者有肝脏问题或感染导致的肝功能异常。\n\n4. **血管活性药物使用率**：一直为0，符合干预措施不使用这些药物的情况，合理。\n\n5. **GCS评分**：逐步下降到5，这表明神经系统恶化。虽然在严重情况下可能发生，但这种快速下降可能需要更严重的脑损伤或其他因素支持。\n\n6. **肌酐水平**：初始1.6，波动到9.5后又恢复，然后逐渐上升。这样的变化可能反映了肾功能的恶化和潜在的恢复，但短期内从1.6跳升到9.5不太常见，尤其是在没有明显肾脏损害的情况下。\n\n7. **尿量**：从325降到0，这表明可能出现急性肾损伤或休克导致的少尿或无尿。然而，预测中尿量在第5天开始骤降，之后为0，这可能与循环功能恶化有关，但需要结合其他指标来看是否合理。\n\n8. **机械通气使用**：从第4天开始使用，这是合理的，因为PaO2/FiO2下降到190时可能需要辅助通气支持。\n\n接下来考虑各因素：\n\n- **数值范围合理性**：大部分指标在医学范围内，但血小板和肌酐的变化幅度较大，尤其是血小板突然消失，不合理。\n- **干预措施与SOFA变化的逻辑性**：没有使用血管活性药物，所以循环方面可能依靠其他支持。然而，GCS评分下降和其他系统恶化是否符合感染性休克的预期？\n- **各组件协调性**：呼吸和循环指标恶化（PaO2/FiO2下降，尿量减少）可能与感染性休克有关，但神经系统变化需要更多解释。\n- **整体趋势**：预测显示多个器官功能逐步恶化，这在感染性休克中是可能的。然而，某些指标的变化过于剧烈或不合理，如血小板和肌酐。\n- **时间序列合理性**：大多数指标的趋势是逐渐变化，符合临床情况，但血小板和尿量的骤降缺乏依据。\n\n最后，综合来看，虽然部分指标合理，但存在明显的问题，尤其是血小板突然消失和肌酐的异常波动。这些因素降低了整体预测的可信度。\n...done thinking.\n\n置信度评分：0.4\n\n分析理由：\n\n1. **数值范围合理性**：\n   - PaO2/FiO2比值下降趋势合理，符合呼吸功能恶化的预期。\n   - 血小板计数在正常范围内，但骤降到0不合理，可能反映了模型错误。\n   - 胆红素上升合理，符合肝功能异常的情况。\n   - GCS评分下降过快，缺乏足够依据支持。\n   - 肌酐波动大，尤其是突然升高到9.5，不合理。\n\n2. **干预措施与SOFA变化的逻辑性**：\n   - 未使用血管活性药物，但其他系统如呼吸和肾脏恶化合理，但神经系统的快速恶化缺乏直接关联。\n\n3. **各组件协调性**：\n   - 呼吸和循环指标恶化协调，但神经系统的变化与其他指标不完全一致。\n\n4. **整体趋势**：\n   - 趋势显示多器官功能恶化，符合感染性休克的预期，但部分指标变化过于剧烈或不合理。\n\n5. **时间序列合理性**：\n   - 大多数指标逐步变化合理，但血小板和肌酐的变化突兀，缺乏依据。\n\n综上所述，预测中存在明显不合理的指标变化，尤其是血小板和肌酐的异常波动，降低了整体可信度。",
    "error": null
  },
  "key_reasons": [
    "好，我现在要评估这个预测SOFA相关指标数据的合理性。首先，我需要仔细阅读和理解提供的患者信息以及预测的数据。",
    "患者是一位72岁的男性，体重96.5kg，在ICU入院前的监测数据显示了一些生命体征的变化，比如心率、血压等。他的SOFA评分在入院时波动较大，从4到10分不等，说明可能有多个器官系统受累。干预措施是密切监测血压和器官灌注，并评估感染性休克的风险，而没有使用血管活性药物。",
    "1. PaO2/FiO2比值：从入院时的406降到最低110，这似乎合理，因为患者可能出现了呼吸功能恶化。不过，这个下降趋势是否过于陡峭？临床中通常会有一个逐渐的过程，但如果是感染性休克的一部分，这样的变化是有可能的。"
  ]
}