{
  "timestamp": "2025-12-25 12:02:20",
  "model_name": "deepseek-r1:32b",
  "prediction_model_name": "gemma3:12b",
  "patient_id": "30893431",
  "input_description": "ICU住院编号 30893431，对应患者编号 12214410，49岁男性，体重97.95kg。监测持续时间为 0 小时（共 7 次测量，每4小时一次）：【生命体征】心率变化：[107.6, 105.25, 105.25]（单位：次/分）收缩压变化：[71.6, 68.0, 68.0]（单位：mmHg）舒张压变化：[54.0, 51.0, 51.0]（单位：mmHg）体温变化：[98.95, 99.0, 99.0]（单位：℃）呼吸频率变化：[20.2, 22.5, 22.5]（单位：次/分）血氧饱和度变化：[100.0, 100.0, 100.0]（单位：%）平均动脉压变化：[59.87, 56.67, 56.67]（单位：mmHg）【SOFA评分相关特征】氧合指数变化：[253.08, 212.5, 212.5, 212.5, 212.5, 212.5, 212.5]（单位：mmHg）机械通气使用情况：[0, 0, 0, 0, 0, 0, 0]（单位：）血小板计数变化：[29.0, 37.0, 82.33, 125.6, 103.67, 73.0, 73.0]（单位：×10³/μL）总胆红素变化：[7.4, 8.0, 6.0, 6.0, 6.0, 6.0, 6.0]（单位：mg/dL）血管活性药物使用剂量：[0.0, 0.0, 0.0, 0.0, 0.35, 0.35, 0.35]（单位：μg/kg/min）格拉斯哥昏迷评分变化：[15, 15, 15, 15, 3, 9, 9]（单位：分）血清肌酐变化：[0.5, 1.0, 1.1, 1.1, 1.1, 1.1, 1.1]（单位：mg/dL）尿量变化：[0.0, 0.0, 0.0, 0.0, 325.0, 416.0, 416.0]（单位：mL）【疾病评分】SOFA总分变化：[7, 3, 2, 1, 12, 12, 12]（单位：分）SIRS评分变化：[1, 0, 0, 0, 3, 3, 3]（单位：分）",
  "intervention": "立即启动去甲肾上腺素输注，维持剂量为0.3μg·kg⁻¹·min⁻¹，剂量调整间隔4小时，密切监测血压和器官灌注，剂量呈递减趋势，提示血管反应性改善，评估8小时内发生感染性休克的风险",
  "evaluator_trust": {
    "a": 0.7499999999999998,
    "counterfactual_runs": 5,
    "dynamic_confidence": 0.5527884630923375,
    "total_confidence": 0.7283109478677476
  },
  "prediction_trust": {
    "a": 0.7499999999999998,
    "counterfactual_runs": 5,
    "dynamic_confidence": 0.43934023745428064,
    "total_confidence": 0.7019775245587502
  },
  "predicted_vital_signs": {
    "pao2_fio2_ratio": [
      250.0,
      400.0,
      450.0,
      480.0,
      500.0,
      510.0,
      515.0,
      518.0
    ],
    "platelet": [
      100.0,
      150.0,
      200.0,
      250.0,
      280.0,
      300.0,
      320.0,
      340.0
    ],
    "bilirubin_total": [
      2.5,
      2.0,
      1.8,
      1.6,
      1.4,
      1.2,
      1.0,
      0.8
    ],
    "vasopressor_rate": [
      0.3,
      0.2,
      0.1,
      0.05,
      0.02,
      0.01,
      0.005,
      0.002
    ],
    "gcs_total": [
      8.0,
      10.0,
      12.0,
      13.0,
      14.0,
      14.5,
      15.0,
      15.0
    ],
    "creatinine": [
      2.5,
      2.0,
      1.8,
      1.6,
      1.4,
      1.2,
      1.0,
      0.8
    ],
    "urine_output_ml": [
      500.0,
      800.0,
      1000.0,
      1200.0,
      1400.0,
      1600.0,
      1800.0,
      2000.0
    ],
    "mechanical_ventilation": [
      1.0,
      1.0,
      1.0,
      1.0,
      0.0,
      0.0,
      0.0,
      0.0
    ]
  },
  "confidence_score": 0.75,
  "evaluation": {
    "success": true,
    "model_output": "Thinking...\n好的，我现在需要评估预测的SOFA相关指标数据的合理性。首先，我要仔细阅读患者的信息和干预措施，然后逐一分析预测结果是否合理。\n\n患者是49岁男性，体重较重，ICU入院前监测到生命体征和各项指标的变化。特别是氧合指数波动较大，血小板计数较低，总胆红素正常，血管活性药物剂量逐步增加，GCS评分从15下降到3再恢复到9，说明患者可能有意识状态的变化，肌酐升高，尿量开始为零后来逐渐增加。\n\n计划实施的干预措施是使用去甲肾上腺素维持在0.3μg/kg/min，每4小时调整剂量，并密切监测血压和器官灌注。同时，在8小时内评估感染性休克的风险。这个治疗方案看起来是为了改善循环功能，提高血压和器官灌注。\n\n接下来分析预测的SOFA相关指标变化：\n\n1. **氧合指数（pao2_fio2_ratio）：** 预测值从250到518逐渐上升，这表明呼吸功能在改善。对于患者来说，如果他没有机械通气使用（根据入院前数据是0），那么随着干预措施的实施，氧合指数的提高是合理的。但要注意患者的年龄和体重，是否有其他因素影响氧合。\n\n2. **血小板计数（platelet）：** 预测值从100到340逐步增加，这在医学范围内是合理的，因为血小板低可能与疾病相关，干预措施改善了循环后血小板生成可能恢复。数值变化幅度适中，符合临床预期。\n\n3. **总胆红素（bilirubin_total）：** 从2.5降到0.8，这说明肝功能在好转，但原数据中的总胆红素一直在6mg/dL左右，突然降到2.5可能需要考虑是否有误。因为通常总胆红素的下降不会这么快，尤其是在入院前没有异常的情况下。\n\n4. **血管活性药物剂量（vasopressor_rate）：** 从0.3逐步减少到接近零，这符合干预措施的预期效果，说明患者的循环功能逐渐改善，对药物的需求降低。这是一个积极的信号，支持SOFA评分下降的可能性。\n\n5. **GCS评分（gcs_total）：** 从8上升到15，患者意识状态显著恢复。但入院前GCS最低到了3分，现在预测从8开始逐步提高到15，这可能需要更长时间，特别是如果患者有脑部损伤的话。短时间内GCS快速提升是否合理？要考虑是否存在其他因素影响。\n\n6. **血清肌酐（creatinine）：** 从2.5降到0.8，肾功能明显改善。这与尿量增加是一致的，因为尿量显著提高可能意味着肾脏排泄功能恢复。但肌酐的变化通常不会这么迅速，尤其是在入院前肌酐有所上升的情况下。\n\n7. **尿量（urine_output_ml）：** 从500增加到2000，这表明肾功能改善，尤其是血管活性药物的使用改善了肾脏灌注，导致尿量增多。这样的趋势是合理的，但需要考虑是否有其他因素影响，如液体管理等。\n\n8. **机械通气（mechanical_ventilation）：** 预测开始为1，逐渐转为0，这可能意味着患者在干预后不再需要机械通气。然而，在入院前数据中，机械通气使用情况一直是0，所以是否有必要立即开始机械通气？或者这是预测的反事实数据？\n\n接下来考虑各项因素：\n\n- **医学范围内的数值合理性：** 大多数指标都在合理范围内，但总胆红素和肌酐的下降速度可能过快。血小板上升幅度较大，但也是有可能的。\n- **干预措施与指标变化的一致性：** 去甲肾上腺素用于提升血压，进而改善器官灌注，这在尿量、肌酐、GCS评分等方面都有体现，符合预期效果。\n- **各系统指标的协调性：** 循环功能改善（血管活性药物减少）、呼吸功能提高（氧合指数上升）、肾功能恢复（肌酐下降和尿量增加）这些都是一致的，支持整体改善的趋势。\n- **临床改善预期：** 预测显示各项指标均在改善，符合治疗干预后的预期效果。但需考虑某些指标变化速度是否过快。\n- **时间序列数据合理性：** 每隔4小时的数据，预测了8个时间点，变化幅度适中，没有出现突变情况。\n- **单位和数值精确度：** 所有指标的单位看起来是正确的，数值精度也合理，如体温小数点后一位，血压整数等。\n\n综合考虑，虽然大部分指标的变化趋势合理，但总胆红素和肌酐的下降速度可能过快。此外，GCS评分从8到15的变化是否在短时间内实现需要进一步验证。总体来说，预测的数据基本符合临床预期，但在某些方面可能存在过高估计的情况。\n...done thinking.\n\n置信度评分：0.75\n\n分析理由：\n1. **医学范围合理性**：大部分指标如血小板、血管活性药物剂量和GCS评分的变化均在合理范围内。然而，总胆红素和肌酐的下降速度较快，可能需要进一步验证。\n\n2. **干预措施一致性**：去甲肾上腺素的使用有效改善了循环功能，体现在尿量增加和肌酐下降上，符合预期效果。\n\n3. **系统指标协调性**：呼吸、循环和肾脏功能指标均显示改善趋势，相互支持整体恢复情况。\n\n4. **临床改善预期**：预测数据总体反映积极变化，但某些器官功能的快速恢复可能超出通常预期。\n\n5. **时间序列合理性**：数据每4小时更新，变化幅度适中，无突变现象。\n\n6. **单位和数值精确度**：所有指标单位正确，数值精度合理。\n\n结论：整体预测合理，但在某些生理指标的变化速度上略显激进。置信度评分0.75反映了大部分数据的合理性，同时考虑了潜在过快变化的可能性。",
    "error": null
  },
  "key_reasons": [
    "好的，我现在需要评估预测的SOFA相关指标数据的合理性。首先，我要仔细阅读患者的信息和干预措施，然后逐一分析预测结果是否合理。",
    "患者是49岁男性，体重较重，ICU入院前监测到生命体征和各项指标的变化。特别是氧合指数波动较大，血小板计数较低，总胆红素正常，血管活性药物剂量逐步增加，GCS评分从15下降到3再恢复到9，说明患者可能有意识状态的变化，肌酐升高，尿量开始为零后来逐渐增加。",
    "2. 血小板计数（platelet）： 预测值从100到340逐步增加，这在医学范围内是合理的，因为血小板低可能与疾病相关，干预措施改善了循环后血小板生成可能恢复。数值变化幅度适中，符合临床预期。"
  ]
}