{
  "timestamp": "2025-12-25 11:36:10",
  "model_name": "deepseek-r1:32b",
  "prediction_model_name": "deepseek-r1:32b",
  "patient_id": "30717105",
  "input_description": "ICU住院编号 30717105，对应患者编号 17744715，34岁男性，体重100.0kg。监测持续时间为 0 小时（共 7 次测量，每4小时一次）：【生命体征】心率变化：[131.0, 88.1, 97.29, 109.43, 123.6, 112.25, 112.25]（单位：次/分）收缩压变化：[63.0, 79.0, 81.0, 65.5, 67.0, 67.0, 67.0]（单位：mmHg）舒张压变化：[20.0, 52.0, 68.25, 70.5, 50.0, 53.2, 53.2]（单位：mmHg）体温变化：[65.12, 36.28, 37.37, 37.31, 37.66, 37.66, 37.66]（单位：℃）呼吸频率变化：[30.67, 26.71, 27.25, 23.86, 21.47, 23.25, 23.25]（单位：次/分）血氧饱和度变化：[71.33, 99.86, 100.0, 97.86, 99.93, 98.75, 98.75]（单位：%）平均动脉压变化：[55.67, 71.83, 74.0, 55.17, 57.8, 57.8, 57.8]（单位：mmHg）【SOFA评分相关特征】氧合指数变化：[39.49, 215.75, 155.44, 95.55, 120.08, 96.54, 96.54]（单位：mmHg）机械通气使用情况：[0, 0, 0, 0, 0, 0, 0]（单位：）血小板计数变化：[128.0, 92.5, 107.0, 112.0, 84.5, 70.0, 70.0]（单位：×10³/μL）总胆红素变化：[3.3, 3.1, 3.3, 3.1, 3.4, 3.4, 3.4]（单位：mg/dL）血管活性药物使用剂量：[0.4, 0.9, 0.07, 0.07, 0.18, 0.16, 0.16]（单位：μg/kg/min）格拉斯哥昏迷评分变化：[15, 3, 3, 3, 11, 8, 8]（单位：分）血清肌酐变化：[1.5, 1.8, 1.6, 1.7, 1.75, 1.6, 1.6]（单位：mg/dL）尿量变化：[0.0, 225.0, 470.0, 25.0, 510.0, 600.0, 600.0]（单位：mL）【疾病评分】SOFA总分变化：[8, 10, 10, 10, 8, 9, 9]（单位：分）SIRS评分变化：[3, 3, 3, 3, 3, 3, 3]（单位：分）",
  "intervention": "立即启动去甲肾上腺素输注，初始剂量为0.1μg·kg⁻¹·min⁻¹，根据血压反应调整至最大0.34μg·kg⁻¹·min⁻¹，剂量调整间隔4小时，密切监测血压和器官灌注，剂量呈递增趋势，提示血管反应性下降，评估8小时内发生感染性休克的风险",
  "evaluator_trust": {
    "a": 0.8999999999999999,
    "counterfactual_runs": 2,
    "dynamic_confidence": 0.5574558879936633,
    "total_confidence": 0.7638821873129624
  },
  "prediction_trust": {
    "a": 0.8999999999999999,
    "counterfactual_runs": 2,
    "dynamic_confidence": 0.5574558879936633,
    "total_confidence": 0.7638821873129624
  },
  "predicted_vital_signs": {
    "pao2_fio2_ratio": [
      300.0,
      280.0,
      260.0,
      240.0,
      220.0,
      200.0,
      180.0,
      160.0
    ],
    "platelet": [
      150.0,
      130.0,
      110.0,
      90.0,
      70.0,
      50.0,
      30.0,
      10.0
    ],
    "bilirubin_total": [
      1.2,
      1.4,
      1.6,
      1.8,
      2.0,
      2.2,
      2.4,
      2.6
    ],
    "vasopressor_rate": [
      0.1,
      0.15,
      0.2,
      0.25,
      0.3,
      0.35,
      0.34,
      0.34
    ],
    "gcs_total": [
      13.0,
      12.0,
      11.0,
      10.0,
      9.0,
      8.0,
      7.0,
      6.0
    ],
    "creatinine": [
      1.0,
      1.2,
      1.4,
      1.6,
      1.8,
      2.0,
      2.2,
      2.4
    ],
    "urine_output_ml": [
      2000.0,
      1500.0,
      1000.0,
      800.0,
      600.0,
      400.0,
      200.0,
      100.0
    ],
    "mechanical_ventilation": [
      0.0,
      0.0,
      1.0,
      1.0,
      1.0,
      1.0,
      1.0,
      1.0
    ]
  },
  "confidence_score": 0.45,
  "evaluation": {
    "success": true,
    "model_output": "Thinking...\n好，我现在需要根据提供的患者信息和预测的SOFA相关指标数据，评估这些数据的合理性。首先，我得仔细理解每个部分的信息。\n\n患者是一个34岁的男性，体重100kg，在ICU住院，监测了7次生命体征。从入院前的数据看，他的生命体征有些波动，比如心率较高，收缩压和舒张压也有波动，特别是血压较低的时候可能有休克的风险。氧合指数在第一次测量时非常低（39.49），这说明可能存在严重的呼吸问题或者低氧血症。\n\n现在来看预测的干预措施：使用去甲肾上腺素输注，初始剂量0.1μg/kg/min，逐步增加到最大0.34μg/kg/min。这个药物用于提升血压，改善组织灌注，通常用于休克患者。\n\n接下来分析预测的数据：\n\n1. **氧合指数（pao2_fio2_ratio）**：从8个时间点看，数值在逐渐下降，从300到160。正常情况下，P/F比值高意味着较好的氧合状态。但这里数值是逐步降低的，可能表示呼吸状况恶化，这与干预措施预期提升血压和改善灌注的效果不符，可能会导致SOFA评分中的呼吸部分得分增加，进而总分上升。\n\n2. **血小板计数（platelet）**：从150到10，这个下降趋势在预测中看起来过快，可能提示有严重的出血风险或骨髓抑制。但患者是否有相关疾病背景呢？原数据中血小板最低是70，现在降到10似乎过低，可能不合理。\n\n3. **总胆红素（bilirubin_total）**：逐渐上升到2.6 mg/dL，这在正常范围内，因为总胆红素通常不超过2.0-2.5 mg/dL。但持续上升可能提示肝功能问题或溶血，这需要结合其他指标来看。\n\n4. **血管活性药物剂量（vasopressor_rate）**：逐渐增加到0.34，符合预期的调整趋势，说明血压控制可能不佳，需更高剂量维持。\n\n5. **格拉斯哥昏迷评分（gcs_total）**：从13降到6，这表示意识状态恶化。但原数据中的GCS在入院后有波动，如从15降到3，再回升到8。预测中持续下降可能不合理，特别是如果其他指标有所改善的话。\n\n6. **血清肌酐（creatinine）**：逐步上升到2.4 mg/dL，提示肾功能恶化。这可能与血压控制不佳或肾脏灌注不足有关，但需要考虑尿量的变化是否合理。\n\n7. **尿量（urine_output_ml）**：从2000降到100，这表明肾功能在恶化。然而，使用血管活性药物通常会增加肾脏血流，所以尿量反而可能增多，而这里却减少，可能与肾损伤有关，但需结合肌酐的变化来看是否合理。\n\n8. **机械通气（mechanical_ventilation）**：从不使用到开始使用，这可能是因为氧合指数恶化，患者需要呼吸支持。这在逻辑上是合理的，因为P/F比值下降到200以下通常会考虑插管。\n\n接下来评估各项指标的医学合理性：\n\n- **氧合指数**：从300降到160，在临床中可能意味着患者的肺部情况恶化，但去甲肾上腺素主要用于循环支持，并不一定直接影响呼吸功能。如果同时有感染性休克或其他并发症，可能导致ARDS，进而降低P/F比值，这可能合理。\n\n- **血小板计数**：下降到10×10³/μL过低，通常临床上这种情况较为严重，甚至威胁生命。除非患者有严重的出血或消耗性疾病，否则这种快速下降不太常见。\n\n- **胆红素和肌酐**：胆红素上升可能与肝功能受损有关，而肌酐上升提示肾功能不全。两者结合可能表明多器官衰竭，这在重症患者中是可能的，但需要其他指标配合，比如凝血功能等。\n\n- **血管活性药物剂量**：逐步增加符合临床实践，尤其是在血压不稳定的情况下。\n\n- **GCS评分**：持续下降表示神经系统恶化，可能与低氧、颅内压升高或其他并发症有关。但如果干预措施有效，可能不会持续恶化。\n\n时间序列上的变化幅度：\n\n预测数据中，许多指标的变化在每4小时（假设是间隔）中的变化较大，比如血小板每点减少20，尿量每次减少约250-300ml，这可能不太符合临床实际情况。通常生理参数不会在短时间内剧烈变化，除非有急性事件发生。\n\n数值的精确度：\n\n大部分指标如血压、心率等使用的是整数或一位小数，这是合理的。但部分指标如尿量使用了三位数和两位数，比如2000.0到100.0，这在实际中可能不太常见，因为通常记录为整数值。\n\n综合来看，预测的数据存在一些不合理之处，尤其是血小板下降过快、GCS持续恶化以及氧合指数与干预措施预期效果的不一致。此外，部分指标的变化幅度较大，可能不符合临床时间序列的实际情况。\n...done thinking.\n\n置信度评分：0.45\n\n分析理由：\n\n1. **氧合指数（pao2_fio2_ratio）**：预测中数值逐步下降至160，这可能合理，因为感染性休克可能导致ARDS。然而，去甲肾上腺素主要用于循环支持，若呼吸状况恶化，需结合其他因素如肺部感染来解释。\n\n2. **血小板计数（platelet）**：从150降至10，下降过快且绝对值过低，可能不合理，除非有明确病因。\n\n3. **总胆红素（bilirubin_total）**：逐渐上升合理，提示可能的肝功能问题或溶血。\n\n4. **血管活性药物剂量（vasopressor_rate）**：逐步增加符合预期，显示血压控制需求增加。\n\n5. **格拉斯哥昏迷评分（gcs_total）**：持续下降至6分不合理，除非有明确神经系统恶化的原因，否则干预措施应改善而非恶化状态。\n\n6. **血清肌酐和尿量**：肌酐上升合理提示肾功能恶化，但尿量减少可能与用药效果不符，需进一步评估。\n\n7. **机械通气使用**：从无到用合理，因氧合指数下降可能需要支持。\n\n8. **时间序列和数值精确度**：部分指标变化幅度大且迅速，可能不合理；尿量记录为三位数，不常见。\n\n总体而言，预测数据部分合理，但存在多处逻辑和医学合理性问题，因此置信度较低。",
    "error": null
  },
  "key_reasons": [
    "好，我现在需要根据提供的患者信息和预测的SOFA相关指标数据，评估这些数据的合理性。首先，我得仔细理解每个部分的信息。",
    "1. 氧合指数（pao2_fio2_ratio）：从8个时间点看，数值在逐渐下降，从300到160。正常情况下，P/F比值高意味着较好的氧合状态。但这里数值是逐步降低的，可能表示呼吸状况恶化，这与干预措施预期提升血压和改善灌注的效果不符，可能会导致SOFA评分中的呼吸部分得分增加，进而总分上升。",
    "3. 总胆红素（bilirubin_total）：逐渐上升到2.6 mg/dL，这在正常范围内，因为总胆红素通常不超过2.0-2.5 mg/dL。但持续上升可能提示肝功能问题或溶血，这需要结合其他指标来看。"
  ]
}