{
  "timestamp": "2025-12-25 11:44:19",
  "model_name": "deepseek-r1:32b",
  "prediction_model_name": "qwen3:30b",
  "patient_id": "30835026",
  "input_description": "ICU住院编号 30835026，对应患者编号 11670720，60岁男性，体重95.0kg。监测持续时间为 0 小时（共 7 次测量，每4小时一次）：【生命体征】心率变化：[66.5, 66.5]（单位：次/分）收缩压变化：[78.33, 78.33]（单位：mmHg）舒张压变化：[50.67, 50.67]（单位：mmHg）体温变化：[N/A, N/A]（单位：℃）呼吸频率变化：[15.25, 15.25]（单位：次/分）血氧饱和度变化：[99.75, 99.75]（单位：%）平均动脉压变化：[59.89, 59.89]（单位：mmHg）【SOFA评分相关特征】氧合指数变化：[152.17, 152.17, 152.17, 152.17, 152.17, 152.17, 152.17]（单位：mmHg）机械通气使用情况：[0, 0, 0, 0, 0, 0, 0]（单位：）血小板计数变化：[41.0, 53.0, 71.0, 60.0, 60.0, 60.0, 60.0]（单位：×10³/μL）总胆红素变化：[6.0, 6.0, 6.0, 6.0, 6.0, 6.0, 6.0]（单位：mg/dL）血管活性药物使用剂量：[0.0, 0.0, 0.0, 0.0, 0.0, 0.0, 0.0]（单位：μg/kg/min）格拉斯哥昏迷评分变化：[15, 15, 15, 15, 15, 3, 3]（单位：分）血清肌酐变化：[2.2, 2.2, 2.2, 2.2, 2.2, 2.2, 2.2]（单位：mg/dL）尿量变化：[0.0, 0.0, 0.0, 0.0, 0.0, 200.0, 200.0]（单位：mL）【疾病评分】SOFA总分变化：[0, 0, 3, 2, 2, 12, 12]（单位：分）SIRS评分变化：[0, 0, 1, 0, 0, 0, 0]（单位：分）",
  "intervention": "无血管活性药物干预措施，建议密切监测血压和器官灌注，评估8小时内发生感染性休克的风险",
  "evaluator_trust": {
    "a": 0.8499999999999999,
    "counterfactual_runs": 3,
    "dynamic_confidence": 0.5380724229573974,
    "total_confidence": 0.7495065398175614
  },
  "prediction_trust": {
    "a": 0.8499999999999999,
    "counterfactual_runs": 3,
    "dynamic_confidence": 1.0,
    "total_confidence": 0.8263862081628464
  },
  "predicted_vital_signs": {
    "pao2_fio2_ratio": [
      250.0,
      240.0,
      230.0,
      220.0,
      210.0,
      200.0,
      190.0,
      180.0
    ],
    "platelet": [
      100.0,
      95.0,
      90.0,
      85.0,
      80.0,
      75.0,
      70.0,
      65.0
    ],
    "bilirubin_total": [
      1.5,
      1.7,
      1.9,
      2.1,
      2.3,
      2.5,
      2.7,
      2.9
    ],
    "vasopressor_rate": [
      0.0,
      0.0,
      0.0,
      0.0,
      0.0,
      0.0,
      0.0,
      0.0
    ],
    "gcs_total": [
      12.0,
      11.0,
      10.0,
      9.0,
      8.0,
      7.0,
      6.0,
      5.0
    ],
    "creatinine": [
      1.5,
      1.7,
      1.9,
      2.1,
      2.3,
      2.5,
      2.7,
      2.9
    ],
    "urine_output_ml": [
      1500.0,
      1400.0,
      1300.0,
      1200.0,
      1100.0,
      1000.0,
      900.0,
      800.0
    ],
    "mechanical_ventilation": [
      0.0,
      0.0,
      0.0,
      0.0,
      0.0,
      0.0,
      0.0,
      0.0
    ]
  },
  "confidence_score": 0.75,
  "evaluation": {
    "success": true,
    "model_output": "Thinking...\n嗯，我现在要评估这个预测结果是否合理。首先，我得仔细看看用户提供的所有信息，包括患者的基本情况、入院前的监测数据以及干预措施和预测的指标变化。\n\n患者的ICU住院编号是30835026，对应患者编号11670720，是一位60岁的男性，体重95kg。他被监测了7次，每4小时一次，持续时间为0小时。这可能意味着这是入院后的初始监测数据。\n\n接下来，生命体征显示心率稳定在66.5次/分钟，收缩压是78.33mmHg，舒张压50.67mmHg，体温N/A，呼吸频率15.25次/分，血氧99.75%。这些数据看起来偏低，尤其是血压部分。正常成人的收缩压应该在90-140mmHg之间，而他的收缩压只有78.33，这可能意味着低血压，可能存在休克的情况。\n\nSOFA评分相关特征中，氧合指数一直是152.17mmHg，没有变化。机械通气使用情况为0，说明没有使用。血小板计数在41到71之间波动，这个范围偏低，正常值通常在150-450×10³/μL，所以可能有血小板减少的情况。总胆红素6.0mg/dL，在正常范围内（通常<1.2mg/dL），但这里数值偏高，可能有问题？或者是不是单位搞错了？血管活性药物剂量全为0，说明没有使用升压药。\n\n格拉斯哥昏迷评分开始是15分，后来降到了3分，这表明患者意识状态恶化。血清肌酐稳定在2.2mg/dL，正常值一般在0.6-1.2之间，所以肌酐偏高，可能有肾功能不全。尿量前几次都是0，后来两次是200ml，说明肾脏排尿开始增加。\n\nSOFA总分变化从0到3再到12，这显示病情恶化，尤其是最后两个时间点为12分，提示多器官功能衰竭。SIRS评分则波动不大，但也有一次到了1分。\n\n干预措施是没有使用血管活性药物，而是监测血压和器官灌注，评估感染性休克风险。\n\n预测的指标变化包括：\n- pao2_fio2_ratio从250降到180mmHg\n- 血小板从100降到65×10³/μL\n- 总胆红素逐渐上升到2.9mg/dL\n- 没用血管活性药物\n- GCS总分从12降到5分\n- 肌酐从1.5升到2.9mg/dL\n- 尿量从1500ml逐渐减少到800ml\n- 机械通气仍为0\n\n现在分析合理性：\n\n1. 氧合指数：预测中，氧合指数逐步下降，这可能与呼吸功能恶化有关。正常pao2/fio2比值在>300时为正常，低于200则为ARDS。这里从250降到180，显示病情恶化，合理。\n\n2. 血小板：预测中血小板逐渐下降，这可能与疾病进展或骨髓抑制有关，但初始入院数据中的血小板也有波动，不过预测中的数值在正常范围内逐渐降低，这是合理的。\n\n3. 胆红素：总胆红素从1.5升到2.9，属于轻度升高，可能提示肝功能异常，但数值变化不大，合理。\n\n4. 血管活性药物：没有使用，与干预措施一致，因此预测中的0是正确的。\n\n5. GCS评分：从12降到5分，显示意识状态恶化，这可能与脑功能受损有关，符合SOFA总分的上升趋势，合理。\n\n6. 肌酐：从1.5升到2.9，提示肾功能恶化，这也与尿量的变化一致。初始数据中肌酐已经偏高，预测中的进一步升高合理，因为肾脏负担加重或损伤加剧。\n\n7. 尿量：大量减少，最后只有800ml，这可能显示肾脏排泄能力下降，符合肌酐升高的趋势，但要注意单位是否正确（mL是正确的）。\n\n逻辑一致性方面：\n- 氧合指数下降和GCS评分降低都指向器官功能恶化。\n- 肌酐升高和尿量减少表明肾功能受损，与SOFA评分中的肾脏部分相关。\n- 血小板的减少可能与其他器官如肝脏或骨髓问题有关，但这里没有明显异常。\n\n时间序列合理性：\n- 预测中有8个时间点的数据，每个指标的变化幅度相对平缓，符合临床逐步变化的趋势。例如，pao2/fio2每次降10mmHg，血小板每次降5×10³/μL，胆红素和肌酐各增加0.2mg/dL，GCS每次减1分，尿量每次减少100ml。这些都是在短时间内（可能每小时或每4小时）的变化，幅度适中。\n\n数值精确度：\n- pao2/fio2到小数点后一位是合理的。\n- 血压等指标用整数也合适，但预测中的pao2/fio2用了整数和小数，这需要统一。例如，初始数据中血压是78.33这样的小数，而预测中使用了整数，可能影响一致性。\n\n整体趋势：\n- SOFA评分预期会恶化，因为患者已经出现了多个器官功能指标的异常，如低氧、意识障碍、肾功能不全。因此，预测中的恶化符合临床预期，尤其是在没有干预措施的情况下，病情可能会继续发展。\n\n不过，有几个问题需要注意：\n- 血压初始数据较低（78/50mmHg），这可能提示休克状态，但预测中并未涉及血压变化。\n- 初始尿量从0到200ml，显示肾脏开始排尿，而预测中的尿量反而增加后又下降，这可能与实际病情不符。例如，如果患者肾功能恶化，尿量可能会减少而不是先增后减。\n- 肌酐在初始数据中是2.2mg/dL，预测中从1.5开始，这可能不一致，但用户说明这是反事实数据，所以无需比较入院前数据，这一点可以忽略。\n\n综上所述，大部分指标的变化趋势合理，符合临床逻辑和预期。尽管存在一些小问题，如数值精确度的统一性和尿量变化的方向，但整体预测是可信的。\n...done thinking.\n\n置信度评分：0.75\n\n分析理由：\n1. 各项SOFA相关指标在医学范围内：氧合指数、血小板计数、总胆红素、肌酐和尿量均处于合理区间。尽管初始血压偏低，但预测中未涉及血压变化。\n2. 干预措施与预期效果一致：未使用血管活性药物，预测中各项指标的变化符合病情自然发展的趋势。\n3. 组织一致性：呼吸（氧合指数）、神经（GCS评分）和肾功能（肌酐、尿量）的恶化相互协调，提示多器官功能受损。\n4. 整体趋势合理：SOFA评分恶化，符合临床预期。\n5. 时间序列合理性：各指标变化幅度适中，符合临床实际。\n6. 数值精确度：大部分指标精确合理，但pao2/fio2需统一小数位数。\n\n尽管尿量变化和肌酐初始数据存在疑问，但作为反事实预测，整体趋势可信。",
    "error": null
  },
  "key_reasons": [
    "SOFA评分相关特征中，氧合指数一直是152.17mmHg，没有变化。机械通气使用情况为0，说明没有使用。血小板计数在41到71之间波动，这个范围偏低，正常值通常在150-450×10³/μL，所以可能有血小板减少的情况。总胆红素6.0mg/dL，在正常范围内（通常<1.2mg/dL），但这里数值偏高，可能有问题？或者是不是单位搞错了？血管活性药物剂量全为0，说明没有使用升压药。",
    "格拉斯哥昏迷评分开始是15分，后来降到了3分，这表明患者意识状态恶化。血清肌酐稳定在2.2mg/dL，正常值一般在0.6-1.2之间，所以肌酐偏高，可能有肾功能不全。尿量前几次都是0，后来两次是200ml，说明肾脏排尿开始增加。",
    "SOFA总分变化从0到3再到12，这显示病情恶化，尤其是最后两个时间点为12分，提示多器官功能衰竭。SIRS评分则波动不大，但也有一次到了1分。"
  ]
}