{
  "timestamp": "2025-12-25 11:42:43",
  "model_name": "deepseek-r1:32b",
  "prediction_model_name": "deepseek-r1:32b",
  "patient_id": "30835026",
  "input_description": "ICU住院编号 30835026，对应患者编号 11670720，60岁男性，体重95.0kg。监测持续时间为 0 小时（共 7 次测量，每4小时一次）：【生命体征】心率变化：[66.5, 66.5]（单位：次/分）收缩压变化：[78.33, 78.33]（单位：mmHg）舒张压变化：[50.67, 50.67]（单位：mmHg）体温变化：[N/A, N/A]（单位：℃）呼吸频率变化：[15.25, 15.25]（单位：次/分）血氧饱和度变化：[99.75, 99.75]（单位：%）平均动脉压变化：[59.89, 59.89]（单位：mmHg）【SOFA评分相关特征】氧合指数变化：[152.17, 152.17, 152.17, 152.17, 152.17, 152.17, 152.17]（单位：mmHg）机械通气使用情况：[0, 0, 0, 0, 0, 0, 0]（单位：）血小板计数变化：[41.0, 53.0, 71.0, 60.0, 60.0, 60.0, 60.0]（单位：×10³/μL）总胆红素变化：[6.0, 6.0, 6.0, 6.0, 6.0, 6.0, 6.0]（单位：mg/dL）血管活性药物使用剂量：[0.0, 0.0, 0.0, 0.0, 0.0, 0.0, 0.0]（单位：μg/kg/min）格拉斯哥昏迷评分变化：[15, 15, 15, 15, 15, 3, 3]（单位：分）血清肌酐变化：[2.2, 2.2, 2.2, 2.2, 2.2, 2.2, 2.2]（单位：mg/dL）尿量变化：[0.0, 0.0, 0.0, 0.0, 0.0, 200.0, 200.0]（单位：mL）【疾病评分】SOFA总分变化：[0, 0, 3, 2, 2, 12, 12]（单位：分）SIRS评分变化：[0, 0, 1, 0, 0, 0, 0]（单位：分）",
  "intervention": "无血管活性药物干预措施，建议密切监测血压和器官灌注，评估8小时内发生感染性休克的风险",
  "evaluator_trust": {
    "a": 0.8499999999999999,
    "counterfactual_runs": 3,
    "dynamic_confidence": 0.5380724229573974,
    "total_confidence": 0.7495065398175614
  },
  "prediction_trust": {
    "a": 0.8499999999999999,
    "counterfactual_runs": 3,
    "dynamic_confidence": 0.5380724229573974,
    "total_confidence": 0.7495065398175614
  },
  "predicted_vital_signs": {
    "pao2_fio2_ratio": [
      280.0,
      260.0,
      240.0,
      220.0,
      190.0,
      170.0,
      150.0,
      130.0
    ],
    "platelet": [
      120.0,
      110.0,
      100.0,
      90.0,
      80.0,
      70.0,
      60.0,
      50.0
    ],
    "bilirubin_total": [
      1.4,
      1.6,
      1.8,
      2.0,
      2.3,
      2.5,
      2.7,
      3.0
    ],
    "vasopressor_rate": [
      0.0,
      0.1,
      0.2,
      0.3,
      0.4,
      0.6,
      0.8,
      1.0
    ],
    "gcs_total": [
      13.0,
      12.0,
      11.0,
      10.0,
      9.0,
      8.0,
      7.0,
      6.0
    ],
    "creatinine": [
      1.4,
      1.5,
      1.6,
      1.8,
      2.0,
      2.3,
      2.5,
      2.8
    ],
    "urine_output_ml": [
      1800.0,
      1600.0,
      1400.0,
      1200.0,
      1000.0,
      800.0,
      600.0,
      400.0
    ],
    "mechanical_ventilation": [
      0.0,
      0.0,
      0.0,
      0.0,
      1.0,
      1.0,
      1.0,
      1.0
    ]
  },
  "confidence_score": 0.45,
  "evaluation": {
    "success": true,
    "model_output": "Thinking...\n好，我现在需要评估预测的SOFA相关指标数据的合理性，基于提供的患者信息和干预措施。首先，我会逐一分析每个因素，然后综合判断。\n\n首先看各项指标是否在合理的医学范围内：\n\n1. **氧合指数（pao2_fio2_ratio）**：预测值从280降到130。正常范围通常认为≥300为正常，<200提示低氧血症。这里的趋势显示逐渐下降到较低水平，这可能与呼吸功能恶化有关。\n\n2. **血小板（platelet）**：预测值从120降到50，单位是×10³/μL。正常范围通常在150-450之间，所以这些数值偏低，可能提示有出血风险或骨髓抑制等问题。\n\n3. **总胆红素（bilirubin_total）**：预测值从1.4升到3.0 mg/dL。正常一般<1.2，超过可能表示肝功能异常。这个趋势显示逐渐上升，但增速是否合理需要考虑患者情况。\n\n4. **血管活性药物使用剂量（vasopressor_rate）**：从0增加到1.0 μg/kg/min。这表明随着血压或循环问题恶化，可能需要逐步增加药物用量。\n\n5. **格拉斯哥昏迷评分（gcs_total）**：从13降到6，显示神经系统状况恶化，可能导致意识水平下降。\n\n6. **血清肌酐（creatinine）**：从1.4升到2.8 mg/dL，正常通常<1.0（男性可能稍高），升高提示肾功能恶化。\n\n7. **尿量（urine_output_ml）**：从1800降到400 mL/天。正常大约是1-2 L/天，下降提示少尿或肾功能不全。\n\n8. **机械通气使用情况（mechanical_ventilation）**：前四次为0，后四次为1，显示在第四天开始使用机械通气，这可能与氧合指数下降有关。\n\n接下来，分析干预措施的预期效果是否与指标变化一致。患者没有接受血管活性药物干预，建议监测血压和器官灌注，评估感染性休克风险。但预测中血管活性药物剂量却逐渐增加，这似乎矛盾。因为没有给予干预，所以剂量不应该上升。这一点可能不合理。\n\n然后，检查SOFA各组件之间的逻辑一致性：\n\n- 呼吸功能：氧合指数下降，同时机械通气在第四天开始使用，这符合呼吸恶化的情况。\n- 循环功能：血管活性药物增加，但因为没有给予干预，所以这部分不太合理。\n- 肾功能：肌酐上升和尿量减少显示肾功能恶化，这与循环支持不足可能有关，但由于没有干预措施，情况可能更糟。\n\n整体趋势是否符合临床改善预期？这里的情况显示患者状况逐渐恶化，SOFA评分升高。但因为没有采取血管活性药物干预，所以恶化趋势是可以理解的。然而，机械通气和血管活性药物的使用似乎有所增加，这与建议中的“无干预”不一致。\n\n时间序列数据的变化幅度是否合理：\n\n- 氧合指数每次下降20左右，这可能在短时间内变化较大，但如果是病情恶化的话，可能会更快。\n- 血小板每周减少10，这个速度可能较慢，实际中可能更快速波动。\n- 机械通气在第四天开始使用，是否过晚？如果氧合指数已经降到200以下，可能需要更早干预。\n\n数值的精确度方面：\n\n- 氧合指数和血压等通常保留整数，但预测中的血小板、肌酐等有小数点后一位，这在实际中是合理的。\n- 体温未监测，所以不影响。\n\n最后综合来看，虽然大部分指标趋势合理，但血管活性药物的使用与干预措施相矛盾，导致整体合理性下降。因此，置信度评分可能较低。\n...done thinking.\n\n置信度评分：0.45\n\n分析理由：\n1. **各SOFA相关指标数值**大多在合理的医学范围内，除了血小板和总胆红素变化趋势可能存在不一致或异常情况。\n2. 预测结果与干预措施的预期效果之间缺乏逻辑一致性。例如，尽管没有血管活性药物的使用，但预测结果显示血管活性药物使用剂量逐步增加；机械通气在第4天开始实施，这可能意味着氧合指数过低。\n3. 肾功能恶化（血清肌酐上升）与循环支持不足有关，但由于未给予干预措施，恶化趋势合理。然而，格拉斯哥昏迷评分的快速下降和尿量的急剧减少可能不太符合预期的临床病程。\n4. 一些指标的时间序列变化幅度较大，如氧合指数的逐步降低、血管活性药物剂量的增加以及血小板的逐渐减少，这些在临床上可能会更平缓或有其他伴随症状。此外，预测中尿量的变化趋势可能存在不合理之处（从无尿到突然增加）。\n5. 某些数值的精确度可能超出实际临床监测的常规范围（例如肌酐和总胆红素的小数点后一位）。\n\n综上所述，尽管部分指标的趋势在临床上具有一定的合理性，但整体预测结果存在多处逻辑不一致和不合理之处。因此，置信度评分为0.45。",
    "error": null
  },
  "key_reasons": [
    "好，我现在需要评估预测的SOFA相关指标数据的合理性，基于提供的患者信息和干预措施。首先，我会逐一分析每个因素，然后综合判断。",
    "5. 格拉斯哥昏迷评分（gcs_total）：从13降到6，显示神经系统状况恶化，可能导致意识水平下降。",
    "接下来，分析干预措施的预期效果是否与指标变化一致。患者没有接受血管活性药物干预，建议监测血压和器官灌注，评估感染性休克风险。但预测中血管活性药物剂量却逐渐增加，这似乎矛盾。因为没有给予干预，所以剂量不应该上升。这一点可能不合理。"
  ]
}