{
  "timestamp": "2025-12-25 12:03:50",
  "model_name": "deepseek-r1:32b",
  "prediction_model_name": "deepseek-r1:32b",
  "patient_id": "30893431",
  "input_description": "ICU住院编号 30893431，对应患者编号 12214410，49岁男性，体重97.95kg。监测持续时间为 0 小时（共 7 次测量，每4小时一次）：【生命体征】心率变化：[107.6, 105.25, 105.25]（单位：次/分）收缩压变化：[71.6, 68.0, 68.0]（单位：mmHg）舒张压变化：[54.0, 51.0, 51.0]（单位：mmHg）体温变化：[98.95, 99.0, 99.0]（单位：℃）呼吸频率变化：[20.2, 22.5, 22.5]（单位：次/分）血氧饱和度变化：[100.0, 100.0, 100.0]（单位：%）平均动脉压变化：[59.87, 56.67, 56.67]（单位：mmHg）【SOFA评分相关特征】氧合指数变化：[253.08, 212.5, 212.5, 212.5, 212.5, 212.5, 212.5]（单位：mmHg）机械通气使用情况：[0, 0, 0, 0, 0, 0, 0]（单位：）血小板计数变化：[29.0, 37.0, 82.33, 125.6, 103.67, 73.0, 73.0]（单位：×10³/μL）总胆红素变化：[7.4, 8.0, 6.0, 6.0, 6.0, 6.0, 6.0]（单位：mg/dL）血管活性药物使用剂量：[0.0, 0.0, 0.0, 0.0, 0.35, 0.35, 0.35]（单位：μg/kg/min）格拉斯哥昏迷评分变化：[15, 15, 15, 15, 3, 9, 9]（单位：分）血清肌酐变化：[0.5, 1.0, 1.1, 1.1, 1.1, 1.1, 1.1]（单位：mg/dL）尿量变化：[0.0, 0.0, 0.0, 0.0, 325.0, 416.0, 416.0]（单位：mL）【疾病评分】SOFA总分变化：[7, 3, 2, 1, 12, 12, 12]（单位：分）SIRS评分变化：[1, 0, 0, 0, 3, 3, 3]（单位：分）",
  "intervention": "立即启动去甲肾上腺素输注，维持剂量为0.3μg·kg⁻¹·min⁻¹，剂量调整间隔4小时，密切监测血压和器官灌注，剂量呈递减趋势，提示血管反应性改善，评估8小时内发生感染性休克的风险",
  "evaluator_trust": {
    "a": 0.7499999999999998,
    "counterfactual_runs": 5,
    "dynamic_confidence": 0.5527884630923375,
    "total_confidence": 0.7283109478677476
  },
  "prediction_trust": {
    "a": 0.7499999999999998,
    "counterfactual_runs": 5,
    "dynamic_confidence": 0.5527884630923375,
    "total_confidence": 0.7283109478677476
  },
  "predicted_vital_signs": {
    "pao2_fio2_ratio": [
      280.0,
      290.0,
      300.0,
      310.0,
      320.0,
      330.0,
      340.0,
      350.0
    ],
    "platelet": [
      160.0,
      165.0,
      170.0,
      175.0,
      180.0,
      185.0,
      190.0,
      195.0
    ],
    "bilirubin_total": [
      1.3,
      1.4,
      1.5,
      1.6,
      1.7,
      1.8,
      1.9,
      2.0
    ],
    "vasopressor_rate": [
      0.3,
      0.28,
      0.26,
      0.24,
      0.22,
      0.2,
      0.18,
      0.16
    ],
    "gcs_total": [
      14.0,
      14.5,
      15.0,
      15.0,
      15.0,
      15.0,
      15.0,
      15.0
    ],
    "creatinine": [
      1.2,
      1.18,
      1.16,
      1.14,
      1.12,
      1.1,
      1.08,
      1.06
    ],
    "urine_output_ml": [
      2000.0,
      2100.0,
      2200.0,
      2300.0,
      2400.0,
      2500.0,
      2600.0,
      2700.0
    ],
    "mechanical_ventilation": [
      1.0,
      1.0,
      1.0,
      1.0,
      1.0,
      1.0,
      1.0,
      1.0
    ]
  },
  "confidence_score": 0.8,
  "evaluation": {
    "success": true,
    "model_output": "Thinking...\n好的，我现在要评估预测的SOFA相关指标数据的合理性。首先，我会逐一查看各项指标，检查它们是否在医学范围内，是否有逻辑上的连贯性，以及与干预措施是否一致。\n\n首先看pao2_fio2_ratio（氧合指数），预测值从280到350 mmHg。这看起来是合理的，因为正常情况下，这个比率应该在100-400之间，特别是对于使用机械通气的患者来说，改善的趋势也是合理的。\n\n接下来是血小板计数platelet，预测值从160到195 ×10³/μL。正常范围大约是150到450，所以这些数值在合理范围内，并且呈上升趋势，可能表明骨髓恢复或停止使用影响血小板的因素。\n\n总胆红素bilirubin_total预测值从1.3到2.0 mg/dL。这在正常范围内（通常小于1.2），但接近上限。考虑到患者可能有肝功能问题，轻微升高是合理的。\n\n血管活性药物的剂量vasopressor_rate逐渐减少，从0.3降到0.16 μg/kg/min。这是预期中的效果，因为干预措施包括减少剂量以反映改善的血管反应性。\n\n格拉斯哥昏迷评分gcs_total保持在14到15分，这表明患者意识状态稳定或有所改善，但变化不大，这也符合干预后的恢复情况。\n\n血清肌酐creatinine从1.2降到1.06 mg/dL，显示肾功能改善。正常值大约是0.7-1.3，所以这些数值在合理范围内，并且下降趋势表明肾脏状态好转。\n\n尿量urine_output_ml显著增加到每天2000-2700 mL，这可能过高，因为通常ICU患者的尿量在400-2000 mL/天之间。高尿量可能提示液体过多或其他问题，需要注意。\n\n机械通气使用情况mechanical_ventilation保持为1.0，意味着持续使用，但氧合指数改善，可能需要逐步撤机评估。\n\n总体来看，各项指标的变化趋势符合干预措施的预期效果，如血压稳定、肾功能改善等。然而，尿量偏高可能存在不合理之处，因为正常范围通常不超过2500 mL/天。此外，血小板计数在短时间内快速上升也可能不太常见，除非有明确的原因支持。\n\n综合考虑各项因素，预测数据大部分合理，但尿量和血小板的变化可能需要进一步验证。因此，置信度评分为0.8。\n...done thinking.\n\n置信度评分：0.8\n\n分析：\n1. **氧合指数**（pao2_fio2_ratio）从280到350 mmHg，在合理范围内，改善趋势符合干预效果。\n2. **血小板计数**（platelet）在正常范围，但上升速度较快，可能需要更多信息支持。\n3. **总胆红素**（bilirubin_total）接近上限，轻微升高合理，需关注肝功能。\n4. **血管活性药物剂量**（vasopressor_rate）递减趋势符合预期，显示改善。\n5. **格拉斯哥昏迷评分**（gcs_total）稳定，意识状态良好。\n6. **血清肌酐**（creatinine）下降合理，肾功能改善。\n7. **尿量**（urine_output_ml）偏高，可能需调整液体管理。\n8. **机械通气**持续使用合理，但需评估撤机可能性。\n\n整体趋势符合预期，但部分指标如尿量和血小板变化需进一步验证。",
    "error": null
  },
  "key_reasons": [
    "好的，我现在要评估预测的SOFA相关指标数据的合理性。首先，我会逐一查看各项指标，检查它们是否在医学范围内，是否有逻辑上的连贯性，以及与干预措施是否一致。",
    "首先看pao2_fio2_ratio（氧合指数），预测值从280到350 mmHg。这看起来是合理的，因为正常情况下，这个比率应该在100-400之间，特别是对于使用机械通气的患者来说，改善的趋势也是合理的。",
    "血管活性药物的剂量vasopressor_rate逐渐减少，从0.3降到0.16 μg/kg/min。这是预期中的效果，因为干预措施包括减少剂量以反映改善的血管反应性。"
  ]
}