{
  "timestamp": "2025-12-25 13:47:01",
  "model_name": "deepseek-r1:32b",
  "prediction_model_name": "gemma3:12b",
  "patient_id": "32759002",
  "input_description": "ICU住院编号 32759002，对应患者编号 19425678，28岁男性，体重116.7kg。监测持续时间为 0 小时（共 7 次测量，每4小时一次）：【生命体征】心率变化：[80.67, 80.67]（单位：次/分）收缩压变化：[69.67, 69.67]（单位：mmHg）舒张压变化：[49.67, 49.67]（单位：mmHg）体温变化：[N/A, N/A]（单位：℃）呼吸频率变化：[26.0, 26.0]（单位：次/分）血氧饱和度变化：[100.0, 100.0]（单位：%）平均动脉压变化：[56.33, 56.33]（单位：mmHg）【SOFA评分相关特征】氧合指数变化：[191.58, 191.58, 191.58, 191.58, 191.58, 191.58, 191.58]（单位：mmHg）机械通气使用情况：[0, 0, 0, 0, 0, 0, 0]（单位：）血小板计数变化：[42.0, 39.0, 44.5, 42.0, 42.0, 42.0, 42.0]（单位：×10³/μL）总胆红素变化：[12.3, 12.3, 12.3, 12.3, 12.3, 12.3, 12.3]（单位：mg/dL）血管活性药物使用剂量：[0.0, 0.0, 0.0, 0.0, 0.0, 10.0, 10.0]（单位：μg/kg/min）格拉斯哥昏迷评分变化：[15, 15, 15, 15, 15, 3, 3]（单位：分）血清肌酐变化：[1.3, 1.4, 1.3, 1.3, 1.3, 1.3, 1.3]（单位：mg/dL）尿量变化：[0.0, 0.0, 0.0, 0.0, 0.0, 20.0, 20.0]（单位：mL）【疾病评分】SOFA总分变化：[4, 4, 0, 0, 3, 13, 13]（单位：分）SIRS评分变化：[0, 0, 0, 0, 0, 1, 1]（单位：分）",
  "intervention": "立即启动去甲肾上腺素输注，维持剂量为10.0μg·kg⁻¹·min⁻¹，剂量调整间隔2小时，密切监测血压和器官灌注，剂量呈递减趋势，提示血管反应性改善，评估8小时内发生感染性休克的风险",
  "evaluator_trust": {
    "a": 0.24999999999999967,
    "counterfactual_runs": 15,
    "dynamic_confidence": 0.5577179832803442,
    "total_confidence": 0.6149930981584792
  },
  "prediction_trust": {
    "a": 0.24999999999999967,
    "counterfactual_runs": 15,
    "dynamic_confidence": 0.46360370553768876,
    "total_confidence": 0.5450836008849932
  },
  "predicted_vital_signs": {
    "pao2_fio2_ratio": [
      280.0,
      310.0,
      330.0,
      345.0,
      355.0,
      360.0,
      362.0,
      361.0
    ],
    "platelet": [
      120.0,
      140.0,
      160.0,
      180.0,
      200.0,
      220.0,
      240.0,
      260.0
    ],
    "bilirubin_total": [
      2.0,
      1.8,
      1.6,
      1.4,
      1.2,
      1.0,
      0.8,
      0.6
    ],
    "vasopressor_rate": [
      10.0,
      8.0,
      6.0,
      4.0,
      2.0,
      1.0,
      0.5,
      0.2
    ],
    "gcs_total": [
      8.0,
      9.0,
      10.0,
      11.0,
      12.0,
      13.0,
      14.0,
      15.0
    ],
    "creatinine": [
      2.5,
      2.2,
      2.0,
      1.8,
      1.6,
      1.4,
      1.2,
      1.0
    ],
    "urine_output_ml": [
      500.0,
      800.0,
      1000.0,
      1200.0,
      1400.0,
      600.0,
      800.0,
      1000.0
    ],
    "mechanical_ventilation": [
      1.0,
      1.0,
      1.0,
      1.0,
      1.0,
      1.0,
      0.0,
      0.0
    ]
  },
  "confidence_score": 0.65,
  "evaluation": {
    "success": true,
    "model_output": "Thinking...\n好的，我来仔细分析一下这个预测结果的合理性。\n\n首先看各项SOFA相关指标是否符合医学范围：\n\n1. **PaO2/FiO2比值**：从280上升到362，这在正常范围内（通常>300表示轻度低氧血症改善），合理。\n2. **血小板计数**：从42增加到260，这个增长速度是否过快？短期内血小板迅速升高可能有问题，因为正常情况下恢复较慢。\n3. **总胆红素**：从12.3降到0.6，下降幅度很大，尤其在短时间内可能不太合理，通常肝功能改善不会这么快。\n4. **血管活性药物剂量**：逐步减少到0.2，符合治疗预期，但需要确认是否能如此快速减量而血压稳定。\n5. **GCS评分**：从3升至15，恢复得非常快，可能过高估计了神经功能的改善速度。\n6. **肌酐水平**：从1.3降到1.0，显示肾功能有所好转，但下降幅度不大，符合预期。\n7. **尿量**：从20增加到1400再波动，初始增加合理，但随后突然减少可能需要关注是否有其他因素影响。\n8. **机械通气使用**：在第六小时停用，这是合理的，因为氧合改善。\n\n接下来分析干预措施与指标变化的逻辑一致性：\n\n- 使用去甲肾上腺素后，血压和器官灌注改善，所以血管活性药物剂量减少是合理的。血小板增加可能反映骨髓反应，但增速过快。\n- 机械通气停止是因为氧合指数显著提升，这合理。\n\n评估SOFA各组件的协调性：\n\n- 呼吸功能（PaO2/FiO2改善）、循环功能（血管活性药物减少）和肾功能（肌酐下降、尿量增加）显示整体好转，但血小板和胆红素的变化显得突兀，可能与其他系统关联不够紧密。\n\n整体趋势是否符合临床改善预期：\n\n- 总体趋势是向好的，但某些指标如血小板和胆红素的快速变化不符合常见病程。GCS评分从3到15在8小时内提升过多，不太现实。\n\n时间序列数据合理性：\n\n- 多数指标变化平缓，但血小板、胆红素和GCS的变化幅度较大，在短时间内可能不真实。\n\n数值精确度：\n\n- 体温N/A，其他指标单位正确。PaO2/FiO2到小数点后一位，尿量到整数，合理。\n\n最后综合考虑，预测结果大部分符合预期，但部分指标变化过快或过高，影响了整体的可信度。\n...done thinking.\n\n置信度评分：0.65\n\n分析：\n\n1. **各项SOFA相关指标数值合理性**：\n   - PaO2/FiO2比值在正常范围内（通常>300表示轻度低氧血症改善），合理。\n   - 血小板计数从42增加到260，增长速度过快，可能过高估计了恢复情况。\n   - 总胆红素从12.3降到0.6，下降幅度过大，短期内不太可能。\n   - 血管活性药物剂量逐步减少合理，但需确认血压稳定。\n   - GCS评分从3升至15，提升过快，不符合常见恢复速度。\n   - 肌酐水平和尿量变化合理。\n\n2. **干预措施与指标变化一致性**：\n   - 去甲肾上腺素使用后循环改善，血管活性药物减少合理。\n   - 机械通气停止因氧合改善，合理。\n\n3. **SOFA组件协调性**：\n   - 呼吸、循环和肾功能指标显示好转，但血小板和胆红素变化突兀。\n\n4. **整体趋势与临床预期**：\n   - 总体向好，但某些指标变化过快或过高，影响可信度。\n\n5. **时间序列合理性**：\n   - 多数指标平缓，部分如GCS变化过大。\n\n6. **数值精确度**：\n   - 单位正确，精确度合理。\n\n综合考虑，预测结果大部分合理，但部分指标过度乐观，置信度为0.65。",
    "error": null
  },
  "key_reasons": [
    "2. 血小板计数：从42增加到260，这个增长速度是否过快？短期内血小板迅速升高可能有问题，因为正常情况下恢复较慢。",
    "5. GCS评分：从3升至15，恢复得非常快，可能过高估计了神经功能的改善速度。",
    "8. 机械通气使用：在第六小时停用，这是合理的，因为氧合改善。"
  ]
}