{
  "timestamp": "2025-12-25 12:47:24",
  "model_name": "deepseek-r1:32b",
  "prediction_model_name": "qwen3:30b",
  "patient_id": "31703381",
  "input_description": "ICU住院编号 31703381，对应患者编号 19338519，48岁男性，体重93.9kg。监测持续时间为 0 小时（共 7 次测量，每4小时一次）：【生命体征】心率变化：[105.0, 105.0]（单位：次/分）收缩压变化：[89.0, 89.0]（单位：mmHg）舒张压变化：[70.0, 70.0]（单位：mmHg）体温变化：[98.8, 98.8]（单位：℃）呼吸频率变化：[15.0, 15.0]（单位：次/分）血氧饱和度变化：[99.0, 99.0]（单位：%）平均动脉压变化：[76.33, 76.33]（单位：mmHg）【SOFA评分相关特征】氧合指数变化：[359.19, 359.19, 359.19, 359.19, 359.19, 359.19, 359.19]（单位：mmHg）机械通气使用情况：[0, 0, 0, 0, 0, 0, 0]（单位：）血小板计数变化：[58.0, 52.0, 75.0, 75.33, 75.33, 75.33, 75.33]（单位：×10³/μL）总胆红素变化：[5.5, 11.7, 11.7, 11.7, 11.7, 11.7, 11.7]（单位：mg/dL）血管活性药物使用剂量：[0.0, 0.0, 0.0, 0.0, 0.0, 0.0, 0.0]（单位：μg/kg/min）格拉斯哥昏迷评分变化：[15, 15, 15, 15, 15, 3, 3]（单位：分）血清肌酐变化：[0.8, 0.8, 0.8, 0.8, 0.8, 0.8, 0.8]（单位：mg/dL）尿量变化：[0.0, 0.0, 0.0, 0.0, 0.0, 50.0, 50.0]（单位：mL）【疾病评分】SOFA总分变化：[0, 5, 0, 2, 2, 11, 11]（单位：分）SIRS评分变化：[0, 0, 0, 0, 0, 3, 3]（单位：分）",
  "intervention": "无血管活性药物干预措施，建议密切监测血压和器官灌注，评估8小时内发生感染性休克的风险",
  "evaluator_trust": {
    "a": 0.5499999999999996,
    "counterfactual_runs": 9,
    "dynamic_confidence": 0.5086814162107894,
    "total_confidence": 0.6616567808309416
  },
  "prediction_trust": {
    "a": 0.5499999999999996,
    "counterfactual_runs": 9,
    "dynamic_confidence": 1.0,
    "total_confidence": 0.8876616641053712
  },
  "predicted_vital_signs": {
    "pao2_fio2_ratio": [
      280.0,
      260.0,
      240.0,
      220.0,
      200.0,
      180.0,
      160.0,
      140.0
    ],
    "platelet": [
      130.0,
      120.0,
      110.0,
      100.0,
      90.0,
      80.0,
      70.0,
      60.0
    ],
    "bilirubin_total": [
      1.4,
      1.6,
      1.8,
      2.0,
      2.2,
      2.4,
      2.6,
      2.8
    ],
    "vasopressor_rate": [
      0.0,
      0.0,
      0.0,
      0.0,
      0.0,
      0.0,
      0.0,
      0.0
    ],
    "gcs_total": [
      3.0,
      3.0,
      3.0,
      3.0,
      3.0,
      3.0,
      3.0,
      3.0
    ],
    "creatinine": [
      1.4,
      1.6,
      1.8,
      2.0,
      2.2,
      2.4,
      2.6,
      2.8
    ],
    "urine_output_ml": [
      1000.0,
      900.0,
      800.0,
      700.0,
      600.0,
      500.0,
      400.0,
      300.0
    ],
    "mechanical_ventilation": [
      0.0,
      0.0,
      0.0,
      0.0,
      0.0,
      0.0,
      0.0,
      0.0
    ]
  },
  "confidence_score": 0.35,
  "evaluation": {
    "success": true,
    "model_output": "Thinking...\n好的，我现在需要根据提供的患者数据和预测结果来评估SOFA相关指标的合理性。首先，我会逐一分析每个因素，然后综合判断。\n\n首先看各项指标是否合理。pao2_fio2_ratio从359降到最低140，这个范围在医学上是可能的，但短时间内急剧下降不太常见。血小板预测值从低逐渐恢复到正常，这看起来合理。总胆红素下降到正常水平也是合理的。血管活性药物没有使用，符合干预措施。GCS保持3分，提示昏迷状态，这也有可能。肌酐上升到2.8可能不合理，因为通常在治疗后应下降或稳定。尿量从50ml增加到1000ml，这个增长速度过快，不符合临床实际。\n\n接下来，干预措施的预期效果与指标变化是否一致。计划是密切监测和评估休克风险，而预测显示SOFA评分降低，这可能合理。但尿量增加过多，可能意味着肾脏功能改善过快，不太现实。\n\n各系统指标之间的协调性如何？呼吸、循环、肾功能等是否有逻辑关系？SOFA总分可能从11降到较低，但由于肌酐上升和尿量异常，整体一致性存在问题。\n\n整体趋势是否符合临床预期？预测显示大部分指标在好转，但部分如肌酐和尿量的变化与实际治疗效果不符。特别是尿量的突增，可能表明肾脏功能评估有误。\n\n数据单位方面，所有指标单位都正确，没有问题。时间序列上的变化幅度，尤其是尿量和肌酐，变化过大，不符合临床渐进性改善的趋势。\n\n数值精确度方面，各项指标的小数点位数合理，没有明显错误。\n\n综合考虑，虽然部分指标如血小板、胆红素变化合理，但SOFA评分中呼吸功能的急剧下降和肾脏功能的异常变化不一致。尿量突增不合理，肌酐升高也不符合预期。因此，预测结果存在较多问题，合理性较低。\n...done thinking.\n\n置信度评分：0.35\n\n分析理由：\n1. **各SOFA相关指标数值范围**：\n   - 氧合指数（pao2_fio2_ratio）的下降趋势可能合理，但初始值较高，逐步下降到140mmHg在严重呼吸衰竭中是可能的。\n   - 血小板计数恢复至正常范围内，趋势合理。\n   - 总胆红素降低至正常水平，符合治疗预期。\n   - 无血管活性药物使用，符合干预措施。\n   - GCS评分保持低位（3分），可能提示持续昏迷，但结合其他指标变化，需谨慎评估。\n   - 血清肌酐升高不寻常，除非有明确的肾功能恶化因素。\n   - 尿量显著增加至1000ml不合理，尤其是在入院前尿量低的情况下。\n\n2. **干预措施与SOFA评分变化趋势的一致性**：\n   - 无血管活性药物使用，但预测显示循环稳定，这可能合理。\n   - SOFA总分降低，但在某些指标（如肌酐）上出现异常上升，需进一步验证。\n\n3. **系统间协调性**：\n   - 呼吸功能恶化（氧合指数下降）与肾脏功能变化不一致，尤其尿量突增不合理。\n\n4. **整体趋势符合临床改善预期**：\n   - 预测显示大部分指标向好，但肌酐和尿量的变化与预期不符，尤其是尿量增长过快。\n\n5. **时间序列合理性**：\n   - 尿量从0到1000ml的急剧增加不符合渐进性改善的趋势。\n   - 肌酐的持续上升可能需要更明确的原因。\n\n6. **数值精确度**：\n   - 所有指标单位正确，数值变化在合理范围内，但某些指标（如尿量和肌酐）的变化趋势异常。\n\n综上所述，预测结果存在部分合理性，但在关键指标如尿量和肌酐的变化上不合理，影响整体置信度。因此，置信度评分为0.35。",
    "error": null
  },
  "key_reasons": [
    "好的，我现在需要根据提供的患者数据和预测结果来评估SOFA相关指标的合理性。首先，我会逐一分析每个因素，然后综合判断。",
    "首先看各项指标是否合理。pao2_fio2_ratio从359降到最低140，这个范围在医学上是可能的，但短时间内急剧下降不太常见。血小板预测值从低逐渐恢复到正常，这看起来合理。总胆红素下降到正常水平也是合理的。血管活性药物没有使用，符合干预措施。GCS保持3分，提示昏迷状态，这也有可能。肌酐上升到2.8可能不合理，因为通常在治疗后应下降或稳定。尿量从50ml增加到1000ml，这个增长速度过快，不符合临床实际。",
    "接下来，干预措施的预期效果与指标变化是否一致。计划是密切监测和评估休克风险，而预测显示SOFA评分降低，这可能合理。但尿量增加过多，可能意味着肾脏功能改善过快，不太现实。"
  ]
}