{
  "patient_id": "38322114",
  "timestamp": "2025-12-02T03:16:37.606893",
  "model_name": "qwen3:30b",
  "model_trust_score": 0.7730193794490904,
  "feature_differences": {
    "sofa_respiration": 2.25,
    "sofa_coagulation": 2.375,
    "sofa_liver": 1.0,
    "sofa_cardiovascular": 0.25,
    "sofa_cns": 1.625,
    "sofa_renal": 1.375
  },
  "predicted_sofa_features": {
    "pao2_fio2_ratio": [
      70.83,
      75.0,
      80.0,
      85.0,
      90.0,
      95.0,
      100.0,
      105.0
    ],
    "platelet": [
      150.0,
      145.0,
      140.0,
      135.0,
      130.0,
      125.0,
      120.0,
      115.0
    ],
    "bilirubin_total": [
      1.2,
      1.3,
      1.4,
      1.5,
      1.6,
      1.7,
      1.8,
      1.9
    ],
    "vasopressor_rate": [
      0.25,
      0.22,
      0.19,
      0.16,
      0.13,
      0.1,
      0.07,
      0.04
    ],
    "gcs_total": [
      3.0,
      4.0,
      5.0,
      6.0,
      7.0,
      8.0,
      9.0,
      10.0
    ],
    "creatinine": [
      1.0,
      1.05,
      1.1,
      1.15,
      1.2,
      1.25,
      1.3,
      1.35
    ],
    "urine_output_ml": [
      500.0,
      550.0,
      600.0,
      650.0,
      700.0,
      750.0,
      800.0,
      850.0
    ],
    "mechanical_ventilation": [
      1.0,
      1.0,
      1.0,
      1.0,
      1.0,
      1.0,
      1.0,
      1.0
    ]
  },
  "actual_sofa_features": {
    "pao2_fio2_ratio": [
      77.35,
      82.53,
      100.0,
      107.89,
      107.95,
      110.04,
      115.0,
      180.0
    ],
    "platelet": [
      145.0,
      148.0
    ],
    "bilirubin_total": [
      0.3
    ],
    "vasopressor_rate": [
      0.0,
      0.03,
      0.08,
      0.15,
      0.2,
      0.22,
      0.25
    ],
    "gcs_total": [
      3.0,
      10.0,
      11.0,
      15.0
    ],
    "creatinine": [
      1.1,
      1.2,
      1.3
    ],
    "urine_output_ml": [
      95.0,
      110.0,
      120.0,
      130.0,
      150.0,
      160.0,
      170.0,
      175.0
    ],
    "mechanical_ventilation": [
      0.0
    ]
  },
  "predicted_sofa_scores": {
    "sofa_respiration": [
      1,
      1,
      1,
      1,
      1,
      1,
      1,
      1
    ],
    "sofa_coagulation": [
      0,
      1,
      1,
      1,
      1,
      1,
      1,
      1
    ],
    "sofa_liver": [
      1,
      1,
      1,
      1,
      1,
      1,
      1,
      1
    ],
    "sofa_cardiovascular": [
      1,
      1,
      1,
      1,
      1,
      1,
      1,
      1
    ],
    "sofa_cns": [
      4,
      4,
      4,
      4,
      3,
      3,
      3,
      2
    ],
    "sofa_renal": [
      0,
      0,
      0,
      0,
      1,
      1,
      1,
      1
    ]
  },
  "actual_sofa_scores": {
    "sofa_respiration": [
      4,
      4,
      3,
      3,
      3,
      3,
      3,
      3
    ],
    "sofa_coagulation": [
      1,
      1,
      4,
      4,
      4,
      4,
      4,
      4
    ],
    "sofa_liver": [
      0,
      0,
      0,
      0,
      0,
      0,
      0,
      0
    ],
    "sofa_cardiovascular": [
      0,
      1,
      1,
      1,
      1,
      1,
      1,
      0
    ],
    "sofa_cns": [
      4,
      2,
      2,
      0,
      4,
      4,
      4,
      4
    ],
    "sofa_renal": [
      3,
      1,
      1,
      2,
      2,
      2,
      2,
      2
    ]
  },
  "analysis": {
    "total_features_compared": 6,
    "features_with_valid_data": 6,
    "average_difference": 1.4791666666666667
  },
  "debug_info": {
    "sofa_extraction_method": "intervention_analysis.sofa_related_features",
    "sofa_features_count": 8
  }
}