{
  "patient_id": "30315020",
  "timestamp": "2025-12-01T22:31:07.093204",
  "model_name": "qwen3:30b",
  "model_trust_score": 0.7837506406283489,
  "feature_differences": {
    "sofa_respiration": 2.375,
    "sofa_coagulation": 2.125,
    "sofa_liver": 0.875,
    "sofa_cardiovascular": 0.875,
    "sofa_cns": 1.375,
    "sofa_renal": 0.625
  },
  "predicted_sofa_features": {
    "pao2_fio2_ratio": [
      280.0,
      290.0,
      300.0,
      310.0,
      320.0,
      330.0,
      340.0,
      350.0
    ],
    "platelet": [
      120.0,
      125.0,
      130.0,
      135.0,
      140.0,
      145.0,
      150.0,
      155.0
    ],
    "bilirubin_total": [
      2.0,
      1.9,
      1.8,
      1.7,
      1.6,
      1.5,
      1.4,
      1.3
    ],
    "vasopressor_rate": [
      5.0,
      4.5,
      4.0,
      3.5,
      3.0,
      2.5,
      2.0,
      1.5
    ],
    "gcs_total": [
      10.0,
      10.5,
      11.0,
      11.5,
      12.0,
      12.5,
      13.0,
      13.5
    ],
    "creatinine": [
      2.5,
      2.4,
      2.3,
      2.2,
      2.1,
      2.0,
      1.9,
      1.8
    ],
    "urine_output_ml": [
      800.0,
      850.0,
      900.0,
      950.0,
      1000.0,
      1050.0,
      1100.0,
      1150.0
    ],
    "mechanical_ventilation": [
      1.0,
      1.0,
      1.0,
      1.0,
      1.0,
      1.0,
      1.0,
      1.0
    ]
  },
  "actual_sofa_features": {
    "pao2_fio2_ratio": [
      87.5,
      98.26,
      121.59,
      124.9,
      128.72,
      132.57,
      147.13
    ],
    "platelet": [
      30.0,
      32.0,
      35.0,
      40.0,
      44.0,
      46.0,
      47.0,
      78.5
    ],
    "bilirubin_total": [
      2.2,
      2.6,
      3.1,
      3.3,
      3.4,
      3.5,
      3.7,
      4.3
    ],
    "vasopressor_rate": [
      0.0,
      5.0
    ],
    "gcs_total": [
      7.0,
      8.0,
      9.0,
      10.0,
      11.0,
      15.0
    ],
    "creatinine": [
      0.6,
      0.7,
      0.85
    ],
    "urine_output_ml": [
      155.0,
      165.0,
      210.0,
      255.0,
      370.0,
      375.0,
      490.0,
      500.0
    ],
    "mechanical_ventilation": [
      0.0
    ]
  },
  "predicted_sofa_scores": {
    "sofa_respiration": [
      1,
      1,
      1,
      1,
      1,
      1,
      1,
      1
    ],
    "sofa_coagulation": [
      1,
      1,
      1,
      1,
      1,
      1,
      0,
      0
    ],
    "sofa_liver": [
      2,
      1,
      1,
      1,
      1,
      1,
      1,
      1
    ],
    "sofa_cardiovascular": [
      1,
      1,
      1,
      1,
      1,
      1,
      1,
      1
    ],
    "sofa_cns": [
      2,
      2,
      2,
      2,
      2,
      2,
      1,
      1
    ],
    "sofa_renal": [
      2,
      2,
      2,
      2,
      2,
      2,
      1,
      1
    ]
  },
  "actual_sofa_scores": {
    "sofa_respiration": [
      4,
      4,
      3,
      3,
      3,
      3,
      3,
      4
    ],
    "sofa_coagulation": [
      3,
      3,
      3,
      3,
      3,
      3,
      3,
      2
    ],
    "sofa_liver": [
      2,
      2,
      2,
      2,
      2,
      2,
      2,
      2
    ],
    "sofa_cardiovascular": [
      0,
      1,
      0,
      0,
      0,
      0,
      0,
      0
    ],
    "sofa_cns": [
      3,
      3,
      3,
      2,
      2,
      0,
      4,
      4
    ],
    "sofa_renal": [
      2,
      2,
      1,
      1,
      1,
      1,
      1,
      0
    ]
  },
  "analysis": {
    "total_features_compared": 6,
    "features_with_valid_data": 6,
    "average_difference": 1.375
  },
  "debug_info": {
    "sofa_extraction_method": "intervention_analysis.sofa_related_features",
    "sofa_features_count": 8
  }
}