{
  "patient_id": "36538885",
  "timestamp": "2025-12-02T02:03:04.020815",
  "model_name": "qwen3:30b",
  "model_trust_score": 0.7709273170314612,
  "feature_differences": {
    "sofa_respiration": 2.25,
    "sofa_coagulation": 1.125,
    "sofa_liver": 0.5,
    "sofa_cardiovascular": 0.0,
    "sofa_cns": 3.375,
    "sofa_renal": 1.75
  },
  "predicted_sofa_features": {
    "pao2_fio2_ratio": [
      350.0,
      340.0,
      330.0,
      320.0,
      310.0,
      300.0,
      290.0,
      280.0
    ],
    "platelet": [
      200.0,
      195.0,
      190.0,
      185.0,
      180.0,
      175.0,
      170.0,
      165.0
    ],
    "bilirubin_total": [
      0.8,
      0.9,
      1.0,
      1.1,
      1.2,
      1.3,
      1.4,
      1.5
    ],
    "vasopressor_rate": [
      0.0,
      0.0,
      0.0,
      0.0,
      0.0,
      0.0,
      0.0,
      0.0
    ],
    "gcs_total": [
      15.0,
      15.0,
      15.0,
      15.0,
      15.0,
      15.0,
      15.0,
      15.0
    ],
    "creatinine": [
      0.8,
      0.85,
      0.9,
      0.95,
      1.0,
      1.05,
      1.1,
      1.15
    ],
    "urine_output_ml": [
      2200.0,
      2100.0,
      2000.0,
      1900.0,
      1800.0,
      1700.0,
      1600.0,
      1500.0
    ],
    "mechanical_ventilation": [
      0.0,
      0.0,
      0.0,
      0.0,
      0.0,
      0.0,
      0.0,
      0.0
    ]
  },
  "actual_sofa_features": {
    "pao2_fio2_ratio": [
      79.13,
      83.53,
      84.27,
      92.59,
      110.11,
      115.73,
      118.39,
      129.41
    ],
    "platelet": [
      139.0,
      153.0,
      164.0,
      167.0,
      169.0,
      212.5
    ],
    "bilirubin_total": [
      0.6,
      0.95
    ],
    "vasopressor_rate": [
      0.0
    ],
    "gcs_total": [
      3.0,
      9.0,
      15.0
    ],
    "creatinine": [
      0.7,
      0.8,
      0.9,
      1.0,
      1.1,
      1.2,
      1.57
    ],
    "urine_output_ml": [
      60.0,
      120.0,
      135.0,
      147.0,
      160.0,
      195.0,
      335.0,
      380.0
    ],
    "mechanical_ventilation": [
      0.0
    ]
  },
  "predicted_sofa_scores": {
    "sofa_respiration": [
      1,
      1,
      1,
      1,
      1,
      1,
      2,
      2
    ],
    "sofa_coagulation": [
      0,
      0,
      0,
      0,
      0,
      0,
      0,
      0
    ],
    "sofa_liver": [
      0,
      0,
      0,
      0,
      1,
      1,
      1,
      1
    ],
    "sofa_cardiovascular": [
      0,
      0,
      0,
      0,
      0,
      0,
      0,
      0
    ],
    "sofa_cns": [
      0,
      0,
      0,
      0,
      0,
      0,
      0,
      0
    ],
    "sofa_renal": [
      0,
      0,
      0,
      0,
      0,
      0,
      0,
      0
    ]
  },
  "actual_sofa_scores": {
    "sofa_respiration": [
      4,
      4,
      4,
      4,
      3,
      3,
      3,
      3
    ],
    "sofa_coagulation": [
      1,
      0,
      0,
      0,
      0,
      0,
      4,
      4
    ],
    "sofa_liver": [
      0,
      0,
      0,
      0,
      0,
      0,
      0,
      0
    ],
    "sofa_cardiovascular": [
      0,
      0,
      0,
      0,
      0,
      0,
      0,
      0
    ],
    "sofa_cns": [
      4,
      3,
      0,
      4,
      4,
      4,
      4,
      4
    ],
    "sofa_renal": [
      3,
      2,
      2,
      2,
      2,
      1,
      1,
      1
    ]
  },
  "analysis": {
    "total_features_compared": 6,
    "features_with_valid_data": 6,
    "average_difference": 1.5
  },
  "debug_info": {
    "sofa_extraction_method": "intervention_analysis.sofa_related_features",
    "sofa_features_count": 8
  }
}