{
  "patient_id": "38839114",
  "timestamp": "2025-12-02T03:44:14.522955",
  "model_name": "qwen3:30b",
  "model_trust_score": 0.7949632821696868,
  "feature_differences": {
    "sofa_respiration": 2.125,
    "sofa_coagulation": 2.25,
    "sofa_liver": 0.875,
    "sofa_cardiovascular": 0.375,
    "sofa_cns": 1.625,
    "sofa_renal": 0.375
  },
  "predicted_sofa_features": {
    "pao2_fio2_ratio": [
      250.0,
      260.0,
      270.0,
      280.0,
      290.0,
      300.0,
      310.0,
      320.0
    ],
    "platelet": [
      120.0,
      125.0,
      130.0,
      135.0,
      140.0,
      145.0,
      150.0,
      155.0
    ],
    "bilirubin_total": [
      2.5,
      2.4,
      2.3,
      2.2,
      2.1,
      2.0,
      1.9,
      1.8
    ],
    "vasopressor_rate": [
      0.3,
      0.25,
      0.2,
      0.15,
      0.1,
      0.05,
      0.0,
      0.0
    ],
    "gcs_total": [
      10.0,
      10.5,
      11.0,
      11.5,
      12.0,
      12.5,
      13.0,
      13.5
    ],
    "creatinine": [
      2.0,
      1.9,
      1.8,
      1.7,
      1.6,
      1.5,
      1.4,
      1.3
    ],
    "urine_output_ml": [
      800.0,
      850.0,
      900.0,
      950.0,
      1000.0,
      1050.0,
      1100.0,
      1150.0
    ],
    "mechanical_ventilation": [
      1.0,
      1.0,
      1.0,
      1.0,
      1.0,
      1.0,
      1.0,
      1.0
    ]
  },
  "actual_sofa_features": {
    "pao2_fio2_ratio": [
      74.61,
      107.55,
      114.29,
      115.69,
      116.63,
      119.49,
      122.99,
      143.5
    ],
    "platelet": [
      184.0,
      236.0,
      246.0,
      315.0
    ],
    "bilirubin_total": [
      1.7,
      2.7,
      3.0,
      3.5
    ],
    "vasopressor_rate": [
      0.0,
      0.05,
      0.08,
      0.12,
      0.15,
      0.18,
      0.25,
      0.28
    ],
    "gcs_total": [
      7.0,
      8.0,
      9.0,
      10.0,
      15.0
    ],
    "creatinine": [
      0.7,
      0.9,
      1.0,
      1.1,
      1.2
    ],
    "urine_output_ml": [
      75.0,
      125.0,
      135.0,
      220.0,
      235.0,
      265.0,
      350.0,
      365.0
    ],
    "mechanical_ventilation": [
      0.0
    ]
  },
  "predicted_sofa_scores": {
    "sofa_respiration": [
      1,
      1,
      1,
      1,
      1,
      1,
      1,
      1
    ],
    "sofa_coagulation": [
      1,
      1,
      1,
      1,
      1,
      1,
      0,
      0
    ],
    "sofa_liver": [
      2,
      2,
      2,
      2,
      2,
      2,
      1,
      1
    ],
    "sofa_cardiovascular": [
      1,
      1,
      1,
      1,
      1,
      1,
      0,
      0
    ],
    "sofa_cns": [
      2,
      2,
      2,
      2,
      2,
      2,
      1,
      1
    ],
    "sofa_renal": [
      2,
      1,
      1,
      1,
      1,
      1,
      1,
      1
    ]
  },
  "actual_sofa_scores": {
    "sofa_respiration": [
      4,
      3,
      3,
      3,
      3,
      3,
      3,
      3
    ],
    "sofa_coagulation": [
      0,
      0,
      0,
      0,
      4,
      4,
      4,
      4
    ],
    "sofa_liver": [
      1,
      2,
      2,
      2,
      0,
      0,
      0,
      0
    ],
    "sofa_cardiovascular": [
      0,
      1,
      1,
      1,
      1,
      1,
      1,
      1
    ],
    "sofa_cns": [
      3,
      3,
      3,
      2,
      0,
      4,
      4,
      4
    ],
    "sofa_renal": [
      3,
      2,
      2,
      1,
      1,
      1,
      1,
      1
    ]
  },
  "analysis": {
    "total_features_compared": 6,
    "features_with_valid_data": 6,
    "average_difference": 1.2708333333333333
  },
  "debug_info": {
    "sofa_extraction_method": "intervention_analysis.sofa_related_features",
    "sofa_features_count": 8
  }
}