{
  "patient_id": "35288241",
  "timestamp": "2025-12-02T00:59:58.560787",
  "model_name": "qwen3:30b",
  "model_trust_score": 0.8884282243428951,
  "feature_differences": {
    "sofa_respiration": 0.75,
    "sofa_coagulation": 0.625,
    "sofa_liver": 0.625,
    "sofa_cardiovascular": 0.0,
    "sofa_cns": 0.75,
    "sofa_renal": 0.625
  },
  "predicted_sofa_features": {
    "pao2_fio2_ratio": [
      250.0,
      230.0,
      210.0,
      190.0,
      170.0,
      150.0,
      130.0,
      110.0
    ],
    "platelet": [
      51.0,
      48.0,
      45.0,
      42.0,
      39.0,
      36.0,
      33.0,
      30.0
    ],
    "bilirubin_total": [
      1.5,
      1.7,
      1.9,
      2.1,
      2.3,
      2.5,
      2.7,
      2.9
    ],
    "vasopressor_rate": [
      0.0,
      0.0,
      0.0,
      0.0,
      0.0,
      0.0,
      0.0,
      0.0
    ],
    "gcs_total": [
      3.0,
      2.5,
      2.0,
      1.5,
      1.0,
      0.5,
      0.0,
      0.0
    ],
    "creatinine": [
      1.5,
      1.7,
      1.9,
      2.1,
      2.3,
      2.5,
      2.7,
      2.9
    ],
    "urine_output_ml": [
      500.0,
      450.0,
      400.0,
      350.0,
      300.0,
      250.0,
      200.0,
      150.0
    ],
    "mechanical_ventilation": [
      0.0,
      0.0,
      0.0,
      0.0,
      0.0,
      0.0,
      0.0,
      0.0
    ]
  },
  "actual_sofa_features": {
    "pao2_fio2_ratio": [
      97.49,
      106.39,
      133.33,
      150.59,
      160.78,
      169.23,
      206.45
    ],
    "platelet": [
      37.0,
      40.0,
      42.0,
      44.0,
      50.0,
      59.0,
      63.0,
      68.0
    ],
    "bilirubin_total": [
      2.9,
      3.1,
      3.3,
      4.5,
      4.7,
      4.8,
      5.0
    ],
    "vasopressor_rate": [
      0.0
    ],
    "gcs_total": [
      4.0,
      10.0,
      15.0
    ],
    "creatinine": [
      1.9,
      2.0,
      2.1,
      2.3,
      2.4,
      2.5
    ],
    "urine_output_ml": [
      75.0,
      115.0,
      120.0,
      135.0,
      150.0,
      230.0,
      245.0,
      375.0
    ],
    "mechanical_ventilation": [
      0.0
    ]
  },
  "predicted_sofa_scores": {
    "sofa_respiration": [
      2,
      2,
      2,
      3,
      3,
      3,
      3,
      3
    ],
    "sofa_coagulation": [
      2,
      3,
      3,
      3,
      3,
      3,
      3,
      3
    ],
    "sofa_liver": [
      1,
      1,
      1,
      2,
      2,
      2,
      2,
      2
    ],
    "sofa_cardiovascular": [
      0,
      0,
      0,
      0,
      0,
      0,
      0,
      0
    ],
    "sofa_cns": [
      4,
      4,
      4,
      4,
      4,
      4,
      4,
      4
    ],
    "sofa_renal": [
      1,
      1,
      1,
      1,
      1,
      1,
      1,
      2
    ]
  },
  "actual_sofa_scores": {
    "sofa_respiration": [
      4,
      3,
      3,
      3,
      3,
      3,
      2,
      4
    ],
    "sofa_coagulation": [
      3,
      3,
      3,
      3,
      2,
      2,
      2,
      2
    ],
    "sofa_liver": [
      2,
      2,
      2,
      2,
      2,
      2,
      2,
      0
    ],
    "sofa_cardiovascular": [
      0,
      0,
      0,
      0,
      0,
      0,
      0,
      0
    ],
    "sofa_cns": [
      4,
      2,
      0,
      4,
      4,
      4,
      4,
      4
    ],
    "sofa_renal": [
      1,
      2,
      2,
      2,
      2,
      1,
      1,
      1
    ]
  },
  "analysis": {
    "total_features_compared": 6,
    "features_with_valid_data": 6,
    "average_difference": 0.5625
  },
  "debug_info": {
    "sofa_extraction_method": "intervention_analysis.sofa_related_features",
    "sofa_features_count": 8
  }
}