{
  "patient_id": "38229486",
  "timestamp": "2025-12-02T03:04:12.712850",
  "model_name": "qwen3:30b",
  "model_trust_score": 0.7926801612788686,
  "feature_differences": {
    "sofa_respiration": 1.125,
    "sofa_coagulation": 1.5,
    "sofa_liver": 2.0,
    "sofa_cardiovascular": 0.25,
    "sofa_cns": 2.5,
    "sofa_renal": 0.375
  },
  "predicted_sofa_features": {
    "pao2_fio2_ratio": [
      200.0,
      210.0,
      220.0,
      230.0,
      240.0,
      250.0,
      260.0,
      270.0
    ],
    "platelet": [
      100.0,
      95.0,
      90.0,
      85.0,
      80.0,
      75.0,
      70.0,
      65.0
    ],
    "bilirubin_total": [
      2.5,
      2.6,
      2.7,
      2.8,
      2.9,
      3.0,
      3.1,
      3.2
    ],
    "vasopressor_rate": [
      0.3,
      0.25,
      0.2,
      0.15,
      0.1,
      0.05,
      0.0,
      0.0
    ],
    "gcs_total": [
      8.0,
      9.0,
      10.0,
      11.0,
      12.0,
      13.0,
      14.0,
      15.0
    ],
    "creatinine": [
      2.5,
      2.6,
      2.7,
      2.8,
      2.9,
      3.0,
      3.1,
      3.2
    ],
    "urine_output_ml": [
      400.0,
      380.0,
      360.0,
      340.0,
      320.0,
      300.0,
      280.0,
      260.0
    ],
    "mechanical_ventilation": [
      1.0,
      1.0,
      1.0,
      1.0,
      1.0,
      1.0,
      1.0,
      1.0
    ]
  },
  "actual_sofa_features": {
    "pao2_fio2_ratio": [
      110.66,
      139.55,
      216.33,
      251.0,
      252.46,
      272.52,
      296.67,
      330.13
    ],
    "platelet": [
      132.0,
      140.0,
      141.0,
      166.0,
      194.0
    ],
    "bilirubin_total": [
      0.5,
      0.6
    ],
    "vasopressor_rate": [
      0.0,
      0.08,
      0.12,
      0.15,
      0.18,
      0.25,
      0.3
    ],
    "gcs_total": [
      3.0,
      15.0
    ],
    "creatinine": [
      2.1,
      2.2,
      2.4
    ],
    "urine_output_ml": [
      0.0,
      205.0,
      270.0,
      330.0,
      350.0,
      450.0,
      675.0,
      975.0
    ],
    "mechanical_ventilation": [
      0.0
    ]
  },
  "predicted_sofa_scores": {
    "sofa_respiration": [
      1,
      1,
      1,
      1,
      1,
      1,
      1,
      1
    ],
    "sofa_coagulation": [
      1,
      2,
      2,
      2,
      2,
      2,
      2,
      2
    ],
    "sofa_liver": [
      2,
      2,
      2,
      2,
      2,
      2,
      2,
      2
    ],
    "sofa_cardiovascular": [
      1,
      1,
      1,
      1,
      1,
      1,
      0,
      0
    ],
    "sofa_cns": [
      3,
      3,
      2,
      2,
      2,
      1,
      1,
      0
    ],
    "sofa_renal": [
      1,
      1,
      1,
      1,
      1,
      1,
      1,
      1
    ]
  },
  "actual_sofa_scores": {
    "sofa_respiration": [
      3,
      3,
      2,
      2,
      2,
      2,
      2,
      1
    ],
    "sofa_coagulation": [
      1,
      1,
      1,
      0,
      0,
      4,
      4,
      4
    ],
    "sofa_liver": [
      0,
      0,
      0,
      0,
      0,
      0,
      0,
      0
    ],
    "sofa_cardiovascular": [
      0,
      1,
      1,
      1,
      1,
      1,
      1,
      0
    ],
    "sofa_cns": [
      4,
      0,
      4,
      4,
      4,
      4,
      4,
      4
    ],
    "sofa_renal": [
      2,
      1,
      1,
      1,
      1,
      1,
      0,
      0
    ]
  },
  "analysis": {
    "total_features_compared": 6,
    "features_with_valid_data": 6,
    "average_difference": 1.2916666666666667
  },
  "debug_info": {
    "sofa_extraction_method": "intervention_analysis.sofa_related_features",
    "sofa_features_count": 8
  }
}