{
  "patient_id": "38432543",
  "timestamp": "2025-12-02T03:25:14.786213",
  "model_name": "qwen3:30b",
  "model_trust_score": 0.801940479198956,
  "feature_differences": {
    "sofa_respiration": 2.625,
    "sofa_coagulation": 1.5,
    "sofa_liver": 1.5,
    "sofa_cardiovascular": 0.25,
    "sofa_cns": 0.875,
    "sofa_renal": 0.5
  },
  "predicted_sofa_features": {
    "pao2_fio2_ratio": [
      280.0,
      260.0,
      240.0,
      220.0,
      200.0,
      180.0,
      160.0,
      140.0
    ],
    "platelet": [
      120.0,
      110.0,
      100.0,
      90.0,
      80.0,
      70.0,
      60.0,
      50.0
    ],
    "bilirubin_total": [
      1.5,
      1.7,
      1.9,
      2.1,
      2.3,
      2.5,
      2.7,
      2.9
    ],
    "vasopressor_rate": [
      12.5,
      15.0,
      17.5,
      20.0,
      22.5,
      25.0,
      27.5,
      30.0
    ],
    "gcs_total": [
      12.0,
      11.0,
      10.0,
      9.0,
      8.0,
      7.0,
      6.0,
      5.0
    ],
    "creatinine": [
      1.8,
      2.0,
      2.2,
      2.4,
      2.6,
      2.8,
      3.0,
      3.2
    ],
    "urine_output_ml": [
      800.0,
      700.0,
      600.0,
      500.0,
      400.0,
      300.0,
      200.0,
      100.0
    ],
    "mechanical_ventilation": [
      1.0,
      1.0,
      1.0,
      1.0,
      1.0,
      1.0,
      1.0,
      1.0
    ]
  },
  "actual_sofa_features": {
    "pao2_fio2_ratio": [
      87.23,
      89.41,
      90.59,
      93.06,
      97.3,
      100.87,
      103.68,
      107.41
    ],
    "platelet": [
      146.0,
      164.0,
      172.0,
      174.0,
      183.0,
      227.0,
      276.0,
      448.0
    ],
    "bilirubin_total": [
      1.8,
      2.0,
      2.1
    ],
    "vasopressor_rate": [
      12.51,
      25.19,
      25.25,
      31.57,
      37.59,
      37.96,
      38.01,
      38.33
    ],
    "gcs_total": [
      3.0,
      10.0,
      15.0
    ],
    "creatinine": [
      2.0,
      2.2,
      2.3,
      2.35,
      2.5,
      2.6
    ],
    "urine_output_ml": [
      70.0,
      192.0,
      215.0,
      275.0,
      295.0,
      330.0,
      400.0,
      470.0
    ],
    "mechanical_ventilation": [
      0.0
    ]
  },
  "predicted_sofa_scores": {
    "sofa_respiration": [
      1,
      1,
      1,
      1,
      1,
      1,
      1,
      1
    ],
    "sofa_coagulation": [
      1,
      1,
      1,
      2,
      2,
      2,
      2,
      2
    ],
    "sofa_liver": [
      1,
      1,
      1,
      2,
      2,
      2,
      2,
      2
    ],
    "sofa_cardiovascular": [
      2,
      2,
      4,
      4,
      4,
      4,
      4,
      4
    ],
    "sofa_cns": [
      2,
      2,
      2,
      3,
      3,
      3,
      4,
      4
    ],
    "sofa_renal": [
      1,
      2,
      2,
      2,
      1,
      1,
      1,
      2
    ]
  },
  "actual_sofa_scores": {
    "sofa_respiration": [
      4,
      4,
      4,
      4,
      4,
      3,
      3,
      3
    ],
    "sofa_coagulation": [
      1,
      0,
      0,
      0,
      0,
      0,
      0,
      0
    ],
    "sofa_liver": [
      1,
      2,
      2,
      0,
      0,
      0,
      0,
      0
    ],
    "sofa_cardiovascular": [
      2,
      4,
      4,
      4,
      4,
      4,
      4,
      4
    ],
    "sofa_cns": [
      4,
      2,
      0,
      4,
      4,
      4,
      4,
      4
    ],
    "sofa_renal": [
      2,
      2,
      1,
      1,
      1,
      1,
      1,
      1
    ]
  },
  "analysis": {
    "total_features_compared": 6,
    "features_with_valid_data": 6,
    "average_difference": 1.2083333333333333
  },
  "debug_info": {
    "sofa_extraction_method": "intervention_analysis.sofa_related_features",
    "sofa_features_count": 8
  }
}