{
  "patient_id": "36231647",
  "timestamp": "2025-12-02T01:31:51.949619",
  "model_name": "qwen3:30b",
  "model_trust_score": 0.7509166401130771,
  "feature_differences": {
    "sofa_respiration": 2.125,
    "sofa_coagulation": 2.75,
    "sofa_liver": 1.0,
    "sofa_cardiovascular": 1.375,
    "sofa_cns": 2.5,
    "sofa_renal": 0.5
  },
  "predicted_sofa_features": {
    "pao2_fio2_ratio": [
      250.0,
      260.0,
      270.0,
      280.0,
      290.0,
      300.0,
      310.0,
      320.0
    ],
    "platelet": [
      120.0,
      125.0,
      130.0,
      135.0,
      140.0,
      145.0,
      150.0,
      155.0
    ],
    "bilirubin_total": [
      2.0,
      1.9,
      1.8,
      1.7,
      1.6,
      1.5,
      1.4,
      1.3
    ],
    "vasopressor_rate": [
      0.1,
      0.08,
      0.06,
      0.04,
      0.02,
      0.0,
      -0.02,
      -0.04
    ],
    "gcs_total": [
      12.0,
      12.5,
      13.0,
      13.5,
      14.0,
      14.5,
      15.0,
      15.5
    ],
    "creatinine": [
      2.0,
      1.9,
      1.8,
      1.7,
      1.6,
      1.5,
      1.4,
      1.3
    ],
    "urine_output_ml": [
      800.0,
      850.0,
      900.0,
      950.0,
      1000.0,
      1050.0,
      1100.0,
      1150.0
    ],
    "mechanical_ventilation": [
      1.0,
      1.0,
      1.0,
      1.0,
      1.0,
      1.0,
      1.0,
      1.0
    ]
  },
  "actual_sofa_features": {
    "pao2_fio2_ratio": [
      194.05,
      215.91,
      220.45,
      227.27
    ],
    "platelet": [
      159.0,
      222.0
    ],
    "bilirubin_total": [
      5.6,
      6.1
    ],
    "vasopressor_rate": [
      0.0,
      0.08,
      0.1
    ],
    "gcs_total": [
      6.0,
      7.0,
      8.0,
      15.0
    ],
    "creatinine": [
      1.2,
      1.3
    ],
    "urine_output_ml": [
      0.0,
      60.0,
      120.0,
      167.0,
      190.0,
      245.0,
      260.0,
      280.0
    ],
    "mechanical_ventilation": [
      0.0
    ]
  },
  "predicted_sofa_scores": {
    "sofa_respiration": [
      1,
      1,
      1,
      1,
      1,
      1,
      1,
      1
    ],
    "sofa_coagulation": [
      1,
      1,
      1,
      1,
      1,
      1,
      0,
      0
    ],
    "sofa_liver": [
      2,
      1,
      1,
      1,
      1,
      1,
      1,
      1
    ],
    "sofa_cardiovascular": [
      1,
      1,
      1,
      1,
      1,
      0,
      4,
      4
    ],
    "sofa_cns": [
      2,
      2,
      1,
      1,
      1,
      1,
      0,
      0
    ],
    "sofa_renal": [
      2,
      1,
      1,
      1,
      1,
      1,
      1,
      1
    ]
  },
  "actual_sofa_scores": {
    "sofa_respiration": [
      3,
      2,
      2,
      2,
      4,
      4,
      4,
      4
    ],
    "sofa_coagulation": [
      0,
      0,
      4,
      4,
      4,
      4,
      4,
      4
    ],
    "sofa_liver": [
      2,
      3,
      0,
      0,
      0,
      0,
      0,
      0
    ],
    "sofa_cardiovascular": [
      0,
      1,
      1,
      0,
      0,
      0,
      0,
      0
    ],
    "sofa_cns": [
      4,
      3,
      3,
      0,
      4,
      4,
      4,
      4
    ],
    "sofa_renal": [
      1,
      1,
      2,
      2,
      2,
      1,
      1,
      1
    ]
  },
  "analysis": {
    "total_features_compared": 6,
    "features_with_valid_data": 6,
    "average_difference": 1.7083333333333333
  },
  "debug_info": {
    "sofa_extraction_method": "intervention_analysis.sofa_related_features",
    "sofa_features_count": 8
  }
}