{
  "patient_id": "30893431",
  "timestamp": "2025-12-01T22:46:50.755614",
  "model_name": "qwen3:30b",
  "model_trust_score": 0.7926801612788686,
  "feature_differences": {
    "sofa_respiration": 2.0,
    "sofa_coagulation": 2.25,
    "sofa_liver": 0.875,
    "sofa_cardiovascular": 0.25,
    "sofa_cns": 2.125,
    "sofa_renal": 0.25
  },
  "predicted_sofa_features": {
    "pao2_fio2_ratio": [
      250.0,
      260.0,
      270.0,
      280.0,
      290.0,
      300.0,
      310.0,
      320.0
    ],
    "platelet": [
      120.0,
      125.0,
      130.0,
      135.0,
      140.0,
      145.0,
      150.0,
      155.0
    ],
    "bilirubin_total": [
      2.0,
      1.9,
      1.8,
      1.7,
      1.6,
      1.5,
      1.4,
      1.3
    ],
    "vasopressor_rate": [
      0.3,
      0.25,
      0.2,
      0.15,
      0.1,
      0.05,
      0.0,
      0.0
    ],
    "gcs_total": [
      10.0,
      11.0,
      12.0,
      13.0,
      14.0,
      14.5,
      15.0,
      15.0
    ],
    "creatinine": [
      2.0,
      1.9,
      1.8,
      1.7,
      1.6,
      1.5,
      1.4,
      1.3
    ],
    "urine_output_ml": [
      500.0,
      600.0,
      700.0,
      800.0,
      900.0,
      1000.0,
      1100.0,
      1200.0
    ],
    "mechanical_ventilation": [
      1.0,
      1.0,
      1.0,
      1.0,
      1.0,
      1.0,
      1.0,
      1.0
    ]
  },
  "actual_sofa_features": {
    "pao2_fio2_ratio": [
      112.98,
      138.13,
      156.0,
      167.46,
      168.16,
      177.63,
      180.13,
      190.24
    ],
    "platelet": [
      24.0,
      26.0,
      28.0,
      34.0,
      35.5,
      36.5,
      41.0,
      43.0
    ],
    "bilirubin_total": [
      3.0,
      3.2,
      3.3,
      3.7,
      4.4,
      4.7,
      4.9,
      5.2
    ],
    "vasopressor_rate": [
      0.0,
      0.08,
      0.14,
      0.16,
      0.2,
      0.25,
      0.35
    ],
    "gcs_total": [
      8.0,
      9.0,
      10.0,
      11.0
    ],
    "creatinine": [
      0.9,
      1.0,
      1.1
    ],
    "urine_output_ml": [
      45.0,
      145.0,
      230.0,
      245.0,
      275.0,
      295.0,
      300.0,
      325.0
    ],
    "mechanical_ventilation": [
      0.0
    ]
  },
  "predicted_sofa_scores": {
    "sofa_respiration": [
      1,
      1,
      1,
      1,
      1,
      1,
      1,
      1
    ],
    "sofa_coagulation": [
      1,
      1,
      1,
      1,
      1,
      1,
      0,
      0
    ],
    "sofa_liver": [
      2,
      1,
      1,
      1,
      1,
      1,
      1,
      1
    ],
    "sofa_cardiovascular": [
      1,
      1,
      1,
      1,
      1,
      1,
      0,
      0
    ],
    "sofa_cns": [
      2,
      2,
      2,
      1,
      1,
      1,
      0,
      0
    ],
    "sofa_renal": [
      2,
      1,
      1,
      1,
      1,
      1,
      1,
      1
    ]
  },
  "actual_sofa_scores": {
    "sofa_respiration": [
      3,
      3,
      3,
      3,
      3,
      3,
      3,
      3
    ],
    "sofa_coagulation": [
      3,
      3,
      3,
      3,
      3,
      3,
      3,
      3
    ],
    "sofa_liver": [
      2,
      2,
      2,
      2,
      2,
      2,
      2,
      2
    ],
    "sofa_cardiovascular": [
      0,
      1,
      1,
      1,
      1,
      1,
      1,
      0
    ],
    "sofa_cns": [
      3,
      3,
      2,
      2,
      4,
      4,
      4,
      4
    ],
    "sofa_renal": [
      3,
      2,
      1,
      1,
      1,
      1,
      1,
      1
    ]
  },
  "analysis": {
    "total_features_compared": 6,
    "features_with_valid_data": 6,
    "average_difference": 1.2916666666666667
  },
  "debug_info": {
    "sofa_extraction_method": "intervention_analysis.sofa_related_features",
    "sofa_features_count": 8
  }
}