{
  "patient_id": "33815212",
  "timestamp": "2025-12-02T00:06:06.245058",
  "model_name": "qwen3:30b",
  "model_trust_score": 0.7995930441114961,
  "feature_differences": {
    "sofa_respiration": 3.0,
    "sofa_coagulation": 1.125,
    "sofa_liver": 1.25,
    "sofa_cardiovascular": 0.25,
    "sofa_cns": 1.0,
    "sofa_renal": 0.75
  },
  "predicted_sofa_features": {
    "pao2_fio2_ratio": [
      250.0,
      240.0,
      230.0,
      220.0,
      210.0,
      200.0,
      190.0,
      180.0
    ],
    "platelet": [
      120.0,
      115.0,
      110.0,
      105.0,
      100.0,
      95.0,
      90.0,
      85.0
    ],
    "bilirubin_total": [
      1.5,
      1.6,
      1.7,
      1.8,
      1.9,
      2.0,
      2.1,
      2.2
    ],
    "vasopressor_rate": [
      0.1,
      0.12,
      0.14,
      0.16,
      0.17,
      0.18,
      0.18,
      0.18
    ],
    "gcs_total": [
      10.0,
      9.5,
      9.0,
      8.5,
      8.0,
      7.5,
      7.0,
      6.5
    ],
    "creatinine": [
      1.5,
      1.6,
      1.7,
      1.8,
      1.9,
      2.0,
      2.1,
      2.2
    ],
    "urine_output_ml": [
      800.0,
      750.0,
      700.0,
      650.0,
      600.0,
      550.0,
      500.0,
      450.0
    ],
    "mechanical_ventilation": [
      1.0,
      1.0,
      1.0,
      1.0,
      1.0,
      1.0,
      1.0,
      1.0
    ]
  },
  "actual_sofa_features": {
    "pao2_fio2_ratio": [
      30.11,
      31.55,
      33.16,
      33.85,
      33.93,
      35.29,
      36.36,
      36.75
    ],
    "platelet": [
      36.0,
      39.0,
      52.0,
      62.0,
      69.0,
      71.0,
      72.0
    ],
    "bilirubin_total": [
      1.8,
      2.2,
      2.3,
      2.5
    ],
    "vasopressor_rate": [
      0.07,
      0.08,
      0.1,
      0.14,
      0.16,
      0.18
    ],
    "gcs_total": [
      4.0,
      5.0,
      9.0,
      10.0,
      13.0
    ],
    "creatinine": [
      1.6,
      1.8,
      2.1,
      3.0,
      4.4,
      4.6
    ],
    "urine_output_ml": [
      0.0,
      10.0,
      25.0,
      32.0,
      45.0,
      60.0,
      105.0,
      180.0
    ],
    "mechanical_ventilation": [
      0.0
    ]
  },
  "predicted_sofa_scores": {
    "sofa_respiration": [
      1,
      1,
      1,
      1,
      1,
      1,
      1,
      1
    ],
    "sofa_coagulation": [
      1,
      1,
      1,
      1,
      1,
      2,
      2,
      2
    ],
    "sofa_liver": [
      1,
      1,
      1,
      1,
      1,
      2,
      2,
      2
    ],
    "sofa_cardiovascular": [
      1,
      1,
      1,
      1,
      1,
      1,
      1,
      1
    ],
    "sofa_cns": [
      2,
      3,
      3,
      3,
      3,
      3,
      3,
      4
    ],
    "sofa_renal": [
      1,
      1,
      1,
      1,
      1,
      2,
      2,
      1
    ]
  },
  "actual_sofa_scores": {
    "sofa_respiration": [
      4,
      4,
      4,
      4,
      4,
      4,
      4,
      4
    ],
    "sofa_coagulation": [
      3,
      3,
      2,
      2,
      2,
      2,
      2,
      4
    ],
    "sofa_liver": [
      1,
      2,
      2,
      2,
      0,
      0,
      0,
      0
    ],
    "sofa_cardiovascular": [
      1,
      1,
      1,
      1,
      1,
      1,
      0,
      0
    ],
    "sofa_cns": [
      4,
      4,
      3,
      2,
      1,
      4,
      4,
      4
    ],
    "sofa_renal": [
      1,
      1,
      2,
      2,
      3,
      3,
      2,
      2
    ]
  },
  "analysis": {
    "total_features_compared": 6,
    "features_with_valid_data": 6,
    "average_difference": 1.2291666666666667
  },
  "debug_info": {
    "sofa_extraction_method": "intervention_analysis.sofa_related_features",
    "sofa_features_count": 8
  }
}