{
  "patient_id": "38817112",
  "timestamp": "2025-12-02T03:38:53.635969",
  "model_name": "qwen3:30b",
  "model_trust_score": 0.81650770622995,
  "feature_differences": {
    "sofa_respiration": 2.125,
    "sofa_coagulation": 0.75,
    "sofa_liver": 1.125,
    "sofa_cardiovascular": 0.625,
    "sofa_cns": 1.375,
    "sofa_renal": 0.5
  },
  "predicted_sofa_features": {
    "pao2_fio2_ratio": [
      280.0,
      260.0,
      240.0,
      220.0,
      200.0,
      180.0,
      160.0,
      140.0
    ],
    "platelet": [
      34.0,
      32.0,
      30.0,
      28.0,
      26.0,
      24.0,
      22.0,
      20.0
    ],
    "bilirubin_total": [
      1.2,
      1.3,
      1.4,
      1.5,
      1.6,
      1.7,
      1.8,
      1.9
    ],
    "vasopressor_rate": [
      0.1,
      0.15,
      0.2,
      0.22,
      0.23,
      0.24,
      0.245,
      0.25
    ],
    "gcs_total": [
      13.0,
      12.5,
      12.0,
      11.5,
      11.0,
      10.5,
      10.0,
      9.5
    ],
    "creatinine": [
      1.1,
      1.2,
      1.3,
      1.4,
      1.5,
      1.6,
      1.7,
      1.8
    ],
    "urine_output_ml": [
      1200.0,
      1100.0,
      1000.0,
      900.0,
      800.0,
      700.0,
      600.0,
      500.0
    ],
    "mechanical_ventilation": [
      0.0,
      0.0,
      0.0,
      0.0,
      0.0,
      1.0,
      1.0,
      1.0
    ]
  },
  "actual_sofa_features": {
    "pao2_fio2_ratio": [
      42.22,
      80.87,
      83.73,
      113.01,
      116.3
    ],
    "platelet": [
      34.0,
      40.0,
      53.0,
      57.0,
      62.0,
      69.0
    ],
    "bilirubin_total": [
      3.4,
      6.1
    ],
    "vasopressor_rate": [
      0.0,
      0.05,
      0.06,
      0.25
    ],
    "gcs_total": [
      8.0,
      9.0,
      10.0,
      13.0,
      15.0
    ],
    "creatinine": [
      1.8,
      1.9,
      2.6
    ],
    "urine_output_ml": [
      80.0,
      85.0,
      140.0,
      180.0,
      185.0,
      200.0,
      270.0,
      275.0
    ],
    "mechanical_ventilation": [
      0.0
    ]
  },
  "predicted_sofa_scores": {
    "sofa_respiration": [
      2,
      2,
      2,
      2,
      2,
      1,
      1,
      1
    ],
    "sofa_coagulation": [
      3,
      3,
      3,
      3,
      3,
      3,
      3,
      3
    ],
    "sofa_liver": [
      1,
      1,
      1,
      1,
      1,
      1,
      1,
      1
    ],
    "sofa_cardiovascular": [
      1,
      1,
      1,
      1,
      1,
      1,
      1,
      1
    ],
    "sofa_cns": [
      1,
      2,
      2,
      2,
      2,
      2,
      2,
      3
    ],
    "sofa_renal": [
      0,
      1,
      1,
      1,
      1,
      1,
      1,
      1
    ]
  },
  "actual_sofa_scores": {
    "sofa_respiration": [
      4,
      4,
      4,
      3,
      3,
      4,
      4,
      4
    ],
    "sofa_coagulation": [
      3,
      3,
      2,
      2,
      2,
      2,
      4,
      4
    ],
    "sofa_liver": [
      2,
      3,
      0,
      0,
      0,
      0,
      0,
      0
    ],
    "sofa_cardiovascular": [
      0,
      1,
      1,
      1,
      0,
      0,
      0,
      0
    ],
    "sofa_cns": [
      3,
      3,
      2,
      1,
      0,
      4,
      4,
      4
    ],
    "sofa_renal": [
      1,
      1,
      2,
      2,
      2,
      1,
      1,
      1
    ]
  },
  "analysis": {
    "total_features_compared": 6,
    "features_with_valid_data": 6,
    "average_difference": 1.0833333333333333
  },
  "debug_info": {
    "sofa_extraction_method": "intervention_analysis.sofa_related_features",
    "sofa_features_count": 8
  }
}