{
  "patient_id": "37270813",
  "timestamp": "2025-12-02T02:33:46.867735",
  "model_name": "qwen3:30b",
  "model_trust_score": 0.7837506406283489,
  "feature_differences": {
    "sofa_respiration": 2.375,
    "sofa_coagulation": 2.0,
    "sofa_liver": 1.25,
    "sofa_cardiovascular": 0.25,
    "sofa_cns": 1.625,
    "sofa_renal": 0.75
  },
  "predicted_sofa_features": {
    "pao2_fio2_ratio": [
      250.0,
      260.0,
      270.0,
      280.0,
      290.0,
      300.0,
      310.0,
      320.0
    ],
    "platelet": [
      100.0,
      110.0,
      120.0,
      130.0,
      140.0,
      150.0,
      160.0,
      170.0
    ],
    "bilirubin_total": [
      2.5,
      2.4,
      2.3,
      2.2,
      2.1,
      2.0,
      1.9,
      1.8
    ],
    "vasopressor_rate": [
      0.3,
      0.28,
      0.26,
      0.24,
      0.22,
      0.2,
      0.18,
      0.16
    ],
    "gcs_total": [
      8.0,
      8.5,
      9.0,
      9.5,
      10.0,
      10.5,
      11.0,
      11.5
    ],
    "creatinine": [
      2.5,
      2.4,
      2.3,
      2.2,
      2.1,
      2.0,
      1.9,
      1.8
    ],
    "urine_output_ml": [
      400.0,
      500.0,
      600.0,
      700.0,
      800.0,
      900.0,
      1000.0,
      1100.0
    ],
    "mechanical_ventilation": [
      1.0,
      1.0,
      1.0,
      1.0,
      1.0,
      1.0,
      1.0,
      1.0
    ]
  },
  "actual_sofa_features": {
    "pao2_fio2_ratio": [
      107.3,
      116.7,
      136.88,
      139.34,
      146.07
    ],
    "platelet": [
      51.0,
      53.5,
      61.0,
      87.0,
      105.0
    ],
    "bilirubin_total": [
      2.3,
      2.4
    ],
    "vasopressor_rate": [
      0.03,
      0.05,
      0.14,
      0.2,
      0.3,
      0.36
    ],
    "gcs_total": [
      9.0,
      10.0,
      11.0,
      15.0
    ],
    "creatinine": [
      3.1
    ],
    "urine_output_ml": [
      16.0,
      52.0,
      71.0,
      76.0,
      245.0,
      270.0,
      285.0,
      345.0
    ],
    "mechanical_ventilation": [
      0.0
    ]
  },
  "predicted_sofa_scores": {
    "sofa_respiration": [
      1,
      1,
      1,
      1,
      1,
      1,
      1,
      1
    ],
    "sofa_coagulation": [
      1,
      1,
      1,
      1,
      1,
      0,
      0,
      0
    ],
    "sofa_liver": [
      2,
      2,
      2,
      2,
      2,
      2,
      1,
      1
    ],
    "sofa_cardiovascular": [
      1,
      1,
      1,
      1,
      1,
      1,
      1,
      1
    ],
    "sofa_cns": [
      3,
      3,
      3,
      3,
      2,
      2,
      2,
      2
    ],
    "sofa_renal": [
      1,
      2,
      2,
      2,
      2,
      2,
      1,
      1
    ]
  },
  "actual_sofa_scores": {
    "sofa_respiration": [
      3,
      3,
      3,
      3,
      3,
      4,
      4,
      4
    ],
    "sofa_coagulation": [
      2,
      2,
      2,
      2,
      1,
      4,
      4,
      4
    ],
    "sofa_liver": [
      2,
      2,
      0,
      0,
      0,
      0,
      0,
      0
    ],
    "sofa_cardiovascular": [
      1,
      1,
      1,
      1,
      1,
      1,
      0,
      0
    ],
    "sofa_cns": [
      3,
      2,
      2,
      0,
      4,
      4,
      4,
      4
    ],
    "sofa_renal": [
      2,
      3,
      3,
      3,
      1,
      1,
      1,
      1
    ]
  },
  "analysis": {
    "total_features_compared": 6,
    "features_with_valid_data": 6,
    "average_difference": 1.375
  },
  "debug_info": {
    "sofa_extraction_method": "intervention_analysis.sofa_related_features",
    "sofa_features_count": 8
  }
}