{
  "patient_id": "33872424",
  "timestamp": "2025-12-02T00:10:57.822644",
  "model_name": "qwen3:30b",
  "model_trust_score": 0.7765455309944759,
  "feature_differences": {
    "sofa_respiration": 3.0,
    "sofa_coagulation": 2.0,
    "sofa_liver": 0.3333333333333333,
    "sofa_cardiovascular": 0.6666666666666666,
    "sofa_cns": 2.0,
    "sofa_renal": 0.6666666666666666
  },
  "predicted_sofa_features": {
    "pao2_fio2_ratio": [
      300.0,
      310.0,
      320.0,
      330.0,
      340.0,
      350.0,
      360.0,
      370.0
    ],
    "platelet": [
      150.0,
      155.0,
      160.0,
      165.0,
      170.0,
      175.0,
      180.0,
      185.0
    ],
    "bilirubin_total": [
      1.2,
      1.1,
      1.0,
      0.9,
      0.8,
      0.7,
      0.6,
      0.5
    ],
    "vasopressor_rate": [
      1.0,
      0.9,
      0.8,
      0.7,
      0.6,
      0.5,
      0.4,
      0.3
    ],
    "gcs_total": [
      14.0,
      14.5,
      15.0,
      15.0,
      15.0,
      15.0,
      15.0,
      15.0
    ],
    "creatinine": [
      1.5,
      1.4,
      1.3,
      1.2,
      1.1,
      1.0,
      0.9,
      0.8
    ],
    "urine_output_ml": [
      1200.0,
      1300.0,
      1400.0,
      1500.0,
      1600.0,
      1700.0,
      1800.0,
      1900.0
    ],
    "mechanical_ventilation": [
      1.0,
      1.0,
      1.0,
      1.0,
      1.0,
      1.0,
      1.0,
      1.0
    ]
  },
  "actual_sofa_features": {
    "pao2_fio2_ratio": [
      48.97,
      52.45
    ],
    "platelet": [
      102.5,
      125.0
    ],
    "bilirubin_total": [
      1.1
    ],
    "vasopressor_rate": [
      0.0,
      1.01
    ],
    "gcs_total": [
      3.0,
      6.0,
      15.0
    ],
    "creatinine": [
      2.0,
      2.45
    ],
    "urine_output_ml": [
      0.0,
      60.0,
      280.0
    ],
    "mechanical_ventilation": [
      0.0
    ]
  },
  "predicted_sofa_scores": {
    "sofa_respiration": [
      1,
      1,
      1,
      1,
      1,
      1,
      1,
      1
    ],
    "sofa_coagulation": [
      0,
      0,
      0,
      0,
      0,
      0,
      0,
      0
    ],
    "sofa_liver": [
      1,
      0,
      0,
      0,
      0,
      0,
      0,
      0
    ],
    "sofa_cardiovascular": [
      1,
      1,
      1,
      1,
      1,
      1,
      1,
      1
    ],
    "sofa_cns": [
      1,
      1,
      0,
      0,
      0,
      0,
      0,
      0
    ],
    "sofa_renal": [
      1,
      1,
      1,
      1,
      0,
      0,
      0,
      0
    ]
  },
  "actual_sofa_scores": {
    "sofa_respiration": [
      4,
      4,
      4
    ],
    "sofa_coagulation": [
      1,
      1,
      4
    ],
    "sofa_liver": [
      0,
      0,
      0
    ],
    "sofa_cardiovascular": [
      0,
      1,
      0
    ],
    "sofa_cns": [
      4,
      4,
      0
    ],
    "sofa_renal": [
      2,
      2,
      1
    ]
  },
  "analysis": {
    "total_features_compared": 6,
    "features_with_valid_data": 6,
    "average_difference": 1.4444444444444444
  },
  "debug_info": {
    "sofa_extraction_method": "intervention_analysis.sofa_related_features",
    "sofa_features_count": 8
  }
}