{
  "patient_id": "35481394",
  "timestamp": "2025-12-02T01:06:27.841315",
  "model_name": "qwen3:30b",
  "model_trust_score": 0.81650770622995,
  "feature_differences": {
    "sofa_respiration": 2.125,
    "sofa_coagulation": 0.875,
    "sofa_liver": 1.25,
    "sofa_cardiovascular": 0.25,
    "sofa_cns": 1.25,
    "sofa_renal": 0.75
  },
  "predicted_sofa_features": {
    "pao2_fio2_ratio": [
      250.0,
      230.0,
      210.0,
      190.0,
      170.0,
      150.0,
      130.0,
      110.0
    ],
    "platelet": [
      120.0,
      110.0,
      100.0,
      90.0,
      80.0,
      70.0,
      60.0,
      50.0
    ],
    "bilirubin_total": [
      1.5,
      1.7,
      1.9,
      2.1,
      2.3,
      2.5,
      2.7,
      2.9
    ],
    "vasopressor_rate": [
      0.1,
      0.12,
      0.14,
      0.15,
      0.15,
      0.15,
      0.15,
      0.15
    ],
    "gcs_total": [
      12.0,
      11.0,
      10.0,
      9.0,
      8.0,
      7.0,
      6.0,
      5.0
    ],
    "creatinine": [
      1.5,
      1.7,
      1.9,
      2.1,
      2.3,
      2.5,
      2.7,
      2.9
    ],
    "urine_output_ml": [
      1000.0,
      900.0,
      800.0,
      700.0,
      600.0,
      500.0,
      400.0,
      300.0
    ],
    "mechanical_ventilation": [
      0.0,
      0.0,
      0.0,
      1.0,
      1.0,
      1.0,
      1.0,
      1.0
    ]
  },
  "actual_sofa_features": {
    "pao2_fio2_ratio": [
      65.44,
      67.31,
      90.11,
      99.77,
      100.22,
      105.68,
      113.32,
      144.0
    ],
    "platelet": [
      45.0,
      46.0,
      48.0,
      49.0,
      52.0,
      56.0,
      57.0,
      58.0
    ],
    "bilirubin_total": [
      5.5,
      5.6,
      6.7,
      6.8,
      7.0,
      7.2,
      7.6
    ],
    "vasopressor_rate": [
      0.0,
      0.03,
      0.04,
      0.05,
      0.07,
      0.1,
      0.15
    ],
    "gcs_total": [
      3.0,
      4.0,
      9.0,
      10.0,
      15.0
    ],
    "creatinine": [
      1.5,
      1.8,
      2.0,
      2.1,
      2.2
    ],
    "urine_output_ml": [
      0.0,
      9.0,
      10.0,
      15.0,
      18.0,
      23.0,
      24.0,
      27.0
    ],
    "mechanical_ventilation": [
      0.0
    ]
  },
  "predicted_sofa_scores": {
    "sofa_respiration": [
      2,
      2,
      2,
      1,
      1,
      1,
      1,
      1
    ],
    "sofa_coagulation": [
      1,
      1,
      1,
      2,
      2,
      2,
      2,
      2
    ],
    "sofa_liver": [
      1,
      1,
      1,
      2,
      2,
      2,
      2,
      2
    ],
    "sofa_cardiovascular": [
      1,
      1,
      1,
      1,
      1,
      1,
      1,
      1
    ],
    "sofa_cns": [
      2,
      2,
      2,
      3,
      3,
      3,
      4,
      4
    ],
    "sofa_renal": [
      1,
      1,
      1,
      2,
      2,
      2,
      1,
      1
    ]
  },
  "actual_sofa_scores": {
    "sofa_respiration": [
      4,
      4,
      4,
      4,
      3,
      3,
      3,
      3
    ],
    "sofa_coagulation": [
      3,
      3,
      3,
      3,
      2,
      2,
      2,
      2
    ],
    "sofa_liver": [
      2,
      2,
      3,
      3,
      3,
      3,
      3,
      0
    ],
    "sofa_cardiovascular": [
      0,
      1,
      1,
      1,
      1,
      1,
      1,
      0
    ],
    "sofa_cns": [
      4,
      4,
      3,
      2,
      0,
      4,
      4,
      4
    ],
    "sofa_renal": [
      1,
      1,
      2,
      2,
      2,
      3,
      3,
      3
    ]
  },
  "analysis": {
    "total_features_compared": 6,
    "features_with_valid_data": 6,
    "average_difference": 1.0833333333333333
  },
  "debug_info": {
    "sofa_extraction_method": "intervention_analysis.sofa_related_features",
    "sofa_features_count": 8
  }
}