{
  "patient_id": "39657585",
  "timestamp": "2025-12-02T04:10:44.678834",
  "model_name": "qwen3:30b",
  "model_trust_score": 0.7972674459459178,
  "feature_differences": {
    "sofa_respiration": 1.75,
    "sofa_coagulation": 1.125,
    "sofa_liver": 1.125,
    "sofa_cardiovascular": 0.875,
    "sofa_cns": 1.75,
    "sofa_renal": 0.875
  },
  "predicted_sofa_features": {
    "pao2_fio2_ratio": [
      250.0,
      260.0,
      270.0,
      280.0,
      290.0,
      300.0,
      310.0,
      320.0
    ],
    "platelet": [
      100.0,
      110.0,
      120.0,
      130.0,
      140.0,
      150.0,
      160.0,
      170.0
    ],
    "bilirubin_total": [
      2.5,
      2.4,
      2.3,
      2.2,
      2.1,
      2.0,
      1.9,
      1.8
    ],
    "vasopressor_rate": [
      2.0,
      1.8,
      1.6,
      1.4,
      1.2,
      1.0,
      0.8,
      0.6
    ],
    "gcs_total": [
      10.0,
      10.5,
      11.0,
      11.5,
      12.0,
      12.5,
      13.0,
      13.5
    ],
    "creatinine": [
      2.5,
      2.4,
      2.3,
      2.2,
      2.1,
      2.0,
      1.9,
      1.8
    ],
    "urine_output_ml": [
      400.0,
      500.0,
      600.0,
      700.0,
      800.0,
      900.0,
      1000.0,
      1100.0
    ],
    "mechanical_ventilation": [
      1.0,
      1.0,
      1.0,
      1.0,
      1.0,
      1.0,
      1.0,
      1.0
    ]
  },
  "actual_sofa_features": {
    "pao2_fio2_ratio": [
      116.28,
      119.06,
      167.46,
      168.2,
      169.79,
      254.57,
      315.67
    ],
    "platelet": [
      77.0,
      79.0,
      83.0,
      85.0,
      86.0,
      87.0,
      107.0,
      108.0
    ],
    "bilirubin_total": [
      1.0,
      1.1,
      1.3,
      1.4,
      1.6,
      2.6,
      3.5
    ],
    "vasopressor_rate": [
      0.0,
      2.0
    ],
    "gcs_total": [
      8.0,
      9.0,
      10.0,
      15.0
    ],
    "creatinine": [
      0.9,
      1.1,
      1.2,
      1.3
    ],
    "urine_output_ml": [
      0.0,
      90.0,
      164.0,
      170.0,
      220.0,
      227.0,
      260.0,
      305.0
    ],
    "mechanical_ventilation": [
      0.0
    ]
  },
  "predicted_sofa_scores": {
    "sofa_respiration": [
      1,
      1,
      1,
      1,
      1,
      1,
      1,
      1
    ],
    "sofa_coagulation": [
      1,
      1,
      1,
      1,
      1,
      0,
      0,
      0
    ],
    "sofa_liver": [
      2,
      2,
      2,
      2,
      2,
      2,
      1,
      1
    ],
    "sofa_cardiovascular": [
      1,
      1,
      1,
      1,
      1,
      1,
      1,
      1
    ],
    "sofa_cns": [
      2,
      2,
      2,
      2,
      2,
      2,
      1,
      1
    ],
    "sofa_renal": [
      1,
      2,
      2,
      2,
      2,
      2,
      1,
      1
    ]
  },
  "actual_sofa_scores": {
    "sofa_respiration": [
      3,
      3,
      3,
      3,
      3,
      2,
      1,
      4
    ],
    "sofa_coagulation": [
      2,
      2,
      2,
      2,
      2,
      2,
      1,
      1
    ],
    "sofa_liver": [
      0,
      0,
      1,
      1,
      1,
      2,
      2,
      0
    ],
    "sofa_cardiovascular": [
      0,
      1,
      0,
      0,
      0,
      0,
      0,
      0
    ],
    "sofa_cns": [
      3,
      3,
      2,
      0,
      4,
      4,
      4,
      4
    ],
    "sofa_renal": [
      3,
      3,
      1,
      1,
      1,
      1,
      1,
      1
    ]
  },
  "analysis": {
    "total_features_compared": 6,
    "features_with_valid_data": 6,
    "average_difference": 1.25
  },
  "debug_info": {
    "sofa_extraction_method": "intervention_analysis.sofa_related_features",
    "sofa_features_count": 8
  }
}