{
  "patient_id": "32115504",
  "timestamp": "2025-12-01T23:22:51.309795",
  "model_name": "qwen3:30b",
  "model_trust_score": 0.7859532980488876,
  "feature_differences": {
    "sofa_respiration": 2.5,
    "sofa_coagulation": 1.875,
    "sofa_liver": 1.375,
    "sofa_cardiovascular": 0.5,
    "sofa_cns": 1.25,
    "sofa_renal": 0.625
  },
  "predicted_sofa_features": {
    "pao2_fio2_ratio": [
      250.0,
      240.0,
      230.0,
      220.0,
      210.0,
      200.0,
      190.0,
      180.0
    ],
    "platelet": [
      120.0,
      115.0,
      110.0,
      105.0,
      100.0,
      95.0,
      90.0,
      85.0
    ],
    "bilirubin_total": [
      1.5,
      1.6,
      1.7,
      1.8,
      1.9,
      2.0,
      2.1,
      2.2
    ],
    "vasopressor_rate": [
      0.0,
      0.02,
      0.04,
      0.05,
      0.055,
      0.058,
      0.059,
      0.06
    ],
    "gcs_total": [
      12.0,
      11.5,
      11.0,
      10.5,
      10.0,
      9.5,
      9.0,
      8.5
    ],
    "creatinine": [
      1.5,
      1.6,
      1.7,
      1.8,
      1.9,
      2.0,
      2.1,
      2.2
    ],
    "urine_output_ml": [
      1500.0,
      1400.0,
      1300.0,
      1200.0,
      1100.0,
      1000.0,
      900.0,
      800.0
    ],
    "mechanical_ventilation": [
      0.0,
      0.0,
      0.0,
      1.0,
      1.0,
      1.0,
      1.0,
      1.0
    ]
  },
  "actual_sofa_features": {
    "pao2_fio2_ratio": [
      88.34,
      88.71,
      98.82,
      99.77,
      153.22
    ],
    "platelet": [
      239.0,
      240.0,
      292.0
    ],
    "bilirubin_total": [
      2.1,
      2.5,
      2.8
    ],
    "vasopressor_rate": [
      0.0,
      0.03,
      0.05,
      0.06
    ],
    "gcs_total": [
      6.0,
      8.0,
      10.0,
      15.0
    ],
    "creatinine": [
      1.3,
      1.5,
      1.7,
      1.8
    ],
    "urine_output_ml": [
      93.0,
      108.0,
      150.0,
      160.0,
      450.0,
      470.0,
      630.0,
      660.0
    ],
    "mechanical_ventilation": [
      0.0
    ]
  },
  "predicted_sofa_scores": {
    "sofa_respiration": [
      2,
      2,
      2,
      1,
      1,
      1,
      1,
      1
    ],
    "sofa_coagulation": [
      1,
      1,
      1,
      1,
      1,
      2,
      2,
      2
    ],
    "sofa_liver": [
      1,
      1,
      1,
      1,
      1,
      2,
      2,
      2
    ],
    "sofa_cardiovascular": [
      0,
      1,
      1,
      1,
      1,
      1,
      1,
      1
    ],
    "sofa_cns": [
      2,
      2,
      2,
      2,
      2,
      3,
      3,
      3
    ],
    "sofa_renal": [
      1,
      1,
      1,
      1,
      1,
      2,
      2,
      2
    ]
  },
  "actual_sofa_scores": {
    "sofa_respiration": [
      4,
      4,
      4,
      4,
      3,
      4,
      4,
      4
    ],
    "sofa_coagulation": [
      0,
      0,
      0,
      4,
      4,
      4,
      4,
      4
    ],
    "sofa_liver": [
      2,
      2,
      2,
      0,
      0,
      0,
      0,
      0
    ],
    "sofa_cardiovascular": [
      0,
      1,
      1,
      1,
      0,
      0,
      0,
      0
    ],
    "sofa_cns": [
      4,
      3,
      2,
      0,
      4,
      4,
      4,
      4
    ],
    "sofa_renal": [
      1,
      1,
      1,
      1,
      1,
      1,
      0,
      0
    ]
  },
  "analysis": {
    "total_features_compared": 6,
    "features_with_valid_data": 6,
    "average_difference": 1.3541666666666667
  },
  "debug_info": {
    "sofa_extraction_method": "intervention_analysis.sofa_related_features",
    "sofa_features_count": 8
  }
}