{
  "patient_id": "34913842",
  "timestamp": "2025-12-02T00:35:07.711671",
  "model_name": "qwen3:30b",
  "model_trust_score": 0.7972674459459178,
  "feature_differences": {
    "sofa_respiration": 2.75,
    "sofa_coagulation": 1.0,
    "sofa_liver": 1.75,
    "sofa_cardiovascular": 0.0,
    "sofa_cns": 1.0,
    "sofa_renal": 1.0
  },
  "predicted_sofa_features": {
    "pao2_fio2_ratio": [
      250.0,
      230.0,
      210.0,
      190.0,
      170.0,
      150.0,
      130.0,
      110.0
    ],
    "platelet": [
      44.0,
      42.0,
      40.0,
      38.0,
      36.0,
      34.0,
      32.0,
      30.0
    ],
    "bilirubin_total": [
      2.5,
      2.7,
      2.9,
      3.1,
      3.3,
      3.5,
      3.7,
      3.9
    ],
    "vasopressor_rate": [
      0.0,
      0.0,
      0.0,
      0.0,
      0.0,
      0.0,
      0.0,
      0.0
    ],
    "gcs_total": [
      3.0,
      2.8,
      2.6,
      2.4,
      2.2,
      2.0,
      1.8,
      1.6
    ],
    "creatinine": [
      2.5,
      2.7,
      2.9,
      3.1,
      3.3,
      3.5,
      3.7,
      3.9
    ],
    "urine_output_ml": [
      500.0,
      450.0,
      400.0,
      350.0,
      300.0,
      250.0,
      200.0,
      150.0
    ],
    "mechanical_ventilation": [
      1.0,
      1.0,
      1.0,
      1.0,
      1.0,
      1.0,
      1.0,
      1.0
    ]
  },
  "actual_sofa_features": {
    "pao2_fio2_ratio": [
      93.59,
      170.97
    ],
    "platelet": [
      60.0,
      68.0
    ],
    "bilirubin_total": [
      8.0
    ],
    "vasopressor_rate": [
      0.0
    ],
    "gcs_total": [
      3.0,
      15.0
    ],
    "creatinine": [
      2.8,
      3.1
    ],
    "urine_output_ml": [
      0.0,
      30.0,
      55.0,
      140.0
    ],
    "mechanical_ventilation": [
      0.0
    ]
  },
  "predicted_sofa_scores": {
    "sofa_respiration": [
      1,
      1,
      1,
      1,
      1,
      1,
      1,
      1
    ],
    "sofa_coagulation": [
      3,
      3,
      3,
      3,
      3,
      3,
      3,
      3
    ],
    "sofa_liver": [
      2,
      2,
      2,
      2,
      2,
      2,
      2,
      2
    ],
    "sofa_cardiovascular": [
      0,
      0,
      0,
      0,
      0,
      0,
      0,
      0
    ],
    "sofa_cns": [
      4,
      4,
      4,
      4,
      4,
      4,
      4,
      4
    ],
    "sofa_renal": [
      2,
      1,
      1,
      1,
      1,
      1,
      1,
      2
    ]
  },
  "actual_sofa_scores": {
    "sofa_respiration": [
      4,
      3,
      4,
      4
    ],
    "sofa_coagulation": [
      2,
      2,
      4,
      4
    ],
    "sofa_liver": [
      3,
      0,
      0,
      0
    ],
    "sofa_cardiovascular": [
      0,
      0,
      0,
      0
    ],
    "sofa_cns": [
      4,
      0,
      4,
      4
    ],
    "sofa_renal": [
      2,
      2,
      3,
      2
    ]
  },
  "analysis": {
    "total_features_compared": 6,
    "features_with_valid_data": 6,
    "average_difference": 1.25
  },
  "debug_info": {
    "sofa_extraction_method": "intervention_analysis.sofa_related_features",
    "sofa_features_count": 8
  }
}