{
  "patient_id": "35947626",
  "timestamp": "2025-12-02T01:22:28.238901",
  "model_name": "qwen3:30b",
  "model_trust_score": 0.7949632821696868,
  "feature_differences": {
    "sofa_respiration": 2.0,
    "sofa_coagulation": 1.125,
    "sofa_liver": 1.75,
    "sofa_cardiovascular": 0.375,
    "sofa_cns": 1.5,
    "sofa_renal": 0.875
  },
  "predicted_sofa_features": {
    "pao2_fio2_ratio": [
      250.0,
      260.0,
      270.0,
      280.0,
      290.0,
      300.0,
      310.0,
      320.0
    ],
    "platelet": [
      120.0,
      125.0,
      130.0,
      135.0,
      140.0,
      145.0,
      150.0,
      155.0
    ],
    "bilirubin_total": [
      2.5,
      2.4,
      2.3,
      2.2,
      2.1,
      2.0,
      1.9,
      1.8
    ],
    "vasopressor_rate": [
      0.2,
      0.15,
      0.1,
      0.05,
      0.0,
      0.0,
      0.0,
      0.0
    ],
    "gcs_total": [
      3.0,
      4.0,
      5.0,
      6.0,
      7.0,
      8.0,
      9.0,
      10.0
    ],
    "creatinine": [
      2.5,
      2.4,
      2.3,
      2.2,
      2.1,
      2.0,
      1.9,
      1.8
    ],
    "urine_output_ml": [
      400.0,
      500.0,
      600.0,
      700.0,
      800.0,
      900.0,
      1000.0,
      1100.0
    ],
    "mechanical_ventilation": [
      1.0,
      1.0,
      1.0,
      1.0,
      1.0,
      1.0,
      1.0,
      1.0
    ]
  },
  "actual_sofa_features": {
    "pao2_fio2_ratio": [
      116.67,
      121.38,
      127.56,
      128.64,
      129.98,
      141.36,
      148.81,
      163.17
    ],
    "platelet": [
      82.0,
      84.0,
      90.0,
      92.0,
      107.0,
      121.0,
      127.0
    ],
    "bilirubin_total": [
      0.4,
      0.5,
      0.6,
      0.7
    ],
    "vasopressor_rate": [
      0.0,
      0.03,
      0.1,
      0.12,
      0.22,
      0.24
    ],
    "gcs_total": [
      3.0,
      9.0,
      10.0,
      15.0
    ],
    "creatinine": [
      1.8,
      1.9,
      2.6,
      3.0,
      4.0
    ],
    "urine_output_ml": [
      10.0,
      37.0,
      43.0,
      46.0,
      58.0,
      60.0,
      75.0,
      95.0
    ],
    "mechanical_ventilation": [
      0.0
    ]
  },
  "predicted_sofa_scores": {
    "sofa_respiration": [
      1,
      1,
      1,
      1,
      1,
      1,
      1,
      1
    ],
    "sofa_coagulation": [
      1,
      1,
      1,
      1,
      1,
      1,
      0,
      0
    ],
    "sofa_liver": [
      2,
      2,
      2,
      2,
      2,
      2,
      1,
      1
    ],
    "sofa_cardiovascular": [
      1,
      1,
      1,
      1,
      0,
      0,
      0,
      0
    ],
    "sofa_cns": [
      4,
      4,
      4,
      4,
      3,
      3,
      3,
      2
    ],
    "sofa_renal": [
      1,
      2,
      2,
      2,
      2,
      2,
      1,
      1
    ]
  },
  "actual_sofa_scores": {
    "sofa_respiration": [
      3,
      3,
      3,
      3,
      3,
      3,
      3,
      3
    ],
    "sofa_coagulation": [
      2,
      2,
      2,
      2,
      1,
      1,
      1,
      4
    ],
    "sofa_liver": [
      0,
      0,
      0,
      0,
      0,
      0,
      0,
      0
    ],
    "sofa_cardiovascular": [
      0,
      1,
      1,
      1,
      1,
      1,
      0,
      0
    ],
    "sofa_cns": [
      4,
      3,
      2,
      0,
      4,
      4,
      4,
      4
    ],
    "sofa_renal": [
      1,
      1,
      2,
      2,
      3,
      3,
      3,
      3
    ]
  },
  "analysis": {
    "total_features_compared": 6,
    "features_with_valid_data": 6,
    "average_difference": 1.2708333333333333
  },
  "debug_info": {
    "sofa_extraction_method": "intervention_analysis.sofa_related_features",
    "sofa_features_count": 8
  }
}