{
  "patient_id": "30717105",
  "timestamp": "2025-12-01T22:33:33.768940",
  "model_name": "qwen3:30b",
  "model_trust_score": 0.8067025279416296,
  "feature_differences": {
    "sofa_respiration": 3.0,
    "sofa_coagulation": 0.875,
    "sofa_liver": 0.625,
    "sofa_cardiovascular": 0.0,
    "sofa_cns": 1.5,
    "sofa_renal": 1.0
  },
  "predicted_sofa_features": {
    "pao2_fio2_ratio": [
      39.49,
      38.5,
      37.6,
      36.7,
      35.8,
      34.9,
      34.0,
      33.1
    ],
    "platelet": [
      120.0,
      115.0,
      110.0,
      105.0,
      100.0,
      95.0,
      90.0,
      85.0
    ],
    "bilirubin_total": [
      1.8,
      1.9,
      2.0,
      2.1,
      2.2,
      2.3,
      2.4,
      2.5
    ],
    "vasopressor_rate": [
      0.4,
      0.45,
      0.5,
      0.55,
      0.6,
      0.65,
      0.7,
      0.75
    ],
    "gcs_total": [
      12.0,
      11.5,
      11.0,
      10.5,
      10.0,
      9.5,
      9.0,
      8.5
    ],
    "creatinine": [
      1.8,
      1.9,
      2.0,
      2.1,
      2.2,
      2.3,
      2.4,
      2.5
    ],
    "urine_output_ml": [
      800.0,
      750.0,
      700.0,
      650.0,
      600.0,
      550.0,
      500.0,
      450.0
    ],
    "mechanical_ventilation": [
      1.0,
      1.0,
      1.0,
      1.0,
      1.0,
      1.0,
      1.0,
      1.0
    ]
  },
  "actual_sofa_features": {
    "pao2_fio2_ratio": [
      75.77,
      75.78,
      75.95,
      78.04,
      83.42,
      89.79,
      91.66,
      96.28
    ],
    "platelet": [
      79.0,
      83.0,
      86.0,
      93.0,
      94.0,
      98.0,
      105.0,
      112.0
    ],
    "bilirubin_total": [
      3.6,
      4.3,
      4.9,
      5.6,
      5.9,
      6.0,
      6.1,
      6.4
    ],
    "vasopressor_rate": [
      0.06,
      0.09,
      0.1,
      0.11,
      0.14,
      0.18,
      0.24,
      0.3
    ],
    "gcs_total": [
      3.0,
      4.0,
      8.0
    ],
    "creatinine": [
      1.2,
      1.3,
      1.4,
      1.5
    ],
    "urine_output_ml": [
      385.0,
      390.0,
      445.0,
      455.0,
      470.0,
      600.0,
      675.0,
      765.0
    ],
    "mechanical_ventilation": [
      0.0
    ]
  },
  "predicted_sofa_scores": {
    "sofa_respiration": [
      1,
      1,
      1,
      1,
      1,
      1,
      1,
      1
    ],
    "sofa_coagulation": [
      1,
      1,
      1,
      1,
      1,
      2,
      2,
      2
    ],
    "sofa_liver": [
      1,
      1,
      2,
      2,
      2,
      2,
      2,
      2
    ],
    "sofa_cardiovascular": [
      1,
      1,
      1,
      1,
      1,
      1,
      1,
      1
    ],
    "sofa_cns": [
      2,
      2,
      2,
      2,
      2,
      3,
      3,
      3
    ],
    "sofa_renal": [
      1,
      1,
      2,
      2,
      2,
      2,
      2,
      1
    ]
  },
  "actual_sofa_scores": {
    "sofa_respiration": [
      4,
      4,
      4,
      4,
      4,
      4,
      4,
      4
    ],
    "sofa_coagulation": [
      2,
      2,
      2,
      2,
      2,
      2,
      1,
      1
    ],
    "sofa_liver": [
      2,
      2,
      2,
      2,
      2,
      3,
      3,
      3
    ],
    "sofa_cardiovascular": [
      1,
      1,
      1,
      1,
      1,
      1,
      1,
      1
    ],
    "sofa_cns": [
      4,
      4,
      3,
      4,
      4,
      4,
      4,
      4
    ],
    "sofa_renal": [
      1,
      1,
      1,
      1,
      1,
      0,
      0,
      0
    ]
  },
  "analysis": {
    "total_features_compared": 6,
    "features_with_valid_data": 6,
    "average_difference": 1.1666666666666667
  },
  "debug_info": {
    "sofa_extraction_method": "intervention_analysis.sofa_related_features",
    "sofa_features_count": 8
  }
}