{
  "patient_id": "36823688",
  "timestamp": "2025-12-02T02:13:12.983694",
  "model_name": "qwen3:30b",
  "model_trust_score": 0.74709977208038,
  "feature_differences": {
    "sofa_respiration": 2.625,
    "sofa_coagulation": 2.625,
    "sofa_liver": 1.0,
    "sofa_cardiovascular": 0.5,
    "sofa_cns": 2.75,
    "sofa_renal": 1.0
  },
  "predicted_sofa_features": {
    "pao2_fio2_ratio": [
      350.0,
      340.0,
      330.0,
      320.0,
      310.0,
      300.0,
      290.0,
      280.0
    ],
    "platelet": [
      180.0,
      175.0,
      170.0,
      165.0,
      160.0,
      155.0,
      150.0,
      145.0
    ],
    "bilirubin_total": [
      1.2,
      1.3,
      1.4,
      1.5,
      1.6,
      1.7,
      1.8,
      1.9
    ],
    "vasopressor_rate": [
      0.1,
      0.08,
      0.06,
      0.04,
      0.02,
      0.01,
      0.005,
      0.0
    ],
    "gcs_total": [
      14.0,
      14.5,
      15.0,
      15.0,
      15.0,
      15.0,
      15.0,
      15.0
    ],
    "creatinine": [
      1.2,
      1.1,
      1.0,
      0.9,
      0.8,
      0.7,
      0.6,
      0.5
    ],
    "urine_output_ml": [
      1500.0,
      1600.0,
      1700.0,
      1800.0,
      1900.0,
      2000.0,
      2100.0,
      2200.0
    ],
    "mechanical_ventilation": [
      1.0,
      1.0,
      1.0,
      1.0,
      1.0,
      1.0,
      1.0,
      1.0
    ]
  },
  "actual_sofa_features": {
    "pao2_fio2_ratio": [
      152.87,
      155.56,
      162.82
    ],
    "platelet": [
      104.0,
      112.0,
      161.0
    ],
    "bilirubin_total": [
      2.9,
      4.2
    ],
    "vasopressor_rate": [
      0.0,
      0.05,
      0.07,
      0.08
    ],
    "gcs_total": [
      10.0,
      11.0,
      15.0
    ],
    "creatinine": [
      0.9,
      1.1,
      1.6
    ],
    "urine_output_ml": [
      165.0,
      230.0,
      255.0,
      290.0,
      315.0,
      320.0,
      330.0,
      340.0
    ],
    "mechanical_ventilation": [
      0.0
    ]
  },
  "predicted_sofa_scores": {
    "sofa_respiration": [
      1,
      1,
      1,
      1,
      1,
      1,
      1,
      1
    ],
    "sofa_coagulation": [
      0,
      0,
      0,
      0,
      0,
      0,
      0,
      1
    ],
    "sofa_liver": [
      1,
      1,
      1,
      1,
      1,
      1,
      1,
      1
    ],
    "sofa_cardiovascular": [
      1,
      1,
      1,
      1,
      1,
      1,
      1,
      0
    ],
    "sofa_cns": [
      1,
      1,
      0,
      0,
      0,
      0,
      0,
      0
    ],
    "sofa_renal": [
      1,
      0,
      0,
      0,
      0,
      0,
      0,
      0
    ]
  },
  "actual_sofa_scores": {
    "sofa_respiration": [
      3,
      3,
      3,
      4,
      4,
      4,
      4,
      4
    ],
    "sofa_coagulation": [
      1,
      1,
      0,
      4,
      4,
      4,
      4,
      4
    ],
    "sofa_liver": [
      2,
      2,
      0,
      0,
      0,
      0,
      0,
      0
    ],
    "sofa_cardiovascular": [
      0,
      1,
      1,
      1,
      0,
      0,
      0,
      0
    ],
    "sofa_cns": [
      2,
      2,
      0,
      4,
      4,
      4,
      4,
      4
    ],
    "sofa_renal": [
      2,
      1,
      1,
      1,
      1,
      1,
      1,
      1
    ]
  },
  "analysis": {
    "total_features_compared": 6,
    "features_with_valid_data": 6,
    "average_difference": 1.75
  },
  "debug_info": {
    "sofa_extraction_method": "intervention_analysis.sofa_related_features",
    "sofa_features_count": 8
  }
}