{
  "patient_id": "31703381",
  "timestamp": "2025-12-01T23:06:47.101939",
  "model_name": "qwen3:30b",
  "model_trust_score": 0.8484660491074211,
  "feature_differences": {
    "sofa_respiration": 1.25,
    "sofa_coagulation": 1.5,
    "sofa_liver": 0.875,
    "sofa_cardiovascular": 0.0,
    "sofa_cns": 0.625,
    "sofa_renal": 0.75
  },
  "predicted_sofa_features": {
    "pao2_fio2_ratio": [
      280.0,
      260.0,
      240.0,
      220.0,
      200.0,
      180.0,
      160.0,
      140.0
    ],
    "platelet": [
      130.0,
      120.0,
      110.0,
      100.0,
      90.0,
      80.0,
      70.0,
      60.0
    ],
    "bilirubin_total": [
      1.4,
      1.6,
      1.8,
      2.0,
      2.2,
      2.4,
      2.6,
      2.8
    ],
    "vasopressor_rate": [
      0.0,
      0.0,
      0.0,
      0.0,
      0.0,
      0.0,
      0.0,
      0.0
    ],
    "gcs_total": [
      3.0,
      3.0,
      3.0,
      3.0,
      3.0,
      3.0,
      3.0,
      3.0
    ],
    "creatinine": [
      1.4,
      1.6,
      1.8,
      2.0,
      2.2,
      2.4,
      2.6,
      2.8
    ],
    "urine_output_ml": [
      1000.0,
      900.0,
      800.0,
      700.0,
      600.0,
      500.0,
      400.0,
      300.0
    ],
    "mechanical_ventilation": [
      0.0,
      0.0,
      0.0,
      0.0,
      0.0,
      0.0,
      0.0,
      0.0
    ]
  },
  "actual_sofa_features": {
    "pao2_fio2_ratio": [
      98.71,
      118.89,
      257.81
    ],
    "platelet": [
      46.0,
      49.0,
      50.0,
      53.0,
      54.5
    ],
    "bilirubin_total": [
      2.75,
      2.8,
      3.9,
      4.4,
      5.4,
      6.5,
      9.0
    ],
    "vasopressor_rate": [
      0.0
    ],
    "gcs_total": [
      3.0,
      9.0,
      15.0
    ],
    "creatinine": [
      1.0,
      1.1
    ],
    "urine_output_ml": [
      0.0,
      110.0,
      128.0,
      140.0,
      145.0,
      150.0,
      160.0,
      195.0
    ],
    "mechanical_ventilation": [
      0.0
    ]
  },
  "predicted_sofa_scores": {
    "sofa_respiration": [
      2,
      2,
      2,
      2,
      2,
      3,
      3,
      3
    ],
    "sofa_coagulation": [
      1,
      1,
      1,
      1,
      2,
      2,
      2,
      2
    ],
    "sofa_liver": [
      1,
      1,
      1,
      2,
      2,
      2,
      2,
      2
    ],
    "sofa_cardiovascular": [
      0,
      0,
      0,
      0,
      0,
      0,
      0,
      0
    ],
    "sofa_cns": [
      4,
      4,
      4,
      4,
      4,
      4,
      4,
      4
    ],
    "sofa_renal": [
      1,
      1,
      1,
      2,
      2,
      2,
      1,
      1
    ]
  },
  "actual_sofa_scores": {
    "sofa_respiration": [
      4,
      3,
      2,
      4,
      4,
      4,
      4,
      4
    ],
    "sofa_coagulation": [
      3,
      3,
      2,
      2,
      2,
      4,
      4,
      4
    ],
    "sofa_liver": [
      2,
      2,
      2,
      2,
      2,
      3,
      3,
      0
    ],
    "sofa_cardiovascular": [
      0,
      0,
      0,
      0,
      0,
      0,
      0,
      0
    ],
    "sofa_cns": [
      4,
      3,
      0,
      4,
      4,
      4,
      4,
      4
    ],
    "sofa_renal": [
      3,
      2,
      2,
      2,
      2,
      2,
      2,
      2
    ]
  },
  "analysis": {
    "total_features_compared": 6,
    "features_with_valid_data": 6,
    "average_difference": 0.8333333333333334
  },
  "debug_info": {
    "sofa_extraction_method": "intervention_analysis.sofa_related_features",
    "sofa_features_count": 8
  }
}