{
  "patient_id": "32154852",
  "timestamp": "2025-12-01T23:26:18.267347",
  "model_name": "qwen3:30b",
  "model_trust_score": 0.8722935940585024,
  "feature_differences": {
    "sofa_respiration": 1.25,
    "sofa_coagulation": 0.25,
    "sofa_liver": 0.625,
    "sofa_cardiovascular": 0.0,
    "sofa_cns": 1.5,
    "sofa_renal": 0.375
  },
  "predicted_sofa_features": {
    "pao2_fio2_ratio": [
      250.0,
      240.0,
      230.0,
      220.0,
      210.0,
      200.0,
      190.0,
      180.0
    ],
    "platelet": [
      100.0,
      95.0,
      90.0,
      85.0,
      80.0,
      75.0,
      70.0,
      65.0
    ],
    "bilirubin_total": [
      1.5,
      1.6,
      1.7,
      1.8,
      1.9,
      2.0,
      2.1,
      2.2
    ],
    "vasopressor_rate": [
      0.0,
      0.0,
      0.0,
      0.0,
      0.0,
      0.0,
      0.0,
      0.0
    ],
    "gcs_total": [
      14.0,
      13.0,
      12.0,
      11.0,
      10.0,
      9.0,
      8.0,
      7.0
    ],
    "creatinine": [
      1.5,
      1.6,
      1.7,
      1.8,
      1.9,
      2.0,
      2.1,
      2.2
    ],
    "urine_output_ml": [
      1500.0,
      1400.0,
      1300.0,
      1200.0,
      1100.0,
      1000.0,
      900.0,
      800.0
    ],
    "mechanical_ventilation": [
      0.0,
      0.0,
      0.0,
      1.0,
      1.0,
      1.0,
      1.0,
      1.0
    ]
  },
  "actual_sofa_features": {
    "pao2_fio2_ratio": [
      112.45,
      116.5,
      160.23,
      162.59,
      173.12,
      195.35,
      227.78,
      316.57
    ],
    "platelet": [
      48.0,
      52.0,
      53.0,
      59.0,
      68.0,
      72.0,
      74.0,
      75.0
    ],
    "bilirubin_total": [
      3.1,
      3.2,
      3.6,
      3.7,
      3.8,
      3.9,
      4.0,
      4.5
    ],
    "vasopressor_rate": [
      0.0
    ],
    "gcs_total": [
      3.0,
      4.0,
      8.0,
      10.0,
      11.0,
      15.0
    ],
    "creatinine": [
      1.1,
      1.4,
      1.6,
      1.9,
      2.0,
      2.1,
      2.3,
      2.5
    ],
    "urine_output_ml": [
      25.0,
      40.0,
      50.0,
      65.0,
      70.0,
      85.0,
      90.0,
      95.0
    ],
    "mechanical_ventilation": [
      0.0
    ]
  },
  "predicted_sofa_scores": {
    "sofa_respiration": [
      2,
      2,
      2,
      1,
      1,
      1,
      1,
      1
    ],
    "sofa_coagulation": [
      1,
      2,
      2,
      2,
      2,
      2,
      2,
      2
    ],
    "sofa_liver": [
      1,
      1,
      1,
      1,
      1,
      2,
      2,
      2
    ],
    "sofa_cardiovascular": [
      0,
      0,
      0,
      0,
      0,
      0,
      0,
      0
    ],
    "sofa_cns": [
      1,
      1,
      2,
      2,
      2,
      3,
      3,
      3
    ],
    "sofa_renal": [
      1,
      1,
      1,
      1,
      1,
      2,
      2,
      2
    ]
  },
  "actual_sofa_scores": {
    "sofa_respiration": [
      3,
      3,
      3,
      3,
      3,
      3,
      2,
      1
    ],
    "sofa_coagulation": [
      3,
      2,
      2,
      2,
      2,
      2,
      2,
      2
    ],
    "sofa_liver": [
      2,
      2,
      2,
      2,
      2,
      2,
      2,
      2
    ],
    "sofa_cardiovascular": [
      0,
      0,
      0,
      0,
      0,
      0,
      0,
      0
    ],
    "sofa_cns": [
      4,
      4,
      3,
      2,
      2,
      0,
      4,
      4
    ],
    "sofa_renal": [
      3,
      1,
      1,
      1,
      2,
      2,
      2,
      2
    ]
  },
  "analysis": {
    "total_features_compared": 6,
    "features_with_valid_data": 6,
    "average_difference": 0.6666666666666666
  },
  "debug_info": {
    "sofa_extraction_method": "intervention_analysis.sofa_related_features",
    "sofa_features_count": 8
  }
}