{
  "patient_id": "38673044",
  "timestamp": "2025-12-02T03:33:17.673670",
  "model_name": "qwen3:30b",
  "model_trust_score": 0.7794027049503816,
  "feature_differences": {
    "sofa_respiration": 2.375,
    "sofa_coagulation": 1.375,
    "sofa_liver": 1.125,
    "sofa_cardiovascular": 0.125,
    "sofa_cns": 2.125,
    "sofa_renal": 1.375
  },
  "predicted_sofa_features": {
    "pao2_fio2_ratio": [
      200.0,
      210.0,
      220.0,
      230.0,
      240.0,
      250.0,
      260.0,
      270.0
    ],
    "platelet": [
      100.0,
      105.0,
      110.0,
      115.0,
      120.0,
      125.0,
      130.0,
      135.0
    ],
    "bilirubin_total": [
      2.5,
      2.4,
      2.3,
      2.2,
      2.1,
      2.0,
      1.9,
      1.8
    ],
    "vasopressor_rate": [
      0.5,
      0.45,
      0.4,
      0.35,
      0.3,
      0.25,
      0.2,
      0.15
    ],
    "gcs_total": [
      12.0,
      12.5,
      13.0,
      13.5,
      14.0,
      14.5,
      15.0,
      15.0
    ],
    "creatinine": [
      2.0,
      1.9,
      1.8,
      1.7,
      1.6,
      1.5,
      1.4,
      1.3
    ],
    "urine_output_ml": [
      500.0,
      600.0,
      700.0,
      800.0,
      900.0,
      1000.0,
      1100.0,
      1200.0
    ],
    "mechanical_ventilation": [
      1.0,
      1.0,
      1.0,
      1.0,
      1.0,
      1.0,
      1.0,
      1.0
    ]
  },
  "actual_sofa_features": {
    "pao2_fio2_ratio": [
      77.19,
      89.66,
      97.74,
      101.49,
      113.27,
      114.84,
      117.94,
      126.41
    ],
    "platelet": [
      138.0,
      151.0,
      180.0,
      205.0,
      222.0,
      257.0
    ],
    "bilirubin_total": [
      1.7,
      3.0,
      4.4
    ],
    "vasopressor_rate": [
      0.0,
      0.03,
      0.07,
      0.1,
      0.15,
      0.16,
      0.27,
      0.46
    ],
    "gcs_total": [
      3.0,
      9.0,
      10.0,
      11.0,
      15.0
    ],
    "creatinine": [
      2.1,
      2.4,
      2.6,
      3.2
    ],
    "urine_output_ml": [
      15.0,
      27.0,
      42.0,
      44.0,
      45.0,
      50.0,
      57.0,
      70.0
    ],
    "mechanical_ventilation": [
      0.0
    ]
  },
  "predicted_sofa_scores": {
    "sofa_respiration": [
      1,
      1,
      1,
      1,
      1,
      1,
      1,
      1
    ],
    "sofa_coagulation": [
      1,
      1,
      1,
      1,
      1,
      1,
      1,
      1
    ],
    "sofa_liver": [
      2,
      2,
      2,
      2,
      2,
      2,
      1,
      1
    ],
    "sofa_cardiovascular": [
      1,
      1,
      1,
      1,
      1,
      1,
      1,
      1
    ],
    "sofa_cns": [
      2,
      2,
      1,
      1,
      1,
      1,
      0,
      0
    ],
    "sofa_renal": [
      2,
      1,
      1,
      1,
      1,
      1,
      1,
      1
    ]
  },
  "actual_sofa_scores": {
    "sofa_respiration": [
      4,
      4,
      4,
      3,
      3,
      3,
      3,
      3
    ],
    "sofa_coagulation": [
      1,
      0,
      0,
      0,
      0,
      0,
      4,
      4
    ],
    "sofa_liver": [
      1,
      2,
      2,
      0,
      0,
      0,
      0,
      0
    ],
    "sofa_cardiovascular": [
      0,
      1,
      1,
      1,
      1,
      1,
      1,
      1
    ],
    "sofa_cns": [
      4,
      3,
      2,
      2,
      0,
      4,
      4,
      4
    ],
    "sofa_renal": [
      2,
      2,
      2,
      2,
      3,
      3,
      3,
      3
    ]
  },
  "analysis": {
    "total_features_compared": 6,
    "features_with_valid_data": 6,
    "average_difference": 1.4166666666666667
  },
  "debug_info": {
    "sofa_extraction_method": "intervention_analysis.sofa_related_features",
    "sofa_features_count": 8
  }
}