{
  "patient_id": "37984140",
  "timestamp": "2025-12-02T02:42:40.469594",
  "model_name": "qwen3:30b",
  "model_trust_score": 0.7859532980488876,
  "feature_differences": {
    "sofa_respiration": 2.5,
    "sofa_coagulation": 1.25,
    "sofa_liver": 1.875,
    "sofa_cardiovascular": 1.125,
    "sofa_cns": 0.875,
    "sofa_renal": 0.5
  },
  "predicted_sofa_features": {
    "pao2_fio2_ratio": [
      200.0,
      190.0,
      180.0,
      170.0,
      160.0,
      150.0,
      140.0,
      130.0
    ],
    "platelet": [
      120.0,
      110.0,
      100.0,
      90.0,
      80.0,
      70.0,
      60.0,
      50.0
    ],
    "bilirubin_total": [
      2.0,
      2.2,
      2.4,
      2.6,
      2.8,
      3.0,
      3.2,
      3.4
    ],
    "vasopressor_rate": [
      6.3,
      6.5,
      6.7,
      6.9,
      7.1,
      7.3,
      7.5,
      7.7
    ],
    "gcs_total": [
      10.0,
      9.5,
      9.0,
      8.5,
      8.0,
      7.5,
      7.0,
      6.5
    ],
    "creatinine": [
      2.0,
      2.2,
      2.4,
      2.6,
      2.8,
      3.0,
      3.2,
      3.4
    ],
    "urine_output_ml": [
      800.0,
      750.0,
      700.0,
      650.0,
      600.0,
      550.0,
      500.0,
      450.0
    ],
    "mechanical_ventilation": [
      1.0,
      1.0,
      1.0,
      1.0,
      1.0,
      1.0,
      1.0,
      1.0
    ]
  },
  "actual_sofa_features": {
    "pao2_fio2_ratio": [
      84.26,
      85.03,
      191.96,
      370.16
    ],
    "platelet": [
      145.0,
      148.0,
      149.0,
      150.5,
      162.0,
      178.0,
      209.0
    ],
    "bilirubin_total": [
      0.6,
      0.8,
      1.3
    ],
    "vasopressor_rate": [
      0.0,
      0.02,
      0.08,
      0.15,
      0.18,
      0.2,
      0.41,
      0.51
    ],
    "gcs_total": [
      3.0,
      7.0,
      8.0,
      9.0,
      15.0
    ],
    "creatinine": [
      0.4,
      0.5,
      0.7
    ],
    "urine_output_ml": [
      105.0,
      130.0,
      180.0,
      212.0,
      250.0,
      270.0,
      275.0,
      295.0
    ],
    "mechanical_ventilation": [
      0.0
    ]
  },
  "predicted_sofa_scores": {
    "sofa_respiration": [
      1,
      1,
      1,
      1,
      1,
      1,
      1,
      1
    ],
    "sofa_coagulation": [
      1,
      1,
      1,
      2,
      2,
      2,
      2,
      2
    ],
    "sofa_liver": [
      2,
      2,
      2,
      2,
      2,
      2,
      2,
      2
    ],
    "sofa_cardiovascular": [
      2,
      2,
      2,
      2,
      2,
      2,
      2,
      2
    ],
    "sofa_cns": [
      2,
      3,
      3,
      3,
      3,
      3,
      3,
      4
    ],
    "sofa_renal": [
      2,
      2,
      2,
      2,
      2,
      2,
      2,
      1
    ]
  },
  "actual_sofa_scores": {
    "sofa_respiration": [
      4,
      4,
      3,
      1,
      4,
      4,
      4,
      4
    ],
    "sofa_coagulation": [
      1,
      1,
      1,
      0,
      0,
      0,
      0,
      4
    ],
    "sofa_liver": [
      0,
      0,
      1,
      0,
      0,
      0,
      0,
      0
    ],
    "sofa_cardiovascular": [
      0,
      1,
      1,
      1,
      1,
      1,
      1,
      1
    ],
    "sofa_cns": [
      4,
      3,
      3,
      3,
      0,
      4,
      4,
      4
    ],
    "sofa_renal": [
      2,
      2,
      2,
      1,
      1,
      1,
      1,
      1
    ]
  },
  "analysis": {
    "total_features_compared": 6,
    "features_with_valid_data": 6,
    "average_difference": 1.3541666666666667
  },
  "debug_info": {
    "sofa_extraction_method": "intervention_analysis.sofa_related_features",
    "sofa_features_count": 8
  }
}