{
  "patient_id": "32675591",
  "timestamp": "2025-12-01T23:31:28.654995",
  "model_name": "qwen3:30b",
  "model_trust_score": 0.7837506406283489,
  "feature_differences": {
    "sofa_respiration": 2.5,
    "sofa_coagulation": 1.625,
    "sofa_liver": 1.5,
    "sofa_cardiovascular": 0.375,
    "sofa_cns": 1.0,
    "sofa_renal": 1.25
  },
  "predicted_sofa_features": {
    "pao2_fio2_ratio": [
      320.0,
      300.0,
      280.0,
      260.0,
      240.0,
      220.0,
      200.0,
      180.0
    ],
    "platelet": [
      145.0,
      135.0,
      125.0,
      115.0,
      105.0,
      95.0,
      85.0,
      75.0
    ],
    "bilirubin_total": [
      1.3,
      1.5,
      1.7,
      1.9,
      2.1,
      2.3,
      2.5,
      2.7
    ],
    "vasopressor_rate": [
      0.05,
      0.055,
      0.06,
      0.06,
      0.06,
      0.06,
      0.06,
      0.06
    ],
    "gcs_total": [
      10.0,
      9.5,
      9.0,
      8.5,
      8.0,
      7.5,
      7.0,
      6.5
    ],
    "creatinine": [
      1.1,
      1.3,
      1.5,
      1.7,
      1.9,
      2.1,
      2.3,
      2.5
    ],
    "urine_output_ml": [
      1900.0,
      1700.0,
      1500.0,
      1300.0,
      1100.0,
      900.0,
      700.0,
      500.0
    ],
    "mechanical_ventilation": [
      0.0,
      0.0,
      0.0,
      1.0,
      1.0,
      1.0,
      1.0,
      1.0
    ]
  },
  "actual_sofa_features": {
    "pao2_fio2_ratio": [
      106.0,
      182.88,
      188.64
    ],
    "platelet": [
      126.0,
      130.0,
      153.0
    ],
    "bilirubin_total": [
      0.6
    ],
    "vasopressor_rate": [
      0.0,
      0.01,
      0.03,
      0.04,
      0.05,
      0.06
    ],
    "gcs_total": [
      3.0,
      8.0,
      9.0,
      10.0,
      15.0
    ],
    "creatinine": [
      0.6,
      0.7,
      0.8
    ],
    "urine_output_ml": [
      30.0,
      135.0,
      140.0,
      175.0,
      185.0,
      200.0,
      208.0,
      265.0
    ],
    "mechanical_ventilation": [
      0.0
    ]
  },
  "predicted_sofa_scores": {
    "sofa_respiration": [
      1,
      1,
      2,
      1,
      1,
      1,
      1,
      1
    ],
    "sofa_coagulation": [
      1,
      1,
      1,
      1,
      1,
      2,
      2,
      2
    ],
    "sofa_liver": [
      1,
      1,
      1,
      1,
      2,
      2,
      2,
      2
    ],
    "sofa_cardiovascular": [
      1,
      1,
      1,
      1,
      1,
      1,
      1,
      1
    ],
    "sofa_cns": [
      2,
      3,
      3,
      3,
      3,
      3,
      3,
      4
    ],
    "sofa_renal": [
      0,
      1,
      1,
      1,
      1,
      2,
      2,
      2
    ]
  },
  "actual_sofa_scores": {
    "sofa_respiration": [
      3,
      3,
      3,
      4,
      4,
      4,
      4,
      4
    ],
    "sofa_coagulation": [
      1,
      1,
      0,
      4,
      4,
      4,
      4,
      4
    ],
    "sofa_liver": [
      0,
      0,
      0,
      0,
      0,
      0,
      0,
      0
    ],
    "sofa_cardiovascular": [
      0,
      1,
      1,
      1,
      1,
      1,
      0,
      0
    ],
    "sofa_cns": [
      4,
      3,
      3,
      2,
      0,
      4,
      4,
      4
    ],
    "sofa_renal": [
      3,
      2,
      2,
      2,
      2,
      1,
      1,
      1
    ]
  },
  "analysis": {
    "total_features_compared": 6,
    "features_with_valid_data": 6,
    "average_difference": 1.375
  },
  "debug_info": {
    "sofa_extraction_method": "intervention_analysis.sofa_related_features",
    "sofa_features_count": 8
  }
}