{
  "patient_id": "38937052",
  "timestamp": "2025-12-02T03:53:56.074528",
  "model_name": "qwen3:30b",
  "model_trust_score": 0.8661204409109095,
  "feature_differences": {
    "sofa_respiration": 0.5,
    "sofa_coagulation": 1.625,
    "sofa_liver": 1.375,
    "sofa_cardiovascular": 0.0,
    "sofa_cns": 0.625,
    "sofa_renal": 0.125
  },
  "predicted_sofa_features": {
    "pao2_fio2_ratio": [
      250.0,
      240.0,
      230.0,
      220.0,
      210.0,
      200.0,
      190.0,
      180.0
    ],
    "platelet": [
      120.0,
      115.0,
      110.0,
      105.0,
      100.0,
      95.0,
      90.0,
      85.0
    ],
    "bilirubin_total": [
      1.5,
      1.6,
      1.7,
      1.8,
      1.9,
      2.0,
      2.1,
      2.2
    ],
    "vasopressor_rate": [
      0.0,
      0.0,
      0.0,
      0.0,
      0.0,
      0.0,
      0.0,
      0.0
    ],
    "gcs_total": [
      5.0,
      4.5,
      4.0,
      3.5,
      3.0,
      2.5,
      2.0,
      1.5
    ],
    "creatinine": [
      1.5,
      1.6,
      1.7,
      1.8,
      1.9,
      2.0,
      2.1,
      2.2
    ],
    "urine_output_ml": [
      1000.0,
      900.0,
      800.0,
      700.0,
      600.0,
      500.0,
      400.0,
      300.0
    ],
    "mechanical_ventilation": [
      0.0,
      0.0,
      0.0,
      0.0,
      0.0,
      0.0,
      0.0,
      0.0
    ]
  },
  "actual_sofa_features": {
    "pao2_fio2_ratio": [
      153.07,
      180.46,
      202.08,
      222.73,
      226.65,
      250.94
    ],
    "platelet": [
      89.0,
      112.0,
      119.0
    ],
    "bilirubin_total": [
      0.5
    ],
    "vasopressor_rate": [
      0.0
    ],
    "gcs_total": [
      5.0,
      8.0,
      10.0,
      11.0
    ],
    "creatinine": [
      0.4,
      0.5,
      0.7
    ],
    "urine_output_ml": [
      240.0,
      300.0,
      305.0,
      310.0,
      330.0,
      370.0,
      372.0,
      400.0
    ],
    "mechanical_ventilation": [
      0.0
    ]
  },
  "predicted_sofa_scores": {
    "sofa_respiration": [
      2,
      2,
      2,
      2,
      2,
      2,
      3,
      3
    ],
    "sofa_coagulation": [
      1,
      1,
      1,
      1,
      1,
      2,
      2,
      2
    ],
    "sofa_liver": [
      1,
      1,
      1,
      1,
      1,
      2,
      2,
      2
    ],
    "sofa_cardiovascular": [
      0,
      0,
      0,
      0,
      0,
      0,
      0,
      0
    ],
    "sofa_cns": [
      4,
      4,
      4,
      4,
      4,
      4,
      4,
      4
    ],
    "sofa_renal": [
      1,
      1,
      1,
      1,
      1,
      2,
      1,
      1
    ]
  },
  "actual_sofa_scores": {
    "sofa_respiration": [
      3,
      3,
      2,
      2,
      2,
      2,
      4,
      4
    ],
    "sofa_coagulation": [
      2,
      1,
      1,
      4,
      4,
      4,
      4,
      4
    ],
    "sofa_liver": [
      0,
      0,
      0,
      0,
      0,
      0,
      0,
      0
    ],
    "sofa_cardiovascular": [
      0,
      0,
      0,
      0,
      0,
      0,
      0,
      0
    ],
    "sofa_cns": [
      4,
      3,
      2,
      2,
      4,
      4,
      4,
      4
    ],
    "sofa_renal": [
      1,
      1,
      1,
      1,
      1,
      1,
      1,
      1
    ]
  },
  "analysis": {
    "total_features_compared": 6,
    "features_with_valid_data": 6,
    "average_difference": 0.7083333333333334
  },
  "debug_info": {
    "sofa_extraction_method": "intervention_analysis.sofa_related_features",
    "sofa_features_count": 8
  }
}