{
  "patient_id": "35055081",
  "timestamp": "2025-12-02T00:43:35.356704",
  "model_name": "qwen3:30b",
  "model_trust_score": 0.8091180056695638,
  "feature_differences": {
    "sofa_respiration": 2.25,
    "sofa_coagulation": 1.625,
    "sofa_liver": 1.0,
    "sofa_cardiovascular": 0.0,
    "sofa_cns": 1.125,
    "sofa_renal": 0.875
  },
  "predicted_sofa_features": {
    "pao2_fio2_ratio": [
      280.0,
      260.0,
      240.0,
      220.0,
      200.0,
      180.0,
      160.0,
      140.0
    ],
    "platelet": [
      120.0,
      110.0,
      100.0,
      90.0,
      80.0,
      70.0,
      60.0,
      50.0
    ],
    "bilirubin_total": [
      1.5,
      1.7,
      1.9,
      2.1,
      2.3,
      2.5,
      2.7,
      2.9
    ],
    "vasopressor_rate": [
      0.0,
      0.0,
      0.0,
      0.0,
      0.0,
      0.0,
      0.0,
      0.0
    ],
    "gcs_total": [
      12.0,
      11.0,
      10.0,
      9.0,
      8.0,
      7.0,
      6.0,
      5.0
    ],
    "creatinine": [
      1.5,
      1.7,
      1.9,
      2.1,
      2.3,
      2.5,
      2.7,
      2.9
    ],
    "urine_output_ml": [
      0.0,
      0.0,
      0.0,
      0.0,
      0.0,
      0.0,
      0.0,
      0.0
    ],
    "mechanical_ventilation": [
      1.0,
      1.0,
      1.0,
      1.0,
      1.0,
      1.0,
      1.0,
      1.0
    ]
  },
  "actual_sofa_features": {
    "pao2_fio2_ratio": [
      82.94,
      91.86,
      110.94,
      113.05,
      118.71,
      119.49,
      120.73,
      153.15
    ],
    "platelet": [
      24.0,
      35.0,
      43.0,
      45.0,
      46.0,
      48.0
    ],
    "bilirubin_total": [
      1.3,
      1.5,
      1.6,
      1.7,
      1.8
    ],
    "vasopressor_rate": [
      0.0
    ],
    "gcs_total": [
      3.0
    ],
    "creatinine": [
      2.1,
      2.2,
      2.3,
      2.4
    ],
    "urine_output_ml": [
      0.0,
      10.0,
      20.0,
      25.0,
      30.0,
      40.0
    ],
    "mechanical_ventilation": [
      0.0
    ]
  },
  "predicted_sofa_scores": {
    "sofa_respiration": [
      1,
      1,
      1,
      1,
      1,
      1,
      1,
      1
    ],
    "sofa_coagulation": [
      1,
      1,
      1,
      2,
      2,
      2,
      2,
      2
    ],
    "sofa_liver": [
      1,
      1,
      1,
      2,
      2,
      2,
      2,
      2
    ],
    "sofa_cardiovascular": [
      0,
      0,
      0,
      0,
      0,
      0,
      0,
      0
    ],
    "sofa_cns": [
      2,
      2,
      2,
      3,
      3,
      3,
      4,
      4
    ],
    "sofa_renal": [
      1,
      1,
      1,
      2,
      2,
      2,
      2,
      2
    ]
  },
  "actual_sofa_scores": {
    "sofa_respiration": [
      4,
      4,
      3,
      3,
      3,
      3,
      3,
      3
    ],
    "sofa_coagulation": [
      3,
      3,
      3,
      3,
      3,
      3,
      4,
      4
    ],
    "sofa_liver": [
      1,
      1,
      1,
      1,
      1,
      0,
      0,
      0
    ],
    "sofa_cardiovascular": [
      0,
      0,
      0,
      0,
      0,
      0,
      0,
      0
    ],
    "sofa_cns": [
      4,
      4,
      4,
      4,
      4,
      4,
      4,
      4
    ],
    "sofa_renal": [
      2,
      2,
      2,
      2,
      3,
      3,
      3,
      3
    ]
  },
  "analysis": {
    "total_features_compared": 6,
    "features_with_valid_data": 6,
    "average_difference": 1.1458333333333333
  },
  "debug_info": {
    "sofa_extraction_method": "intervention_analysis.sofa_related_features",
    "sofa_features_count": 8
  }
}