{
  "patient_id": "36582896",
  "timestamp": "2025-12-02T02:08:04.676088",
  "model_name": "qwen3:30b",
  "model_trust_score": 0.818515749154266,
  "feature_differences": {
    "sofa_respiration": 1.6,
    "sofa_coagulation": 1.8,
    "sofa_liver": 1.4,
    "sofa_cardiovascular": 0.0,
    "sofa_cns": 1.0,
    "sofa_renal": 0.6
  },
  "predicted_sofa_features": {
    "pao2_fio2_ratio": [
      250.0,
      230.0,
      210.0,
      190.0,
      170.0,
      150.0,
      130.0,
      110.0
    ],
    "platelet": [
      120.0,
      110.0,
      100.0,
      90.0,
      80.0,
      70.0,
      60.0,
      50.0
    ],
    "bilirubin_total": [
      1.5,
      1.7,
      1.9,
      2.1,
      2.3,
      2.5,
      2.7,
      2.9
    ],
    "vasopressor_rate": [
      0.0,
      0.0,
      0.0,
      0.0,
      0.0,
      0.0,
      0.0,
      0.0
    ],
    "gcs_total": [
      3.0,
      2.5,
      2.0,
      1.5,
      1.0,
      0.5,
      0.0,
      0.0
    ],
    "creatinine": [
      1.5,
      1.7,
      1.9,
      2.1,
      2.3,
      2.5,
      2.7,
      2.9
    ],
    "urine_output_ml": [
      800.0,
      700.0,
      600.0,
      500.0,
      400.0,
      300.0,
      200.0,
      100.0
    ],
    "mechanical_ventilation": [
      0.0,
      0.0,
      0.0,
      0.0,
      0.0,
      0.0,
      0.0,
      0.0
    ]
  },
  "actual_sofa_features": {
    "pao2_fio2_ratio": [
      74.59
    ],
    "platelet": [
      281.0,
      342.0
    ],
    "bilirubin_total": [
      0.3,
      0.5
    ],
    "vasopressor_rate": [
      0.0
    ],
    "gcs_total": [
      3.0,
      10.0,
      14.0
    ],
    "creatinine": [
      1.2
    ],
    "urine_output_ml": [
      0.0,
      65.0,
      140.0,
      185.0,
      200.0
    ],
    "mechanical_ventilation": [
      0.0
    ]
  },
  "predicted_sofa_scores": {
    "sofa_respiration": [
      2,
      2,
      2,
      3,
      3,
      3,
      3,
      3
    ],
    "sofa_coagulation": [
      1,
      1,
      1,
      2,
      2,
      2,
      2,
      2
    ],
    "sofa_liver": [
      1,
      1,
      1,
      2,
      2,
      2,
      2,
      2
    ],
    "sofa_cardiovascular": [
      0,
      0,
      0,
      0,
      0,
      0,
      0,
      0
    ],
    "sofa_cns": [
      4,
      4,
      4,
      4,
      4,
      4,
      4,
      4
    ],
    "sofa_renal": [
      1,
      1,
      1,
      2,
      1,
      1,
      1,
      2
    ]
  },
  "actual_sofa_scores": {
    "sofa_respiration": [
      4,
      4,
      4,
      4,
      4
    ],
    "sofa_coagulation": [
      0,
      0,
      4,
      4,
      4
    ],
    "sofa_liver": [
      0,
      0,
      0,
      0,
      0
    ],
    "sofa_cardiovascular": [
      0,
      0,
      0,
      0,
      0
    ],
    "sofa_cns": [
      4,
      2,
      1,
      4,
      4
    ],
    "sofa_renal": [
      1,
      3,
      2,
      2,
      1
    ]
  },
  "analysis": {
    "total_features_compared": 6,
    "features_with_valid_data": 6,
    "average_difference": 1.0666666666666667
  },
  "debug_info": {
    "sofa_extraction_method": "intervention_analysis.sofa_related_features",
    "sofa_features_count": 8
  }
}