{
  "patient_id": "unknown",
  "timestamp": "2025-12-01T22:29:42.639713",
  "model_name": "qwen3:30b",
  "model_trust_score": 0.7815672206361602,
  "feature_differences": {
    "sofa_respiration": 3.0,
    "sofa_coagulation": 1.5,
    "sofa_liver": 1.375,
    "sofa_cardiovascular": 0.75,
    "sofa_cns": 0.875,
    "sofa_renal": 0.875
  },
  "predicted_sofa_features": {
    "pao2_fio2_ratio": [
      49.77,
      45.0,
      40.0,
      35.0,
      30.0,
      25.0,
      20.0,
      15.0
    ],
    "platelet": [
      120.0,
      115.0,
      110.0,
      105.0,
      100.0,
      95.0,
      90.0,
      85.0
    ],
    "bilirubin_total": [
      1.5,
      1.7,
      1.9,
      2.1,
      2.3,
      2.5,
      2.7,
      2.9
    ],
    "vasopressor_rate": [
      5.0,
      6.5,
      8.0,
      9.5,
      11.0,
      12.56,
      12.56,
      12.56
    ],
    "gcs_total": [
      11.0,
      10.0,
      9.0,
      8.0,
      7.0,
      6.0,
      5.0,
      4.0
    ],
    "creatinine": [
      2.8,
      3.0,
      3.2,
      3.4,
      3.6,
      3.8,
      4.0,
      4.2
    ],
    "urine_output_ml": [
      500.0,
      450.0,
      400.0,
      350.0,
      300.0,
      250.0,
      200.0,
      150.0
    ],
    "mechanical_ventilation": [
      1.0,
      1.0,
      1.0,
      1.0,
      1.0,
      1.0,
      1.0,
      1.0
    ]
  },
  "actual_sofa_features": {
    "pao2_fio2_ratio": [
      26.04,
      82.84
    ],
    "platelet": [
      144.0,
      166.0,
      170.0,
      227.0
    ],
    "bilirubin_total": [
      4.0,
      4.7,
      5.7,
      6.5,
      7.9
    ],
    "vasopressor_rate": [
      0.03,
      0.04,
      5.0,
      6.25,
      12.5,
      12.56
    ],
    "gcs_total": [
      15.0
    ],
    "creatinine": [
      2.1,
      2.3,
      2.4
    ],
    "urine_output_ml": [
      0.0,
      475.0,
      500.0,
      575.0,
      650.0,
      725.0,
      800.0,
      1575.0
    ],
    "mechanical_ventilation": [
      0.0
    ]
  },
  "predicted_sofa_scores": {
    "sofa_respiration": [
      1,
      1,
      1,
      1,
      1,
      1,
      1,
      1
    ],
    "sofa_coagulation": [
      1,
      1,
      1,
      1,
      1,
      2,
      2,
      2
    ],
    "sofa_liver": [
      1,
      1,
      1,
      2,
      2,
      2,
      2,
      2
    ],
    "sofa_cardiovascular": [
      1,
      2,
      2,
      2,
      2,
      2,
      2,
      2
    ],
    "sofa_cns": [
      2,
      2,
      3,
      3,
      3,
      4,
      4,
      4
    ],
    "sofa_renal": [
      2,
      1,
      1,
      1,
      1,
      1,
      1,
      2
    ]
  },
  "actual_sofa_scores": {
    "sofa_respiration": [
      4,
      4,
      4,
      4,
      4,
      4,
      4,
      4
    ],
    "sofa_coagulation": [
      1,
      0,
      0,
      0,
      4,
      4,
      4,
      4
    ],
    "sofa_liver": [
      2,
      2,
      2,
      3,
      3,
      0,
      0,
      0
    ],
    "sofa_cardiovascular": [
      1,
      1,
      1,
      2,
      2,
      2,
      0,
      0
    ],
    "sofa_cns": [
      0,
      4,
      4,
      4,
      4,
      4,
      4,
      4
    ],
    "sofa_renal": [
      2,
      1,
      2,
      0,
      0,
      0,
      0,
      0
    ]
  },
  "analysis": {
    "total_features_compared": 6,
    "features_with_valid_data": 6,
    "average_difference": 1.3958333333333333
  },
  "debug_info": {
    "sofa_extraction_method": "intervention_analysis.sofa_related_features",
    "sofa_features_count": 8
  }
}