{
  "patient_id": "36952026",
  "timestamp": "2025-12-02T02:18:56.838678",
  "model_name": "qwen3:30b",
  "model_trust_score": 0.7688526163277875,
  "feature_differences": {
    "sofa_respiration": 2.5,
    "sofa_coagulation": 2.25,
    "sofa_liver": 1.75,
    "sofa_cardiovascular": 0.25,
    "sofa_cns": 1.625,
    "sofa_renal": 0.75
  },
  "predicted_sofa_features": {
    "pao2_fio2_ratio": [
      250.0,
      260.0,
      270.0,
      280.0,
      290.0,
      300.0,
      310.0,
      320.0
    ],
    "platelet": [
      120.0,
      125.0,
      130.0,
      135.0,
      140.0,
      145.0,
      150.0,
      155.0
    ],
    "bilirubin_total": [
      2.5,
      2.4,
      2.3,
      2.2,
      2.1,
      2.0,
      1.9,
      1.8
    ],
    "vasopressor_rate": [
      0.5,
      0.4,
      0.3,
      0.2,
      0.1,
      0.05,
      0.0,
      0.0
    ],
    "gcs_total": [
      8.0,
      8.5,
      9.0,
      9.5,
      10.0,
      10.5,
      11.0,
      11.5
    ],
    "creatinine": [
      2.5,
      2.4,
      2.3,
      2.2,
      2.1,
      2.0,
      1.9,
      1.8
    ],
    "urine_output_ml": [
      400.0,
      500.0,
      600.0,
      700.0,
      800.0,
      900.0,
      1000.0,
      1100.0
    ],
    "mechanical_ventilation": [
      1.0,
      1.0,
      1.0,
      1.0,
      1.0,
      1.0,
      1.0,
      1.0
    ]
  },
  "actual_sofa_features": {
    "pao2_fio2_ratio": [
      74.4,
      75.39,
      82.72,
      83.77,
      110.24,
      111.49,
      115.53,
      128.12
    ],
    "platelet": [
      308.0,
      370.0,
      437.0,
      511.0
    ],
    "bilirubin_total": [
      0.7,
      0.8,
      1.0
    ],
    "vasopressor_rate": [
      0.05,
      0.11,
      0.15,
      0.25,
      0.26,
      0.34,
      0.43,
      0.5
    ],
    "gcs_total": [
      3.0,
      8.0,
      10.0,
      15.0
    ],
    "creatinine": [
      1.5,
      1.6,
      1.85,
      2.3,
      2.4,
      2.7
    ],
    "urine_output_ml": [
      27.0,
      28.0,
      30.0,
      33.0,
      35.0,
      38.0,
      50.0,
      55.0
    ],
    "mechanical_ventilation": [
      0.0
    ]
  },
  "predicted_sofa_scores": {
    "sofa_respiration": [
      1,
      1,
      1,
      1,
      1,
      1,
      1,
      1
    ],
    "sofa_coagulation": [
      1,
      1,
      1,
      1,
      1,
      1,
      0,
      0
    ],
    "sofa_liver": [
      2,
      2,
      2,
      2,
      2,
      2,
      1,
      1
    ],
    "sofa_cardiovascular": [
      1,
      1,
      1,
      1,
      1,
      1,
      0,
      0
    ],
    "sofa_cns": [
      3,
      3,
      3,
      3,
      2,
      2,
      2,
      2
    ],
    "sofa_renal": [
      1,
      2,
      2,
      2,
      2,
      2,
      1,
      1
    ]
  },
  "actual_sofa_scores": {
    "sofa_respiration": [
      4,
      4,
      4,
      4,
      3,
      3,
      3,
      3
    ],
    "sofa_coagulation": [
      0,
      0,
      0,
      0,
      4,
      4,
      4,
      4
    ],
    "sofa_liver": [
      0,
      0,
      0,
      0,
      0,
      0,
      0,
      0
    ],
    "sofa_cardiovascular": [
      1,
      1,
      1,
      1,
      1,
      1,
      1,
      1
    ],
    "sofa_cns": [
      4,
      3,
      2,
      0,
      4,
      4,
      4,
      4
    ],
    "sofa_renal": [
      1,
      1,
      1,
      2,
      2,
      2,
      3,
      3
    ]
  },
  "analysis": {
    "total_features_compared": 6,
    "features_with_valid_data": 6,
    "average_difference": 1.5208333333333333
  },
  "debug_info": {
    "sofa_extraction_method": "intervention_analysis.sofa_related_features",
    "sofa_features_count": 8
  }
}