{
  "patient_id": "38256954",
  "timestamp": "2025-12-02T03:08:12.743706",
  "model_name": "qwen3:30b",
  "model_trust_score": 0.7709273170314612,
  "feature_differences": {
    "sofa_respiration": 3.0,
    "sofa_coagulation": 1.625,
    "sofa_liver": 0.75,
    "sofa_cardiovascular": 0.75,
    "sofa_cns": 2.25,
    "sofa_renal": 0.625
  },
  "predicted_sofa_features": {
    "pao2_fio2_ratio": [
      320.0,
      310.0,
      300.0,
      290.0,
      280.0,
      270.0,
      260.0,
      250.0
    ],
    "platelet": [
      160.0,
      155.0,
      150.0,
      145.0,
      140.0,
      135.0,
      130.0,
      125.0
    ],
    "bilirubin_total": [
      1.0,
      1.1,
      1.2,
      1.3,
      1.4,
      1.5,
      1.6,
      1.7
    ],
    "vasopressor_rate": [
      0.08,
      0.07,
      0.06,
      0.05,
      0.04,
      0.03,
      0.02,
      0.01
    ],
    "gcs_total": [
      14.0,
      14.5,
      15.0,
      15.0,
      15.0,
      15.0,
      15.0,
      15.0
    ],
    "creatinine": [
      1.1,
      1.15,
      1.2,
      1.25,
      1.3,
      1.35,
      1.4,
      1.45
    ],
    "urine_output_ml": [
      1800.0,
      1850.0,
      1900.0,
      1950.0,
      2000.0,
      2050.0,
      2100.0,
      2150.0
    ],
    "mechanical_ventilation": [
      1.0,
      1.0,
      1.0,
      1.0,
      1.0,
      1.0,
      1.0,
      1.0
    ]
  },
  "actual_sofa_features": {
    "pao2_fio2_ratio": [
      45.88,
      72.54
    ],
    "platelet": [
      295.0,
      299.0,
      344.0,
      359.0
    ],
    "bilirubin_total": [
      0.2
    ],
    "vasopressor_rate": [
      0.0,
      0.03,
      0.08
    ],
    "gcs_total": [
      8.0,
      10.0,
      11.0,
      13.0,
      15.0
    ],
    "creatinine": [
      0.8,
      0.9,
      1.0
    ],
    "urine_output_ml": [
      75.0,
      185.0,
      250.0,
      275.0,
      310.0,
      325.0,
      365.0,
      370.0
    ],
    "mechanical_ventilation": [
      0.0
    ]
  },
  "predicted_sofa_scores": {
    "sofa_respiration": [
      1,
      1,
      1,
      1,
      1,
      1,
      1,
      1
    ],
    "sofa_coagulation": [
      0,
      0,
      0,
      1,
      1,
      1,
      1,
      1
    ],
    "sofa_liver": [
      0,
      0,
      1,
      1,
      1,
      1,
      1,
      1
    ],
    "sofa_cardiovascular": [
      1,
      1,
      1,
      1,
      1,
      1,
      1,
      1
    ],
    "sofa_cns": [
      1,
      1,
      0,
      0,
      0,
      0,
      0,
      0
    ],
    "sofa_renal": [
      0,
      0,
      1,
      1,
      1,
      1,
      1,
      1
    ]
  },
  "actual_sofa_scores": {
    "sofa_respiration": [
      4,
      4,
      4,
      4,
      4,
      4,
      4,
      4
    ],
    "sofa_coagulation": [
      0,
      0,
      0,
      0,
      4,
      4,
      4,
      4
    ],
    "sofa_liver": [
      0,
      0,
      0,
      0,
      0,
      0,
      0,
      0
    ],
    "sofa_cardiovascular": [
      0,
      1,
      1,
      0,
      0,
      0,
      0,
      0
    ],
    "sofa_cns": [
      3,
      2,
      2,
      1,
      0,
      4,
      4,
      4
    ],
    "sofa_renal": [
      3,
      2,
      1,
      1,
      1,
      1,
      1,
      1
    ]
  },
  "analysis": {
    "total_features_compared": 6,
    "features_with_valid_data": 6,
    "average_difference": 1.5
  },
  "debug_info": {
    "sofa_extraction_method": "intervention_analysis.sofa_related_features",
    "sofa_features_count": 8
  }
}