{
  "patient_id": "33547152",
  "timestamp": "2025-12-01T23:50:11.824397",
  "model_name": "qwen3:30b",
  "model_trust_score": 0.7528471516365547,
  "feature_differences": {
    "sofa_respiration": 2.5,
    "sofa_coagulation": 1.5,
    "sofa_liver": 1.75,
    "sofa_cardiovascular": 1.875,
    "sofa_cns": 1.75,
    "sofa_renal": 0.75
  },
  "predicted_sofa_features": {
    "pao2_fio2_ratio": [
      250.0,
      260.0,
      270.0,
      280.0,
      290.0,
      300.0,
      310.0,
      320.0
    ],
    "platelet": [
      120.0,
      125.0,
      130.0,
      135.0,
      140.0,
      145.0,
      150.0,
      155.0
    ],
    "bilirubin_total": [
      2.5,
      2.4,
      2.3,
      2.2,
      2.1,
      2.0,
      1.9,
      1.8
    ],
    "vasopressor_rate": [
      18.0,
      17.0,
      16.0,
      15.0,
      14.0,
      13.0,
      12.0,
      11.0
    ],
    "gcs_total": [
      8.0,
      8.5,
      9.0,
      9.5,
      10.0,
      10.5,
      11.0,
      11.5
    ],
    "creatinine": [
      2.5,
      2.4,
      2.3,
      2.2,
      2.1,
      2.0,
      1.9,
      1.8
    ],
    "urine_output_ml": [
      500.0,
      600.0,
      700.0,
      800.0,
      900.0,
      1000.0,
      1100.0,
      1200.0
    ],
    "mechanical_ventilation": [
      1.0,
      1.0,
      1.0,
      1.0,
      1.0,
      1.0,
      1.0,
      1.0
    ]
  },
  "actual_sofa_features": {
    "pao2_fio2_ratio": [
      34.44,
      94.53,
      94.77,
      97.73,
      122.36,
      123.84,
      136.36,
      138.07
    ],
    "platelet": [
      142.0,
      147.0,
      155.0,
      156.0,
      159.0,
      221.0
    ],
    "bilirubin_total": [
      0.3,
      0.5,
      0.6,
      1.0
    ],
    "vasopressor_rate": [
      0.18,
      0.21,
      5.0,
      6.25,
      6.35,
      15.01,
      15.02,
      20.06
    ],
    "gcs_total": [
      3.0,
      10.0,
      11.0,
      15.0
    ],
    "creatinine": [
      1.9,
      2.0,
      2.1,
      3.0
    ],
    "urine_output_ml": [
      105.0,
      200.0,
      245.0,
      250.0,
      255.0,
      275.0,
      280.0,
      295.0
    ],
    "mechanical_ventilation": [
      0.0
    ]
  },
  "predicted_sofa_scores": {
    "sofa_respiration": [
      1,
      1,
      1,
      1,
      1,
      1,
      1,
      1
    ],
    "sofa_coagulation": [
      1,
      1,
      1,
      1,
      1,
      1,
      0,
      0
    ],
    "sofa_liver": [
      2,
      2,
      2,
      2,
      2,
      2,
      1,
      1
    ],
    "sofa_cardiovascular": [
      4,
      4,
      4,
      2,
      2,
      2,
      2,
      2
    ],
    "sofa_cns": [
      3,
      3,
      3,
      3,
      2,
      2,
      2,
      2
    ],
    "sofa_renal": [
      2,
      2,
      2,
      2,
      2,
      2,
      1,
      1
    ]
  },
  "actual_sofa_scores": {
    "sofa_respiration": [
      4,
      4,
      4,
      4,
      3,
      3,
      3,
      3
    ],
    "sofa_coagulation": [
      1,
      1,
      0,
      0,
      0,
      0,
      4,
      4
    ],
    "sofa_liver": [
      0,
      0,
      0,
      0,
      0,
      0,
      0,
      0
    ],
    "sofa_cardiovascular": [
      1,
      1,
      1,
      2,
      2,
      4,
      4,
      4
    ],
    "sofa_cns": [
      4,
      2,
      2,
      0,
      4,
      4,
      4,
      4
    ],
    "sofa_renal": [
      1,
      1,
      1,
      1,
      1,
      1,
      1,
      1
    ]
  },
  "analysis": {
    "total_features_compared": 6,
    "features_with_valid_data": 6,
    "average_difference": 1.6875
  },
  "debug_info": {
    "sofa_extraction_method": "intervention_analysis.sofa_related_features",
    "sofa_features_count": 8
  }
}