{
  "patient_id": "36959670",
  "timestamp": "2025-12-02T02:24:32.835655",
  "model_name": "qwen3:30b",
  "model_trust_score": 0.7688526163277875,
  "feature_differences": {
    "sofa_respiration": 3.0,
    "sofa_coagulation": 0.875,
    "sofa_liver": 1.75,
    "sofa_cardiovascular": 1.375,
    "sofa_cns": 1.5,
    "sofa_renal": 0.625
  },
  "predicted_sofa_features": {
    "pao2_fio2_ratio": [
      250.0,
      260.0,
      270.0,
      280.0,
      290.0,
      300.0,
      310.0,
      320.0
    ],
    "platelet": [
      100.0,
      105.0,
      110.0,
      115.0,
      120.0,
      125.0,
      130.0,
      135.0
    ],
    "bilirubin_total": [
      2.5,
      2.4,
      2.3,
      2.2,
      2.1,
      2.0,
      1.9,
      1.8
    ],
    "vasopressor_rate": [
      12.1,
      11.0,
      10.0,
      9.0,
      8.0,
      7.0,
      6.0,
      5.0
    ],
    "gcs_total": [
      3.0,
      4.0,
      5.0,
      6.0,
      7.0,
      8.0,
      9.0,
      10.0
    ],
    "creatinine": [
      2.5,
      2.4,
      2.3,
      2.2,
      2.1,
      2.0,
      1.9,
      1.8
    ],
    "urine_output_ml": [
      500.0,
      600.0,
      700.0,
      800.0,
      900.0,
      1000.0,
      1100.0,
      1200.0
    ],
    "mechanical_ventilation": [
      1.0,
      1.0,
      1.0,
      1.0,
      1.0,
      1.0,
      1.0,
      1.0
    ]
  },
  "actual_sofa_features": {
    "pao2_fio2_ratio": [
      56.33,
      60.29,
      62.64,
      76.83,
      80.99,
      82.46,
      83.91,
      92.18
    ],
    "platelet": [
      54.0,
      59.0,
      63.0,
      64.0,
      66.0,
      77.0,
      90.0,
      106.0
    ],
    "bilirubin_total": [
      0.6,
      0.7,
      0.8,
      0.9
    ],
    "vasopressor_rate": [
      0.0,
      2.97,
      3.99,
      12.06
    ],
    "gcs_total": [
      9.0,
      10.0,
      15.0
    ],
    "creatinine": [
      1.1,
      1.2,
      1.3,
      1.4,
      1.5,
      1.9
    ],
    "urine_output_ml": [
      102.0,
      120.0,
      135.0,
      155.0,
      195.0,
      210.0,
      235.0,
      250.0
    ],
    "mechanical_ventilation": [
      0.0
    ]
  },
  "predicted_sofa_scores": {
    "sofa_respiration": [
      1,
      1,
      1,
      1,
      1,
      1,
      1,
      1
    ],
    "sofa_coagulation": [
      1,
      1,
      1,
      1,
      1,
      1,
      1,
      1
    ],
    "sofa_liver": [
      2,
      2,
      2,
      2,
      2,
      2,
      1,
      1
    ],
    "sofa_cardiovascular": [
      2,
      2,
      2,
      2,
      2,
      2,
      2,
      1
    ],
    "sofa_cns": [
      4,
      4,
      4,
      4,
      3,
      3,
      3,
      2
    ],
    "sofa_renal": [
      2,
      2,
      2,
      2,
      2,
      2,
      1,
      1
    ]
  },
  "actual_sofa_scores": {
    "sofa_respiration": [
      4,
      4,
      4,
      4,
      4,
      4,
      4,
      4
    ],
    "sofa_coagulation": [
      2,
      2,
      2,
      2,
      2,
      2,
      2,
      1
    ],
    "sofa_liver": [
      0,
      0,
      0,
      0,
      0,
      0,
      0,
      0
    ],
    "sofa_cardiovascular": [
      0,
      1,
      1,
      2,
      0,
      0,
      0,
      0
    ],
    "sofa_cns": [
      3,
      2,
      0,
      4,
      4,
      4,
      4,
      4
    ],
    "sofa_renal": [
      2,
      1,
      1,
      1,
      1,
      1,
      1,
      1
    ]
  },
  "analysis": {
    "total_features_compared": 6,
    "features_with_valid_data": 6,
    "average_difference": 1.5208333333333333
  },
  "debug_info": {
    "sofa_extraction_method": "intervention_analysis.sofa_related_features",
    "sofa_features_count": 8
  }
}