{
  "patient_id": "30983281",
  "timestamp": "2025-12-01T22:51:45.006146",
  "model_name": "qwen3:30b",
  "model_trust_score": 0.7859532980488876,
  "feature_differences": {
    "sofa_respiration": 1.875,
    "sofa_coagulation": 1.375,
    "sofa_liver": 1.5,
    "sofa_cardiovascular": 2.0,
    "sofa_cns": 0.875,
    "sofa_renal": 0.5
  },
  "predicted_sofa_features": {
    "pao2_fio2_ratio": [
      250.0,
      230.0,
      210.0,
      190.0,
      170.0,
      150.0,
      130.0,
      110.0
    ],
    "platelet": [
      120.0,
      110.0,
      100.0,
      90.0,
      80.0,
      70.0,
      60.0,
      50.0
    ],
    "bilirubin_total": [
      1.5,
      1.7,
      1.9,
      2.1,
      2.3,
      2.5,
      2.7,
      2.9
    ],
    "vasopressor_rate": [
      12.5,
      15.0,
      17.5,
      20.0,
      22.5,
      24.0,
      25.0,
      25.95
    ],
    "gcs_total": [
      10.0,
      9.0,
      8.0,
      7.0,
      6.0,
      5.0,
      4.0,
      3.0
    ],
    "creatinine": [
      1.5,
      1.7,
      1.9,
      2.1,
      2.3,
      2.5,
      2.7,
      2.9
    ],
    "urine_output_ml": [
      800.0,
      700.0,
      600.0,
      500.0,
      400.0,
      300.0,
      200.0,
      100.0
    ],
    "mechanical_ventilation": [
      0.0,
      0.0,
      0.0,
      1.0,
      1.0,
      1.0,
      1.0,
      1.0
    ]
  },
  "actual_sofa_features": {
    "pao2_fio2_ratio": [
      68.33,
      98.2,
      111.61,
      113.59,
      114.19,
      115.81,
      124.44,
      132.0
    ],
    "platelet": [
      143.0,
      149.0,
      153.0,
      164.0,
      165.0,
      166.0,
      167.0,
      168.0
    ],
    "bilirubin_total": [
      0.6,
      0.8,
      0.9,
      1.2
    ],
    "vasopressor_rate": [
      12.53,
      12.54,
      25.87,
      25.95
    ],
    "gcs_total": [
      3.0,
      10.0,
      15.0
    ],
    "creatinine": [
      1.1,
      1.2,
      1.3,
      1.4,
      1.5,
      1.7
    ],
    "urine_output_ml": [
      340.0,
      400.0,
      550.0,
      575.0,
      595.0,
      610.0,
      745.0,
      900.0
    ],
    "mechanical_ventilation": [
      0.0
    ]
  },
  "predicted_sofa_scores": {
    "sofa_respiration": [
      2,
      2,
      2,
      1,
      1,
      1,
      1,
      1
    ],
    "sofa_coagulation": [
      1,
      1,
      1,
      2,
      2,
      2,
      2,
      2
    ],
    "sofa_liver": [
      1,
      1,
      1,
      2,
      2,
      2,
      2,
      2
    ],
    "sofa_cardiovascular": [
      2,
      2,
      4,
      4,
      4,
      4,
      4,
      4
    ],
    "sofa_cns": [
      2,
      3,
      3,
      3,
      4,
      4,
      4,
      4
    ],
    "sofa_renal": [
      1,
      1,
      1,
      2,
      1,
      1,
      1,
      2
    ]
  },
  "actual_sofa_scores": {
    "sofa_respiration": [
      4,
      4,
      3,
      3,
      3,
      3,
      3,
      3
    ],
    "sofa_coagulation": [
      1,
      1,
      0,
      0,
      0,
      0,
      0,
      0
    ],
    "sofa_liver": [
      0,
      0,
      0,
      1,
      0,
      0,
      0,
      0
    ],
    "sofa_cardiovascular": [
      2,
      2,
      4,
      4,
      0,
      0,
      0,
      0
    ],
    "sofa_cns": [
      4,
      2,
      0,
      4,
      4,
      4,
      4,
      4
    ],
    "sofa_renal": [
      1,
      1,
      1,
      1,
      1,
      1,
      0,
      0
    ]
  },
  "analysis": {
    "total_features_compared": 6,
    "features_with_valid_data": 6,
    "average_difference": 1.3541666666666667
  },
  "debug_info": {
    "sofa_extraction_method": "intervention_analysis.sofa_related_features",
    "sofa_features_count": 8
  }
}