{
  "patient_id": "38293345",
  "timestamp": "2025-12-02T03:12:40.876524",
  "model_name": "qwen3:30b",
  "model_trust_score": 0.8484660491074211,
  "feature_differences": {
    "sofa_respiration": 1.875,
    "sofa_coagulation": 0.125,
    "sofa_liver": 0.5,
    "sofa_cardiovascular": 0.0,
    "sofa_cns": 1.25,
    "sofa_renal": 1.25
  },
  "predicted_sofa_features": {
    "pao2_fio2_ratio": [
      250.0,
      240.0,
      230.0,
      220.0,
      210.0,
      200.0,
      190.0,
      180.0
    ],
    "platelet": [
      100.0,
      95.0,
      90.0,
      85.0,
      80.0,
      75.0,
      70.0,
      65.0
    ],
    "bilirubin_total": [
      1.5,
      1.6,
      1.7,
      1.8,
      1.9,
      2.0,
      2.1,
      2.2
    ],
    "vasopressor_rate": [
      0.0,
      0.0,
      0.0,
      0.0,
      0.0,
      0.0,
      0.0,
      0.0
    ],
    "gcs_total": [
      13.0,
      12.0,
      11.0,
      10.0,
      9.0,
      8.0,
      7.0,
      6.0
    ],
    "creatinine": [
      1.5,
      1.6,
      1.7,
      1.8,
      1.9,
      2.0,
      2.1,
      2.2
    ],
    "urine_output_ml": [
      1000.0,
      900.0,
      800.0,
      700.0,
      600.0,
      500.0,
      400.0,
      300.0
    ],
    "mechanical_ventilation": [
      0.0,
      0.0,
      1.0,
      1.0,
      1.0,
      1.0,
      1.0,
      1.0
    ]
  },
  "actual_sofa_features": {
    "pao2_fio2_ratio": [
      40.13,
      154.65,
      188.64,
      198.89,
      227.23,
      252.24
    ],
    "platelet": [
      60.0,
      65.0,
      66.0,
      67.0,
      70.0,
      71.0,
      72.0,
      76.0
    ],
    "bilirubin_total": [
      1.2,
      1.3,
      1.6,
      1.7,
      1.9,
      2.0
    ],
    "vasopressor_rate": [
      0.0
    ],
    "gcs_total": [
      3.0,
      8.0,
      10.0,
      11.0,
      14.0,
      15.0
    ],
    "creatinine": [
      3.8,
      4.0,
      4.2,
      4.3,
      4.4
    ],
    "urine_output_ml": [
      75.0,
      85.0,
      95.0,
      105.0,
      110.0,
      115.0,
      120.0,
      130.0
    ],
    "mechanical_ventilation": [
      0.0
    ]
  },
  "predicted_sofa_scores": {
    "sofa_respiration": [
      2,
      2,
      1,
      1,
      1,
      1,
      1,
      1
    ],
    "sofa_coagulation": [
      1,
      2,
      2,
      2,
      2,
      2,
      2,
      2
    ],
    "sofa_liver": [
      1,
      1,
      1,
      1,
      1,
      2,
      2,
      2
    ],
    "sofa_cardiovascular": [
      0,
      0,
      0,
      0,
      0,
      0,
      0,
      0
    ],
    "sofa_cns": [
      1,
      2,
      2,
      2,
      3,
      3,
      3,
      4
    ],
    "sofa_renal": [
      1,
      1,
      1,
      1,
      1,
      2,
      1,
      1
    ]
  },
  "actual_sofa_scores": {
    "sofa_respiration": [
      4,
      3,
      3,
      3,
      2,
      2,
      4,
      4
    ],
    "sofa_coagulation": [
      2,
      2,
      2,
      2,
      2,
      2,
      2,
      2
    ],
    "sofa_liver": [
      1,
      1,
      1,
      1,
      1,
      2,
      0,
      0
    ],
    "sofa_cardiovascular": [
      0,
      0,
      0,
      0,
      0,
      0,
      0,
      0
    ],
    "sofa_cns": [
      4,
      3,
      2,
      2,
      1,
      0,
      4,
      4
    ],
    "sofa_renal": [
      3,
      3,
      3,
      2,
      2,
      2,
      2,
      2
    ]
  },
  "analysis": {
    "total_features_compared": 6,
    "features_with_valid_data": 6,
    "average_difference": 0.8333333333333334
  },
  "debug_info": {
    "sofa_extraction_method": "intervention_analysis.sofa_related_features",
    "sofa_features_count": 8
  }
}