{
  "patient_id": "39452059",
  "timestamp": "2025-12-02T04:05:04.152238",
  "model_name": "qwen3:30b",
  "model_trust_score": 0.7772567690275337,
  "feature_differences": {
    "sofa_respiration": 2.5,
    "sofa_coagulation": 2.125,
    "sofa_liver": 1.375,
    "sofa_cardiovascular": 0.625,
    "sofa_cns": 1.125,
    "sofa_renal": 0.875
  },
  "predicted_sofa_features": {
    "pao2_fio2_ratio": [
      300.0,
      280.0,
      260.0,
      240.0,
      220.0,
      200.0,
      180.0,
      160.0
    ],
    "platelet": [
      150.0,
      140.0,
      130.0,
      120.0,
      110.0,
      100.0,
      90.0,
      80.0
    ],
    "bilirubin_total": [
      1.2,
      1.4,
      1.6,
      1.8,
      2.0,
      2.2,
      2.4,
      2.6
    ],
    "vasopressor_rate": [
      0.0,
      0.02,
      0.03,
      0.035,
      0.038,
      0.04,
      0.04,
      0.04
    ],
    "gcs_total": [
      12.0,
      11.0,
      10.0,
      9.0,
      8.0,
      7.0,
      6.0,
      5.0
    ],
    "creatinine": [
      1.5,
      1.6,
      1.7,
      1.8,
      1.9,
      2.0,
      2.1,
      2.2
    ],
    "urine_output_ml": [
      1200.0,
      1100.0,
      1000.0,
      900.0,
      800.0,
      700.0,
      600.0,
      500.0
    ],
    "mechanical_ventilation": [
      1.0,
      1.0,
      1.0,
      1.0,
      1.0,
      1.0,
      1.0,
      1.0
    ]
  },
  "actual_sofa_features": {
    "pao2_fio2_ratio": [
      84.02,
      85.29,
      86.28,
      113.71,
      114.58,
      114.85,
      130.67
    ],
    "platelet": [
      376.0,
      379.0
    ],
    "bilirubin_total": [
      1.1,
      1.4
    ],
    "vasopressor_rate": [
      0.0,
      0.02,
      0.04
    ],
    "gcs_total": [
      3.0
    ],
    "creatinine": [
      3.1,
      3.8,
      3.9
    ],
    "urine_output_ml": [
      250.0,
      275.0,
      350.0,
      425.0,
      525.0,
      570.0,
      575.0,
      600.0
    ],
    "mechanical_ventilation": [
      0.0
    ]
  },
  "predicted_sofa_scores": {
    "sofa_respiration": [
      1,
      1,
      1,
      1,
      1,
      1,
      1,
      1
    ],
    "sofa_coagulation": [
      0,
      1,
      1,
      1,
      1,
      1,
      2,
      2
    ],
    "sofa_liver": [
      1,
      1,
      1,
      1,
      2,
      2,
      2,
      2
    ],
    "sofa_cardiovascular": [
      0,
      1,
      1,
      1,
      1,
      1,
      1,
      1
    ],
    "sofa_cns": [
      2,
      2,
      2,
      3,
      3,
      3,
      4,
      4
    ],
    "sofa_renal": [
      1,
      1,
      1,
      1,
      1,
      2,
      2,
      2
    ]
  },
  "actual_sofa_scores": {
    "sofa_respiration": [
      4,
      4,
      4,
      3,
      3,
      3,
      3,
      4
    ],
    "sofa_coagulation": [
      0,
      0,
      4,
      4,
      4,
      4,
      4,
      4
    ],
    "sofa_liver": [
      0,
      1,
      0,
      0,
      0,
      0,
      0,
      0
    ],
    "sofa_cardiovascular": [
      0,
      1,
      1,
      0,
      0,
      0,
      0,
      0
    ],
    "sofa_cns": [
      4,
      4,
      4,
      4,
      4,
      4,
      4,
      4
    ],
    "sofa_renal": [
      1,
      1,
      1,
      1,
      0,
      0,
      0,
      0
    ]
  },
  "analysis": {
    "total_features_compared": 6,
    "features_with_valid_data": 6,
    "average_difference": 1.4375
  },
  "debug_info": {
    "sofa_extraction_method": "intervention_analysis.sofa_related_features",
    "sofa_features_count": 8
  }
}