{
  "patient_id": "35176357",
  "timestamp": "2025-12-02T00:49:18.553685",
  "model_name": "qwen3:30b",
  "model_trust_score": 0.7359868314376716,
  "feature_differences": {
    "sofa_respiration": 3.0,
    "sofa_coagulation": 2.875,
    "sofa_liver": 1.375,
    "sofa_cardiovascular": 0.875,
    "sofa_cns": 1.75,
    "sofa_renal": 1.375
  },
  "predicted_sofa_features": {
    "pao2_fio2_ratio": [
      350.0,
      340.0,
      330.0,
      320.0,
      310.0,
      300.0,
      290.0,
      280.0
    ],
    "platelet": [
      180.0,
      175.0,
      170.0,
      165.0,
      160.0,
      155.0,
      150.0,
      145.0
    ],
    "bilirubin_total": [
      1.5,
      1.6,
      1.7,
      1.8,
      1.9,
      2.0,
      2.1,
      2.2
    ],
    "vasopressor_rate": [
      6.2,
      5.8,
      5.4,
      5.0,
      4.6,
      4.2,
      3.8,
      3.4
    ],
    "gcs_total": [
      7.0,
      8.0,
      9.0,
      10.0,
      11.0,
      12.0,
      13.0,
      14.0
    ],
    "creatinine": [
      1.8,
      1.9,
      2.0,
      2.1,
      2.2,
      2.3,
      2.4,
      2.5
    ],
    "urine_output_ml": [
      1200.0,
      1300.0,
      1400.0,
      1500.0,
      1600.0,
      1700.0,
      1800.0,
      1900.0
    ],
    "mechanical_ventilation": [
      1.0,
      1.0,
      1.0,
      1.0,
      1.0,
      1.0,
      1.0,
      1.0
    ]
  },
  "actual_sofa_features": {
    "pao2_fio2_ratio": [
      49.65,
      53.78,
      54.92,
      55.56
    ],
    "platelet": [
      190.0,
      200.0
    ],
    "bilirubin_total": [
      0.4,
      0.5
    ],
    "vasopressor_rate": [
      0.03,
      0.1,
      6.2
    ],
    "gcs_total": [
      8.0,
      10.0,
      11.0,
      15.0
    ],
    "creatinine": [
      0.8,
      0.9
    ],
    "urine_output_ml": [
      200.0,
      380.0,
      450.0,
      575.0,
      600.0,
      650.0,
      730.0,
      905.0
    ],
    "mechanical_ventilation": [
      0.0
    ]
  },
  "predicted_sofa_scores": {
    "sofa_respiration": [
      1,
      1,
      1,
      1,
      1,
      1,
      1,
      1
    ],
    "sofa_coagulation": [
      0,
      0,
      0,
      0,
      0,
      0,
      0,
      1
    ],
    "sofa_liver": [
      1,
      1,
      1,
      1,
      1,
      2,
      2,
      2
    ],
    "sofa_cardiovascular": [
      2,
      2,
      2,
      1,
      1,
      1,
      1,
      1
    ],
    "sofa_cns": [
      3,
      3,
      3,
      2,
      2,
      2,
      1,
      1
    ],
    "sofa_renal": [
      1,
      1,
      2,
      2,
      2,
      2,
      2,
      2
    ]
  },
  "actual_sofa_scores": {
    "sofa_respiration": [
      4,
      4,
      4,
      4,
      4,
      4,
      4,
      4
    ],
    "sofa_coagulation": [
      0,
      0,
      4,
      4,
      4,
      4,
      4,
      4
    ],
    "sofa_liver": [
      0,
      0,
      0,
      0,
      0,
      0,
      0,
      0
    ],
    "sofa_cardiovascular": [
      1,
      1,
      2,
      0,
      0,
      0,
      0,
      0
    ],
    "sofa_cns": [
      3,
      2,
      2,
      0,
      4,
      4,
      4,
      4
    ],
    "sofa_renal": [
      1,
      1,
      1,
      0,
      0,
      0,
      0,
      0
    ]
  },
  "analysis": {
    "total_features_compared": 6,
    "features_with_valid_data": 6,
    "average_difference": 1.875
  },
  "debug_info": {
    "sofa_extraction_method": "intervention_analysis.sofa_related_features",
    "sofa_features_count": 8
  }
}