{
  "patient_id": "33582866",
  "timestamp": "2025-12-01T23:59:41.407856",
  "model_name": "qwen3:30b",
  "model_trust_score": 0.7949632821696868,
  "feature_differences": {
    "sofa_respiration": 2.25,
    "sofa_coagulation": 1.875,
    "sofa_liver": 1.625,
    "sofa_cardiovascular": 0.0,
    "sofa_cns": 1.0,
    "sofa_renal": 0.875
  },
  "predicted_sofa_features": {
    "pao2_fio2_ratio": [
      250.0,
      240.0,
      230.0,
      220.0,
      210.0,
      200.0,
      190.0,
      180.0
    ],
    "platelet": [
      100.0,
      95.0,
      90.0,
      85.0,
      80.0,
      75.0,
      70.0,
      65.0
    ],
    "bilirubin_total": [
      2.0,
      2.2,
      2.4,
      2.6,
      2.8,
      3.0,
      3.2,
      3.4
    ],
    "vasopressor_rate": [
      0.0,
      0.0,
      0.0,
      0.0,
      0.0,
      0.0,
      0.0,
      0.0
    ],
    "gcs_total": [
      3.0,
      2.8,
      2.6,
      2.4,
      2.2,
      2.0,
      1.8,
      1.6
    ],
    "creatinine": [
      2.5,
      2.6,
      2.7,
      2.8,
      2.9,
      3.0,
      3.1,
      3.2
    ],
    "urine_output_ml": [
      500.0,
      450.0,
      400.0,
      350.0,
      300.0,
      250.0,
      200.0,
      150.0
    ],
    "mechanical_ventilation": [
      1.0,
      1.0,
      1.0,
      1.0,
      1.0,
      1.0,
      1.0,
      1.0
    ]
  },
  "actual_sofa_features": {
    "pao2_fio2_ratio": [
      118.18,
      134.37,
      138.02,
      142.05,
      144.05,
      158.35
    ],
    "platelet": [
      157.0,
      160.0,
      196.0
    ],
    "bilirubin_total": [
      1.2,
      1.3,
      1.4
    ],
    "vasopressor_rate": [
      0.0
    ],
    "gcs_total": [
      7.0,
      8.0,
      10.0,
      15.0
    ],
    "creatinine": [
      2.7,
      3.1,
      3.4,
      3.7
    ],
    "urine_output_ml": [
      50.0,
      53.0,
      60.0,
      72.0,
      100.0,
      109.0,
      110.0,
      119.0
    ],
    "mechanical_ventilation": [
      0.0
    ]
  },
  "predicted_sofa_scores": {
    "sofa_respiration": [
      1,
      1,
      1,
      1,
      1,
      1,
      1,
      1
    ],
    "sofa_coagulation": [
      1,
      2,
      2,
      2,
      2,
      2,
      2,
      2
    ],
    "sofa_liver": [
      2,
      2,
      2,
      2,
      2,
      2,
      2,
      2
    ],
    "sofa_cardiovascular": [
      0,
      0,
      0,
      0,
      0,
      0,
      0,
      0
    ],
    "sofa_cns": [
      4,
      4,
      4,
      4,
      4,
      4,
      4,
      4
    ],
    "sofa_renal": [
      2,
      1,
      1,
      1,
      1,
      1,
      1,
      2
    ]
  },
  "actual_sofa_scores": {
    "sofa_respiration": [
      3,
      3,
      3,
      3,
      3,
      3,
      4,
      4
    ],
    "sofa_coagulation": [
      0,
      0,
      0,
      4,
      4,
      4,
      4,
      4
    ],
    "sofa_liver": [
      1,
      1,
      1,
      0,
      0,
      0,
      0,
      0
    ],
    "sofa_cardiovascular": [
      0,
      0,
      0,
      0,
      0,
      0,
      0,
      0
    ],
    "sofa_cns": [
      3,
      3,
      2,
      0,
      4,
      4,
      4,
      4
    ],
    "sofa_renal": [
      2,
      2,
      2,
      3,
      2,
      2,
      2,
      2
    ]
  },
  "analysis": {
    "total_features_compared": 6,
    "features_with_valid_data": 6,
    "average_difference": 1.2708333333333333
  },
  "debug_info": {
    "sofa_extraction_method": "intervention_analysis.sofa_related_features",
    "sofa_features_count": 8
  }
}