{
  "patient_id": "33491471",
  "timestamp": "2025-12-01T23:45:49.413612",
  "model_name": "qwen3:30b",
  "model_trust_score": 0.8319765571594717,
  "feature_differences": {
    "sofa_respiration": 2.125,
    "sofa_coagulation": 1.125,
    "sofa_liver": 0.625,
    "sofa_cardiovascular": 0.375,
    "sofa_cns": 1.125,
    "sofa_renal": 0.375
  },
  "predicted_sofa_features": {
    "pao2_fio2_ratio": [
      280.0,
      290.0,
      300.0,
      310.0,
      320.0,
      330.0,
      340.0,
      350.0
    ],
    "platelet": [
      80.0,
      85.0,
      90.0,
      95.0,
      100.0,
      105.0,
      110.0,
      115.0
    ],
    "bilirubin_total": [
      2.6,
      2.4,
      2.2,
      2.0,
      1.8,
      1.6,
      1.4,
      1.2
    ],
    "vasopressor_rate": [
      0.1,
      0.08,
      0.06,
      0.04,
      0.02,
      0.0,
      0.0,
      0.0
    ],
    "gcs_total": [
      8.0,
      8.5,
      9.0,
      9.5,
      10.0,
      10.5,
      11.0,
      11.5
    ],
    "creatinine": [
      2.4,
      2.3,
      2.2,
      2.1,
      2.0,
      1.9,
      1.8,
      1.7
    ],
    "urine_output_ml": [
      600.0,
      650.0,
      700.0,
      750.0,
      800.0,
      850.0,
      900.0,
      950.0
    ],
    "mechanical_ventilation": [
      1.0,
      1.0,
      1.0,
      1.0,
      1.0,
      1.0,
      1.0,
      1.0
    ]
  },
  "actual_sofa_features": {
    "pao2_fio2_ratio": [
      77.37,
      118.92,
      125.29,
      128.7,
      140.91,
      146.79,
      153.67,
      166.4
    ],
    "platelet": [
      23.0,
      26.0,
      28.0,
      30.0,
      33.0,
      36.0,
      69.0,
      119.0
    ],
    "bilirubin_total": [
      4.2,
      4.4,
      4.5,
      4.6,
      4.7,
      4.8,
      5.1,
      6.1
    ],
    "vasopressor_rate": [
      0.0,
      0.03,
      0.11
    ],
    "gcs_total": [
      3.0,
      7.0,
      8.0,
      9.0
    ],
    "creatinine": [
      2.2,
      2.4,
      2.6,
      2.7,
      3.0,
      3.1,
      3.4
    ],
    "urine_output_ml": [
      5.0,
      32.0,
      33.0,
      40.0,
      42.0,
      70.0,
      75.0,
      115.0
    ],
    "mechanical_ventilation": [
      0.0
    ]
  },
  "predicted_sofa_scores": {
    "sofa_respiration": [
      1,
      1,
      1,
      1,
      1,
      1,
      1,
      1
    ],
    "sofa_coagulation": [
      2,
      2,
      2,
      2,
      1,
      1,
      1,
      1
    ],
    "sofa_liver": [
      2,
      2,
      2,
      2,
      1,
      1,
      1,
      1
    ],
    "sofa_cardiovascular": [
      1,
      1,
      1,
      1,
      1,
      0,
      0,
      0
    ],
    "sofa_cns": [
      3,
      3,
      3,
      3,
      2,
      2,
      2,
      2
    ],
    "sofa_renal": [
      2,
      2,
      2,
      2,
      2,
      1,
      1,
      1
    ]
  },
  "actual_sofa_scores": {
    "sofa_respiration": [
      4,
      3,
      3,
      3,
      3,
      3,
      3,
      3
    ],
    "sofa_coagulation": [
      3,
      3,
      3,
      3,
      3,
      3,
      2,
      1
    ],
    "sofa_liver": [
      2,
      2,
      2,
      2,
      2,
      2,
      2,
      3
    ],
    "sofa_cardiovascular": [
      0,
      1,
      1,
      0,
      0,
      0,
      0,
      0
    ],
    "sofa_cns": [
      4,
      3,
      3,
      3,
      4,
      4,
      4,
      4
    ],
    "sofa_renal": [
      2,
      2,
      2,
      2,
      2,
      2,
      2,
      2
    ]
  },
  "analysis": {
    "total_features_compared": 6,
    "features_with_valid_data": 6,
    "average_difference": 0.9583333333333334
  },
  "debug_info": {
    "sofa_extraction_method": "intervention_analysis.sofa_related_features",
    "sofa_features_count": 8
  }
}