{
  "patient_id": "37766106",
  "timestamp": "2025-12-02T02:37:47.086714",
  "model_name": "qwen3:30b",
  "model_trust_score": 0.7341817694442998,
  "feature_differences": {
    "sofa_respiration": 2.875,
    "sofa_coagulation": 2.75,
    "sofa_liver": 1.125,
    "sofa_cardiovascular": 0.625,
    "sofa_cns": 2.875,
    "sofa_renal": 1.125
  },
  "predicted_sofa_features": {
    "pao2_fio2_ratio": [
      250.0,
      260.0,
      270.0,
      280.0,
      290.0,
      300.0,
      310.0,
      320.0
    ],
    "platelet": [
      120.0,
      125.0,
      130.0,
      135.0,
      140.0,
      145.0,
      150.0,
      155.0
    ],
    "bilirubin_total": [
      2.0,
      1.9,
      1.8,
      1.7,
      1.6,
      1.5,
      1.4,
      1.3
    ],
    "vasopressor_rate": [
      0.2,
      0.18,
      0.16,
      0.14,
      0.12,
      0.1,
      0.08,
      0.06
    ],
    "gcs_total": [
      12.0,
      12.5,
      13.0,
      13.5,
      14.0,
      14.5,
      15.0,
      15.0
    ],
    "creatinine": [
      3.4,
      3.3,
      3.2,
      3.1,
      3.0,
      2.9,
      2.8,
      2.7
    ],
    "urine_output_ml": [
      400.0,
      450.0,
      500.0,
      550.0,
      600.0,
      650.0,
      700.0,
      750.0
    ],
    "mechanical_ventilation": [
      1.0,
      1.0,
      1.0,
      1.0,
      1.0,
      1.0,
      1.0,
      1.0
    ]
  },
  "actual_sofa_features": {
    "pao2_fio2_ratio": [
      144.63
    ],
    "platelet": [
      257.0,
      258.0
    ],
    "bilirubin_total": [
      0.5,
      0.8
    ],
    "vasopressor_rate": [
      0.0,
      0.05,
      0.1,
      0.2
    ],
    "gcs_total": [
      14.0,
      15.0
    ],
    "creatinine": [
      3.05,
      3.5,
      4.0,
      4.1
    ],
    "urine_output_ml": [
      22.0,
      25.0,
      30.0,
      35.0,
      64.0,
      65.0,
      75.0,
      95.0
    ],
    "mechanical_ventilation": [
      0.0
    ]
  },
  "predicted_sofa_scores": {
    "sofa_respiration": [
      1,
      1,
      1,
      1,
      1,
      1,
      1,
      1
    ],
    "sofa_coagulation": [
      1,
      1,
      1,
      1,
      1,
      1,
      0,
      0
    ],
    "sofa_liver": [
      2,
      1,
      1,
      1,
      1,
      1,
      1,
      1
    ],
    "sofa_cardiovascular": [
      1,
      1,
      1,
      1,
      1,
      1,
      1,
      1
    ],
    "sofa_cns": [
      2,
      2,
      1,
      1,
      1,
      1,
      0,
      0
    ],
    "sofa_renal": [
      1,
      1,
      2,
      2,
      2,
      2,
      2,
      2
    ]
  },
  "actual_sofa_scores": {
    "sofa_respiration": [
      3,
      4,
      4,
      4,
      4,
      4,
      4,
      4
    ],
    "sofa_coagulation": [
      0,
      0,
      4,
      4,
      4,
      4,
      4,
      4
    ],
    "sofa_liver": [
      0,
      0,
      0,
      0,
      0,
      0,
      0,
      0
    ],
    "sofa_cardiovascular": [
      0,
      1,
      1,
      1,
      0,
      0,
      0,
      0
    ],
    "sofa_cns": [
      1,
      0,
      4,
      4,
      4,
      4,
      4,
      4
    ],
    "sofa_renal": [
      2,
      3,
      3,
      3,
      3,
      3,
      3,
      3
    ]
  },
  "analysis": {
    "total_features_compared": 6,
    "features_with_valid_data": 6,
    "average_difference": 1.8958333333333333
  },
  "debug_info": {
    "sofa_extraction_method": "intervention_analysis.sofa_related_features",
    "sofa_features_count": 8
  }
}