{
  "timestamp": "2025-12-25 12:03:29",
  "model_name": "gemma3:12b",
  "prediction_model_name": "deepseek-r1:32b",
  "patient_id": "30893431",
  "input_description": "ICU住院编号 30893431，对应患者编号 12214410，49岁男性，体重97.95kg。监测持续时间为 0 小时（共 7 次测量，每4小时一次）：【生命体征】心率变化：[107.6, 105.25, 105.25]（单位：次/分）收缩压变化：[71.6, 68.0, 68.0]（单位：mmHg）舒张压变化：[54.0, 51.0, 51.0]（单位：mmHg）体温变化：[98.95, 99.0, 99.0]（单位：℃）呼吸频率变化：[20.2, 22.5, 22.5]（单位：次/分）血氧饱和度变化：[100.0, 100.0, 100.0]（单位：%）平均动脉压变化：[59.87, 56.67, 56.67]（单位：mmHg）【SOFA评分相关特征】氧合指数变化：[253.08, 212.5, 212.5, 212.5, 212.5, 212.5, 212.5]（单位：mmHg）机械通气使用情况：[0, 0, 0, 0, 0, 0, 0]（单位：）血小板计数变化：[29.0, 37.0, 82.33, 125.6, 103.67, 73.0, 73.0]（单位：×10³/μL）总胆红素变化：[7.4, 8.0, 6.0, 6.0, 6.0, 6.0, 6.0]（单位：mg/dL）血管活性药物使用剂量：[0.0, 0.0, 0.0, 0.0, 0.35, 0.35, 0.35]（单位：μg/kg/min）格拉斯哥昏迷评分变化：[15, 15, 15, 15, 3, 9, 9]（单位：分）血清肌酐变化：[0.5, 1.0, 1.1, 1.1, 1.1, 1.1, 1.1]（单位：mg/dL）尿量变化：[0.0, 0.0, 0.0, 0.0, 325.0, 416.0, 416.0]（单位：mL）【疾病评分】SOFA总分变化：[7, 3, 2, 1, 12, 12, 12]（单位：分）SIRS评分变化：[1, 0, 0, 0, 3, 3, 3]（单位：分）",
  "intervention": "立即启动去甲肾上腺素输注，维持剂量为0.3μg·kg⁻¹·min⁻¹，剂量调整间隔4小时，密切监测血压和器官灌注，剂量呈递减趋势，提示血管反应性改善，评估8小时内发生感染性休克的风险",
  "evaluator_trust": {
    "a": 0.7499999999999998,
    "counterfactual_runs": 5,
    "dynamic_confidence": 0.43934023745428064,
    "total_confidence": 0.7019775245587502
  },
  "prediction_trust": {
    "a": 0.7499999999999998,
    "counterfactual_runs": 5,
    "dynamic_confidence": 0.5527884630923375,
    "total_confidence": 0.7283109478677476
  },
  "predicted_vital_signs": {
    "pao2_fio2_ratio": [
      280.0,
      290.0,
      300.0,
      310.0,
      320.0,
      330.0,
      340.0,
      350.0
    ],
    "platelet": [
      160.0,
      165.0,
      170.0,
      175.0,
      180.0,
      185.0,
      190.0,
      195.0
    ],
    "bilirubin_total": [
      1.3,
      1.4,
      1.5,
      1.6,
      1.7,
      1.8,
      1.9,
      2.0
    ],
    "vasopressor_rate": [
      0.3,
      0.28,
      0.26,
      0.24,
      0.22,
      0.2,
      0.18,
      0.16
    ],
    "gcs_total": [
      14.0,
      14.5,
      15.0,
      15.0,
      15.0,
      15.0,
      15.0,
      15.0
    ],
    "creatinine": [
      1.2,
      1.18,
      1.16,
      1.14,
      1.12,
      1.1,
      1.08,
      1.06
    ],
    "urine_output_ml": [
      2000.0,
      2100.0,
      2200.0,
      2300.0,
      2400.0,
      2500.0,
      2600.0,
      2700.0
    ],
    "mechanical_ventilation": [
      1.0,
      1.0,
      1.0,
      1.0,
      1.0,
      1.0,
      1.0,
      1.0
    ]
  },
  "confidence_score": 0.65,
  "evaluation": {
    "success": true,
    "model_output": "置信度评分：0.65\n\n**分析理由：**\n\n总体而言，预测的SOFA相关指标变化趋势在一定程度上符合干预措施的预期效果，但存在一些不合理之处，降低了其整体可靠性。以下是各指标的详细评估：\n\n**1. 数值范围合理性：**\n\n*   **PAO2/FiO2 Ratio:** 预测值（280-350）基本在合理的范围，但需要结合患者的初始状态判断。初始数据为253.08，大幅增长到350，提升幅度过大，虽然理论上可以实现，但需要观察其他指标的协调变化来佐证。\n*   **Platelet:** 预测值（160-195）在合理范围，与干预后的血小板计数增加趋势一致。血小板计数初始数据较低，预测的增加幅度是合理的。\n*   **Total Bilirubin:** 预测值（1.3-2.0 mg/dL）也基本合理。初始数据为6.0，大幅下降到1.3，降低幅度过大，虽然理论上可以实现，但需要观察其他指标的协调变化来佐证。\n*   **Vasopressor Rate:** 预测值（0.3 - 0.16 μg/kg/min）与剂量递减趋势一致，符合临床预期，也与开始给予去甲肾上腺素和逐步减少剂量的干预方案一致。\n*   **GCS Total:** 预测值（14.0 - 15.0）与GCS评分提高趋势一致。初始数据为3，大幅增加到15，可能过于乐观，需要结合其他指标评估。\n*   **Creatinine:** 预测值（1.2 - 1.06 mg/dL）与肌酐下降趋势一致，符合肾功能改善的预期。初始数据为0.5，大幅增加到1.2，需要结合其他指标评估。\n*   **Urine Output (mL):** 预测值（2000 - 2700 mL）大幅增加，与肾功能改善的预期一致，但具体数值可能过高，需要考虑患者的基础疾病和容量状态。\n*   **Mechanical Ventilation:** 预测值一直为1，假设患者需要机械通气，这与干预措施相关，如果患者可以脱离机械通气，数值应该为0。\n\n**2. 逻辑一致性：**\n\n*   去甲肾上腺素输注：与血管活性药物使用剂量预测一致。\n*   呼吸功能：PAO2/FiO2 Ratio 与机械通气的使用情况（1代表使用，0代表未使用）之间应存在一定的关联性。 呼吸功能改善应同时伴随呼吸频率降低等指标变化。\n*   循环功能：血管活性药物使用剂量与血压变化之间应存在一定的关联性。\n*   肾功能：肌酐、尿量和胆红素之间的关联性应该体现出来。\n*   神经功能：GCS评分与患者意识水平的改善应该协调一致。\n\n**3. 时间序列数据的合理性:**\n\n*   一些指标的变化幅度过大，例如血清肌酐从0.5 增加到 1.2，胆红素从6.0降到1.3，都过于突变。这些变量之间的过渡过于突然，缺乏缓冲和过渡期，显得不自然。\n*   一些指标之间缺乏协调一致性，例如PAO2/FiO2 Ratio 和呼吸频率没有协调变化。\n\n**4. 数据单位:**\n\n所有指标都使用正确的医学单位。\n\n**5. 精确度:**\n\n部分指标的精确度过高，例如GCS精确到半分，胆红素精确到小数点后1位，与实际情况不符。\n\n**总结：**\n\n预测结果的逻辑大致合理，趋势符合干预措施的预期，但由于数值的极端变化、缺乏过渡和协调性，以及一些不合理的精确度，其可靠性降低。如果数据能更加平滑，并能更好地反映各指标之间的相关性，预测结果将更加可信。",
    "error": null
  },
  "key_reasons": [
    "总体而言，预测的SOFA相关指标变化趋势在一定程度上符合干预措施的预期效果，但存在一些不合理之处，降低了其整体可靠性。以下是各指标的详细评估：",
    "PAO2/FiO2 Ratio: 预测值（280-350）基本在合理的范围，但需要结合患者的初始状态判断。初始数据为253.08，大幅增长到350，提升幅度过大，虽然理论上可以实现，但需要观察其他指标的协调变化来佐证。",
    "Platelet: 预测值（160-195）在合理范围，与干预后的血小板计数增加趋势一致。血小板计数初始数据较低，预测的增加幅度是合理的。"
  ]
}