{
  "timestamp": "2025-12-25 11:52:30",
  "model_name": "gemma3:12b",
  "prediction_model_name": "deepseek-r1:32b",
  "patient_id": "30861515",
  "input_description": "ICU住院编号 30861515，对应患者编号 11699026，72岁男性，体重96.5kg。监测持续时间为 0 小时（共 7 次测量，每4小时一次）：【生命体征】心率变化：[86.2, 75.5, 91.0, 74.5, 77.0, 73.2, 73.2]（单位：次/分）收缩压变化：[83.2, 74.25, 81.0, 77.5, 67.2, 73.8, 73.8]（单位：mmHg）舒张压变化：[70.6, 64.75, 71.0, 54.0, 51.2, 57.8, 57.8]（单位：mmHg）体温变化：[36.88, 36.6, 36.5, 35.6, 35.52, 36.06, 36.06]（单位：℃）呼吸频率变化：[17.6, 23.25, 19.0, 19.5, 17.8, 17.6, 17.6]（单位：次/分）血氧饱和度变化：[96.6, 95.25, 97.0, 98.0, 97.8, 97.4, 97.4]（单位：%）平均动脉压变化：[74.8, 67.92, 74.33, 61.83, 56.53, 63.13, 63.13]（单位：mmHg）【SOFA评分相关特征】氧合指数变化：[406.5, 280.08, 280.08, 280.08, 280.08, 280.08, 280.08]（单位：mmHg）机械通气使用情况：[0, 0, 0, 0, 0, 0, 0]（单位：）血小板计数变化：[132.0, 107.0, 113.0, 113.0, 113.0, 113.0, 113.0]（单位：×10³/μL）总胆红素变化：[3.7, 2.4, 1.8, 1.8, 1.8, 1.8, 1.8]（单位：mg/dL）血管活性药物使用剂量：[0.0, 0.0, 0.0, 0.0, 0.0, 0.0, 0.0]（单位：μg/kg/min）格拉斯哥昏迷评分变化：[15, 14, 15, 15, 15, 7, 7]（单位：分）血清肌酐变化：[1.6, 2.5, 2.8, 2.8, 2.8, 2.8, 2.8]（单位：mg/dL）尿量变化：[325.0, 35.0, 40.0, 110.0, 50.0, 80.0, 80.0]（单位：mL）【疾病评分】SOFA总分变化：[4, 5, 3, 6, 4, 10, 10]（单位：分）SIRS评分变化：[1, 1, 1, 2, 1, 1, 1]（单位：分）",
  "intervention": "无血管活性药物干预措施，建议密切监测血压和器官灌注，评估8小时内发生感染性休克的风险",
  "evaluator_trust": {
    "a": 0.7999999999999998,
    "counterfactual_runs": 4,
    "dynamic_confidence": 0.39893402286000146,
    "total_confidence": 0.7114054341135256
  },
  "prediction_trust": {
    "a": 0.7999999999999998,
    "counterfactual_runs": 4,
    "dynamic_confidence": 0.5273743113911853,
    "total_confidence": 0.7349296165125445
  },
  "predicted_vital_signs": {
    "pao2_fio2_ratio": [
      300.0,
      290.0,
      280.0,
      270.0,
      260.0,
      250.0,
      240.0,
      230.0
    ],
    "platelet": [
      140.0,
      130.0,
      120.0,
      110.0,
      100.0,
      90.0,
      80.0,
      70.0
    ],
    "bilirubin_total": [
      1.5,
      1.6,
      1.7,
      1.8,
      1.9,
      2.0,
      2.1,
      2.2
    ],
    "vasopressor_rate": [
      0.0,
      0.1,
      0.2,
      0.3,
      0.4,
      0.5,
      0.6,
      0.7
    ],
    "gcs_total": [
      14.0,
      13.0,
      12.0,
      11.0,
      10.0,
      9.0,
      8.0,
      7.0
    ],
    "creatinine": [
      1.2,
      1.3,
      1.4,
      1.5,
      1.6,
      1.7,
      1.8,
      1.9
    ],
    "urine_output_ml": [
      1800.0,
      1600.0,
      1400.0,
      1200.0,
      1000.0,
      800.0,
      600.0,
      400.0
    ],
    "mechanical_ventilation": [
      0.0,
      0.0,
      1.0,
      1.0,
      1.0,
      1.0,
      1.0,
      1.0
    ]
  },
  "confidence_score": 0.45,
  "evaluation": {
    "success": true,
    "model_output": "置信度评分：0.45\n\n**分析理由：**\n\n预测结果在一定程度上反映了干预措施对患者情况的改善预期，但存在诸多不合理之处，导致整体置信度较低。以下是详细分析：\n\n**1. 各项SOFA相关指标数值是否在合理的医学范围内:**\n\n*   **PaO2/FiO2 Ratio:** 预测范围 (300.0 - 240.0) 在临床上是合理的，如果患者没有呼吸衰竭且接受了氧气支持，这表示改善的肺功能。但需要考虑到患者初始值相对较低（406.5），持续的改善虽然合理，但数值波动幅度需要关注。\n*   **Platelet:** 预测Platelet数值下降（140.0 - 70.0）可能需要谨慎对待。虽然干预措施可能带来一定改善，但血小板持续下降需要密切监测。这是一个潜在的危险信号，需要确定下降的原因。\n*   **Bilirubin_total:**  预测Bilirubin持续上升（1.5 - 2.2） 与干预措施的积极效果似乎不一致。通常的治疗会尝试降低胆红素水平。\n*   **Vasopressor_rate:** 从0.0 增加到0.7 可能在某些情况下是合理的 (如果患者确实需要血管活性药物支持)，但数值的快速上升需要考虑潜在的并发症风险。\n*   **GCS_total:**  预测 GCS 数值持续下降 (14.0 - 7.0) 与患者整体改善趋势不符，需要深入评估导致昏迷的原因。 预期的干预措施应当改善神经功能状态。\n*   **Creatinine:** 持续下降的肌酐值(1.2 - 1.9)在改善肾功能方面是合理的，但数值的细微变化可能并非显著改变。\n*   **Urine_output_ml:** 预期的排尿量显著增加(1800.0 - 400.0)，在短期内具有挑战性，需要评估患者肾脏功能的潜力。\n*   **Mechanical_ventilation:**  从 0 变为 1，表明患者需要机械通气支持，这与呼吸功能改善的预期有所冲突。虽然一些干预措施可能会导致患者需要机械通气，但应避免出现呼吸功能恶化而需要机械通气的情况。\n\n**2. 干预措施的预期效果与SOFA相关指标变化趋势的逻辑一致性:**\n\n*   一些预测与预期效果相符：例如 PaO2/FiO2 Ratio的改善与积极的呼吸支持一致。\n*   但很多预测不一致：例如GCS持续下降与患者整体改善趋势相反；Bilirubin的持续上升与降低胆红素的干预措施不符。Mechanical ventilation 的介入也是与整体改善预期不符。\n\n**3. SOFA评分各组件之间的逻辑一致性：**\n\n*   呼吸功能 (PaO2/FiO2 ratio) 和循环功能 (Vasopressor rate, 平均动脉压) 之间存在一定联系，预测趋势较为一致。\n*   肾功能(肌酐、尿量)的改善是合理的，但尿量变化幅度过大。\n*   神经功能 (GCS) 的恶化与其他系统指标的改善不协调。\n\n**4. 整体趋势是否符合临床改善的预期：**\n\n*   整体趋势存在矛盾。一些指标 (PaO2/FiO2 ratio, 肌酐) 改善，而另一些指标 (GCS, Bilirubin) 恶化，表明预期的整体改善效果难以实现。\n\n**5. 数据单位统一性：**\n\n*   假设数据单位已统一（例如血压为mmHg，心率为bpm）。如果数据单位存在问题，评估结果将完全失效。\n\n**6. 时间序列数据的合理性：**\n\n*   一些变化幅度过大，不符合临床实际。例如尿量短期内变化如此之大，且Bilirubin持续上升。\n\n**7. 数值的精确度：**\n\n*   一些数据精度过高，例如尿量精确到100 mL。在临床实际中，精确度应取决于所用测量工具的精度。\n\n**总结：**\n\n预测结果的矛盾性，以及与临床经验的不符，导致置信度较低。需要对预测模型进行重新评估和校正，以确保其能够准确预测患者的SOFA指标变化，并且预测结果符合临床预期。特别是需要对GCS的下降、Bilirubin的持续上升和Mechanical ventilation的介入进行深入评估。",
    "error": null
  },
  "key_reasons": [
    "预测结果在一定程度上反映了干预措施对患者情况的改善预期，但存在诸多不合理之处，导致整体置信度较低。以下是详细分析：",
    "PaO2/FiO2 Ratio: 预测范围 (300.0 - 240.0) 在临床上是合理的，如果患者没有呼吸衰竭且接受了氧气支持，这表示改善的肺功能。但需要考虑到患者初始值相对较低（406.5），持续的改善虽然合理，但数值波动幅度需要关注。",
    "Platelet: 预测Platelet数值下降（140.0 - 70.0）可能需要谨慎对待。虽然干预措施可能带来一定改善，但血小板持续下降需要密切监测。这是一个潜在的危险信号，需要确定下降的原因。"
  ]
}