{
  "timestamp": "2025-12-25 12:46:55",
  "model_name": "gemma3:12b",
  "prediction_model_name": "qwen3:30b",
  "patient_id": "31703381",
  "input_description": "ICU住院编号 31703381，对应患者编号 19338519，48岁男性，体重93.9kg。监测持续时间为 0 小时（共 7 次测量，每4小时一次）：【生命体征】心率变化：[105.0, 105.0]（单位：次/分）收缩压变化：[89.0, 89.0]（单位：mmHg）舒张压变化：[70.0, 70.0]（单位：mmHg）体温变化：[98.8, 98.8]（单位：℃）呼吸频率变化：[15.0, 15.0]（单位：次/分）血氧饱和度变化：[99.0, 99.0]（单位：%）平均动脉压变化：[76.33, 76.33]（单位：mmHg）【SOFA评分相关特征】氧合指数变化：[359.19, 359.19, 359.19, 359.19, 359.19, 359.19, 359.19]（单位：mmHg）机械通气使用情况：[0, 0, 0, 0, 0, 0, 0]（单位：）血小板计数变化：[58.0, 52.0, 75.0, 75.33, 75.33, 75.33, 75.33]（单位：×10³/μL）总胆红素变化：[5.5, 11.7, 11.7, 11.7, 11.7, 11.7, 11.7]（单位：mg/dL）血管活性药物使用剂量：[0.0, 0.0, 0.0, 0.0, 0.0, 0.0, 0.0]（单位：μg/kg/min）格拉斯哥昏迷评分变化：[15, 15, 15, 15, 15, 3, 3]（单位：分）血清肌酐变化：[0.8, 0.8, 0.8, 0.8, 0.8, 0.8, 0.8]（单位：mg/dL）尿量变化：[0.0, 0.0, 0.0, 0.0, 0.0, 50.0, 50.0]（单位：mL）【疾病评分】SOFA总分变化：[0, 5, 0, 2, 2, 11, 11]（单位：分）SIRS评分变化：[0, 0, 0, 0, 0, 3, 3]（单位：分）",
  "intervention": "无血管活性药物干预措施，建议密切监测血压和器官灌注，评估8小时内发生感染性休克的风险",
  "evaluator_trust": {
    "a": 0.5499999999999996,
    "counterfactual_runs": 9,
    "dynamic_confidence": 0.4382213744188381,
    "total_confidence": 0.6314374262982758
  },
  "prediction_trust": {
    "a": 0.5499999999999996,
    "counterfactual_runs": 9,
    "dynamic_confidence": 1.0,
    "total_confidence": 0.8876616641053712
  },
  "predicted_vital_signs": {
    "pao2_fio2_ratio": [
      280.0,
      260.0,
      240.0,
      220.0,
      200.0,
      180.0,
      160.0,
      140.0
    ],
    "platelet": [
      130.0,
      120.0,
      110.0,
      100.0,
      90.0,
      80.0,
      70.0,
      60.0
    ],
    "bilirubin_total": [
      1.4,
      1.6,
      1.8,
      2.0,
      2.2,
      2.4,
      2.6,
      2.8
    ],
    "vasopressor_rate": [
      0.0,
      0.0,
      0.0,
      0.0,
      0.0,
      0.0,
      0.0,
      0.0
    ],
    "gcs_total": [
      3.0,
      3.0,
      3.0,
      3.0,
      3.0,
      3.0,
      3.0,
      3.0
    ],
    "creatinine": [
      1.4,
      1.6,
      1.8,
      2.0,
      2.2,
      2.4,
      2.6,
      2.8
    ],
    "urine_output_ml": [
      1000.0,
      900.0,
      800.0,
      700.0,
      600.0,
      500.0,
      400.0,
      300.0
    ],
    "mechanical_ventilation": [
      0.0,
      0.0,
      0.0,
      0.0,
      0.0,
      0.0,
      0.0,
      0.0
    ]
  },
  "confidence_score": 0.45,
  "evaluation": {
    "success": true,
    "model_output": "置信度评分：0.45\n\n**详细分析及理由:**\n\n预测结果的合理性较低，主要存在以下问题：\n\n**1. 单位和数据范围问题:**\n\n*   **PaO2/FiO2 Ratio:** 预测值一直下降，从280.0降到160.0。这是一个合理的趋势，如果患者确实出现了呼吸功能障碍。但是，初始值280.0略高，正常范围的PaO2/FiO2 Ratio大于300，甚至可以高于400，这取决于患者的FiO2。\n*   **Platelet:**  Platelet预测从130.0降到60.0。这显示了一个非常显著的血小板减少，虽然预示着严重的病情恶化，但也需要仔细考虑是否符合实际情况。血小板计数在正常范围内通常在150,000到450,000/μL。\n*   **Bilirubin (Total):** 总胆红素预测从1.4降到2.8。这是不合理的，因为这些是mg/dL单位。如果预测值真的是预测后的水平，这是一个非常大的变化，胆红素的正常范围在0.3-1.0 mg/dL左右，这个范围预测过于狭窄且预测的下降趋势不合逻辑。\n*   **Creatinine:** 预测肌酐从1.4到2.8，肌酐的正常范围在0.6-1.2mg/dL。这是一个非常显著的肌酐升高，虽然预示着肾功能恶化，但也需要仔细考虑是否符合实际情况。\n*   **Urine Output (mL):** 预测尿量从1000降至300，这是一个相当显著的下降，可以表明肾功能持续下降，但是下降的幅度也需要谨慎评估。\n\n**2. 干预措施的逻辑一致性:**\n\n*   **无血管活性药物干预:**  根据干预措施，预计血压应该稳定或略有改善，但心率和平均动脉压仅在初始阶段保持稳定，这表明可能存在血压管理不佳或需要其他干预措施。\n*   **格拉斯哥昏迷评分(GCS):** GCS预测保持不变，这个预测很不合理。患者的病情恶化，尤其是如果患者有休克或其他严重疾病，GCS预计会持续下降。\n*   **机械通气:** 预测维持机械通气为0，但如果PaO2/FiO2 Ratio持续下降，可能需要增加机械通气支持，此项预测与呼吸功能恶化的趋势不一致。\n\n**3. SOFA组件间的逻辑一致性:**\n\n*   **呼吸功能、循环功能、肾功能:**  PaO2/FiO2 Ratio下降，预测血小板和肌酐升高，尿量下降，这表明呼吸、循环、肾功能整体可能恶化，这些相互关联是合理的。但是GCS的预测保持不变，与肾和循环系统的变化不相符，导致整体协调性降低。\n\n**4. 整体趋势的合理性:**\n\n*   整体趋势是预测患者病情恶化，血小板减少、肌酐升高，尿量下降。这种趋势在初始阶段符合临床预期，但在后续预测中GCS未变化，胆红素预测也不合理，降低了整体可信度。\n\n**5. 其他问题:**\n\n*   预测数据的精确度问题：有些指标，如体温，预测到小数点后一位，而其他指标则预测为整数，这表明预测的精度可能不一致。\n*   时间序列数据的合理性：PaO2/FiO2 Ratio和血小板数量的下降幅度很大，相邻时间点之间变化幅度过大，可能存在时间序列数据的合理性问题。\n\n**总结:**\n\n预测结果存在诸多不合理之处，主要问题在于数值范围、时间序列合理性、干预措施与预测结果的逻辑一致性、以及SOFA组件间的协调性不足。 鉴于以上原因，置信度评分较低，需要重新评估预测模型和输入数据。建议重新分析患者病情，并根据实际情况调整预测结果。 改进预测模型的输入数据，使预测结果更加科学合理。",
    "error": null
  },
  "key_reasons": [
    "Bilirubin (Total): 总胆红素预测从1.4降到2.8。这是不合理的，因为这些是mg/dL单位。如果预测值真的是预测后的水平，这是一个非常大的变化，胆红素的正常范围在0.3-1.0 mg/dL左右，这个范围预测过于狭窄且预测的下降趋势不合逻辑。",
    "格拉斯哥昏迷评分(GCS): GCS预测保持不变，这个预测很不合理。患者的病情恶化，尤其是如果患者有休克或其他严重疾病，GCS预计会持续下降。",
    "时间序列数据的合理性：PaO2/FiO2 Ratio和血小板数量的下降幅度很大，相邻时间点之间变化幅度过大，可能存在时间序列数据的合理性问题。"
  ]
}