{
  "timestamp": "2025-12-25 11:34:01",
  "model_name": "gemma3:12b",
  "prediction_model_name": "gemma3:12b",
  "patient_id": "30717105",
  "input_description": "ICU住院编号 30717105，对应患者编号 17744715，34岁男性，体重100.0kg。监测持续时间为 0 小时（共 7 次测量，每4小时一次）：【生命体征】心率变化：[131.0, 88.1, 97.29, 109.43, 123.6, 112.25, 112.25]（单位：次/分）收缩压变化：[63.0, 79.0, 81.0, 65.5, 67.0, 67.0, 67.0]（单位：mmHg）舒张压变化：[20.0, 52.0, 68.25, 70.5, 50.0, 53.2, 53.2]（单位：mmHg）体温变化：[65.12, 36.28, 37.37, 37.31, 37.66, 37.66, 37.66]（单位：℃）呼吸频率变化：[30.67, 26.71, 27.25, 23.86, 21.47, 23.25, 23.25]（单位：次/分）血氧饱和度变化：[71.33, 99.86, 100.0, 97.86, 99.93, 98.75, 98.75]（单位：%）平均动脉压变化：[55.67, 71.83, 74.0, 55.17, 57.8, 57.8, 57.8]（单位：mmHg）【SOFA评分相关特征】氧合指数变化：[39.49, 215.75, 155.44, 95.55, 120.08, 96.54, 96.54]（单位：mmHg）机械通气使用情况：[0, 0, 0, 0, 0, 0, 0]（单位：）血小板计数变化：[128.0, 92.5, 107.0, 112.0, 84.5, 70.0, 70.0]（单位：×10³/μL）总胆红素变化：[3.3, 3.1, 3.3, 3.1, 3.4, 3.4, 3.4]（单位：mg/dL）血管活性药物使用剂量：[0.4, 0.9, 0.07, 0.07, 0.18, 0.16, 0.16]（单位：μg/kg/min）格拉斯哥昏迷评分变化：[15, 3, 3, 3, 11, 8, 8]（单位：分）血清肌酐变化：[1.5, 1.8, 1.6, 1.7, 1.75, 1.6, 1.6]（单位：mg/dL）尿量变化：[0.0, 225.0, 470.0, 25.0, 510.0, 600.0, 600.0]（单位：mL）【疾病评分】SOFA总分变化：[8, 10, 10, 10, 8, 9, 9]（单位：分）SIRS评分变化：[3, 3, 3, 3, 3, 3, 3]（单位：分）",
  "intervention": "立即启动去甲肾上腺素输注，初始剂量为0.1μg·kg⁻¹·min⁻¹，根据血压反应调整至最大0.34μg·kg⁻¹·min⁻¹，剂量调整间隔4小时，密切监测血压和器官灌注，剂量呈递增趋势，提示血管反应性下降，评估8小时内发生感染性休克的风险",
  "evaluator_trust": {
    "a": 0.8999999999999999,
    "counterfactual_runs": 2,
    "dynamic_confidence": 0.49505218623387703,
    "total_confidence": 0.7600761768576038
  },
  "prediction_trust": {
    "a": 0.8999999999999999,
    "counterfactual_runs": 2,
    "dynamic_confidence": 0.49505218623387703,
    "total_confidence": 0.7600761768576038
  },
  "predicted_vital_signs": {
    "pao2_fio2_ratio": [
      250.0,
      180.0,
      150.0,
      120.0,
      100.0,
      80.0,
      60.0,
      40.0
    ],
    "platelet": [
      120.0,
      90.0,
      60.0,
      30.0,
      10.0,
      5.0,
      0.0,
      0.0
    ],
    "bilirubin_total": [
      2.0,
      3.0,
      4.0,
      5.0,
      6.0,
      7.0,
      8.0,
      9.0
    ],
    "vasopressor_rate": [
      0.1,
      0.2,
      0.3,
      0.4,
      0.5,
      0.6,
      0.7,
      0.8
    ],
    "gcs_total": [
      12.0,
      8.0,
      6.0,
      4.0,
      3.0,
      2.0,
      1.0,
      0.0
    ],
    "creatinine": [
      1.5,
      2.0,
      2.5,
      3.0,
      3.5,
      4.0,
      4.5,
      5.0
    ],
    "urine_output_ml": [
      1000.0,
      800.0,
      600.0,
      400.0,
      200.0,
      100.0,
      50.0,
      0.0
    ],
    "mechanical_ventilation": [
      0.0,
      0.0,
      1.0,
      1.0,
      1.0,
      1.0,
      1.0,
      1.0
    ]
  },
  "confidence_score": 0.35,
  "evaluation": {
    "success": true,
    "model_output": "置信度评分：0.35\n\n**分析理由：**\n\n预测的SOFA相关指标数据存在诸多不合理之处，导致整体预测的合理性较低。虽然考虑了一些临床因素，但预测数据本身以及变化趋势在医学上难以解释。以下是详细的分析：\n\n**1. 各项SOFA相关指标数值是否在合理的医学范围内:**\n\n*   **PaO2/FiO2 Ratio (氧合指数):** 预测值从250.0逐渐降到40.0。这是一个**极端且不现实**的趋势。即使是严重呼吸衰竭的患者，氧合指数通常不会下降到如此低的水平，尤其是在给予积极治疗的情况下。此外，通常情况下，PaO2/FiO2会随着通气支持的加强而升高，而不是持续下降。\n*   **Platelet (血小板):** 预测值从120.0降到0.0。血小板计数降低可能是休克的表现，但完全消失是不现实的，而且血小板降低速度过快，通常是由医务人员进行干预才能达到。\n*   **Bilirubin Total (总胆红素):** 从2.0升至9.0。胆红素水平升高可能提示肝脏功能受损，但快速升高到如此程度并不常见，并且干预措施通常会改善肝功能，而不是加重。\n*   **Vasopressor Rate (血管活性药物使用剂量):** 从0.1升至0.8。血管活性药物的剂量增加通常是病情恶化的指标，干预措施的预期效果是稳定或降低剂量，而不是继续增加。\n*   **GCS Total (格拉斯哥昏迷评分):** 从12.0降至0.0。快速下降到0.0，表明患者的意识状态严重恶化，而积极干预通常会改善或维持意识水平。\n*   **Creatinine (肌酐):** 从1.5升至5.0。肌酐升高表明肾功能受损，但是快速升高到如此程度并不常见，而且肾功能恶化通常会伴随其他SOFA组件的恶化。\n*   **Urine Output ML (尿量):** 从1000.0降至0.0。尿量降低表明肾功能受损，但快速降到0是不现实的，通常需要通过利尿剂等措施才能达到。\n*   **Mechanical Ventilation (机械通气):** 从0.0升至1.0，意味着需要机械通气。尽管如此，呼吸功能的其他指标持续恶化，这不符合一般机械通气的预期效果。\n\n**2. 干预措施的预期效果与SOFA相关指标变化趋势的逻辑一致性:**\n\n*   **去甲肾上腺素的使用:** 增加去甲肾上腺素的使用是为了改善循环功能，预期是血压升高，但预测中所有SOFA指标均在恶化，这是不一致的。\n*   **整体趋势:** 预测结果显示所有指标都持续恶化，这与积极干预的预期效果不符。干预措施的目的是改善患者的病情，即使效果不明显，也不应导致所有指标进一步恶化。\n\n**3. SOFA评分各组件之间的逻辑一致性:**\n\n*   呼吸功能（PaO2/FiO2, 呼吸频率）与循环功能（血压、去甲肾上腺素使用）之间的关系不协调。\n*   肾功能（肌酐，尿量）与其他器官功能之间的关联性不明确。\n\n**4. 整体趋势是否符合临床改善的预期:**\n\n*   预测结果显示病情持续恶化，这与任何干预措施的预期效果不一致。积极治疗旨在稳定病情或改善患者状态，即使效果不明显。\n\n**5. 数据单位统一性:**\n\n*   虽然没有明确指出，但可以假设已使用了正确的单位。尽管如此，在数据解读时，务必确认所有数据都使用正确的单位。\n\n**6. 时间序列数据的合理性:**\n\n*   相邻时间点之间的变化幅度过大，缺乏临床合理性。例如，PaO2/FiO2指数在短时间内经历了剧烈变化，这是不太可能的。\n\n**7. 数值的精确度:**\n\n*   某些指标的精确度不合理。例如，PaO2/FiO2指数精确到个位，而血压和体温可以简化到整数即可。\n\n\n\n**总结:**\n\n预测数据存在严重的不合理性，与临床现实不符。预测的趋势过于极端，且与干预措施的预期效果不一致。由于这些缺陷，预测结果的可靠性极低。虽然考虑了一些临床因素，但预测模型的泛化能力不足。",
    "error": null
  },
  "key_reasons": [
    "预测的SOFA相关指标数据存在诸多不合理之处，导致整体预测的合理性较低。虽然考虑了一些临床因素，但预测数据本身以及变化趋势在医学上难以解释。以下是详细的分析：",
    "PaO2/FiO2 Ratio (氧合指数): 预测值从250.0逐渐降到40.0。这是一个极端且不现实的趋势。即使是严重呼吸衰竭的患者，氧合指数通常不会下降到如此低的水平，尤其是在给予积极治疗的情况下。此外，通常情况下，PaO2/FiO2会随着通气支持的加强而升高，而不是持续下降。",
    "Platelet (血小板): 预测值从120.0降到0.0。血小板计数降低可能是休克的表现，但完全消失是不现实的，而且血小板降低速度过快，通常是由医务人员进行干预才能达到。"
  ]
}