{
  "timestamp": "2026-03-06 16:54:04",
  "model_name": "gemma3:12b",
  "prediction_model_name": "gemma3:12b",
  "patient_id": "32675591",
  "input_description": "ICU住院编号 32675591，对应患者编号 18455034，65岁女性，体重60.8kg。监测持续时间为 0 小时（共 7 次测量，每4小时一次）：【生命体征】心率变化：[131.5, 131.5]（单位：次/分）收缩压变化：[102.0, 102.0]（单位：mmHg）舒张压变化：[78.5, 78.5]（单位：mmHg）体温变化：[99.5, 99.5]（单位：℃）呼吸频率变化：[18.5, 18.5]（单位：次/分）血氧饱和度变化：[99.5, 99.5]（单位：%）平均动脉压变化：[86.33, 86.33]（单位：mmHg）【SOFA评分相关特征】氧合指数变化：[158.79, 158.79, 158.79, 158.79, 158.79, 158.79, 158.79]（单位：mmHg）机械通气使用情况：[0, 0, 0, 0, 0, 0, 0]（单位：）血小板计数变化：[157.0, 157.0, 157.0, 157.0, 157.0, 157.0, 157.0]（单位：×10³/μL）总胆红素变化：[0.6, 0.6, 0.6, 0.6, 0.6, 0.6, 0.6]（单位：mg/dL）血管活性药物使用剂量：[0.0, 0.0, 0.0, 0.0, 0.0, 0.05, 0.05]（单位：μg/kg/min）格拉斯哥昏迷评分变化：[15, 15, 15, 15, 15, 10, 10]（单位：分）血清肌酐变化：[0.8, 0.8, 0.8, 0.8, 0.8, 0.8, 0.8]（单位：mg/dL）尿量变化：[0.0, 0.0, 0.0, 0.0, 0.0, 25.0, 25.0]（单位：mL）【疾病评分】SOFA总分变化：[0, 0, 0, 0, 0, 5, 5]（单位：分）SIRS评分变化：[0, 0, 0, 0, 0, 3, 3]（单位：分）",
  "intervention": "立即启动去甲肾上腺素输注，初始剂量为0.1μg·kg⁻¹·min⁻¹，根据血压反应调整至最大0.06μg·kg⁻¹·min⁻¹，剂量调整间隔4小时，密切监测血压和器官灌注，评估8小时内发生感染性休克的风险",
  "evaluator_trust": {
    "a": 0.2,
    "counterfactual_runs": 18,
    "dynamic_confidence": 0.21158558531338362,
    "total_confidence": 0.32717312563608825
  },
  "prediction_trust": {
    "a": 0.2,
    "counterfactual_runs": 18,
    "dynamic_confidence": 0.21158558531338362,
    "total_confidence": 0.32717312563608825
  },
  "predicted_vital_signs": {
    "pao2_fio2_ratio": [
      250.0,
      230.0,
      210.0,
      190.0,
      170.0,
      150.0,
      130.0,
      110.0
    ],
    "platelet": [
      180.0,
      160.0,
      140.0,
      120.0,
      100.0,
      80.0,
      60.0,
      40.0
    ],
    "bilirubin_total": [
      1.5,
      2.0,
      2.5,
      3.0,
      3.5,
      4.0,
      4.5,
      5.0
    ],
    "vasopressor_rate": [
      0.1,
      0.2,
      0.3,
      0.4,
      0.5,
      0.6,
      0.7,
      0.8
    ],
    "gcs_total": [
      12.0,
      11.0,
      9.0,
      7.0,
      6.0,
      5.0,
      4.0,
      3.0
    ],
    "creatinine": [
      1.0,
      1.5,
      2.0,
      2.5,
      3.0,
      2.8,
      2.6,
      2.4
    ],
    "urine_output_ml": [
      1500.0,
      1200.0,
      900.0,
      600.0,
      300.0,
      100.0,
      0.0,
      0.0
    ],
    "mechanical_ventilation": [
      0.0,
      0.0,
      1.0,
      1.0,
      1.0,
      1.0,
      1.0,
      1.0
    ]
  },
  "confidence_score": 0.55,
  "evaluation": {
    "success": true,
    "model_output": "置信度评分：0.55\n\n**详细分析理由：**\n\n该预测结果在某些方面表现出一定的合理性，但在多个方面存在与临床预期不符的情况，导致整体置信度较低。以下分项分析，并给出改进建议：\n\n**1. 各项SOFA相关指标数值的合理性:**\n\n*   **pao2_fio2_ratio (PaO2/FiO2 Ratio):** 初始预测值 250.0 虽然合理，但随时间推移快速下降至130.0，这对于使用去甲肾上腺素进行血管收缩的患者来说，下降幅度过大且过快。虽然PaO2/FiO2 ratio可能会下降，但250.0下降到130.0需要显著的气道支持和呼吸机调整，与单纯去甲肾上腺素干预不符。\n*   **platelet (血小板):** 从180.0下降到40.0是不合理的，对于感染性休克的治疗，血小板下降速度如此之快，通常意味着发生了严重的并发症，如血栓性微血管病(TMA)或弥漫性血管内凝血(DIC)。单独使用去甲肾上腺素很难产生如此大的血小板下降。\n*   **bilirubin_total (总胆红素):** 从1.5上升到5.0是不合理的。虽然肝脏功能受损可能会导致胆红素升高，但如此快的升高速度通常与更严重的肝脏疾病或肝脏灌注不足有关，而单独使用去甲肾上腺素的干预难以引起如此迅速的升高。\n*   **vasopressor_rate (血管活性药物使用剂量):** 从0.1增加到0.8 剂量增加过快，超出一般临床操作的范围。虽然需要逐步增加剂量来维持血压，但速度过快可能会导致严重的副作用。\n*   **gcs_total (格拉斯哥昏迷评分):** 从12.0下降到3.0是不合理的。尽管使用去甲肾上腺素可能会导致一些意识状态改变，但如此大的下降速度需要更深入的原因，例如严重的脑部缺氧或药物过量。\n*   **creatinine (肌酐):** 从1.0上升到3.0是不合理的。虽然肾功能会受到感染和血管收缩的影响，但如此大的变化速度通常预示着严重的肾功能衰竭，需要额外的肾脏替代治疗。\n*   **urine_output_ml (尿量):** 初始尿量1500.0 偏高。之后快速下降至0.0 不太合理，尿量减少提示肾脏灌注不足，但直接降至0不太可能。\n*   **mechanical_ventilation (机械通气):** 从0.0转为1.0 意味着需要呼吸机支持。虽然可能需要，但需要在预估中给出具体原因和必要性。\n\n**2. 干预措施的预期效果与SOFA相关指标变化趋势的逻辑一致性：**\n\n*   去甲肾上腺素的目的是改善血压和器官灌注。 然而，预测结果中的某些指标（例如PaO2/FiO2、血小板、肌酐）表现出恶化趋势，这与去甲肾上腺素的预期效果不一致。\n*   肾功能恶化速度快，与单纯去甲肾上腺素干预不符。\n\n**3. SOFA评分各组件之间的逻辑一致性：**\n\n*   呼吸功能(PaO2/FiO2)、循环功能(血压、血小板、肌酐)和肾功能指标之间缺乏协调性。\n*   格拉斯哥昏迷评分的迅速下降表明存在潜在的神经系统问题，需要进一步评估。\n\n**4. 整体趋势是否符合临床改善的预期：**\n\n*   总体趋势向下，许多关键指标恶化，这与临床改善的预期不符。虽然患者病情可能恶化，但预测结果没有体现出任何改善迹象。\n\n**5. 数据单位统一性:**\n\n所有单位看起来是正确的，没有发现单位问题。\n\n**6. 时间序列数据的合理性:**\n\n时间序列数据中存在过多突变，相邻时间点之间的变化幅度不符合临床实际。比如血小板的快速下降，胆红素的快速升高。\n\n**7. 数值的精确度:**\n\n一些数值的精确度不合理。例如，预测PaO2/FiO2 ratio精确到整数，血小板精确到10.0，而其他的变量可以适当降低精度。\n\n**改进建议：**\n\n*   **合理化PaO2/FiO2 ratio下降速度：** 考虑需要其他呼吸支持措施。\n*   **调整血小板下降速度：** 考虑发生并发症的可能性，如TMA或DIC。\n*   **调整胆红素升高速度：** 考虑肝脏疾病或肝脏灌注不足的可能性。\n*   **逐步增加血管活性药物剂量：** 避免剂量增加过快。\n*   **考虑神经系统并发症：** 解释格拉斯哥昏迷评分下降的原因。\n*   **合理化肾功能恶化速度：** 考虑需要肾脏替代治疗的可能性。\n*   **给出机械通气的具体原因：** 解释患者需要呼吸机支持的原因。\n*   **调整数值精确度：** 降低一些数值的精度，使其更符合实际情况。\n*   **在预测中加入对并发症的考虑：** 在预测中考虑并发症的可能性，并相应调整指标变化趋势。\n\n\n\n综上所述，该预测结果存在多个不合理之处，需要进行大幅度修改才能使其更符合临床预期。",
    "error": null
  },
  "key_reasons": [
    "该预测结果在某些方面表现出一定的合理性，但在多个方面存在与临床预期不符的情况，导致整体置信度较低。以下分项分析，并给出改进建议：",
    "pao2_fio2_ratio (PaO2/FiO2 Ratio): 初始预测值 250.0 虽然合理，但随时间推移快速下降至130.0，这对于使用去甲肾上腺素进行血管收缩的患者来说，下降幅度过大且过快。虽然PaO2/FiO2 ratio可能会下降，但250.0下降到130.0需要显著的气道支持和呼吸机调整，与单纯去甲肾上腺素干预不符。",
    "platelet (血小板): 从180.0下降到40.0是不合理的，对于感染性休克的治疗，血小板下降速度如此之快，通常意味着发生了严重的并发症，如血栓性微血管病(TMA)或弥漫性血管内凝血(DIC)。单独使用去甲肾上腺素很难产生如此大的血小板下降。"
  ]
}