{
  "timestamp": "2025-12-25 12:31:23",
  "model_name": "gemma3:12b",
  "prediction_model_name": "deepseek-r1:32b",
  "patient_id": "31613211",
  "input_description": "ICU住院编号 31613211，对应患者编号 18084435，58岁女性，体重122.6kg。监测持续时间为 0 小时（共 7 次测量，每4小时一次）：【生命体征】心率变化：[117.5, 117.5]（单位：次/分）收缩压变化：[73.0, 73.0]（单位：mmHg）舒张压变化：[64.17, 64.17]（单位：mmHg）体温变化：[97.45, 97.45]（单位：℃）呼吸频率变化：[26.75, 26.75]（单位：次/分）血氧饱和度变化：[95.0, 95.0]（单位：%）平均动脉压变化：[67.11, 67.11]（单位：mmHg）【SOFA评分相关特征】氧合指数变化：[112.98, 112.98, 112.98, 112.98, 112.98, 112.98, 112.98]（单位：mmHg）机械通气使用情况：[0, 0, 0, 0, 0, 0, 0]（单位：）血小板计数变化：[313.0, 472.0, 441.0, 441.0, 441.0, 441.0, 441.0]（单位：×10³/μL）总胆红素变化：[0.7, 0.7, 0.7, 0.7, 0.7, 0.7, 0.7]（单位：mg/dL）血管活性药物使用剂量：[0.0, 0.0, 0.0, 0.0, 0.0, 0.2, 0.2]（单位：μg/kg/min）格拉斯哥昏迷评分变化：[15, 15, 15, 15, 15, 15, 15]（单位：分）血清肌酐变化：[0.6, 1.2, 1.3, 1.3, 1.3, 1.3, 1.3]（单位：mg/dL）尿量变化：[0.0, 0.0, 0.0, 0.0, 250.0, 88.0, 88.0]（单位：mL）【疾病评分】SOFA总分变化：[1, 0, 0, 0, 1, 2, 2]（单位：分）SIRS评分变化：[0, 0, 0, 0, 0, 3, 3]（单位：分）",
  "intervention": "立即启动去甲肾上腺素输注，维持剂量为0.2μg·kg⁻¹·min⁻¹，剂量调整间隔4小时，密切监测血压和器官灌注，剂量呈递减趋势，提示血管反应性改善，评估8小时内发生感染性休克的风险",
  "evaluator_trust": {
    "a": 0.5999999999999996,
    "counterfactual_runs": 8,
    "dynamic_confidence": 0.42902075364700837,
    "total_confidence": 0.6453222736149473
  },
  "prediction_trust": {
    "a": 0.5999999999999996,
    "counterfactual_runs": 8,
    "dynamic_confidence": 0.5112448858113227,
    "total_confidence": 0.6765890200002597
  },
  "predicted_vital_signs": {
    "pao2_fio2_ratio": [
      350.0,
      360.0,
      370.0,
      380.0,
      390.0,
      400.0,
      410.0,
      420.0
    ],
    "platelet": [
      120.0,
      130.0,
      140.0,
      150.0,
      160.0,
      170.0,
      180.0,
      190.0
    ],
    "bilirubin_total": [
      2.0,
      1.9,
      1.8,
      1.7,
      1.6,
      1.5,
      1.4,
      1.3
    ],
    "vasopressor_rate": [
      0.2,
      0.15,
      0.1,
      0.05,
      0.0,
      0.0,
      0.0,
      0.0
    ],
    "gcs_total": [
      14.0,
      14.0,
      14.0,
      14.0,
      14.0,
      14.0,
      14.0,
      14.0
    ],
    "creatinine": [
      2.0,
      1.9,
      1.8,
      1.7,
      1.6,
      1.5,
      1.4,
      1.3
    ],
    "urine_output_ml": [
      1000.0,
      1200.0,
      1400.0,
      1600.0,
      1800.0,
      2000.0,
      2200.0,
      2400.0
    ],
    "mechanical_ventilation": [
      1.0,
      1.0,
      0.5,
      0.5,
      0.0,
      0.0,
      0.0,
      0.0
    ]
  },
  "confidence_score": 0.65,
  "evaluation": {
    "success": true,
    "model_output": "置信度评分：0.65\n\n**详细分析及理由：**\n\n总体而言，预测的SOFA相关指标变化在一定程度上符合临床改善趋势，但存在一些不合理之处，导致整体预测的置信度降低。下面逐一分析各项指标的合理性：\n\n**1. 各项SOFA相关指标数值是否在合理的医学范围内：**\n\n* **PAO2/FiO2 Ratio：** 350 - 0.0至420.0之间波动合理。如果病人初始状态未进行机械通气，这个数值应该更接近400以上，这个范围符合。\n* **Platelet：** 120-190之间，符合血小板计数正常范围，是合理的。\n* **Bilirubin Total：** 1.3-2.0之间，仍高于正常上限。虽然有所下降，但仍需警惕肝脏功能恢复情况。 2mg/dL虽然是上限，但预见性下降是合理的。\n* **Vasopressor Rate：** 0.2μg/kg/min下降到0.0，符合去甲肾上腺素减量的预期，并且逻辑顺畅。\n* **GCS Total：** 14.0 维持不变，和入院前15分一致，有降低的趋势，不合理。\n* **Creatinine：** 1.3 - 2.0 之间，肾功能有所恶化，但下降趋势是合理的。\n* **Urine Output (mL):** 1000-2400变化幅度大，且超出一般临床变化幅度，例如住院期间患者尿量可以从0 mL 增长到1800mL，在合理范围内，但是大幅度的变动需要更多信息支持。\n* **Mechanical Ventilation：** 1.0 变为0.0 的转化逻辑顺畅，但需要理解其编码方式 (1=使用，0=未使用)。\n\n**2. 干预措施的预期效果与SOFA相关指标变化趋势的逻辑一致性：**\n\n* 去甲肾上腺素的减量和vasopressor rate的下降是逻辑一致的。\n* 机械通气使用情况的下降也符合病情改善，不再需要辅助呼吸的预期。\n* 肾功能指标的改善趋势与去甲肾上腺素减量有关联，去甲肾上腺素减量可以改善肾脏灌注。\n* 尿量增加也符合肾功能改善的预期。\n\n**3. SOFA评分各组件之间的逻辑一致性：**\n\n* **呼吸功能:** PAO2/FiO2 Ratio 显著改善，但 GCS 却维持不变或降低，与呼吸功能改善不一致。 呼吸功能改善一般会影响神经系统功能，导致GCS略有改善。\n* **循环功能:** Vasopressor rate降低，PAO2/FiO2 Ratio改善， 提示循环功能改善，但需注意GCS的稳定状态。\n* **肾功能:** Creatinine和尿量变化似乎不协调，肾功能改善应该伴随肌酐降低和尿量增加，但变化幅度过大，需要额外信息支持。\n\n**4. 整体趋势是否符合临床改善的预期：**\n\n总的来说，预测的整体趋势是改善的，例如血管活性药物使用剂量降低，血氧饱和度改善。但肾功能恶化和GCS 的稳定状态令人担忧，需要进一步评估。\n\n**5. 单位统一性：**\n\n所有指标的单位均已明确，不存在单位不统一的问题。\n\n**6. 时间序列数据的合理性：**\n\n* 肾功能指标的波动幅度过大，需要更详细的监测数据支持。\n* 尿量变化幅度大，需要考虑患者的液体管理情况。\n\n**7. 数值的精确度：**\n\n* 体温精确到小数点后一位，符合临床实际。\n* GCS分数精确到小数点后一位，可以考虑根据GCS分级进行整数表示。\n\n**结论：**\n\n预测结果的合理性受到一些因素的制约。例如，GCS稳定，肾功能恶化，以及肾功能指标波动幅度过大。虽然整体趋势符合临床改善的预期，但仍然存在一些需要进一步评估和验证的地方。 0.65 的置信度评分反映了对预测结果的谨慎态度。 需要更多信息才能提高预测的准确性。\n\n建议：\n* 考虑 GCS 的轻微改善。\n* 减小肾功能指标的波动幅度，并考虑液体管理措施的影响。\n* 完善患者的液体管理措施，并监测相关指标的变化。",
    "error": null
  },
  "key_reasons": [
    "总体而言，预测的SOFA相关指标变化在一定程度上符合临床改善趋势，但存在一些不合理之处，导致整体预测的置信度降低。下面逐一分析各项指标的合理性：",
    "预测结果的合理性受到一些因素的制约。例如，GCS稳定，肾功能恶化，以及肾功能指标波动幅度过大。虽然整体趋势符合临床改善的预期，但仍然存在一些需要进一步评估和验证的地方。 0.65 的置信度评分反映了对预测结果的谨慎态度。 需要更多信息才能提高预测的准确性。"
  ]
}