{
  "timestamp": "2025-12-25 12:35:41",
  "model_name": "gemma3:12b",
  "prediction_model_name": "gemma3:12b",
  "patient_id": "31703381",
  "input_description": "ICU住院编号 31703381，对应患者编号 19338519，48岁男性，体重93.9kg。监测持续时间为 0 小时（共 7 次测量，每4小时一次）：【生命体征】心率变化：[105.0, 105.0]（单位：次/分）收缩压变化：[89.0, 89.0]（单位：mmHg）舒张压变化：[70.0, 70.0]（单位：mmHg）体温变化：[98.8, 98.8]（单位：℃）呼吸频率变化：[15.0, 15.0]（单位：次/分）血氧饱和度变化：[99.0, 99.0]（单位：%）平均动脉压变化：[76.33, 76.33]（单位：mmHg）【SOFA评分相关特征】氧合指数变化：[359.19, 359.19, 359.19, 359.19, 359.19, 359.19, 359.19]（单位：mmHg）机械通气使用情况：[0, 0, 0, 0, 0, 0, 0]（单位：）血小板计数变化：[58.0, 52.0, 75.0, 75.33, 75.33, 75.33, 75.33]（单位：×10³/μL）总胆红素变化：[5.5, 11.7, 11.7, 11.7, 11.7, 11.7, 11.7]（单位：mg/dL）血管活性药物使用剂量：[0.0, 0.0, 0.0, 0.0, 0.0, 0.0, 0.0]（单位：μg/kg/min）格拉斯哥昏迷评分变化：[15, 15, 15, 15, 15, 3, 3]（单位：分）血清肌酐变化：[0.8, 0.8, 0.8, 0.8, 0.8, 0.8, 0.8]（单位：mg/dL）尿量变化：[0.0, 0.0, 0.0, 0.0, 0.0, 50.0, 50.0]（单位：mL）【疾病评分】SOFA总分变化：[0, 5, 0, 2, 2, 11, 11]（单位：分）SIRS评分变化：[0, 0, 0, 0, 0, 3, 3]（单位：分）",
  "intervention": "无血管活性药物干预措施，建议密切监测血压和器官灌注，评估8小时内发生感染性休克的风险",
  "evaluator_trust": {
    "a": 0.5499999999999996,
    "counterfactual_runs": 9,
    "dynamic_confidence": 0.4382213744188381,
    "total_confidence": 0.6314374262982758
  },
  "prediction_trust": {
    "a": 0.5499999999999996,
    "counterfactual_runs": 9,
    "dynamic_confidence": 0.4382213744188381,
    "total_confidence": 0.6314374262982758
  },
  "predicted_vital_signs": {
    "pao2_fio2_ratio": [
      280.0,
      250.0,
      220.0,
      190.0,
      160.0,
      130.0,
      100.0,
      70.0
    ],
    "platelet": [
      180.0,
      160.0,
      140.0,
      120.0,
      100.0,
      30.0,
      20.0,
      10.0
    ],
    "bilirubin_total": [
      1.5,
      2.0,
      2.5,
      3.0,
      3.5,
      4.0,
      4.5,
      5.0
    ],
    "vasopressor_rate": [
      0.0,
      0.0,
      0.0,
      0.0,
      0.0,
      0.1,
      0.2,
      0.3
    ],
    "gcs_total": [
      13.0,
      12.0,
      11.0,
      10.0,
      9.0,
      8.0,
      7.0,
      6.0
    ],
    "creatinine": [
      1.0,
      1.3,
      1.6,
      2.0,
      2.4,
      2.8,
      3.2,
      3.6
    ],
    "urine_output_ml": [
      1800.0,
      1500.0,
      1200.0,
      900.0,
      600.0,
      300.0,
      100.0,
      0.0
    ],
    "mechanical_ventilation": [
      0.0,
      0.0,
      1.0,
      1.0,
      1.0,
      1.0,
      1.0,
      1.0
    ]
  },
  "confidence_score": 0.55,
  "evaluation": {
    "success": true,
    "model_output": "置信度评分：0.55\n\n**详细分析：**\n\n整体而言，预测的SOFA相关指标变化趋势与“感染性休克风险评估并进行密切监测”的干预措施有些冲突，且数据呈现出一些不合理的极端变化。以下是各项指标的详细分析：\n\n**1. 数值合理性分析：**\n\n*   **pao2_fio2_ratio (PaO2/FiO2 Ratio):** 从280.0下降到100.0，再进一步降至70.0 是合理的，这表示呼吸功能逐渐恶化，需要更多支持。但下降过快，且最后数值较低，暗示可能需要机械通气支持，应谨慎评估。\n*   **platelet (血小板计数):** 从180.0降到30.0，再降至20.0再降至10.0  是个非常显著且不合理的下降。血小板计数急剧下降可能提示 DIC (弥漫性血管内凝血) 或严重的感染。这个下降幅度过大，即使是重症患者也很难出现如此极端的变化，需要重新评估预测模型。\n*   **bilirubin_total (总胆红素):** 从1.5上升到5.0是合理的，提示肝功能逐渐受损。但上升速度过快，也可能需要重新评估预测模型。\n*   **vasopressor_rate (血管活性药物使用剂量):** 从0.0上升到0.3是合理的，说明需要药物支持血压。但使用剂量增加过快需要关注。\n*   **gcs_total (格拉斯哥昏迷评分):** 从13.0下降到6.0 较为显著的下降，提示患者意识状态恶化，需要关注脑部功能。下降速度过快，需要进一步评估，可能需要药物支持或者其他干预措施。\n*   **creatinine (肌酐):** 从1.0上升到3.6 较为显著的肾功能下降。需要关注患者的肾功能情况，避免进一步恶化。\n*   **urine_output_ml (尿量):** 从1800.0下降到0.0 这是一个极其严重的下降，可能提示肾功能衰竭或严重的容量不足。如此快速和显著的下降是不太可能的，需要重新评估模型。\n*   **mechanical_ventilation (机械通气):** 从0.0到1.0是一个合理的转变，表明需要机械通气支持呼吸。\n\n**2. 干预措施与指标变化逻辑一致性分析：**\n\n干预措施是“密切监测”。但预测结果中，部分指标变化过于急剧，如血小板计数、尿量、格拉斯哥昏迷评分等，这与“密切监测”的效果不太一致。 密切监测应该能够更早地发现问题并采取措施，避免出现如此严重的恶化。\n\n**3. SOFA评分各组件逻辑一致性分析：**\n\n呼吸功能恶化(PaO2/FiO2下降)、循环功能不稳定(需要血管活性药物、血小板下降)、肾功能下降(肌酐升高、尿量下降) 以及神经功能下降 (格拉斯哥评分下降) 总体上比较一致，提示全身状况正在恶化。\n\n**4. 整体趋势与临床预期：**\n\n整体趋势是从稳定到恶化，这符合“感染性休克风险评估”后可能发生的worst-case scenario。但部分指标的变化过于极端，与预期不符。\n\n**5. 单位统一性：**\n\n所有指标的单位看起来是符合医学标准，可以正常进行比较和分析。\n\n**6. 时间序列数据的合理性：**\n\n相邻时间点之间的变化幅度有些不合理，尤其是血小板计数、尿量变化过快。\n\n**7. 数值精确度:**\n\n部分指标的精确度似乎过度了，比如格拉斯哥评分精确到0.5分。\n\n**总结:**\n\n预测结果在整体趋势上与临床预期基本一致，即患者状态在密切监测后可能恶化，但具体指标的变化幅度和速度过于极端，不符合现实临床情景，可能表明预测模型的预测能力存在问题。因此，需要对模型进行调整和改进，以提高预测结果的可靠性和实用性。模型需要关注数据平滑性，避免极端变化，并考虑干预措施的实际效果。",
    "error": null
  },
  "key_reasons": [
    "gcs_total (格拉斯哥昏迷评分): 从13.0下降到6.0 较为显著的下降，提示患者意识状态恶化，需要关注脑部功能。下降速度过快，需要进一步评估，可能需要药物支持或者其他干预措施。",
    "干预措施是“密切监测”。但预测结果中，部分指标变化过于急剧，如血小板计数、尿量、格拉斯哥昏迷评分等，这与“密切监测”的效果不太一致。 密切监测应该能够更早地发现问题并采取措施，避免出现如此严重的恶化。",
    "呼吸功能恶化(PaO2/FiO2下降)、循环功能不稳定(需要血管活性药物、血小板下降)、肾功能下降(肌酐升高、尿量下降) 以及神经功能下降 (格拉斯哥评分下降) 总体上比较一致，提示全身状况正在恶化。"
  ]
}