{
  "timestamp": "2025-12-25 12:29:58",
  "model_name": "gemma3:12b",
  "prediction_model_name": "gemma3:12b",
  "patient_id": "31613211",
  "input_description": "ICU住院编号 31613211，对应患者编号 18084435，58岁女性，体重122.6kg。监测持续时间为 0 小时（共 7 次测量，每4小时一次）：【生命体征】心率变化：[117.5, 117.5]（单位：次/分）收缩压变化：[73.0, 73.0]（单位：mmHg）舒张压变化：[64.17, 64.17]（单位：mmHg）体温变化：[97.45, 97.45]（单位：℃）呼吸频率变化：[26.75, 26.75]（单位：次/分）血氧饱和度变化：[95.0, 95.0]（单位：%）平均动脉压变化：[67.11, 67.11]（单位：mmHg）【SOFA评分相关特征】氧合指数变化：[112.98, 112.98, 112.98, 112.98, 112.98, 112.98, 112.98]（单位：mmHg）机械通气使用情况：[0, 0, 0, 0, 0, 0, 0]（单位：）血小板计数变化：[313.0, 472.0, 441.0, 441.0, 441.0, 441.0, 441.0]（单位：×10³/μL）总胆红素变化：[0.7, 0.7, 0.7, 0.7, 0.7, 0.7, 0.7]（单位：mg/dL）血管活性药物使用剂量：[0.0, 0.0, 0.0, 0.0, 0.0, 0.2, 0.2]（单位：μg/kg/min）格拉斯哥昏迷评分变化：[15, 15, 15, 15, 15, 15, 15]（单位：分）血清肌酐变化：[0.6, 1.2, 1.3, 1.3, 1.3, 1.3, 1.3]（单位：mg/dL）尿量变化：[0.0, 0.0, 0.0, 0.0, 250.0, 88.0, 88.0]（单位：mL）【疾病评分】SOFA总分变化：[1, 0, 0, 0, 1, 2, 2]（单位：分）SIRS评分变化：[0, 0, 0, 0, 0, 3, 3]（单位：分）",
  "intervention": "立即启动去甲肾上腺素输注，维持剂量为0.2μg·kg⁻¹·min⁻¹，剂量调整间隔4小时，密切监测血压和器官灌注，剂量呈递减趋势，提示血管反应性改善，评估8小时内发生感染性休克的风险",
  "evaluator_trust": {
    "a": 0.5999999999999996,
    "counterfactual_runs": 8,
    "dynamic_confidence": 0.42902075364700837,
    "total_confidence": 0.6453222736149473
  },
  "prediction_trust": {
    "a": 0.5999999999999996,
    "counterfactual_runs": 8,
    "dynamic_confidence": 0.42902075364700837,
    "total_confidence": 0.6453222736149473
  },
  "predicted_vital_signs": {
    "pao2_fio2_ratio": [
      250.0,
      260.0,
      270.0,
      280.0,
      290.0,
      300.0,
      310.0,
      320.0
    ],
    "platelet": [
      120.0,
      130.0,
      140.0,
      150.0,
      160.0,
      170.0,
      180.0,
      190.0
    ],
    "bilirubin_total": [
      1.8,
      1.6,
      1.4,
      1.2,
      1.0,
      0.8,
      0.6,
      0.4
    ],
    "vasopressor_rate": [
      0.2,
      0.18,
      0.16,
      0.14,
      0.12,
      0.1,
      0.08,
      0.06
    ],
    "gcs_total": [
      12.0,
      13.0,
      14.0,
      15.0,
      14.0,
      13.0,
      12.0,
      11.0
    ],
    "creatinine": [
      1.5,
      1.4,
      1.3,
      1.2,
      1.1,
      1.0,
      0.9,
      0.8
    ],
    "urine_output_ml": [
      1500.0,
      1600.0,
      1700.0,
      1800.0,
      1900.0,
      2000.0,
      2100.0,
      2200.0
    ],
    "mechanical_ventilation": [
      1.0,
      1.0,
      1.0,
      1.0,
      1.0,
      0.0,
      0.0,
      0.0
    ]
  },
  "confidence_score": 0.65,
  "evaluation": {
    "success": true,
    "model_output": "置信度评分：0.65\n\n**详细分析理由：**\n\n整体而言，预测的SOFA相关指标变化趋势在一定程度上与干预措施的预期效果一致，体现了患者病情改善的趋势，但细节上存在一些不合理的地方，降低了预测的可信度。以下是逐项分析：\n\n**1. 各项SOFA相关指标数值是否在合理的医学范围内:**\n\n* **pao2_fio2_ratio (PaO2/FiO2比值):** 预测值250-320之间是合理的，代表呼吸功能改善，FiO2没有变化，PaO2上升。\n* **platelet (血小板):** 预测值120-190之间在临床上是极低的，可能存在错误。血小板升高通常是ICU患者的治疗目标，但120-190的数值代表出血风险，通常需要进一步干预。血小板数值通常大于100.\n* **bilirubin_total (总胆红素):** 预测值1.8-0.4之间符合肝功能改善的趋势，胆红素下降是合理的。\n* **vasopressor_rate (血管活性药物使用剂量):** 预测值从0.2下降到0.06是合理的，体现了血管活性药物剂量逐渐减少，病情稳定。\n* **gcs_total (格拉斯哥昏迷评分):** 初始下降到12.0，然后逐渐上升，在12.0到15.0之间波动，此预测不合理。患者的GCS评分在没有干预的情况下不会出现此种变化。\n* **creatinine (肌酐):** 预测值从1.5下降到0.8，符合肾功能的改善趋势，但下降速度略快，需要谨慎评估。\n* **urine_output_ml (尿量):** 预测值从1500-2200之间波动，符合肾功能改善带来的尿量增加，但数值偏高，需要谨慎评估。\n* **mechanical_ventilation (机械通气):** 初始为1，后期变为0，意味着患者停止了机械通气，如果患者需要逐步脱离通气，这个过程是合理的。\n\n**2. 干预措施的预期效果与SOFA相关指标变化趋势的逻辑一致性:**\n\n* 立即启动去甲肾上腺素输注，目标是改善循环灌注，因此PaO2/FiO2比值和肌酐的改善是合理的。\n* 血管活性药物剂量的递减体现了循环稳定，也与PaO2/FiO2比值和尿量增加相符。\n* GCS评分的逻辑关系不明确，需要更多信息来解释下降的原因。\n\n**3. 评估SOFA评分各组件之间的逻辑一致性:**\n\n呼吸、循环、肾功能指标之间存在一定的相互影响，例如循环灌注改善会影响呼吸功能和肾功能。本次预测在一定程度上体现了这种关联性，例如循环改善促进了PaO2/FiO2比值和尿量增加。\n\n**4. 整体趋势是否符合临床改善的预期:**\n\n整体趋势上，预测了患者病情改善，符合临床预期。但是，个别指标的数值和变化幅度存在不合理之处，降低了整体的可信度。\n\n**5. 单位统一性:**\n\n所有指标均已确认使用正确的医学单位。\n\n**6. 时间序列数据的合理性:**\n\n* 部分指标（如肌酐、尿量）的变化幅度略快，需要谨慎评估。\n* GCS评分的趋势存在不合理之处，需要仔细核实。\n* 血小板的数值可能存在单位错误\n\n**7. 数值的精确度是否合理:**\n\n部分指标（如体温）精确度不必要的高，应该四舍五入到整数。\n\n**总结：**\n\n虽然预测整体上体现了患者病情改善的趋势，但个别指标的数值和变化幅度存在不合理之处，降低了预测的可信度。特别是血小板数值、GCS评分变化趋势需要仔细核实。 建议重新评估预测模型的参数设置，并结合更多临床信息，提高预测的准确性。",
    "error": null
  },
  "key_reasons": [
    "整体而言，预测的SOFA相关指标变化趋势在一定程度上与干预措施的预期效果一致，体现了患者病情改善的趋势，但细节上存在一些不合理的地方，降低了预测的可信度。以下是逐项分析：",
    "pao2_fio2_ratio (PaO2/FiO2比值): 预测值250-320之间是合理的，代表呼吸功能改善，FiO2没有变化，PaO2上升。",
    "platelet (血小板): 预测值120-190之间在临床上是极低的，可能存在错误。血小板升高通常是ICU患者的治疗目标，但120-190的数值代表出血风险，通常需要进一步干预。血小板数值通常大于100."
  ]
}