{
  "timestamp": "2025-12-25 13:25:02",
  "model_name": "gemma3:12b",
  "prediction_model_name": "qwen3:30b",
  "patient_id": "32115504",
  "input_description": "ICU住院编号 32115504，对应患者编号 14851532，73岁男性，体重86.13333333333333kg。监测持续时间为 0 小时（共 7 次测量，每4小时一次）：【生命体征】心率变化：[50.5, 50.5]（单位：次/分）收缩压变化：[68.0, 68.0]（单位：mmHg）舒张压变化：[56.5, 56.5]（单位：mmHg）体温变化：[95.7, 95.7]（单位：℃）呼吸频率变化：[20.5, 20.5]（单位：次/分）血氧饱和度变化：[98.5, 98.5]（单位：%）平均动脉压变化：[60.33, 60.33]（单位：mmHg）【SOFA评分相关特征】氧合指数变化：[59.51, 59.51, 59.51, 59.51, 59.51, 59.51, 59.51]（单位：mmHg）机械通气使用情况：[0, 0, 0, 0, 0, 0, 0]（单位：）血小板计数变化：[250.0, 250.0, 250.0, 250.0, 250.0, 250.0, 250.0]（单位：×10³/μL）总胆红素变化：[3.0, 3.0, 3.0, 3.0, 3.0, 3.0, 3.0]（单位：mg/dL）血管活性药物使用剂量：[0.0, 0.0, 0.0, 0.0, 0.0, 0.0, 0.0]（单位：μg/kg/min）格拉斯哥昏迷评分变化：[15, 15, 15, 15, 15, 3, 3]（单位：分）血清肌酐变化：[1.6, 1.6, 1.6, 1.6, 1.6, 1.6, 1.6]（单位：mg/dL）尿量变化：[0.0, 0.0, 0.0, 0.0, 0.0, 140.0, 140.0]（单位：mL）【疾病评分】SOFA总分变化：[0, 0, 0, 0, 0, 8, 8]（单位：分）SIRS评分变化：[0, 0, 0, 0, 0, 3, 3]（单位：分）",
  "intervention": "立即启动去甲肾上腺素输注，初始剂量为0.0μg·kg⁻¹·min⁻¹，根据血压反应调整至最大0.06μg·kg⁻¹·min⁻¹，剂量调整间隔4小时，密切监测血压和器官灌注，剂量呈递增趋势，提示血管反应性下降，评估8小时内发生感染性休克的风险",
  "evaluator_trust": {
    "a": 0.39999999999999963,
    "counterfactual_runs": 12,
    "dynamic_confidence": 0.4840339073667817,
    "total_confidence": 0.6062296591908316
  },
  "prediction_trust": {
    "a": 0.39999999999999963,
    "counterfactual_runs": 12,
    "dynamic_confidence": 1.0,
    "total_confidence": 0.9182993920766336
  },
  "predicted_vital_signs": {
    "pao2_fio2_ratio": [
      250.0,
      240.0,
      230.0,
      220.0,
      210.0,
      200.0,
      190.0,
      180.0
    ],
    "platelet": [
      120.0,
      115.0,
      110.0,
      105.0,
      100.0,
      95.0,
      90.0,
      85.0
    ],
    "bilirubin_total": [
      1.5,
      1.6,
      1.7,
      1.8,
      1.9,
      2.0,
      2.1,
      2.2
    ],
    "vasopressor_rate": [
      0.0,
      0.02,
      0.04,
      0.05,
      0.055,
      0.058,
      0.059,
      0.06
    ],
    "gcs_total": [
      12.0,
      11.5,
      11.0,
      10.5,
      10.0,
      9.5,
      9.0,
      8.5
    ],
    "creatinine": [
      1.5,
      1.6,
      1.7,
      1.8,
      1.9,
      2.0,
      2.1,
      2.2
    ],
    "urine_output_ml": [
      1500.0,
      1400.0,
      1300.0,
      1200.0,
      1100.0,
      1000.0,
      900.0,
      800.0
    ],
    "mechanical_ventilation": [
      0.0,
      0.0,
      0.0,
      1.0,
      1.0,
      1.0,
      1.0,
      1.0
    ]
  },
  "confidence_score": 0.65,
  "evaluation": {
    "success": true,
    "model_output": "置信度评分：0.65\n\n**详细分析理由：**\n\n总体而言，预测的SOFA相关指标变化趋势在一定程度上符合感染性休克和去甲肾上腺素干预的逻辑，但存在一些与临床实际不太相符的地方，导致置信度较低。下面分项分析：\n\n**1. 各项SOFA相关指标数值的合理性：**\n\n* **PaO2/FiO2 Ratio:**  预测PaO2/FiO2从250.0逐渐下降到180.0。这是一个合理的下降趋势，反映了去甲肾上腺素的使用可能对肺部通气和氧合产生影响（虽然初始值较高，可能代表最初的通气良好）。但数值是否合理需要结合患者具体情况来判断。\n* **Platelet:** 预测血小板计数从120.0下降到85.0。血小板下降符合感染性休克的预期，但下降幅度相对较大，需要仔细评估其合理性。感染性休克中的血小板减少是由于多种因素，包括消耗性凝血和免疫介导机制，但如此大幅度下降可能需要排除其他潜在因素（如肝功能衰竭、DIC等）。\n* **Bilirubin_total:** 预测总胆红素从1.5 mg/dL逐渐上升到2.2 mg/dL。对于73岁男性，总胆红素在1.5-2.2 mg/dL范围尚可，上升速度略快。需要考虑是否存在潜在的肝脏问题，或者干预措施本身对肝功能造成影响。\n* **Vasopressor_rate:** 预测去甲肾上腺素用量从0.0μg/kg/min 增加到 0.06μg/kg/min。符合干预的递增趋势，表明血管反应性下降，需要增加药物剂量以维持血压。这是一个合理的趋势。\n* **GCS_total:** 预测格拉斯哥昏迷评分从12.0下降到8.5。这是一个令人担忧的趋势，表明患者的神经功能状态恶化。虽然感染性休克可能导致意识障碍，但如此快速和大幅度的下降需要密切监测，并排除其他潜在的脑损伤或代谢问题。初始12分，通常患者已经有意识，下降到8.5可能表明病情恶化。\n* **Creatinine:** 预测肌酐从1.5 mg/dL上升到2.2 mg/dL。肌酐的上升通常反映肾功能受损，在感染性休克中很常见，也与去甲肾上腺素的使用相关（可能导致肾血流减少）。\n* **Urine_output_ml:** 预测尿量从1500.0 mL逐渐下降到800.0 mL。尿量减少也符合感染性休克中肾功能受损的预期，但如此大幅度的下降可能需要评估肾脏灌注是否足够。\n* **Mechanical_ventilation:** 从0.0变为1.0，表示需要转为机械通气。如果GCS下降导致患者无法自主呼吸，且PaO2/FiO2 ratio下降到一定程度，转为机械通气是一个合理的选择。\n\n**2. 干预措施的预期效果与SOFA指标变化趋势的逻辑一致性：**\n\n总体上，去甲肾上腺素递增和SOFA指标恶化的趋势是符合逻辑的。 药物递增通常反映了血管功能减退和血压下降。 但是，需要注意肾功能逐渐恶化，这可能需要进一步评估和干预。\n\n**3. 各系统指标的协调性：**\n\n呼吸功能 (PaO2/FiO2 ratio)、循环功能 (血压、去甲肾上腺素使用量)、肾功能 (肌酐、尿量)、神经功能 (GCS) 之间存在一定的协调性，但GCS的快速下降是需要特别关注的。\n\n**4. 整体趋势是否符合临床改善的预期：**\n\n虽然药物增加和SOFA指标恶化是初始阶段的预期，但最终目的是改善患者的状况。 预测的SOFA指标持续恶化，提示干预效果不佳或存在其他并发症，需要密切监测并调整治疗方案。\n\n**5. 数据单位统一性：**\n\n所有指标均使用正确的医学单位，不存在单位不一致的问题。\n\n**6. 时间序列数据的合理性：**\n\n在GCS的下降速度、血小板的下降幅度、肌酐的上升速度和尿量的下降速度上，存在一些需要进一步考量的部分，比如早期GCS值为12分，后续快速下降到8.5分，有一定不合理性。\n\n**结论：**\n\n预测结果的部分趋势与感染性休克和去甲肾上腺素干预的逻辑相符，但也存在一些不合理之处，特别是GCS的下降速度，血小板的下降幅度以及肌酐的上升速度，需要仔细评估其合理性并密切监测患者的状况。 因此，置信度较低（0.65）。需要对预测结果进行验证，并根据实际情况调整治疗方案。",
    "error": null
  },
  "key_reasons": [
    "总体而言，预测的SOFA相关指标变化趋势在一定程度上符合感染性休克和去甲肾上腺素干预的逻辑，但存在一些与临床实际不太相符的地方，导致置信度较低。下面分项分析：",
    "PaO2/FiO2 Ratio:  预测PaO2/FiO2从250.0逐渐下降到180.0。这是一个合理的下降趋势，反映了去甲肾上腺素的使用可能对肺部通气和氧合产生影响（虽然初始值较高，可能代表最初的通气良好）。但数值是否合理需要结合患者具体情况来判断。",
    "Platelet: 预测血小板计数从120.0下降到85.0。血小板下降符合感染性休克的预期，但下降幅度相对较大，需要仔细评估其合理性。感染性休克中的血小板减少是由于多种因素，包括消耗性凝血和免疫介导机制，但如此大幅度下降可能需要排除其他潜在因素（如肝功能衰竭、DIC等）。"
  ]
}