{
  "timestamp": "2025-12-25 13:22:00",
  "model_name": "gemma3:12b",
  "prediction_model_name": "gemma3:12b",
  "patient_id": "32115504",
  "input_description": "ICU住院编号 32115504，对应患者编号 14851532，73岁男性，体重86.13333333333333kg。监测持续时间为 0 小时（共 7 次测量，每4小时一次）：【生命体征】心率变化：[50.5, 50.5]（单位：次/分）收缩压变化：[68.0, 68.0]（单位：mmHg）舒张压变化：[56.5, 56.5]（单位：mmHg）体温变化：[95.7, 95.7]（单位：℃）呼吸频率变化：[20.5, 20.5]（单位：次/分）血氧饱和度变化：[98.5, 98.5]（单位：%）平均动脉压变化：[60.33, 60.33]（单位：mmHg）【SOFA评分相关特征】氧合指数变化：[59.51, 59.51, 59.51, 59.51, 59.51, 59.51, 59.51]（单位：mmHg）机械通气使用情况：[0, 0, 0, 0, 0, 0, 0]（单位：）血小板计数变化：[250.0, 250.0, 250.0, 250.0, 250.0, 250.0, 250.0]（单位：×10³/μL）总胆红素变化：[3.0, 3.0, 3.0, 3.0, 3.0, 3.0, 3.0]（单位：mg/dL）血管活性药物使用剂量：[0.0, 0.0, 0.0, 0.0, 0.0, 0.0, 0.0]（单位：μg/kg/min）格拉斯哥昏迷评分变化：[15, 15, 15, 15, 15, 3, 3]（单位：分）血清肌酐变化：[1.6, 1.6, 1.6, 1.6, 1.6, 1.6, 1.6]（单位：mg/dL）尿量变化：[0.0, 0.0, 0.0, 0.0, 0.0, 140.0, 140.0]（单位：mL）【疾病评分】SOFA总分变化：[0, 0, 0, 0, 0, 8, 8]（单位：分）SIRS评分变化：[0, 0, 0, 0, 0, 3, 3]（单位：分）",
  "intervention": "立即启动去甲肾上腺素输注，初始剂量为0.0μg·kg⁻¹·min⁻¹，根据血压反应调整至最大0.06μg·kg⁻¹·min⁻¹，剂量调整间隔4小时，密切监测血压和器官灌注，剂量呈递增趋势，提示血管反应性下降，评估8小时内发生感染性休克的风险",
  "evaluator_trust": {
    "a": 0.39999999999999963,
    "counterfactual_runs": 12,
    "dynamic_confidence": 0.4840339073667817,
    "total_confidence": 0.6062296591908316
  },
  "prediction_trust": {
    "a": 0.39999999999999963,
    "counterfactual_runs": 12,
    "dynamic_confidence": 0.4840339073667817,
    "total_confidence": 0.6062296591908316
  },
  "predicted_vital_signs": {
    "pao2_fio2_ratio": [
      280.0,
      260.0,
      240.0,
      220.0,
      200.0,
      180.0,
      160.0,
      140.0
    ],
    "platelet": [
      120.0,
      100.0,
      80.0,
      60.0,
      40.0,
      20.0,
      0.0,
      0.0
    ],
    "bilirubin_total": [
      1.8,
      2.2,
      2.6,
      3.0,
      3.4,
      3.8,
      4.2,
      4.6
    ],
    "vasopressor_rate": [
      0.02,
      0.04,
      0.06,
      0.08,
      0.1,
      0.12,
      0.14,
      0.16
    ],
    "gcs_total": [
      12.0,
      10.0,
      8.0,
      6.0,
      4.0,
      2.0,
      0.0,
      0.0
    ],
    "creatinine": [
      1.4,
      2.0,
      2.8,
      3.8,
      4.8,
      5.8,
      6.8,
      7.8
    ],
    "urine_output_ml": [
      1500.0,
      1200.0,
      900.0,
      600.0,
      300.0,
      100.0,
      0.0,
      0.0
    ],
    "mechanical_ventilation": [
      0.0,
      0.0,
      1.0,
      1.0,
      1.0,
      1.0,
      1.0,
      1.0
    ]
  },
  "confidence_score": 0.35,
  "evaluation": {
    "success": true,
    "model_output": "置信度评分：0.35\n\n**分析理由：**\n\n预测的SOFA相关指标数据在很大程度上缺乏合理性，与临床实际情况存在明显不符，因此置信度较低。虽然计划的干预措施（去甲肾上腺素的应用）设定为血管反应性下降和感染性休克的风险评估，但预测结果的趋势和数值变化过于剧烈和不协调，严重违背了临床常识和生理机制。\n\n**逐项分析：**\n\n1. **各项SOFA相关指标数值是否在合理的医学范围内：**\n    * **PaO2/FiO2 Ratio (280.0 - 160.0):** 初始值280.0极高，几乎不可能。PaO2/FiO2 比率通常在感染性休克中会下降，而不是上升。  即使在初始状态非常好的情况下，在随后的时间里下降的可能性更大，而不是持续下降。\n    * **Platelet (120.0 - 0.0):**  在8小时内从120.0降到0.0，是不合理的。血小板计数通常会下降，但速率和幅度是难以想象的，即使在严重的DIC (Disseminated Intravascular Coagulation) 情况下，这种速度和幅度都难以实现。\n    * **Bilirubin (1.8 - 4.6):**  上升趋势符合肝功能受损的趋势，但上升幅度较大，在8小时内变化超过2倍，不太合理。\n    * **Vasopressor Rate (0.02 - 0.16):**  初始低剂量递增符合临床实践，但上升速度过快，需要更谨慎的调整。\n    * **GCS Total (12.0 - 0.0):**  从12.0快速降到0.0是不可能的。即使有神经系统损害，GCS会逐步下降，不可能在一瞬间大幅度下降。\n    * **Creatinine (1.4 - 7.8):** 上升趋势符合肾功能受损的趋势，但上升幅度过大，在8小时内变化超过5倍，严重违背肾脏生理机制。肾功能恶化通常是渐进的。\n    * **Urine Output (1500.0 - 0.0):** 初始值1500.0极为不寻常，之后的骤降到0.0更是极不现实。尿量波动肯定存在，但是这种幅度不可接受。\n    * **Mechanical Ventilation (0.0 - 1.0):**  虽然有机械通气的趋势，但是从无到有的快速变化显得不自然。机械通气通常是逐渐引入的。\n\n2. **干预措施的预期效果与SOFA相关指标变化趋势的逻辑一致性：**\n    * 去甲肾上腺素的应用旨在改善循环功能和血压。然而，预测的PaO2/FiO2 ratio持续下降，这与去甲肾上腺素改善循环功能的预期效果不符。\n    * 预测的肾功能恶化与去甲肾上腺素的应用之间没有逻辑关联。\n\n3. **评估SOFA评分各组件之间的逻辑一致性：**\n    * 呼吸、循环、肾功能等系统指标之间缺乏协调性。例如，循环系统指标恶化，但呼吸功能却维持或恶化，这不太合理。\n\n4. **整体趋势是否符合临床改善的预期：**\n    * 预测结果总体是恶化的趋势，而不是改善。虽然患者可能病情恶化，但干预措施应该至少提供一些积极影响，而预测结果完全没有体现这一点。\n\n5. **单位统一性：** 假设所有指标都使用了正确的医学单位（例如 mmHg, bpm, mg/dL 等）。\n\n6. **时间序列数据的合理性：**  时间序列数据在相邻时间点之间的变化幅度极不合理，存在大量突变。\n\n7. **数值的精确度：**  部分数值精确度过高，例如，PaO2/FiO2 ratio 的变化精确到整数，而无需如此精确。\n\n**结论：**\n\n预测结果存在严重的逻辑错误和不现实的数值变化，与临床实践存在显著偏差。 需要重新评估预测模型和数据输入，以确保预测结果更符合临床实际情况。  需要考虑更多的因素，例如患者的基础疾病、合并症、以及干预措施的个体化调整。",
    "error": null
  },
  "key_reasons": [
    "预测的SOFA相关指标数据在很大程度上缺乏合理性，与临床实际情况存在明显不符，因此置信度较低。虽然计划的干预措施（去甲肾上腺素的应用）设定为血管反应性下降和感染性休克的风险评估，但预测结果的趋势和数值变化过于剧烈和不协调，严重违背了临床常识和生理机制。",
    "1. 各项SOFA相关指标数值是否在合理的医学范围内：",
    "PaO2/FiO2 Ratio (280.0 - 160.0): 初始值280.0极高，几乎不可能。PaO2/FiO2 比率通常在感染性休克中会下降，而不是上升。  即使在初始状态非常好的情况下，在随后的时间里下降的可能性更大，而不是持续下降。"
  ]
}