{
  "timestamp": "2025-12-25 12:14:03",
  "model_name": "gemma3:12b",
  "prediction_model_name": "deepseek-r1:32b",
  "patient_id": "30983281",
  "input_description": "ICU住院编号 30983281，对应患者编号 11501310，48岁男性，体重138.0kg。监测持续时间为 0 小时（共 7 次测量，每4小时一次）：【生命体征】心率变化：[116.0, 116.0]（单位：次/分）收缩压变化：[61.6, 61.6]（单位：mmHg）舒张压变化：[56.2, 56.2]（单位：mmHg）体温变化：[N/A, N/A]（单位：℃）呼吸频率变化：[16.8, 16.8]（单位：次/分）血氧饱和度变化：[100.0, 100.0]（单位：%）平均动脉压变化：[58.0, 58.0]（单位：mmHg）【SOFA评分相关特征】氧合指数变化：[122.6, 122.6, 122.6, 122.6, 122.6, 122.6, 122.6]（单位：mmHg）机械通气使用情况：[0, 0, 0, 0, 0, 0, 0]（单位：）血小板计数变化：[231.0, 165.0, 191.0, 191.0, 191.0, 191.0, 191.0]（单位：×10³/μL）总胆红素变化：[0.8, 0.8, 0.8, 0.8, 0.8, 0.8, 0.8]（单位：mg/dL）血管活性药物使用剂量：[0.0, 0.0, 0.0, 0.0, 0.0, 25.02, 25.02]（单位：μg/kg/min）格拉斯哥昏迷评分变化：[15, 15, 15, 15, 15, 3, 3]（单位：分）血清肌酐变化：[1.1, 1.1, 1.2, 1.2, 1.2, 1.2, 1.2]（单位：mg/dL）尿量变化：[0.0, 0.0, 0.0, 0.0, 0.0, 125.0, 125.0]（单位：mL）【疾病评分】SOFA总分变化：[1, 0, 1, 0, 0, 6, 6]（单位：分）SIRS评分变化：[0, 0, 0, 0, 1, 2, 2]（单位：分）",
  "intervention": "立即启动去甲肾上腺素输注，初始剂量为12.5μg·kg⁻¹·min⁻¹，根据血压反应调整至最大25.95μg·kg⁻¹·min⁻¹，剂量调整间隔1小时，密切监测血压和器官灌注，剂量呈递增趋势，提示血管反应性下降，评估8小时内发生感染性休克的风险",
  "evaluator_trust": {
    "a": 0.6999999999999997,
    "counterfactual_runs": 6,
    "dynamic_confidence": 0.45077664430526293,
    "total_confidence": 0.6878992941404135
  },
  "prediction_trust": {
    "a": 0.6999999999999997,
    "counterfactual_runs": 6,
    "dynamic_confidence": 0.531375968848915,
    "total_confidence": 0.7101857006096935
  },
  "predicted_vital_signs": {
    "pao2_fio2_ratio": [
      300.0,
      290.0,
      280.0,
      270.0,
      260.0,
      250.0,
      240.0,
      230.0
    ],
    "platelet": [
      150.0,
      140.0,
      130.0,
      120.0,
      110.0,
      100.0,
      90.0,
      80.0
    ],
    "bilirubin_total": [
      1.2,
      1.5,
      1.8,
      2.1,
      2.4,
      2.7,
      3.0,
      3.3
    ],
    "vasopressor_rate": [
      12.5,
      15.0,
      17.5,
      20.0,
      22.5,
      25.0,
      25.95,
      25.95
    ],
    "gcs_total": [
      13.0,
      12.0,
      11.0,
      10.0,
      9.0,
      8.0,
      7.0,
      6.0
    ],
    "creatinine": [
      1.2,
      1.4,
      1.6,
      1.8,
      2.0,
      2.2,
      2.5,
      2.8
    ],
    "urine_output_ml": [
      2000.0,
      1800.0,
      1600.0,
      1400.0,
      1200.0,
      1000.0,
      800.0,
      600.0
    ],
    "mechanical_ventilation": [
      1.0,
      1.0,
      1.0,
      1.0,
      1.0,
      1.0,
      1.0,
      1.0
    ]
  },
  "confidence_score": 0.55,
  "evaluation": {
    "success": true,
    "model_output": "置信度评分：0.55\n\n**分析理由：**\n\n预测数据在某些方面具有一定的合理性，但在显著的逻辑漏洞和不一致性方面也存在。以下是详细的评估，按照要求考虑了所有因素：\n\n**1. 数值范围合理性：**\n\n* **PAO2/FiO2 Ratio:** 预测的范围 (300.0-230.0) 在医学上是合理的。对于有呼吸功能障碍的患者，给予氧气后，这个比例可能下降。这是一个合理的趋势。\n* **Platelet (血小板):**  预测下降到80.0 是合理的，对于休克风险患者是可能的，代表可能存在的DIC（弥漫性血管内凝血）风险。\n* **Bilirubin (总胆红素):** 从1.2 mg/dL 升至 3.3 mg/dL 是在干预后合理范围内的升高，提示肝脏功能可能受损或炎症反应加重。\n* **Vasopressor Rate (血管活性药物使用剂量):** 预测剂量从12.5μg·kg⁻¹·min⁻¹ 升至 25.95 μg·kg⁻¹·min⁻¹，符合血管活性药物逐渐增加的干预策略，表明患者对血管收缩的反应减弱。\n* **GCS (格拉斯哥昏迷评分):** 从15 降到6，提示患者的意识状态恶化。考虑到干预措施是去甲肾上腺素输注，虽然能改善循环，但意识的恢复需要更长时间，且可能受到其他因素的影响，此下降幅度略大。\n* **Creatinine (肌酐):** 从1.1 mg/dL 升至 2.8 mg/dL 是在干预后合理范围内的升高，提示肾功能受损，尤其是在血管活性药物增加和可能存在的低灌注的情况下。\n* **Urine Output (尿量):** 从0.0 mL 升至 600.0 mL，这个数值存在问题。在开始输注血管活性药物前，尿量为0是合理的，但突然出现600 mL的尿量，且之后持续下降，这在临床上很不可靠。应该是随着时间推移逐步恢复，且数值不宜过高。\n* **Mechanical Ventilation (机械通气):** 一直是 1.0，表示持续使用机械通气。这在病情恶化和需要呼吸支持的情况下是合理的。\n\n**2. 干预措施与指标变化趋势的逻辑一致性：**\n\n* 去甲肾上腺素的应用预期改善循环，降低血管活性药物需求，但这与部分预测结果不符。例如肌酐持续升高与血管收缩状态不一致。\n*  尿量预测与去甲肾上腺素的生理作用和药物作用不符。在去甲肾上腺素的应用后，尿量应该是一个改善的过程，而不是一个突然的数值。\n*  格拉斯哥昏迷评分的预测下降幅度过大。即使在改善循环的情况下，意识的恢复通常需要更长时间。\n\n**3. 各组件之间的逻辑一致性：**\n\n* 呼吸功能 (PAO2/FiO2 Ratio): 改善的趋势与干预措施一致。\n* 循环功能：血管活性药物需求增加和血压的降低暗示循环功能恶化，这与格拉斯哥昏迷评分的下降一致。\n* 肾功能：肌酐升高和尿量预测出现问题，表明肾脏受损，需要进一步评估。\n\n**4. 整体趋势与临床改善预期：**\n\n* 预测的整体趋势不一致。最初的改善迹象（如PAO2/FiO2 Ratio 的上升）随后被肾功能恶化和意识状态下降所抵消，这与临床改善的预期不符。\n\n**5. 数据单位：**\n\n数据单位基本符合医学标准，虽然尿量的单位问题比较突出，但整体上没有出现严重的单位错误。\n\n**6. 时间序列数据的合理性：**\n\n时间序列数据的合理性很差。例如，肾功能指标的恶化趋势与初始尿量预测不一致。\n\n**7. 数值精确度：**\n\n尿量的预测精确度过高，没有临床意义，过高的精确度反而降低了预测的可信度。\n\n**总结：**\n\n预测结果具有一定的初步合理性，例如呼吸功能指标的改善趋势。然而，肾功能指标、意识状态和尿量预测的矛盾，以及整体趋势与临床改善预期的不一致，严重降低了其可靠性。 在干预后，患者的状况可能恶化，但在如此短时间内出现如此巨大的转变是不太可能出现的。\n\n\n\n**建议：** 改进预测模型，更准确地模拟患者的生理反应，并考虑多种因素的相互作用，尤其是针对肾功能和意识状态的预测更加谨慎。 此外，可以对预测模型的准确性进行交叉验证，以提高其可靠性。",
    "error": null
  },
  "key_reasons": [
    "预测数据在某些方面具有一定的合理性，但在显著的逻辑漏洞和不一致性方面也存在。以下是详细的评估，按照要求考虑了所有因素：",
    "PAO2/FiO2 Ratio: 预测的范围 (300.0-230.0) 在医学上是合理的。对于有呼吸功能障碍的患者，给予氧气后，这个比例可能下降。这是一个合理的趋势。",
    "Platelet (血小板):  预测下降到80.0 是合理的，对于休克风险患者是可能的，代表可能存在的DIC（弥漫性血管内凝血）风险。"
  ]
}