{
  "timestamp": "2025-12-25 13:05:55",
  "model_name": "gemma3:12b",
  "prediction_model_name": "qwen3:30b",
  "patient_id": "32026706",
  "input_description": "ICU住院编号 32026706，对应患者编号 19948815，49岁女性，体重77.7kg。监测持续时间为 0 小时（共 7 次测量，每4小时一次）：【生命体征】心率变化：[95.0, 90.0, 85.0, 80.5, 124.82, 124.82, 124.82]（单位：次/分）收缩压变化：[79.5, 75.25, 74.5, 155.67, 75.32, 75.32, 75.32]（单位：mmHg）舒张压变化：[63.0, 58.0, 57.5, 60.0, 62.86, 62.86, 62.86]（单位：mmHg）体温变化：[97.6, 97.5, 96.55, 96.7, 35.5, 97.25, 97.25]（单位：℃）呼吸频率变化：[17.25, 16.25, 18.25, 20.0, 17.59, 17.59, 17.59]（单位：次/分）血氧饱和度变化：[93.5, 94.25, 94.25, 96.0, 100.0, 100.0, 100.0]（单位：%）平均动脉压变化：[68.5, 63.75, 63.17, 91.89, 67.02, 67.02, 67.02]（单位：mmHg）【SOFA评分相关特征】氧合指数变化：[172.4, 234.25, 154.34, 154.34, 154.34, 154.34, 154.34]（单位：mmHg）机械通气使用情况：[0, 0, 0, 0, 0, 0, 0]（单位：）血小板计数变化：[51.0, 55.0, 43.0, 89.2, 90.0, 90.0, 90.0]（单位：×10³/μL）总胆红素变化：[23.0, 12.5, 12.7, 12.7, 12.7, 12.7, 12.7]（单位：mg/dL）血管活性药物使用剂量：[0.0, 0.0, 0.0, 0.0, 0.0, 0.4, 0.4]（单位：μg/kg/min）格拉斯哥昏迷评分变化：[15, 15, 14, 15, 15, 3, 3]（单位：分）血清肌酐变化：[5.1, 4.0, 3.6, 3.6, 3.6, 3.6, 3.6]（单位：mg/dL）尿量变化：[0.0, 120.0, 0.0, 0.0, 0.0, 32.0, 32.0]（单位：mL）【疾病评分】SOFA总分变化：[11, 4, 4, 3, 11, 14, 14]（单位：分）SIRS评分变化：[2, 1, 1, 1, 1, 2, 2]（单位：分）",
  "intervention": "立即启动去甲肾上腺素输注，维持剂量为0.4μg·kg⁻¹·min⁻¹，剂量调整间隔4小时，密切监测血压和器官灌注，剂量呈递减趋势，提示血管反应性改善，评估8小时内发生感染性休克的风险",
  "evaluator_trust": {
    "a": 0.4999999999999996,
    "counterfactual_runs": 10,
    "dynamic_confidence": 0.43288803897767103,
    "total_confidence": 0.6112056629522887
  },
  "prediction_trust": {
    "a": 0.4999999999999996,
    "counterfactual_runs": 10,
    "dynamic_confidence": 1.0,
    "total_confidence": 0.8978742400957921
  },
  "predicted_vital_signs": {
    "pao2_fio2_ratio": [
      250.0,
      260.0,
      270.0,
      280.0,
      290.0,
      300.0,
      310.0,
      320.0
    ],
    "platelet": [
      120.0,
      125.0,
      130.0,
      135.0,
      140.0,
      145.0,
      150.0,
      155.0
    ],
    "bilirubin_total": [
      2.5,
      2.4,
      2.3,
      2.2,
      2.1,
      2.0,
      1.9,
      1.8
    ],
    "vasopressor_rate": [
      0.4,
      0.35,
      0.3,
      0.25,
      0.2,
      0.15,
      0.1,
      0.05
    ],
    "gcs_total": [
      10.0,
      11.0,
      12.0,
      13.0,
      14.0,
      14.5,
      14.8,
      15.0
    ],
    "creatinine": [
      2.5,
      2.4,
      2.3,
      2.2,
      2.1,
      2.0,
      1.9,
      1.8
    ],
    "urine_output_ml": [
      800.0,
      900.0,
      1000.0,
      1100.0,
      1200.0,
      1300.0,
      1400.0,
      1500.0
    ],
    "mechanical_ventilation": [
      1.0,
      1.0,
      1.0,
      1.0,
      1.0,
      1.0,
      1.0,
      1.0
    ]
  },
  "confidence_score": 0.65,
  "evaluation": {
    "success": true,
    "model_output": "置信度评分：0.65\n\n**分析理由：**\n\n总体来说，预测的SOFA相关指标变化趋势在逻辑上是合理的，符合去甲肾上腺素干预后临床改善的预期。然而，数据精确度、数值范围、以及某些指标的突变使得整体的置信度有所降低。\n\n**逐项分析：**\n\n1. **Pao2/Fio2 Ratio:** 从250.0到320.0的增长是合理的，符合改善氧合状态的预期。这个范围本身也比较常见于改善氧合的患者。\n\n2. **Platelet:** 从120.0到155.0的增长是合理的，血小板计数通常在干预后逐渐恢复。这个范围也符合临床恢复的常见范围。\n\n3. **Bilirubin Total:** 从2.5 mg/dL到1.8 mg/dL的下降是合理的，胆红素降低是肝功能恢复的迹象，符合干预改善的预期。范围也基本合理。\n\n4. **Vasopressor Rate:** 从0.4μg/kg/min到0.05μg/kg/min的下降是合理的，符合剂量递减趋势和血管反应性改善的预期。\n\n5. **GCS Total:** 从10.0到15.0的增长是合理的，暗示患者意识状态改善。这个范围也是合理的。\n\n6. **Creatinine:** 从2.5 mg/dL到1.8 mg/dL的下降是合理的，肾功能改善的迹象。范围也基本合理。\n\n7. **Urine Output (mL):** 从800.0 mL到1500.0 mL的增长是合理的，尿量增加表明肾功能改善，灌注改善。\n\n8. **Mechanical Ventilation:** 始终为1.0，暗示无机械通气，与此前均为0的状态一致，逻辑合理，但缺乏其他通气参数（例如PEEP, FiO2）信息。\n\n**存在的问题和降低置信度的原因:**\n\n* **数值精确度:** 某些指标，例如GCS（精确到小数点后一位）、体温(精确到小数点后1位)略显过度，实际临床评估中并不需要如此精确。这暗示了数据生成可能过于依赖模型，而非基于临床医生判断。\n* **数据突变:** 尽管总体趋势合理，但部分指标（特别是GCS）相邻时间点变化幅度过大，临床上改善幅度通常较为平缓。例如，GCS从10到11再到12的跳跃在实际情况中不太可能在如此短的时间内发生。\n* **缺乏细节信息:** 缺乏重要的参数，例如FiO2、PEEP、动脉血气分析等，使得评估更全面的呼吸功能状态受到限制。\n* **单位统一性：** 虽然总体上单位统一，但报告中未明确提及所有指标的单位。尤其是在报告中出现的数值，例如血压、心率等，如果没有明确单位，可能会导致误解。\n* **肾功能数据：**  肌酐变化幅度较大，而且肾功能指标（肌酐、尿量）之间可能存在一定的相关性，需要更细致的分析。肌酐降至1.8mg/dL表明肾功能非常好，需要谨慎评估是否存在过度改善的可能性。\n\n**总结:**\n\n虽然预测结果在逻辑上是合理的，并且总体趋势符合临床改善的预期，但数据精确度、数值突变和缺乏细节信息降低了整体的置信度。 需要进一步完善数据生成过程，保证数据的临床合理性和准确性。 增加数据的细节信息，例如FiO2、PEEP、动脉血气分析等。",
    "error": null
  },
  "key_reasons": [
    "总体来说，预测的SOFA相关指标变化趋势在逻辑上是合理的，符合去甲肾上腺素干预后临床改善的预期。然而，数据精确度、数值范围、以及某些指标的突变使得整体的置信度有所降低。",
    "1. Pao2/Fio2 Ratio: 从250.0到320.0的增长是合理的，符合改善氧合状态的预期。这个范围本身也比较常见于改善氧合的患者。",
    "2. Platelet: 从120.0到155.0的增长是合理的，血小板计数通常在干预后逐渐恢复。这个范围也符合临床恢复的常见范围。"
  ]
}