{
  "timestamp": "2025-12-25 13:43:19",
  "model_name": "gemma3:12b",
  "prediction_model_name": "qwen3:30b",
  "patient_id": "32675591",
  "input_description": "ICU住院编号 32675591，对应患者编号 18455034，65岁女性，体重60.8kg。监测持续时间为 0 小时（共 7 次测量，每4小时一次）：【生命体征】心率变化：[131.5, 131.5]（单位：次/分）收缩压变化：[102.0, 102.0]（单位：mmHg）舒张压变化：[78.5, 78.5]（单位：mmHg）体温变化：[99.5, 99.5]（单位：℃）呼吸频率变化：[18.5, 18.5]（单位：次/分）血氧饱和度变化：[99.5, 99.5]（单位：%）平均动脉压变化：[86.33, 86.33]（单位：mmHg）【SOFA评分相关特征】氧合指数变化：[158.79, 158.79, 158.79, 158.79, 158.79, 158.79, 158.79]（单位：mmHg）机械通气使用情况：[0, 0, 0, 0, 0, 0, 0]（单位：）血小板计数变化：[157.0, 157.0, 157.0, 157.0, 157.0, 157.0, 157.0]（单位：×10³/μL）总胆红素变化：[0.6, 0.6, 0.6, 0.6, 0.6, 0.6, 0.6]（单位：mg/dL）血管活性药物使用剂量：[0.0, 0.0, 0.0, 0.0, 0.0, 0.05, 0.05]（单位：μg/kg/min）格拉斯哥昏迷评分变化：[15, 15, 15, 15, 15, 10, 10]（单位：分）血清肌酐变化：[0.8, 0.8, 0.8, 0.8, 0.8, 0.8, 0.8]（单位：mg/dL）尿量变化：[0.0, 0.0, 0.0, 0.0, 0.0, 25.0, 25.0]（单位：mL）【疾病评分】SOFA总分变化：[0, 0, 0, 0, 0, 5, 5]（单位：分）SIRS评分变化：[0, 0, 0, 0, 0, 3, 3]（单位：分）",
  "intervention": "立即启动去甲肾上腺素输注，初始剂量为0.1μg·kg⁻¹·min⁻¹，根据血压反应调整至最大0.06μg·kg⁻¹·min⁻¹，剂量调整间隔4小时，密切监测血压和器官灌注，评估8小时内发生感染性休克的风险",
  "evaluator_trust": {
    "a": 0.29999999999999966,
    "counterfactual_runs": 14,
    "dynamic_confidence": 0.48567690117120177,
    "total_confidence": 0.5768308168979133
  },
  "prediction_trust": {
    "a": 0.29999999999999966,
    "counterfactual_runs": 14,
    "dynamic_confidence": 1.0,
    "total_confidence": 0.9387245440574753
  },
  "predicted_vital_signs": {
    "pao2_fio2_ratio": [
      320.0,
      300.0,
      280.0,
      260.0,
      240.0,
      220.0,
      200.0,
      180.0
    ],
    "platelet": [
      145.0,
      135.0,
      125.0,
      115.0,
      105.0,
      95.0,
      85.0,
      75.0
    ],
    "bilirubin_total": [
      1.3,
      1.5,
      1.7,
      1.9,
      2.1,
      2.3,
      2.5,
      2.7
    ],
    "vasopressor_rate": [
      0.05,
      0.055,
      0.06,
      0.06,
      0.06,
      0.06,
      0.06,
      0.06
    ],
    "gcs_total": [
      10.0,
      9.5,
      9.0,
      8.5,
      8.0,
      7.5,
      7.0,
      6.5
    ],
    "creatinine": [
      1.1,
      1.3,
      1.5,
      1.7,
      1.9,
      2.1,
      2.3,
      2.5
    ],
    "urine_output_ml": [
      1900.0,
      1700.0,
      1500.0,
      1300.0,
      1100.0,
      900.0,
      700.0,
      500.0
    ],
    "mechanical_ventilation": [
      0.0,
      0.0,
      0.0,
      1.0,
      1.0,
      1.0,
      1.0,
      1.0
    ]
  },
  "confidence_score": 0.65,
  "evaluation": {
    "success": true,
    "model_output": "置信度评分：0.65\n\n**分析理由：**\n\n整体而言，预测的SOFA相关指标变化趋势在一定程度上符合去甲肾上腺素治疗感染性休克的预期效果，但细节上存在一些不合理之处，降低了预测的整体可信度。下面逐项分析：\n\n**1. 各项SOFA相关指标数值是否在合理的医学范围内：**\n\n*   **PaO2/FiO2 Ratio:**  预测的数值（从320.0到180.0）在医学上是合理的。  去甲肾上腺素等血管活性药物有助于提高氧合指数。 然而，从320.0降到180.0的变化幅度较大，且在短期内如此大幅度的改善并不常见，可能需要更长时间和更积极的氧疗干预。\n*   **Platelet (血小板):** 预测从145.0降至75.0。血小板减少在感染性休克中常见，这个趋势合理。 但是，从145到75的下降幅度很大，通常需要更长的时间才能观察到如此显著的下降，且下降速度过快可能意味着更严重的病情，甚至可能存在其他并发症。\n*   **Bilirubin (总胆红素):** 预测从1.3升至2.7。胆红素升高在感染性休克中也可能出现，因为肝脏功能可能受到影响。  这个趋势是合理的。然而，快速升高，且从1.3升到2.7，也需要谨慎评估肝脏功能。\n*   **Vasopressor Rate (血管活性药物使用剂量):** 预测稳定在0.05μg/kg/min。在初始剂量调整后，稳定使用去甲肾上腺素是合理的。\n*   **GCS (格拉斯哥昏迷评分):**  从15降至6.5，代表患者意识状态急剧下降。虽然感染性休克可能导致患者意识状态下降，但如此快速且大幅度的下降并不常见，通常需要考虑其他潜在的脑部损伤或其他并发症。这与预期的趋势一致性较低。\n*   **Creatinine (肌酐):**  从0.8升高到2.5。 这表明肾功能逐渐恶化，与感染性休克可能导致的肾衰竭一致。幅度较大，需要考虑是否需要肾脏替代治疗。\n*   **Urine Output (尿量):**  从0.0升至1900.0。 尿量出现迅速增加，从0.0到1900.0 似乎过快，且与患者整体的肾功能恶化趋势不符。 尿量增多通常与脱水解除相关，但在此情境下，肾功能逐渐恶化的背景下，尿量快速增加显得不合理。\n*   **Mechanical Ventilation (机械通气):** 从0到1，代表在干预后开始使用机械通气。这在感染性休克患者中是常见的，但具体时间点取决于患者的呼吸状态。\n\n**2. 干预措施的预期效果与SOFA相关指标变化趋势的逻辑一致性：**\n\n去甲肾上腺素的实施应该主要改善循环功能，提高氧合。预测值反映了这点，但是对呼吸功能变化和尿量变化的趋势不一致。格拉斯哥昏迷评分的急速下降也与单纯去甲肾上腺素治疗的预期效果不一致。\n\n**3. 整体趋势是否符合临床改善的预期：**\n\n虽然部分指标（如PaO2/FiO2 ratio, 血小板）向着改善方向变化，但其他指标（如肌酐、格拉斯哥昏迷评分、尿量）的趋势与临床改善的预期不符。\n\n**4. 数据单位统一性：**\n\n所有指标的单位均符合医学标准，例如血压为mmHg，心率为bpm等。\n\n**5. 时间序列数据的合理性：**\n\n相邻时间点之间的变化幅度在一些指标上显得过快，例如尿量变化和格拉斯哥昏迷评分的变化过于剧烈。\n\n**6. 数值的精确度是否合理：**\n\n数据精确度一般合理，但格拉斯哥昏迷评分精确到小数点后一位并不常见。\n\n\n\n**改进建议:**\n\n*   调整尿量变化幅度，使其更符合肾功能逐渐恶化的趋势。\n*   降低格拉斯哥昏迷评分的变化幅度，使其与去甲肾上腺素治疗的预期效果更一致。\n*   考虑其他可能影响患者状态的因素，例如感染控制、其他并发症等。\n*   调整预测的预测时间窗口，并给出不确定性范围。\n\n总之，预测在一定程度上捕捉到了感染性休克的关键特征，但数据细节和时间序列的合理性需要进一步优化。",
    "error": null
  },
  "key_reasons": [
    "整体而言，预测的SOFA相关指标变化趋势在一定程度上符合去甲肾上腺素治疗感染性休克的预期效果，但细节上存在一些不合理之处，降低了预测的整体可信度。下面逐项分析：",
    "PaO2/FiO2 Ratio:  预测的数值（从320.0到180.0）在医学上是合理的。  去甲肾上腺素等血管活性药物有助于提高氧合指数。 然而，从320.0降到180.0的变化幅度较大，且在短期内如此大幅度的改善并不常见，可能需要更长时间和更积极的氧疗干预。",
    "Platelet (血小板): 预测从145.0降至75.0。血小板减少在感染性休克中常见，这个趋势合理。 但是，从145到75的下降幅度很大，通常需要更长的时间才能观察到如此显著的下降，且下降速度过快可能意味着更严重的病情，甚至可能存在其他并发症。"
  ]
}