{
  "timestamp": "2025-12-25 13:23:30",
  "model_name": "gemma3:12b",
  "prediction_model_name": "deepseek-r1:32b",
  "patient_id": "32115504",
  "input_description": "ICU住院编号 32115504，对应患者编号 14851532，73岁男性，体重86.13333333333333kg。监测持续时间为 0 小时（共 7 次测量，每4小时一次）：【生命体征】心率变化：[50.5, 50.5]（单位：次/分）收缩压变化：[68.0, 68.0]（单位：mmHg）舒张压变化：[56.5, 56.5]（单位：mmHg）体温变化：[95.7, 95.7]（单位：℃）呼吸频率变化：[20.5, 20.5]（单位：次/分）血氧饱和度变化：[98.5, 98.5]（单位：%）平均动脉压变化：[60.33, 60.33]（单位：mmHg）【SOFA评分相关特征】氧合指数变化：[59.51, 59.51, 59.51, 59.51, 59.51, 59.51, 59.51]（单位：mmHg）机械通气使用情况：[0, 0, 0, 0, 0, 0, 0]（单位：）血小板计数变化：[250.0, 250.0, 250.0, 250.0, 250.0, 250.0, 250.0]（单位：×10³/μL）总胆红素变化：[3.0, 3.0, 3.0, 3.0, 3.0, 3.0, 3.0]（单位：mg/dL）血管活性药物使用剂量：[0.0, 0.0, 0.0, 0.0, 0.0, 0.0, 0.0]（单位：μg/kg/min）格拉斯哥昏迷评分变化：[15, 15, 15, 15, 15, 3, 3]（单位：分）血清肌酐变化：[1.6, 1.6, 1.6, 1.6, 1.6, 1.6, 1.6]（单位：mg/dL）尿量变化：[0.0, 0.0, 0.0, 0.0, 0.0, 140.0, 140.0]（单位：mL）【疾病评分】SOFA总分变化：[0, 0, 0, 0, 0, 8, 8]（单位：分）SIRS评分变化：[0, 0, 0, 0, 0, 3, 3]（单位：分）",
  "intervention": "立即启动去甲肾上腺素输注，初始剂量为0.0μg·kg⁻¹·min⁻¹，根据血压反应调整至最大0.06μg·kg⁻¹·min⁻¹，剂量调整间隔4小时，密切监测血压和器官灌注，剂量呈递增趋势，提示血管反应性下降，评估8小时内发生感染性休克的风险",
  "evaluator_trust": {
    "a": 0.39999999999999963,
    "counterfactual_runs": 12,
    "dynamic_confidence": 0.4840339073667817,
    "total_confidence": 0.6062296591908316
  },
  "prediction_trust": {
    "a": 0.39999999999999963,
    "counterfactual_runs": 12,
    "dynamic_confidence": 0.5537561107628814,
    "total_confidence": 0.6469810435748825
  },
  "predicted_vital_signs": {
    "pao2_fio2_ratio": [
      300.0,
      280.0,
      260.0,
      240.0,
      220.0,
      200.0,
      180.0,
      160.0
    ],
    "platelet": [
      150.0,
      140.0,
      130.0,
      120.0,
      110.0,
      100.0,
      90.0,
      80.0
    ],
    "bilirubin_total": [
      1.2,
      1.4,
      1.6,
      1.8,
      2.0,
      2.2,
      2.4,
      2.6
    ],
    "vasopressor_rate": [
      0.0,
      0.03,
      0.05,
      0.06,
      0.06,
      0.06,
      0.06,
      0.06
    ],
    "gcs_total": [
      15.0,
      14.0,
      13.0,
      12.0,
      11.0,
      10.0,
      9.0,
      8.0
    ],
    "creatinine": [
      1.0,
      1.2,
      1.4,
      1.6,
      1.8,
      2.0,
      2.2,
      2.4
    ],
    "urine_output_ml": [
      2000.0,
      1800.0,
      1600.0,
      1400.0,
      1200.0,
      1000.0,
      800.0,
      600.0
    ],
    "mechanical_ventilation": [
      0.0,
      0.0,
      1.0,
      1.0,
      1.0,
      1.0,
      1.0,
      1.0
    ]
  },
  "confidence_score": 0.65,
  "evaluation": {
    "success": true,
    "model_output": "置信度评分：0.65\n\n**详细分析理由：**\n\n整体来看，预测结果在某些方面符合临床预期，但在细节上存在一些不合理之处，导致置信度降低。 以下分别从各项指标、逻辑一致性、时间序列合理性、以及数据精确度等方面进行分析：\n\n**1. 各项SOFA相关指标数值是否在合理的医学范围内:**\n\n* **PaO2/FiO2 Ratio:** 预测值从300.0下降到180.0。 这在去甲肾上腺素治疗和改善氧合的情况下是可能的，但初始值300.0已经比较高，如果初始 FiO2 未给出，很难判断是否合理。\n* **Platelet:** 从150.0下降到80.0。这反映了可能的血栓形成风险和出血倾向，符合一些休克后的恢复过程，但也需要考虑初始值是否合理，且下降幅度较大，需要进一步评估。\n* **Bilirubin_total:** 从1.2上升到2.6。 胆红素升高通常与肝脏功能受损或红细胞破坏有关。在休克期间，肝脏灌注不足会导致胆红素排泄减少，可能导致升高。然而，这个升高幅度较为显著，需要考虑是否存在其他肝脏疾病。\n* **Vasopressor_rate:** 从0.0增加到0.06。这符合去甲肾上腺素使用剂量的递增，与描述的临床干预一致。\n* **GCS_total:** 从15.0下降到8.0。这与病情恶化以及潜在的脑部缺血一致，也是预期的后果，但下降幅度较大，需要仔细考虑，并评估是否存在其他脑部损伤。\n* **Creatinine:** 从1.0上升到2.4。这反映了肾脏功能受损，与休克和去甲肾上腺素使用一致，但同样升高幅度较大，需要注意。\n* **Urine_output_ml:** 从2000.0下降到600.0。尿量减少符合肾脏灌注不足的情况，与病情恶化以及可能出现的急性肾损伤一致。\n* **Mechanical_ventilation:** 从0.0增加到1.0。这代表需要机械通气支持，与病情恶化需要呼吸支持的情况一致。\n\n**2. 干预措施的预期效果与SOFA相关指标变化趋势的逻辑一致性：**\n\n去甲肾上腺素的使用旨在改善循环功能，这应该在一定程度上改善氧合、降低肾脏损害风险，并可能改善GCS。 然而，预测结果显示GCS显著下降，这与改善循环功能的预期效果不完全一致。 肾功能参数的恶化也与改善循环的预期效果存在冲突。\n\n**3. SOFA评分各组件之间的逻辑一致性：**\n\n呼吸功能（PaO2/FiO2 ratio）、循环功能（Vasopressor rate、Creatinine）和肾功能（Urine output ml）指标的变化趋势之间存在一定的不协调性。例如，循环功能的改善应该减轻肾脏的负担，从而提高尿量，但预测结果显示尿量持续下降，与循环改善的逻辑不符。\n\n**4. 整体趋势是否符合临床改善的预期：**\n\n尽管某些指标（例如PaO2/FiO2 ratio）显示出改善的趋势，但其他指标（例如GCS, Creatinine, Urine output ml）恶化，整体趋势比较复杂，很难判断是否符合临床改善的预期。\n\n**5. 数据单位统一性：**\n\n数据单位已明确，符合医学标准。\n\n**6. 时间序列数据的合理性：**\n\n部分时间序列数据变化幅度过大，不够平滑，例如GCS的下降和Creatinine的升高幅度都比较大，需要谨慎评估。\n\n**7. 数值的精确度是否合理：**\n\n某些参数的精确度过高，例如PaO2/FiO2 Ratio，在临床实际中没有必要精确到小数点后1位。\n\n**总结：**\n\n预测结果在描述病情恶化和干预措施的方面具有一定的合理性，但部分指标变化幅度过大、时间序列不平滑、以及各系统指标之间缺乏协调性，导致整体可信度降低。需要对预测结果进行更仔细的评估，并结合患者的详细临床信息进行分析。 建议优先检查初始条件的合理性，以及关注指标之间的相互关系。",
    "error": null
  },
  "key_reasons": [
    "整体来看，预测结果在某些方面符合临床预期，但在细节上存在一些不合理之处，导致置信度降低。 以下分别从各项指标、逻辑一致性、时间序列合理性、以及数据精确度等方面进行分析：",
    "PaO2/FiO2 Ratio: 预测值从300.0下降到180.0。 这在去甲肾上腺素治疗和改善氧合的情况下是可能的，但初始值300.0已经比较高，如果初始 FiO2 未给出，很难判断是否合理。",
    "Platelet: 从150.0下降到80.0。这反映了可能的血栓形成风险和出血倾向，符合一些休克后的恢复过程，但也需要考虑初始值是否合理，且下降幅度较大，需要进一步评估。"
  ]
}