{
  "timestamp": "2025-12-25 13:13:10",
  "model_name": "gemma3:12b",
  "prediction_model_name": "gemma3:12b",
  "patient_id": "32092423",
  "input_description": "ICU住院编号 32092423，对应患者编号 19670665，42岁女性，体重80.48571428571428kg。监测持续时间为 0 小时（共 7 次测量，每4小时一次）：【生命体征】心率变化：[89.0, 89.0]（单位：次/分）收缩压变化：[98.4, 98.4]（单位：mmHg）舒张压变化：[84.0, 84.0]（单位：mmHg）体温变化：[98.7, 98.7]（单位：℃）呼吸频率变化：[20.75, 20.75]（单位：次/分）血氧饱和度变化：[99.5, 99.5]（单位：%）平均动脉压变化：[88.8, 88.8]（单位：mmHg）【SOFA评分相关特征】氧合指数变化：[144.83, 144.83, 144.83, 144.83, 144.83, 144.83, 144.83]（单位：mmHg）机械通气使用情况：[0, 0, 0, 0, 0, 0, 0]（单位：）血小板计数变化：[22.0, 22.0, 43.0, 44.5, 44.5, 44.5, 44.5]（单位：×10³/μL）总胆红素变化：[9.0, 9.0, 7.3, 7.3, 7.3, 7.3, 7.3]（单位：mg/dL）血管活性药物使用剂量：[0.0, 0.0, 0.0, 0.0, 0.0, 0.0, 0.0]（单位：μg/kg/min）格拉斯哥昏迷评分变化：[15, 15, 15, 15, 15, 15, 15]（单位：分）血清肌酐变化：[2.9, 3.1, 2.6, 1.9, 1.9, 1.9, 1.9]（单位：mg/dL）尿量变化：[0.0, 0.0, 0.0, 0.0, 0.0, 75.0, 75.0]（单位：mL）【疾病评分】SOFA总分变化：[8, 8, 0, 0, 5, 7, 7]（单位：分）SIRS评分变化：[1, 1, 0, 0, 1, 2, 2]（单位：分）",
  "intervention": "无血管活性药物干预措施，建议密切监测血压和器官灌注，评估8小时内发生感染性休克的风险",
  "evaluator_trust": {
    "a": 0.4499999999999996,
    "counterfactual_runs": 11,
    "dynamic_confidence": 0.46095231888092375,
    "total_confidence": 0.6088092545016159
  },
  "prediction_trust": {
    "a": 0.4499999999999996,
    "counterfactual_runs": 11,
    "dynamic_confidence": 0.46095231888092375,
    "total_confidence": 0.6088092545016159
  },
  "predicted_vital_signs": {
    "pao2_fio2_ratio": [
      280.0,
      250.0,
      220.0,
      190.0,
      160.0,
      130.0,
      100.0,
      70.0
    ],
    "platelet": [
      180.0,
      160.0,
      140.0,
      120.0,
      100.0,
      80.0,
      60.0,
      40.0
    ],
    "bilirubin_total": [
      1.0,
      1.2,
      1.4,
      1.6,
      1.8,
      2.0,
      2.2,
      2.4
    ],
    "vasopressor_rate": [
      0.0,
      0.0,
      0.0,
      0.1,
      0.2,
      0.3,
      0.4,
      0.5
    ],
    "gcs_total": [
      15.0,
      14.0,
      13.0,
      12.0,
      11.0,
      10.0,
      9.0,
      7.0
    ],
    "creatinine": [
      0.8,
      1.0,
      1.2,
      1.4,
      1.6,
      1.8,
      2.0,
      2.2
    ],
    "urine_output_ml": [
      2200.0,
      2000.0,
      1800.0,
      1600.0,
      1400.0,
      1200.0,
      1000.0,
      800.0
    ],
    "mechanical_ventilation": [
      0.0,
      0.0,
      0.0,
      1.0,
      1.0,
      1.0,
      1.0,
      1.0
    ]
  },
  "confidence_score": 0.45,
  "evaluation": {
    "success": true,
    "model_output": "置信度评分：0.45\n\n**详细分析：**\n\n总体而言，预测的SOFA相关指标变化在逻辑上存在一些问题，并且数值上的合理性也存在疑虑。以下分点分析：\n\n**1. 各项SOFA相关指标数值是否在合理的医学范围内：**\n\n*   **PaO2/FiO2 Ratio (280.0 -> 70.0):**  这个数值的下降速度过快且最终值（70.0）过于低。正常PaO2/FiO2通常在200-500之间，下降至70暗示了严重的肺功能损害，而预期的干预措施，即使无效，不太可能在如此短的时间内造成如此剧烈的下降。在没有机械通气前，这个数值通常不会低于 100\n*   **Platelet (180.0 -> 40.0):** 血小板计数下降过快，且最终值（40.0）过于低。 即使是严重的败血症，血小板的下降速度也通常不会如此之快。\n*   **Bilirubin Total (1.0 -> 2.4):** 总胆红素的上升速度略快，但最终值（2.4 mg/dL）相对合理，属于轻度升高。\n*   **Vasopressor Rate (0.0 -> 0.5):** 血管活性药物使用率的增加合理，显示病情可能进展到需要药物支持。\n*   **GCS Total (15.0 -> 7.0):** 格拉斯哥昏迷评分下降幅度过大。GCS评分从15分下降到7分表明严重的神经功能障碍。需要考虑导致评分下降的具体原因，通常不会在8小时内呈现如此大的变化。\n*   **Creatinine (0.8 -> 2.2):** 肌酐下降到 0.8 略微不合理，通常肌酐水平不会降低这么多。随后的升高较为合理，反映肾功能受损。\n*   **Urine Output (2200.0 -> 800.0):** 尿量下降合理，提示肾功能下降。但尿量的起始值 2200 ml 偏高，一般正常成人24小时尿量范围是 1200-1800ml，单次尿量2200不常见。\n*   **Mechanical Ventilation (0.0 -> 1.0):**  机械通气的使用是合理的，随着病情恶化，需要呼吸支持。\n\n**2. 干预措施的预期效果与SOFA相关指标变化趋势的逻辑一致性：**\n\n*   干预措施的描述“密切监测血压和器官灌注，评估感染性休克的风险”与需要增加血管活性药物使用剂量（Vasopressor Rate）相符，但这并不能解释PaO2/FiO2 Ratio和血小板计数的大幅下降。\n*   没有明确提到需要机械通气的干预，而预测中机械通气在第四个时间点开始使用，这需要解释。\n\n**3. SOFA评分各组件之间的逻辑一致性：**\n\n*   呼吸功能（PaO2/FiO2 Ratio）和循环功能（血小板计数、Vasopressor Rate）的恶化同时发生，较为合理。但PaO2/FiO2 Ratio的快速下降，在没有机械通气的情况下不太可能发生。\n*   肾功能的恶化（肌酐升高，尿量减少）与整体病情恶化相符。\n*   神经功能恶化（GCS下降）需要明确原因，与呼吸和循环功能的变化需要协调一致。\n\n**4. 整体趋势是否符合临床改善的预期：**\n\n*   整体趋势是恶化的，符合病情进展的可能性。但是，如此剧烈的恶化需要有明确的解释。\n\n**5. 数据的单位统一性：**\n\n*   所有指标都已明确单位，符合要求。\n\n**6. 时间序列数据的合理性：**\n\n*   PaO2/FiO2 Ratio和血小板计数的变化幅度过大，时间序列上不合理。GCS下降幅度也过大。\n\n**7. 数值的精确度是否合理：**\n\n*   一些指标的精确度（例如PaO2/FiO2 Ratio精确到个位）显得过于精确，与临床实际不符。\n\n**总结：**\n\n预测结果在逻辑上存在一些问题，尤其是PaO2/FiO2 Ratio、血小板计数和GCS的快速恶化，以及肌酐值的起始值过低，尿量起始值偏高。这些问题使得预测结果的合理性降低。尽管预测整体趋势符合临床预期，但具体数值变化的不合理性，降低了预测的可信度。 为了提高置信度评分，建议对预测模型进行改进，确保数值变化更符合临床实际。",
    "error": null
  },
  "key_reasons": [
    "总体而言，预测的SOFA相关指标变化在逻辑上存在一些问题，并且数值上的合理性也存在疑虑。以下分点分析：",
    "GCS Total (15.0 -> 7.0): 格拉斯哥昏迷评分下降幅度过大。GCS评分从15分下降到7分表明严重的神经功能障碍。需要考虑导致评分下降的具体原因，通常不会在8小时内呈现如此大的变化。",
    "神经功能恶化（GCS下降）需要明确原因，与呼吸和循环功能的变化需要协调一致。"
  ]
}