{
  "timestamp": "2025-12-25 13:58:40",
  "model_name": "gemma3:12b",
  "prediction_model_name": "qwen3:30b",
  "patient_id": "32759002",
  "input_description": "ICU住院编号 32759002，对应患者编号 19425678，28岁男性，体重116.7kg。监测持续时间为 0 小时（共 7 次测量，每4小时一次）：【生命体征】心率变化：[80.67, 80.67]（单位：次/分）收缩压变化：[69.67, 69.67]（单位：mmHg）舒张压变化：[49.67, 49.67]（单位：mmHg）体温变化：[N/A, N/A]（单位：℃）呼吸频率变化：[26.0, 26.0]（单位：次/分）血氧饱和度变化：[100.0, 100.0]（单位：%）平均动脉压变化：[56.33, 56.33]（单位：mmHg）【SOFA评分相关特征】氧合指数变化：[191.58, 191.58, 191.58, 191.58, 191.58, 191.58, 191.58]（单位：mmHg）机械通气使用情况：[0, 0, 0, 0, 0, 0, 0]（单位：）血小板计数变化：[42.0, 39.0, 44.5, 42.0, 42.0, 42.0, 42.0]（单位：×10³/μL）总胆红素变化：[12.3, 12.3, 12.3, 12.3, 12.3, 12.3, 12.3]（单位：mg/dL）血管活性药物使用剂量：[0.0, 0.0, 0.0, 0.0, 0.0, 10.0, 10.0]（单位：μg/kg/min）格拉斯哥昏迷评分变化：[15, 15, 15, 15, 15, 3, 3]（单位：分）血清肌酐变化：[1.3, 1.4, 1.3, 1.3, 1.3, 1.3, 1.3]（单位：mg/dL）尿量变化：[0.0, 0.0, 0.0, 0.0, 0.0, 20.0, 20.0]（单位：mL）【疾病评分】SOFA总分变化：[4, 4, 0, 0, 3, 13, 13]（单位：分）SIRS评分变化：[0, 0, 0, 0, 0, 1, 1]（单位：分）",
  "intervention": "立即启动去甲肾上腺素输注，维持剂量为10.0μg·kg⁻¹·min⁻¹，剂量调整间隔2小时，密切监测血压和器官灌注，剂量呈递减趋势，提示血管反应性改善，评估8小时内发生感染性休克的风险",
  "evaluator_trust": {
    "a": 0.24999999999999967,
    "counterfactual_runs": 15,
    "dynamic_confidence": 0.46360370553768876,
    "total_confidence": 0.5450836008849932
  },
  "prediction_trust": {
    "a": 0.24999999999999967,
    "counterfactual_runs": 15,
    "dynamic_confidence": 1.0,
    "total_confidence": 0.948937120047896
  },
  "predicted_vital_signs": {
    "pao2_fio2_ratio": [
      250.0,
      260.0,
      270.0,
      280.0,
      290.0,
      300.0,
      310.0,
      320.0
    ],
    "platelet": [
      100.0,
      105.0,
      110.0,
      115.0,
      120.0,
      125.0,
      130.0,
      135.0
    ],
    "bilirubin_total": [
      2.5,
      2.4,
      2.3,
      2.2,
      2.1,
      2.0,
      1.9,
      1.8
    ],
    "vasopressor_rate": [
      10.0,
      9.5,
      9.0,
      8.5,
      8.0,
      7.5,
      7.0,
      6.5
    ],
    "gcs_total": [
      3.0,
      4.0,
      5.0,
      6.0,
      7.0,
      8.0,
      9.0,
      10.0
    ],
    "creatinine": [
      2.5,
      2.4,
      2.3,
      2.2,
      2.1,
      2.0,
      1.9,
      1.8
    ],
    "urine_output_ml": [
      500.0,
      600.0,
      700.0,
      800.0,
      900.0,
      1000.0,
      1100.0,
      1200.0
    ],
    "mechanical_ventilation": [
      1.0,
      1.0,
      1.0,
      1.0,
      1.0,
      1.0,
      1.0,
      1.0
    ]
  },
  "confidence_score": 0.65,
  "evaluation": {
    "success": true,
    "model_output": "置信度评分：0.65\n\n**详细分析：**\n\n整体来看，预测的SOFA相关指标变化趋势在一定程度上符合临床改善的预期，但细节方面存在一些值得质疑的地方，导致置信度较低。以下分点进行分析：\n\n**1. 数值是否在合理的医学范围内：**\n\n* **PaO2/FiO2 Ratio:** 预测值范围250-320 mmHg 是合理的。此值表明肺通气功能改善，与去甲肾上腺素等血管活性药物支持下氧合改善相符。\n* **Platelet:** 预测值范围100-135 ×10³/μL 是合理的。提示血小板计数有改善，符合去甲肾上腺素对改善微循环和血小板生成的潜在影响。\n* **Bilirubin Total:** 预测值范围 1.8-2.5 mg/dL 是合理的。 提示胆红素水平有降低，符合肝功能逐步恢复的可能性，但降低幅度可能过快。\n* **Vasopressor Rate:** 预测值范围 6.5-10.0 μg/kg/min 是合理的，体现剂量递减趋势，符合血管反应性改善和药物依赖减少的临床趋势。\n* **GCS Total:** 预测值范围 3-10 分，从最初的低分（可能代表昏迷或意识障碍）逐渐升高，符合临床改善预期。\n* **Creatinine:** 预测值范围 1.8-2.5 mg/dL 在肾功能改善的范围内，但下降幅度可能过快。\n* **Urine Output (mL):** 预测值范围 500-1200mL 显著高于最初的0mL。这个改善是合理的，但数值的幅度较大，需要谨慎评估。\n* **Mechanical Ventilation:** 预测为持续使用机械通气 (1.0) 是合理的，可能需要后续评估和调整，但可能需要给出通气参数的改变。\n\n**2. 干预措施的预期效果与SOFA相关指标变化趋势的逻辑一致性：**\n\n* **去甲肾上腺素治疗：** 血管活性药物的使用剂量递减，PaO2/FiO2 Ratio 升高，GCS 升高，尿量增加，这些都是符合预期的。\n* **尿量增加：** 尿量从0mL到500-1200mL的增加是一个积极的信号，但需要排除其他因素（如利尿剂的使用）的影响。\n* **GCS 逐渐改善:** 结合血管活性药物的使用，GCS逐渐提升是符合预期的。\n\n**3. SOFA评分组件之间的逻辑一致性：**\n\n* **呼吸功能 - 循环功能:** PaO2/FiO2 Ratio 的改善与血管活性药物的使用相一致，符合逻辑。\n* **循环功能 - 肾功能:** 血管活性药物的改善可能有助于肾功能的恢复，因此 creatinine 降低是合理的。\n* **肝功能与总胆红素水平：** 肝功能逐渐改善可能会导致总胆红素水平降低，该趋势是合理的。\n\n**4. 整体趋势是否符合临床改善的预期：**\n\n整体趋势是向好的，符合临床改善的预期，各项指标都在向恢复状态发展。\n\n**5. 数据单位统一性：**\n\n所有指标均已检查，单位均符合医学标准。\n\n**6. 时间序列数据的合理性：**\n\n* **Creatinine下降幅度：** 肾功能从2.5 mg/dL下降到1.8 mg/dL的速度可能过快，应仔细考量。\n* **尿量增加幅度:** 从0mL 增加到 1200ml，增加了显著，需要结合实际病情，需要确保没有使用利尿剂，且患者整体情况支持这么大的尿量输出。\n* **胆红素下降幅度:**  胆红素从 2.5mg/dL 降低到 1.8mg/dL，是比较显著的降低幅度，可能过快。\n\n**7. 数值的精确度：**\n\n体温、血压、心率等指标的精确度是合适的，而其他指标可以适当四舍五入。\n\n**结论：**\n\n预测结果在整体趋势上是符合逻辑的，但 creatinine、尿量、胆红素下降幅度较大，需要结合患者的具体病情进行评估。此外，需要给出机械通气参数的调整。 考虑到这些潜在的不一致性，最终置信度评分定为0.65。 如果能够提供更详细的患者信息和干预措施的执行细节，可以进一步提高置信度。",
    "error": null
  },
  "key_reasons": [
    "整体来看，预测的SOFA相关指标变化趋势在一定程度上符合临床改善的预期，但细节方面存在一些值得质疑的地方，导致置信度较低。以下分点进行分析：",
    "预测结果在整体趋势上是符合逻辑的，但 creatinine、尿量、胆红素下降幅度较大，需要结合患者的具体病情进行评估。此外，需要给出机械通气参数的调整。 考虑到这些潜在的不一致性，最终置信度评分定为0.65。 如果能够提供更详细的患者信息和干预措施的执行细节，可以进一步提高置信度。"
  ]
}