{
  "timestamp": "2025-12-25 13:41:36",
  "model_name": "gemma3:12b",
  "prediction_model_name": "deepseek-r1:32b",
  "patient_id": "32675591",
  "input_description": "ICU住院编号 32675591，对应患者编号 18455034，65岁女性，体重60.8kg。监测持续时间为 0 小时（共 7 次测量，每4小时一次）：【生命体征】心率变化：[131.5, 131.5]（单位：次/分）收缩压变化：[102.0, 102.0]（单位：mmHg）舒张压变化：[78.5, 78.5]（单位：mmHg）体温变化：[99.5, 99.5]（单位：℃）呼吸频率变化：[18.5, 18.5]（单位：次/分）血氧饱和度变化：[99.5, 99.5]（单位：%）平均动脉压变化：[86.33, 86.33]（单位：mmHg）【SOFA评分相关特征】氧合指数变化：[158.79, 158.79, 158.79, 158.79, 158.79, 158.79, 158.79]（单位：mmHg）机械通气使用情况：[0, 0, 0, 0, 0, 0, 0]（单位：）血小板计数变化：[157.0, 157.0, 157.0, 157.0, 157.0, 157.0, 157.0]（单位：×10³/μL）总胆红素变化：[0.6, 0.6, 0.6, 0.6, 0.6, 0.6, 0.6]（单位：mg/dL）血管活性药物使用剂量：[0.0, 0.0, 0.0, 0.0, 0.0, 0.05, 0.05]（单位：μg/kg/min）格拉斯哥昏迷评分变化：[15, 15, 15, 15, 15, 10, 10]（单位：分）血清肌酐变化：[0.8, 0.8, 0.8, 0.8, 0.8, 0.8, 0.8]（单位：mg/dL）尿量变化：[0.0, 0.0, 0.0, 0.0, 0.0, 25.0, 25.0]（单位：mL）【疾病评分】SOFA总分变化：[0, 0, 0, 0, 0, 5, 5]（单位：分）SIRS评分变化：[0, 0, 0, 0, 0, 3, 3]（单位：分）",
  "intervention": "立即启动去甲肾上腺素输注，初始剂量为0.1μg·kg⁻¹·min⁻¹，根据血压反应调整至最大0.06μg·kg⁻¹·min⁻¹，剂量调整间隔4小时，密切监测血压和器官灌注，评估8小时内发生感染性休克的风险",
  "evaluator_trust": {
    "a": 0.29999999999999966,
    "counterfactual_runs": 14,
    "dynamic_confidence": 0.48567690117120177,
    "total_confidence": 0.5768308168979133
  },
  "prediction_trust": {
    "a": 0.29999999999999966,
    "counterfactual_runs": 14,
    "dynamic_confidence": 0.5647711523246383,
    "total_confidence": 0.6313853394651121
  },
  "predicted_vital_signs": {
    "pao2_fio2_ratio": [
      200.0,
      210.0,
      220.0,
      230.0,
      240.0,
      250.0,
      260.0,
      270.0
    ],
    "platelet": [
      100.0,
      95.0,
      90.0,
      85.0,
      80.0,
      75.0,
      70.0,
      65.0
    ],
    "bilirubin_total": [
      2.0,
      2.2,
      2.4,
      2.6,
      2.8,
      3.0,
      3.2,
      3.4
    ],
    "vasopressor_rate": [
      0.1,
      0.09,
      0.08,
      0.07,
      0.06,
      0.05,
      0.04,
      0.03
    ],
    "gcs_total": [
      12.0,
      13.0,
      14.0,
      15.0,
      15.0,
      15.0,
      15.0,
      15.0
    ],
    "creatinine": [
      1.5,
      1.6,
      1.7,
      1.8,
      1.9,
      2.0,
      2.1,
      2.2
    ],
    "urine_output_ml": [
      500.0,
      550.0,
      600.0,
      650.0,
      700.0,
      750.0,
      800.0,
      850.0
    ],
    "mechanical_ventilation": [
      1.0,
      1.0,
      1.0,
      1.0,
      1.0,
      1.0,
      1.0,
      1.0
    ]
  },
  "confidence_score": 0.65,
  "evaluation": {
    "success": true,
    "model_output": "置信度评分：0.65\n\n**分析理由：**\n\n总体来看，预测的SOFA相关指标变化趋势显示了干预措施后病情有所改善的预期，这在逻辑上是合理的。然而，细节上存在一些不合理之处，降低了预测的置信度。下面分各项指标逐一分析：\n\n**1. PaO2/FiO2 Ratio (氧合指数):**\n\n*   **合理性：** 持续增加的趋势与去甲肾上腺素的充血作用带来的改善氧合状态相符。\n*   **问题：** 从200.0 持续到 270.0 的持续升高速度略快，氧合指数正常范围是 300-500。在改善氧合的同时，需要关注是否会带来肺损伤的风险。尽管趋势合理，但数值大小需要谨慎评估。\n\n**2. Platelet (血小板计数):**\n\n*   **问题：** 从 100.0 持续下降到 65.0 的速度过快且幅度过大。 血小板计数快速下降通常预示着DIC等严重并发症，需要特别关注。尽管在重症患者中血小板计数可能下降，但如此大幅度的下降不太可能仅仅通过去甲肾上腺素干预来改变。 这需要其他并发症的参与。\n*   **单位:** 单位正确 (×10³/μL)\n\n**3. Bilirubin Total (总胆红素):**\n\n*   **问题：**  持续增加的趋势与病情恶化趋势相反。去甲肾上腺素的主要作用是改善循环，不能直接降低胆红素水平。胆红素的降低需要肝脏功能的改善。\n*   **单位:** 单位正确 (mg/dL)\n\n**4. Vasopressor Rate (血管活性药物使用剂量):**\n\n*   **合理性：** 逐渐降低的趋势，符合去甲肾上腺素使用剂量逐渐减少以维持血压的预期，也符合患者病情逐渐稳定的预期。\n*   **单位:** 单位正确 (μg/kg/min)\n\n**5. GCS Total (格拉斯哥昏迷评分):**\n\n*   **合理性：** 初始的下降比较不合理，在没有明确病因的情况下GCS评分不应下降。之后回升到15.0，也符合病情稳定时GCS评分可能回升的逻辑，但初始下降是缺陷。\n*   **单位:** 单位正确 (分)\n\n**6. Creatinine (血清肌酐):**\n\n*   **问题：**  持续增加的趋势与肾功能改善的逻辑不符。去甲肾上腺素的改善循环可能有助于恢复肾功能，但肌酐的升高也可能反映了肾损伤加重。这种情况需要注意。\n*   **单位:** 单位正确 (mg/dL)\n\n**7. Urine Output ML (尿量):**\n\n*   **问题:** 从 500ml 到 850ml 的巨大增幅显得不太现实，尿量虽然可能增加，但如此快速的增加可能预示着其他问题，比如液体过负荷或肾脏损伤。\n*   **单位:** 单位正确 (mL)\n\n**8. Mechanical Ventilation (机械通气):**\n\n*   **问题：** 始终为1，意味着患者始终需要机械通气，并且没有表现出自行呼吸的趋势。这可能需要进一步的解释，例如患者的呼吸肌疲劳程度或者基础疾病的严重程度。\n*   **单位:** 单位正确 ()\n\n**总结：**\n\n预测的整体趋势符合患者病情改善的预期，但一些具体指标的数值和变化趋势存在不合理之处。 例如血小板、胆红素、肌酐、尿量，以及机械通气方面。 预测中也存在一些逻辑不一致的地方，需要对预测模型的假设和数据进行进一步的审查和校正。 特别是血小板持续下降，这可能会预示着更严重的并发症的发生。建议重新评估这些指标的预测，并考虑其他可能影响这些指标的因素。",
    "error": null
  },
  "key_reasons": [
    "总体来看，预测的SOFA相关指标变化趋势显示了干预措施后病情有所改善的预期，这在逻辑上是合理的。然而，细节上存在一些不合理之处，降低了预测的置信度。下面分各项指标逐一分析：",
    "合理性： 持续增加的趋势与去甲肾上腺素的充血作用带来的改善氧合状态相符。",
    "问题： 从200.0 持续到 270.0 的持续升高速度略快，氧合指数正常范围是 300-500。在改善氧合的同时，需要关注是否会带来肺损伤的风险。尽管趋势合理，但数值大小需要谨慎评估。"
  ]
}