{
  "timestamp": "2025-12-25 13:46:36",
  "model_name": "gemma3:12b",
  "prediction_model_name": "gemma3:12b",
  "patient_id": "32759002",
  "input_description": "ICU住院编号 32759002，对应患者编号 19425678，28岁男性，体重116.7kg。监测持续时间为 0 小时（共 7 次测量，每4小时一次）：【生命体征】心率变化：[80.67, 80.67]（单位：次/分）收缩压变化：[69.67, 69.67]（单位：mmHg）舒张压变化：[49.67, 49.67]（单位：mmHg）体温变化：[N/A, N/A]（单位：℃）呼吸频率变化：[26.0, 26.0]（单位：次/分）血氧饱和度变化：[100.0, 100.0]（单位：%）平均动脉压变化：[56.33, 56.33]（单位：mmHg）【SOFA评分相关特征】氧合指数变化：[191.58, 191.58, 191.58, 191.58, 191.58, 191.58, 191.58]（单位：mmHg）机械通气使用情况：[0, 0, 0, 0, 0, 0, 0]（单位：）血小板计数变化：[42.0, 39.0, 44.5, 42.0, 42.0, 42.0, 42.0]（单位：×10³/μL）总胆红素变化：[12.3, 12.3, 12.3, 12.3, 12.3, 12.3, 12.3]（单位：mg/dL）血管活性药物使用剂量：[0.0, 0.0, 0.0, 0.0, 0.0, 10.0, 10.0]（单位：μg/kg/min）格拉斯哥昏迷评分变化：[15, 15, 15, 15, 15, 3, 3]（单位：分）血清肌酐变化：[1.3, 1.4, 1.3, 1.3, 1.3, 1.3, 1.3]（单位：mg/dL）尿量变化：[0.0, 0.0, 0.0, 0.0, 0.0, 20.0, 20.0]（单位：mL）【疾病评分】SOFA总分变化：[4, 4, 0, 0, 3, 13, 13]（单位：分）SIRS评分变化：[0, 0, 0, 0, 0, 1, 1]（单位：分）",
  "intervention": "立即启动去甲肾上腺素输注，维持剂量为10.0μg·kg⁻¹·min⁻¹，剂量调整间隔2小时，密切监测血压和器官灌注，剂量呈递减趋势，提示血管反应性改善，评估8小时内发生感染性休克的风险",
  "evaluator_trust": {
    "a": 0.24999999999999967,
    "counterfactual_runs": 15,
    "dynamic_confidence": 0.46360370553768876,
    "total_confidence": 0.5450836008849932
  },
  "prediction_trust": {
    "a": 0.24999999999999967,
    "counterfactual_runs": 15,
    "dynamic_confidence": 0.46360370553768876,
    "total_confidence": 0.5450836008849932
  },
  "predicted_vital_signs": {
    "pao2_fio2_ratio": [
      280.0,
      310.0,
      330.0,
      345.0,
      355.0,
      360.0,
      362.0,
      361.0
    ],
    "platelet": [
      120.0,
      140.0,
      160.0,
      180.0,
      200.0,
      220.0,
      240.0,
      260.0
    ],
    "bilirubin_total": [
      2.0,
      1.8,
      1.6,
      1.4,
      1.2,
      1.0,
      0.8,
      0.6
    ],
    "vasopressor_rate": [
      10.0,
      8.0,
      6.0,
      4.0,
      2.0,
      1.0,
      0.5,
      0.2
    ],
    "gcs_total": [
      8.0,
      9.0,
      10.0,
      11.0,
      12.0,
      13.0,
      14.0,
      15.0
    ],
    "creatinine": [
      2.5,
      2.2,
      2.0,
      1.8,
      1.6,
      1.4,
      1.2,
      1.0
    ],
    "urine_output_ml": [
      500.0,
      800.0,
      1000.0,
      1200.0,
      1400.0,
      600.0,
      800.0,
      1000.0
    ],
    "mechanical_ventilation": [
      1.0,
      1.0,
      1.0,
      1.0,
      1.0,
      1.0,
      0.0,
      0.0
    ]
  },
  "confidence_score": 0.65,
  "evaluation": {
    "success": true,
    "model_output": "置信度评分：0.65\n\n**分析理由：**\n\n整体而言，预测的SOFA相关指标变化趋势在一定程度上符合临床改善的预期，但细节上存在一些问题，导致置信度降低。以下详细分析各项指标的合理性：\n\n**1. 各项SOFA相关指标数值是否在合理的医学范围内:**\n\n* **pao2_fio2_ratio:** 初始值280.0，后续升高至362.0，然后略微下降，整体上升较为合理。这个范围通常在ICU患者中是合理的，反映了氧合状态的改善。\n* **platelet:** 从120.0到260.0的提升趋势合理，符合血小板计数在干预后逐渐恢复的预期。这个范围也是血小板计数临床上可以接受的。\n* **bilirubin_total:** 从2.0降至0.6的下降趋势合理，符合肝功能改善的预期。这个范围也是临床上可以接受的。\n* **vasopressor_rate:** 从10.0降至0.2的下降趋势与血管活性药物使用剂量递减一致，符合血管活性药物使用减少的预期。\n* **gcs_total:** 从8.0升至15.0的趋势，符合意识状态逐渐改善的预期。 昏迷评分降低到8可能提示疾病严重，之后显著恢复非常合理。\n* **creatinine:** 从2.5降至1.0的下降趋势，符合肾功能改善的预期。 肾功能恶化需要格外关注，后续改善趋势合理。\n* **urine_output_ml:**  从500.0到1000.0再到600.0再到800.0再到1000.0 的变化波动较大，中间的下降可能需要进一步分析原因，但整体的尿量上升趋势符合肾功能改善的预期。\n* **mechanical_ventilation:** 从1.0到0.0的转变符合最终脱机的预期，这与预先的ICU入院前的状态不一致，应该是预测的错误。\n\n**2. 干预措施的预期效果与SOFA相关指标变化趋势的逻辑一致性:**\n\n* 去甲肾上腺素输注、剂量递减趋势与vasopressor_rate的下降趋势一致。\n* 整体改善的趋势与预期的改善方向一致。\n* 意识状态好转与gcs_total的上升趋势一致。\n\n**3. 评估SOFA评分各组件之间的逻辑一致性:**\n\n* **呼吸功能：**pao2_fio2_ratio的改善应伴随机械通气使用情况的下降，然而mechanical_ventilation 的变化并不协调。\n* **循环功能：**vasopressor_rate的下降与血压的改善相关，但血压指标未被提供，无法验证逻辑一致性。\n* **肾功能：**creatinine 和 urine_output_ml 的改善相互协调，但尿量变化波动过大。\n* **神经功能：**gcs_total的改善与意识状态的改善一致。\n\n**4. 整体趋势是否符合临床改善的预期:**\n\n* 整体趋势符合临床改善的预期，各项指标均向有利方向发展。\n\n**5. 数据单位统一性：**\n\n* 假设所有单位都是正确的医学单位。未提供血压指标，无法验证其单位是否正确。\n\n**6. 时间序列数据的合理性：**\n\n* 尿量变化波动过大，需要进一步分析原因。 例如从1000.0 降到600.0 需要解释清楚，尿量可能在短时间内会受到多种因素的影响，但这种变化过于突然。\n* mechanical_ventilation 从 1.0 到0.0 的转变过于突然，可能没有足够的理由。\n\n**7. 数值的精确度：**\n\n* 体温、血压等指标的精确度可能过高，通常不需要精确到小数点后位数。\n\n**8. 预测的反事实数据：**\n\n*  这组数据是基于患者入院后的情况进行预测，不需要与入院前数据进行比较。\n\n**主要问题和潜在风险:**\n\n* **mechanical_ventilation 的不一致性：** 预测患者脱机，与已知状态不一致，需要重新评估预测模型的逻辑。\n* **尿量变化过于剧烈：**需要对尿量下降原因进行分析，如果患者有其他并发症，可能会导致尿量波动。\n* **缺少血压指标：** 无法验证循环功能改善的逻辑一致性。\n* **缺少初始血压指标**：无法评估干预是否起到了作用\n* **初始GCS评分过低**：GCS 评分从8到15的跳跃过于迅速，可能需要考虑其他因素影响\n* **机械通气使用情况:** 有些值 1 和 0 的切换很突兀，需要确认患者的呼吸情况。\n\n**结论:**\n\n预测结果在总体上符合临床改善的预期，但存在一些细节问题需要进一步审查。 主要问题是机械通气使用情况的预测与已知信息不一致，尿量变化过大，以及缺少一些关键指标（例如血压）。 模型的逻辑需要进一步优化，以提高预测结果的准确性和可靠性。",
    "error": null
  },
  "key_reasons": [
    "整体而言，预测的SOFA相关指标变化趋势在一定程度上符合临床改善的预期，但细节上存在一些问题，导致置信度降低。以下详细分析各项指标的合理性：",
    "pao2_fio2_ratio: 初始值280.0，后续升高至362.0，然后略微下降，整体上升较为合理。这个范围通常在ICU患者中是合理的，反映了氧合状态的改善。",
    "platelet: 从120.0到260.0的提升趋势合理，符合血小板计数在干预后逐渐恢复的预期。这个范围也是血小板计数临床上可以接受的。"
  ]
}