{
  "timestamp": "2025-12-25 11:31:06",
  "model_name": "gemma3:12b",
  "prediction_model_name": "qwen3:30b",
  "patient_id": "30315020",
  "input_description": "ICU住院编号 30315020，对应患者编号 11992186，56岁男性，体重87.05kg。监测持续时间为 0 小时（共 7 次测量，每4小时一次）：【生命体征】心率变化：[128.0, 128.0]（单位：次/分）收缩压变化：[78.14, 78.14]（单位：mmHg）舒张压变化：[64.86, 64.86]（单位：mmHg）体温变化：[98.3, 98.3]（单位：℃）呼吸频率变化：[21.71, 21.71]（单位：次/分）血氧饱和度变化：[98.57, 98.57]（单位：%）平均动脉压变化：[69.29, 69.29]（单位：mmHg）【SOFA评分相关特征】氧合指数变化：[219.23, 219.23, 219.23, 219.23, 219.23, 219.23, 219.23]（单位：mmHg）机械通气使用情况：[0, 0, 0, 0, 0, 0, 0]（单位：）血小板计数变化：[92.67, 119.67, 105.0, 105.0, 105.0, 105.0, 105.0]（单位：×10³/μL）总胆红素变化：[1.5, 1.9, 1.9, 1.9, 1.9, 1.9, 1.9]（单位：mg/dL）血管活性药物使用剂量：[0.0, 0.0, 0.0, 0.0, 0.0, 5.0, 5.0]（单位：μg/kg/min）格拉斯哥昏迷评分变化：[15, 15, 15, 15, 15, 10, 10]（单位：分）血清肌酐变化：[0.8, 0.8, 0.8, 0.8, 0.8, 0.8, 0.8]（单位：mg/dL）尿量变化：[0.0, 0.0, 0.0, 0.0, 0.0, 825.0, 825.0]（单位：mL）【疾病评分】SOFA总分变化：[0, 0, 0, 4, 1, 7, 7]（单位：分）SIRS评分变化：[0, 0, 0, 0, 1, 4, 4]（单位：分）",
  "intervention": "立即启动去甲肾上腺素输注，维持剂量为5.0μg·kg⁻¹·min⁻¹，剂量调整间隔4小时，密切监测血压和器官灌注，剂量呈递减趋势，提示血管反应性改善，评估8小时内发生感染性休克的风险",
  "evaluator_trust": {
    "a": 0.95,
    "counterfactual_runs": 1,
    "dynamic_confidence": 0.4200645938203228,
    "total_confidence": 0.7710503522715776
  },
  "prediction_trust": {
    "a": 0.95,
    "counterfactual_runs": 1,
    "dynamic_confidence": 1.0,
    "total_confidence": 0.8059610561820048
  },
  "predicted_vital_signs": {
    "pao2_fio2_ratio": [
      280.0,
      290.0,
      300.0,
      310.0,
      320.0,
      330.0,
      340.0,
      350.0
    ],
    "platelet": [
      120.0,
      125.0,
      130.0,
      135.0,
      140.0,
      145.0,
      150.0,
      155.0
    ],
    "bilirubin_total": [
      2.0,
      1.9,
      1.8,
      1.7,
      1.6,
      1.5,
      1.4,
      1.3
    ],
    "vasopressor_rate": [
      5.0,
      4.5,
      4.0,
      3.5,
      3.0,
      2.5,
      2.0,
      1.5
    ],
    "gcs_total": [
      10.0,
      10.5,
      11.0,
      11.5,
      12.0,
      12.5,
      13.0,
      13.5
    ],
    "creatinine": [
      2.5,
      2.4,
      2.3,
      2.2,
      2.1,
      2.0,
      1.9,
      1.8
    ],
    "urine_output_ml": [
      800.0,
      850.0,
      900.0,
      950.0,
      1000.0,
      1050.0,
      1100.0,
      1150.0
    ],
    "mechanical_ventilation": [
      1.0,
      1.0,
      1.0,
      1.0,
      1.0,
      1.0,
      1.0,
      1.0
    ]
  },
  "confidence_score": 0.65,
  "evaluation": {
    "success": true,
    "model_output": "置信度评分：0.65\n\n**详细分析理由：**\n\n总体而言，预测的SOFA相关指标变化趋势在一定程度上符合去甲肾上腺素的应用后患者病情改善的临床预期，但预测结果中存在一些不合理之处，导致置信度较低。以下是各项指标的详细评估：\n\n**1. 各项SOFA相关指标数值是否在合理的医学范围内:**\n\n* **pao2_fio2_ratio (PaO2/FiO2 比值):** 预测值范围 280.0 - 350.0 是合理的，去甲肾上腺素的应用应改善氧合。\n* **platelet (血小板):** 120.0 - 155.0 的范围是合理的，表明血小板计数在恢复正常范围内。\n* **bilirubin_total (总胆红素):** 1.3 - 2.0 mg/dL 是合理范围， 胆红素水平的逐步下降符合肝功能改善的预期。\n* **vasopressor_rate (血管活性药物使用剂量):** 1.5 - 5.0 μg/kg/min 剂量递减趋势是合理的，符合去甲肾上腺素应用后患者血管活性改善的预期。\n* **gcs_total (格拉斯哥昏迷评分):** 10.0 - 13.5 分的改善是可能的，但起点10.0分略低。起搏10分说明可能存在脑功能障碍，需要注意。\n* **creatinine (肌酐):** 1.8 - 2.5 mg/dL 的范围是合理的，肾功能改善的预期。\n* **urine_output_ml (尿量):** 800.0 - 1150.0 mL 的范围是合理的，尿量增加反映了肾功能改善。\n* **mechanical_ventilation (机械通气使用情况):** 持续为 1.0 表示始终使用机械通气，这在预测中需要更清晰的解释。可能表明患者仍然需要呼吸支持。\n\n**2. 干预措施的预期效果与SOFA相关指标变化趋势的逻辑一致性:**\n\n* 去甲肾上腺素的应用应该改善循环功能，从而改善氧合，增加尿量，以及改善肾功能。预测结果在这方面基本一致。\n* 格拉斯哥昏迷评分的提升与患者循环改善、组织灌注改善可能相关，预测结果逻辑上一致。\n\n**3. 评估SOFA评分各组件之间的逻辑一致性:**\n\n* **呼吸功能：** PaO2/FiO2比值改善，但机械通气的使用情况没有变化，这可能需要在预测中进一步解释。\n* **循环功能：** 去甲肾上腺素使用剂量递减，PaO2/FiO2比值改善，与循环功能改善的预期一致。\n* **肾功能：** 肌酐降低和尿量增加与肾功能改善一致。\n* **神经功能：** 格拉斯哥昏迷评分的改善与改善的循环灌注一致，但初始评分偏低。\n\n**4. 整体趋势是否符合临床改善的预期:**\n\n预测结果总体上符合去甲肾上腺素应用后患者病情改善的临床预期。\n\n**5. 数据单位统一性:**\n\n所有指标的单位均正确，没有单位错误。\n\n**6. 时间序列数据的合理性:**\n\n预测结果中的数据变化幅度大致合理，没有明显的不合理突变。\n\n**7. 数值的精确度:**\n\n在单位上没有问题，精读方面没有问题。\n\n**8. 具体问题与改进建议:**\n\n* **初始格拉斯哥昏迷评分过低：** 初始格拉斯哥昏迷评分10分，应考虑患者可能存在的脑功能障碍，并进行更详细的评估和预测。\n* **机械通气的使用情况：**  需要明确预测何时脱离机械通气，或者说明预测的持续使用原因。\n* **预测数据的细化：** 预测中应考虑其他可能影响SOFA评分的因素，例如感染、器官功能衰竭等。\n* **初始状态的考虑：** 为了更准确地预测SOFA评分的变化，需要在预测中考虑到患者入院前的具体病情和潜在的并发症。\n\n\n\n**总结:**\n\n预测结果总体趋势合理，但初始格拉斯哥昏迷评分偏低，机械通气的使用情况需要明确，预测还需要更加细化。因此，置信度较低，为0.65。建议在未来的预测中对这些问题进行改进，以提高预测的准确性。",
    "error": null
  },
  "key_reasons": [
    "总体而言，预测的SOFA相关指标变化趋势在一定程度上符合去甲肾上腺素的应用后患者病情改善的临床预期，但预测结果中存在一些不合理之处，导致置信度较低。以下是各项指标的详细评估：",
    "pao2_fio2_ratio (PaO2/FiO2 比值): 预测值范围 280.0 - 350.0 是合理的，去甲肾上腺素的应用应改善氧合。",
    "platelet (血小板): 120.0 - 155.0 的范围是合理的，表明血小板计数在恢复正常范围内。"
  ]
}