{
  "timestamp": "2025-12-25 11:50:41",
  "model_name": "gemma3:12b",
  "prediction_model_name": "gemma3:12b",
  "patient_id": "30861515",
  "input_description": "ICU住院编号 30861515，对应患者编号 11699026，72岁男性，体重96.5kg。监测持续时间为 0 小时（共 7 次测量，每4小时一次）：【生命体征】心率变化：[86.2, 75.5, 91.0, 74.5, 77.0, 73.2, 73.2]（单位：次/分）收缩压变化：[83.2, 74.25, 81.0, 77.5, 67.2, 73.8, 73.8]（单位：mmHg）舒张压变化：[70.6, 64.75, 71.0, 54.0, 51.2, 57.8, 57.8]（单位：mmHg）体温变化：[36.88, 36.6, 36.5, 35.6, 35.52, 36.06, 36.06]（单位：℃）呼吸频率变化：[17.6, 23.25, 19.0, 19.5, 17.8, 17.6, 17.6]（单位：次/分）血氧饱和度变化：[96.6, 95.25, 97.0, 98.0, 97.8, 97.4, 97.4]（单位：%）平均动脉压变化：[74.8, 67.92, 74.33, 61.83, 56.53, 63.13, 63.13]（单位：mmHg）【SOFA评分相关特征】氧合指数变化：[406.5, 280.08, 280.08, 280.08, 280.08, 280.08, 280.08]（单位：mmHg）机械通气使用情况：[0, 0, 0, 0, 0, 0, 0]（单位：）血小板计数变化：[132.0, 107.0, 113.0, 113.0, 113.0, 113.0, 113.0]（单位：×10³/μL）总胆红素变化：[3.7, 2.4, 1.8, 1.8, 1.8, 1.8, 1.8]（单位：mg/dL）血管活性药物使用剂量：[0.0, 0.0, 0.0, 0.0, 0.0, 0.0, 0.0]（单位：μg/kg/min）格拉斯哥昏迷评分变化：[15, 14, 15, 15, 15, 7, 7]（单位：分）血清肌酐变化：[1.6, 2.5, 2.8, 2.8, 2.8, 2.8, 2.8]（单位：mg/dL）尿量变化：[325.0, 35.0, 40.0, 110.0, 50.0, 80.0, 80.0]（单位：mL）【疾病评分】SOFA总分变化：[4, 5, 3, 6, 4, 10, 10]（单位：分）SIRS评分变化：[1, 1, 1, 2, 1, 1, 1]（单位：分）",
  "intervention": "无血管活性药物干预措施，建议密切监测血压和器官灌注，评估8小时内发生感染性休克的风险",
  "evaluator_trust": {
    "a": 0.7999999999999998,
    "counterfactual_runs": 4,
    "dynamic_confidence": 0.39893402286000146,
    "total_confidence": 0.7114054341135256
  },
  "prediction_trust": {
    "a": 0.7999999999999998,
    "counterfactual_runs": 4,
    "dynamic_confidence": 0.39893402286000146,
    "total_confidence": 0.7114054341135256
  },
  "predicted_vital_signs": {
    "pao2_fio2_ratio": [
      250.0,
      230.0,
      210.0,
      190.0,
      170.0,
      150.0,
      130.0,
      110.0
    ],
    "platelet": [
      180.0,
      160.0,
      140.0,
      120.0,
      100.0,
      0.0,
      0.0,
      0.0
    ],
    "bilirubin_total": [
      1.8,
      2.2,
      2.6,
      3.0,
      3.4,
      3.8,
      4.2,
      4.6
    ],
    "vasopressor_rate": [
      0.0,
      0.0,
      0.0,
      0.0,
      0.0,
      0.0,
      0.0,
      0.0
    ],
    "gcs_total": [
      12.0,
      11.0,
      10.0,
      9.0,
      8.0,
      7.0,
      6.0,
      5.0
    ],
    "creatinine": [
      1.1,
      9.5,
      1.9,
      2.3,
      2.7,
      3.1,
      3.5,
      3.9
    ],
    "urine_output_ml": [
      1500.0,
      1200.0,
      900.0,
      600.0,
      300.0,
      0.0,
      0.0,
      0.0
    ],
    "mechanical_ventilation": [
      0.0,
      0.0,
      0.0,
      1.0,
      1.0,
      1.0,
      1.0,
      1.0
    ]
  },
  "confidence_score": 0.45,
  "evaluation": {
    "success": true,
    "model_output": "置信度评分：0.45\n\n**分析理由：** 总体而言，预测的SOFA相关指标变化数据存在多个不合理之处，导致整体的置信度较低。虽然预测尝试模拟干预后的改善趋势，但数值的合理性和逻辑的一致性存在严重问题。 以下是详细分析：\n\n**1. 数值范围与医学合理性:**\n\n*   **pao2_fio2_ratio (PaO2/FiO2 Ratio):** 预测值从250.0下降到130.0， 随后是快速下降到110。这是一个异常的快速下降，且整体数值偏高，与干预后预期的改善趋势不符。 PaO2/FiO2 通常在干预后会缓慢上升，而非快速下降。这是一个严重不合理的地方。\n*   **platelet (血小板计数):** 从180.0下降至0，这完全不合理。血小板计数不可能在干预中突然降至零。这是另一个关键的错误。\n*   **bilirubin_total (总胆红素):** 从1.8上升到4.6。虽然胆红素可能在某些情况下会升高，但如此剧烈的升高不符合通常的干预预期。\n*   **gcs_total (格拉斯哥昏迷评分):** 从12.0下降到5.0。如此快的下降不符合临床预期，通常会逐渐恢复。而且初始的12分表示患者意识状态良好，快速下降至5分表明病情突然恶化，而这并未与其他指标变化协调。\n*   **creatinine (肌酐):** 虽然肌酐升高可以反映肾功能恶化，但从1.1到9.5的快速升高是极不合理的，肾功能恶化通常是渐进的。\n*   **urine_output_ml (尿量):** 从1500.0下降到0，不符合临床预期， 尿量大幅减少是可能的，但是完全降至零是不合理的。\n*   **mechanical_ventilation (机械通气):**  初始为0，随后在4小时后突然变为1，并持续至最后几个小时，且没有给出原因，这表示突然开始机械通气，但缺乏逻辑解释。\n\n**2. 干预措施与指标变化的一致性:**\n\n*   **无血管活性药物干预措施:** 这意味着干预应该专注于改善器官灌注和血压，但预测的血压和PaO2/FiO2的下降趋势与此不符。\n*   **预测的指标变化趋势:** 整体上，预测显示的是病情的恶化而非改善，与建议的密切监测和风险评估（感染性休克）不一致。\n\n**3. SOFA组件的逻辑一致性:**\n\n*   **呼吸功能与循环功能:** PaO2/FiO2的下降趋势与呼吸功能恶化相关，但没有相应的机械通气开始的逻辑解释。\n*   **肾功能:** 肌酐的急剧升高与尿量减少一致，表明肾功能恶化，但整体预后显示了不佳的肾脏管理。\n*   **神经功能:** GCS评分的迅速下降与意识状态恶化相关，但未与其他系统指标协调，表示系统性恶化。\n\n**4. 时间序列数据的合理性:**\n\n*   大多数指标在相邻时间点之间都存在巨大的变化幅度，这与临床实际不符，例如胆红素、肌酐和尿量的变化。 如此剧烈的变化通常需要更长的时间才能发生。\n\n**5. 数值的精确度:**\n\n*   某些指标的精确度不合理，例如Pao2/FiO2精确到小数点后一位，而血压和心率应该更粗略的单位。\n\n\n**总结：** 预测数据包含了多个不合理之处，包括不合理的数值范围、与干预措施不一致的变化趋势、以及缺乏逻辑一致性的系统指标变化。 这些问题严重影响了预测结果的可信度。\n因此，总体置信度评分较低（0.45）。",
    "error": null
  },
  "key_reasons": [
    "pao2_fio2_ratio (PaO2/FiO2 Ratio): 预测值从250.0下降到130.0， 随后是快速下降到110。这是一个异常的快速下降，且整体数值偏高，与干预后预期的改善趋势不符。 PaO2/FiO2 通常在干预后会缓慢上升，而非快速下降。这是一个严重不合理的地方。",
    "platelet (血小板计数): 从180.0下降至0，这完全不合理。血小板计数不可能在干预中突然降至零。这是另一个关键的错误。",
    "bilirubin_total (总胆红素): 从1.8上升到4.6。虽然胆红素可能在某些情况下会升高，但如此剧烈的升高不符合通常的干预预期。"
  ]
}