{
  "timestamp": "2025-12-25 13:37:10",
  "model_name": "gemma3:12b",
  "prediction_model_name": "qwen3:30b",
  "patient_id": "32154852",
  "input_description": "ICU住院编号 32154852，对应患者编号 12653149，47岁男性，体重64.55kg。监测持续时间为 0 小时（共 7 次测量，每4小时一次）：【生命体征】心率变化：[107.0, 107.0]（单位：次/分）收缩压变化：[100.33, 100.33]（单位：mmHg）舒张压变化：[80.33, 80.33]（单位：mmHg）体温变化：[99.2, 99.2]（单位：℃）呼吸频率变化：[24.33, 24.33]（单位：次/分）血氧饱和度变化：[100.0, 100.0]（单位：%）平均动脉压变化：[87.0, 87.0]（单位：mmHg）【SOFA评分相关特征】氧合指数变化：[353.0, 353.0, 353.0, 353.0, 353.0, 353.0, 353.0]（单位：mmHg）机械通气使用情况：[0, 0, 0, 0, 0, 0, 0]（单位：）血小板计数变化：[226.0, 197.5, 90.33, 46.25, 46.25, 46.25, 46.25]（单位：×10³/μL）总胆红素变化：[22.2, 3.3, 3.3, 3.3, 3.3, 3.3, 3.3]（单位：mg/dL）血管活性药物使用剂量：[0.0, 0.0, 0.0, 0.0, 0.0, 0.0, 0.0]（单位：μg/kg/min）格拉斯哥昏迷评分变化：[15, 15, 15, 15, 15, 15, 15]（单位：分）血清肌酐变化：[1.0, 1.2, 1.2, 1.2, 1.2, 1.2, 1.2]（单位：mg/dL）尿量变化：[0.0, 0.0, 0.0, 0.0, 0.0, 150.0, 150.0]（单位：mL）【疾病评分】SOFA总分变化：[0, 5, 0, 0, 2, 7, 7]（单位：分）SIRS评分变化：[0, 0, 0, 1, 1, 3, 3]（单位：分）",
  "intervention": "无血管活性药物干预措施，建议密切监测血压和器官灌注，评估8小时内发生感染性休克的风险",
  "evaluator_trust": {
    "a": 0.34999999999999964,
    "counterfactual_runs": 13,
    "dynamic_confidence": 0.49492465165603317,
    "total_confidence": 0.5980341740008388
  },
  "prediction_trust": {
    "a": 0.34999999999999964,
    "counterfactual_runs": 13,
    "dynamic_confidence": 1.0,
    "total_confidence": 0.9285119680670544
  },
  "predicted_vital_signs": {
    "pao2_fio2_ratio": [
      250.0,
      240.0,
      230.0,
      220.0,
      210.0,
      200.0,
      190.0,
      180.0
    ],
    "platelet": [
      100.0,
      95.0,
      90.0,
      85.0,
      80.0,
      75.0,
      70.0,
      65.0
    ],
    "bilirubin_total": [
      1.5,
      1.6,
      1.7,
      1.8,
      1.9,
      2.0,
      2.1,
      2.2
    ],
    "vasopressor_rate": [
      0.0,
      0.0,
      0.0,
      0.0,
      0.0,
      0.0,
      0.0,
      0.0
    ],
    "gcs_total": [
      14.0,
      13.0,
      12.0,
      11.0,
      10.0,
      9.0,
      8.0,
      7.0
    ],
    "creatinine": [
      1.5,
      1.6,
      1.7,
      1.8,
      1.9,
      2.0,
      2.1,
      2.2
    ],
    "urine_output_ml": [
      1500.0,
      1400.0,
      1300.0,
      1200.0,
      1100.0,
      1000.0,
      900.0,
      800.0
    ],
    "mechanical_ventilation": [
      0.0,
      0.0,
      0.0,
      1.0,
      1.0,
      1.0,
      1.0,
      1.0
    ]
  },
  "confidence_score": 0.45,
  "evaluation": {
    "success": true,
    "model_output": "置信度评分：0.45\n\n**分析理由：** 预测结果的合理性存在诸多问题，整体趋势和部分数值偏离临床预期，逻辑不一致性显著。以下详细分析：\n\n**1. 各项SOFA相关指标数值是否在合理的医学范围内：**\n\n*   **PaO2/FiO2 Ratio:**  预测从250.0降至180.0。PaO2/FiO2 Ratio 较低通常提示肺功能下降，需要更高的FiO2来维持氧合。该降幅在没有改善肺功能的情况下是不合理的，尤其是在没有增加机械通气的情况下。合理范围取决于患者的初始状态和肺功能。\n*   **Platelet (血小板):** 预测从100.0降至65.0。血小板快速下降通常提示DIC（弥漫性血管内凝血）或其他严重的疾病过程，这与患者目前无其他提示的严重病理状态不符，且无其他提示疾病进展情况，如果缺乏相应的干预措施，且患者基础血小板计数正常，则不应该出现如此大的下降。\n*   **Bilirubin_total (总胆红素):** 预测从1.5降至2.2。虽然胆红素通常略有升高，但降幅在没有积极治疗的情况下并不常见。\n*   **GCS_total (格拉斯哥昏迷评分):**  预测从14.0降至7.0。如此大的下降表示患者的神经功能迅速恶化，通常需要明显的外伤或其他严重的神经系统疾病才能导致。这与干预措施“密切监测”不符。\n*   **Creatinine (肌酐):** 预测从1.5降至2.2。 肾功能恶化并不应如此快速，除非有急性肾损伤发生。\n*   **Urine_output_ml (尿量):** 预测从1500降至800。尿量大幅减少可能预示着肾功能逐渐衰竭，或发生了其他影响尿液排泄的因素。\n*   **Mechanical_ventilation:** 从0.0 变为1.0 意味着患者被动入管。如果需要机械通气，通常是因为呼吸功能出现了问题，这需要与PaO2/FiO2 Ratio的变化相符。\n\n**2. 干预措施的预期效果与SOFA相关指标变化趋势的逻辑一致性：**\n\n*   干预措施是“密切监测”，预期的效果是稳定或改善患者的病情。然而，预测结果显示所有指标都在恶化。\n*   PaO2/FiO2 ratio下降，意味着通气和氧合功能下降，这与密切监测和改善预期的目标相悖。\n*   GCS评分的显著下降，意味着神经功能恶化，这是在没有干预措施时不太可能发生的。\n\n**3. SOFA评分各组件之间的逻辑一致性：**\n\n*   呼吸功能（PaO2/FiO2 Ratio）和神经功能（GCS）的恶化，以及血小板计数下降，都提示病情严重。然而，患者的循环功能（平均动脉压）和肾功能（肌酐、尿量）的恶化，没有得到相应改善的措施。\n*   整体来看，预测结果表现出系统性恶化，这与“密切监测”的干预措施不符。\n\n**4. 整体趋势是否符合临床改善的预期：**\n\n*   预测结果整体趋势是恶化，与临床改善预期不符。\n\n**5. 数据单位统一性：**\n\n*   假设所有指标单位正确。\n\n**6. 时间序列数据的合理性：**\n\n*   数据变化幅度过大，例如GCS评分在几个时间点内的降幅过大，且缺乏支持性信息。\n\n**7. 数值精确度：**\n\n*   某些指标的精确度可能过高，例如胆红素精确到小数点后一位，这在临床上并不常见。\n\n**结论：** 预测结果的合理性较低。预测结果与临床预期存在明显偏差，缺乏逻辑支持，且趋势整体为恶化，与干预措施“密切监测”的预期效果不符。预测结果中存在数值范围过窄、缺乏逻辑支持等问题。这些问题导致预测的可靠性显著降低。",
    "error": null
  },
  "key_reasons": [
    "PaO2/FiO2 Ratio:  预测从250.0降至180.0。PaO2/FiO2 Ratio 较低通常提示肺功能下降，需要更高的FiO2来维持氧合。该降幅在没有改善肺功能的情况下是不合理的，尤其是在没有增加机械通气的情况下。合理范围取决于患者的初始状态和肺功能。",
    "Platelet (血小板): 预测从100.0降至65.0。血小板快速下降通常提示DIC（弥漫性血管内凝血）或其他严重的疾病过程，这与患者目前无其他提示的严重病理状态不符，且无其他提示疾病进展情况，如果缺乏相应的干预措施，且患者基础血小板计数正常，则不应该出现如此大的下降。",
    "Bilirubin_total (总胆红素): 预测从1.5降至2.2。虽然胆红素通常略有升高，但降幅在没有积极治疗的情况下并不常见。"
  ]
}