{
  "timestamp": "2025-12-25 13:35:08",
  "model_name": "gemma3:12b",
  "prediction_model_name": "deepseek-r1:32b",
  "patient_id": "32154852",
  "input_description": "ICU住院编号 32154852，对应患者编号 12653149，47岁男性，体重64.55kg。监测持续时间为 0 小时（共 7 次测量，每4小时一次）：【生命体征】心率变化：[107.0, 107.0]（单位：次/分）收缩压变化：[100.33, 100.33]（单位：mmHg）舒张压变化：[80.33, 80.33]（单位：mmHg）体温变化：[99.2, 99.2]（单位：℃）呼吸频率变化：[24.33, 24.33]（单位：次/分）血氧饱和度变化：[100.0, 100.0]（单位：%）平均动脉压变化：[87.0, 87.0]（单位：mmHg）【SOFA评分相关特征】氧合指数变化：[353.0, 353.0, 353.0, 353.0, 353.0, 353.0, 353.0]（单位：mmHg）机械通气使用情况：[0, 0, 0, 0, 0, 0, 0]（单位：）血小板计数变化：[226.0, 197.5, 90.33, 46.25, 46.25, 46.25, 46.25]（单位：×10³/μL）总胆红素变化：[22.2, 3.3, 3.3, 3.3, 3.3, 3.3, 3.3]（单位：mg/dL）血管活性药物使用剂量：[0.0, 0.0, 0.0, 0.0, 0.0, 0.0, 0.0]（单位：μg/kg/min）格拉斯哥昏迷评分变化：[15, 15, 15, 15, 15, 15, 15]（单位：分）血清肌酐变化：[1.0, 1.2, 1.2, 1.2, 1.2, 1.2, 1.2]（单位：mg/dL）尿量变化：[0.0, 0.0, 0.0, 0.0, 0.0, 150.0, 150.0]（单位：mL）【疾病评分】SOFA总分变化：[0, 5, 0, 0, 2, 7, 7]（单位：分）SIRS评分变化：[0, 0, 0, 1, 1, 3, 3]（单位：分）",
  "intervention": "无血管活性药物干预措施，建议密切监测血压和器官灌注，评估8小时内发生感染性休克的风险",
  "evaluator_trust": {
    "a": 0.34999999999999964,
    "counterfactual_runs": 13,
    "dynamic_confidence": 0.49492465165603317,
    "total_confidence": 0.5980341740008388
  },
  "prediction_trust": {
    "a": 0.34999999999999964,
    "counterfactual_runs": 13,
    "dynamic_confidence": 0.5600101594100357,
    "total_confidence": 0.6393930585940327
  },
  "predicted_vital_signs": {
    "pao2_fio2_ratio": [
      300.0,
      290.0,
      280.0,
      270.0,
      260.0,
      250.0,
      240.0,
      230.0
    ],
    "platelet": [
      150.0,
      140.0,
      130.0,
      120.0,
      110.0,
      100.0,
      90.0,
      80.0
    ],
    "bilirubin_total": [
      1.2,
      1.3,
      1.4,
      1.5,
      1.6,
      1.7,
      1.8,
      1.9
    ],
    "vasopressor_rate": [
      0.0,
      0.0,
      0.0,
      0.0,
      0.0,
      0.0,
      0.0,
      0.0
    ],
    "gcs_total": [
      15.0,
      14.0,
      13.0,
      12.0,
      11.0,
      10.0,
      9.0,
      8.0
    ],
    "creatinine": [
      1.0,
      1.1,
      1.2,
      1.3,
      1.4,
      1.5,
      1.6,
      1.7
    ],
    "urine_output_ml": [
      2000.0,
      1800.0,
      1600.0,
      1400.0,
      1200.0,
      1000.0,
      800.0,
      600.0
    ],
    "mechanical_ventilation": [
      0.0,
      0.0,
      0.0,
      0.0,
      0.0,
      1.0,
      1.0,
      1.0
    ]
  },
  "confidence_score": 0.55,
  "evaluation": {
    "success": true,
    "model_output": "置信度评分：0.55\n\n**分析理由：**\n\n预测结果的合理性存在一些值得关注的问题，整体上预测趋势与干预措施的预期效果存在一定的逻辑一致性，但预测的具体数值在合理性方面存在较多问题。以下是详细的逐项分析：\n\n**1. 各项SOFA相关指标数值是否在合理的医学范围内:**\n\n* **PaO2/FiO2 Ratio:** 预测的PaO2/FiO2 ratio从300.0逐渐下降到230.0。虽然患者之前PaO2/FiO2 ratio稳定在353.0，下降至230.0这个范围在临床上是可能的，意味着通气功能逐渐下降，甚至需要机械通气支持。但需要注意，PaO2/FiO2 ratio 降低本身就需要临床干预，预测的下降趋势需要临床高度关注。\n* **Platelet:** 预测血小板计数从150.0降至80.0。这代表着患者血小板计数显著下降。虽然这个趋势可能发生在感染性休克的预警中，但下降幅度过大需要警惕出血风险。在没有明确干预的情况下，血小板计数在如此短时间内下降幅度过大，不太合理。\n* **Bilirubin_total:** 预测的总胆红素从1.2 mg/dL 缓慢上升至 1.9 mg/dL。这是一个相对温和的变化，通常在ICU环境中不会出现快速升高。这种缓慢的上升可能符合某些肝功能轻微受损的场景，但也需要考虑是否与其他因素有关。\n* **Vasopressor_rate:** 预测血管活性药物使用率维持在0.0μg/kg/min，符合干预措施“无血管活性药物干预”的描述，这部分逻辑是合理的。\n* **GCS_total:** 预测格拉斯哥昏迷评分从15.0降至8.0。这个变化幅度过大，说明患者意识状态迅速恶化。这种恶化需要考虑脑部问题，而干预措施并没有针对脑部问题，不符合干预逻辑。\n* **Creatinine:** 预测肌酐水平从1.0 mg/dL 上升至 1.7 mg/dL。肾功能逐渐恶化，趋势符合临床预期，但上升速度可能过快，需要关注。\n* **Urine_output_ml:** 预测尿量从2000.0 mL 降至 600.0 mL。肾功能逐渐下降，尿量减少，趋势符合临床预期，但下降速度也可能过快，需要警惕肾功能衰竭。\n* **Mechanical_ventilation:** 预测患者在第6小时开始使用机械通气，逻辑上可行，在 PaO2/FiO2 ratio 下降到一定程度时可能需要机械通气支持。\n\n**2. 干预措施的预期效果与SOFA相关指标变化趋势的逻辑一致性：**\n\n干预措施是“密切监测血压和器官灌注”，并未针对性地干预血小板、格拉斯哥昏迷评分、肌酐、尿量等指标。预测结果中，这些指标呈现快速恶化趋势，与“密切监测”的干预措施不一致。\n\n**3. SOFA评分各组件之间的逻辑一致性：**\n\n呼吸功能（PaO2/FiO2 ratio、机械通气）、循环功能（血小板、血压、格拉斯哥昏迷评分）和肾功能（肌酐、尿量）的指标变化趋势并非完全协调一致。例如，呼吸功能恶化，循环功能恶化，肾功能也恶化，逻辑是合理的。但是，格拉斯哥昏迷评分的快速下降与呼吸和循环功能恶化之间的关系需要更进一步的临床解释。\n\n**4. 整体趋势是否符合临床改善的预期：**\n\n预测结果表明，患者病情整体向更差的方向发展，这与“密切监测血压和器官灌注”的干预措施期望改善病情不符。\n\n**5. 数据单位统一性：**\n\n所有指标使用的单位均符合医学标准。\n\n**6. 时间序列数据的合理性：**\n\n相邻时间点之间的变化幅度有些过于迅速，缺乏平滑性，例如血小板、格拉斯哥昏迷评分、肌酐、尿量等。\n\n**7. 数值的精确度是否合理：**\n\n体温、肌酐等数值的精确度合理。但是，格拉斯哥昏迷评分下降到8.0，需要考虑精确到分数的情况，需要更明确的数值。\n\n\n\n**结论：**\n\n预测结果在逻辑上存在一些问题，特别是格拉斯哥昏迷评分的快速下降和肾功能的快速恶化与干预措施不符，且肾功能及血小板下降速度过快。整体的病情恶化趋势也与干预措施的目标相悖。因此，置信度评分较低，仅为0.55。需要重新审视模型的假设和参数，并考虑更精细的临床数据和模型优化。",
    "error": null
  },
  "key_reasons": [
    "预测结果的合理性存在一些值得关注的问题，整体上预测趋势与干预措施的预期效果存在一定的逻辑一致性，但预测的具体数值在合理性方面存在较多问题。以下是详细的逐项分析：",
    "PaO2/FiO2 Ratio: 预测的PaO2/FiO2 ratio从300.0逐渐下降到230.0。虽然患者之前PaO2/FiO2 ratio稳定在353.0，下降至230.0这个范围在临床上是可能的，意味着通气功能逐渐下降，甚至需要机械通气支持。但需要注意，PaO2/FiO2 ratio 降低本身就需要临床干预，预测的下降趋势需要临床高度关注。",
    "Platelet: 预测血小板计数从150.0降至80.0。这代表着患者血小板计数显著下降。虽然这个趋势可能发生在感染性休克的预警中，但下降幅度过大需要警惕出血风险。在没有明确干预的情况下，血小板计数在如此短时间内下降幅度过大，不太合理。"
  ]
}