{
  "timestamp": "2025-12-25 11:43:35",
  "model_name": "gemma3:12b",
  "prediction_model_name": "qwen3:30b",
  "patient_id": "30835026",
  "input_description": "ICU住院编号 30835026，对应患者编号 11670720，60岁男性，体重95.0kg。监测持续时间为 0 小时（共 7 次测量，每4小时一次）：【生命体征】心率变化：[66.5, 66.5]（单位：次/分）收缩压变化：[78.33, 78.33]（单位：mmHg）舒张压变化：[50.67, 50.67]（单位：mmHg）体温变化：[N/A, N/A]（单位：℃）呼吸频率变化：[15.25, 15.25]（单位：次/分）血氧饱和度变化：[99.75, 99.75]（单位：%）平均动脉压变化：[59.89, 59.89]（单位：mmHg）【SOFA评分相关特征】氧合指数变化：[152.17, 152.17, 152.17, 152.17, 152.17, 152.17, 152.17]（单位：mmHg）机械通气使用情况：[0, 0, 0, 0, 0, 0, 0]（单位：）血小板计数变化：[41.0, 53.0, 71.0, 60.0, 60.0, 60.0, 60.0]（单位：×10³/μL）总胆红素变化：[6.0, 6.0, 6.0, 6.0, 6.0, 6.0, 6.0]（单位：mg/dL）血管活性药物使用剂量：[0.0, 0.0, 0.0, 0.0, 0.0, 0.0, 0.0]（单位：μg/kg/min）格拉斯哥昏迷评分变化：[15, 15, 15, 15, 15, 3, 3]（单位：分）血清肌酐变化：[2.2, 2.2, 2.2, 2.2, 2.2, 2.2, 2.2]（单位：mg/dL）尿量变化：[0.0, 0.0, 0.0, 0.0, 0.0, 200.0, 200.0]（单位：mL）【疾病评分】SOFA总分变化：[0, 0, 3, 2, 2, 12, 12]（单位：分）SIRS评分变化：[0, 0, 1, 0, 0, 0, 0]（单位：分）",
  "intervention": "无血管活性药物干预措施，建议密切监测血压和器官灌注，评估8小时内发生感染性休克的风险",
  "evaluator_trust": {
    "a": 0.8499999999999999,
    "counterfactual_runs": 3,
    "dynamic_confidence": 0.4415471727113289,
    "total_confidence": 0.7373268697945701
  },
  "prediction_trust": {
    "a": 0.8499999999999999,
    "counterfactual_runs": 3,
    "dynamic_confidence": 1.0,
    "total_confidence": 0.8263862081628464
  },
  "predicted_vital_signs": {
    "pao2_fio2_ratio": [
      250.0,
      240.0,
      230.0,
      220.0,
      210.0,
      200.0,
      190.0,
      180.0
    ],
    "platelet": [
      100.0,
      95.0,
      90.0,
      85.0,
      80.0,
      75.0,
      70.0,
      65.0
    ],
    "bilirubin_total": [
      1.5,
      1.7,
      1.9,
      2.1,
      2.3,
      2.5,
      2.7,
      2.9
    ],
    "vasopressor_rate": [
      0.0,
      0.0,
      0.0,
      0.0,
      0.0,
      0.0,
      0.0,
      0.0
    ],
    "gcs_total": [
      12.0,
      11.0,
      10.0,
      9.0,
      8.0,
      7.0,
      6.0,
      5.0
    ],
    "creatinine": [
      1.5,
      1.7,
      1.9,
      2.1,
      2.3,
      2.5,
      2.7,
      2.9
    ],
    "urine_output_ml": [
      1500.0,
      1400.0,
      1300.0,
      1200.0,
      1100.0,
      1000.0,
      900.0,
      800.0
    ],
    "mechanical_ventilation": [
      0.0,
      0.0,
      0.0,
      0.0,
      0.0,
      0.0,
      0.0,
      0.0
    ]
  },
  "confidence_score": 0.55,
  "evaluation": {
    "success": true,
    "model_output": "置信度评分：0.55\n\n**分析理由：**\n\n总体来看，预测的SOFA相关指标变化趋势在一定程度上符合临床改善的预期，但细节上存在一些不合理之处，降低了预测结果的置信度。\n\n**1. 数值范围的合理性：**\n\n*   **PaO2/FiO2 Ratio:** 预测值在250-190范围，这个范围是可能的，甚至表明氧合情况改善。然而，如此剧烈的变化在短期内，尤其是在没有机械通气支持的情况下，不太可能发生，需要谨慎评估。\n*   **Platelet:** 从100下降到65，这是一个较为显著的下降趋势。虽然可能发生，但在没有明确出血或其他原因的情况下，短时间内出现如此大范围的下降也需要进一步分析，可能需要与入院前血小板计数进行对比才能得出结论。\n*   **Bilirubin Total:** 从1.5上升到2.9，这是一个显著的上升。在没有明确肝脏疾病恶化的情况下，出现如此快速和大的胆红素升高，可能性较低。这可能暗示了潜在的肝脏损伤加重，需要仔细观察。\n*   **GCS Total:** 从12下降到5，这是一个快速且显著的下降。除非存在中枢神经系统（CNS）损伤的恶化，如此大的下降不太可能发生。GCS评分的下降需要与病人具体情况相符。\n*   **Creatinine:** 从1.5到2.9，这是一个相当大的增幅。这需要谨慎分析，可能提示肾功能恶化，需要进一步评估。\n*   **Urine Output:** 从1500 mL下降到800 mL，虽然尿量增加是一个良好的表现，但是如此大的下降需要确认是否是由于药物干预或者其他原因引起的。\n\n**2. 干预措施的预期效果与SOFA指标的变化一致性：**\n\n*   预测没有血管活性药物干预，但是各项指标的变化趋势并不完全一致，比如肌酐水平增加。这可能意味着虽然干预效果有，但不够显著，或者干预本身产生了副作用。\n*   PaO2/FiO2 ratio的改善可能与呼吸支持（如调整呼吸频率、潮气量）有关，但预测中未提及。\n\n**3. SOFA评分各组件之间的逻辑一致性：**\n\n*   呼吸功能和循环功能表现出改善，但肾功能表现出恶化。这种不协调需要进一步分析。\n*   GCS下降与整体病情恶化可能相关，需要检查是否存在潜在的神经系统问题。\n\n**4. 整体趋势的合理性：**\n\n*   总体趋势符合患者病情改善的预期，但部分指标的变化幅度过大，不够合理。\n*   肾功能恶化趋势与没有血管活性药物干预的预期不一致，需要进一步评估。\n\n**5. 数据单位统一性：**\n\n*   检查了各个指标的单位，没有发现明显单位错误。\n\n**6. 时间序列数据的合理性：**\n\n*   部分指标变化幅度过大，缺乏平滑性，时间序列数据不够合理。例如：PaO2/FiO2 ratio的变化幅度过大，肾功能的恶化缺乏平稳性。\n\n**7. 数值的精确度：**\n\n*   GCS总分的精确度为整数，与临床测量方式一致。其他指标的精确度尚可接受，但过高的精确度可能暗示了数据模拟的过度细节化。\n\n**具体问题：**\n\n*   **PaO2/FiO2 ratio:** 如此大的改善可能需要呼吸机支持。\n*   **Bilirubin Total:** 快速上升可能性低，可能提示肝脏疾病恶化。\n*   **GCS Total:** 快速下降需要详细检查神经系统状况。\n*   **Creatinine:** 需要进一步评估肾功能恶化的原因。\n*   **Urine Output:** 需要评估是否药物干预。\n\n\n\n**总结：** 预测结果部分合理，但存在一些不合理的数值和趋势，需要进一步验证。",
    "error": null
  },
  "key_reasons": [
    "总体来看，预测的SOFA相关指标变化趋势在一定程度上符合临床改善的预期，但细节上存在一些不合理之处，降低了预测结果的置信度。",
    "PaO2/FiO2 Ratio: 预测值在250-190范围，这个范围是可能的，甚至表明氧合情况改善。然而，如此剧烈的变化在短期内，尤其是在没有机械通气支持的情况下，不太可能发生，需要谨慎评估。",
    "Platelet: 从100下降到65，这是一个较为显著的下降趋势。虽然可能发生，但在没有明确出血或其他原因的情况下，短时间内出现如此大范围的下降也需要进一步分析，可能需要与入院前血小板计数进行对比才能得出结论。"
  ]
}