{
  "timestamp": "2025-12-25 11:27:37",
  "model_name": "gemma3:12b",
  "prediction_model_name": "gemma3:12b",
  "patient_id": "30315020",
  "input_description": "ICU住院编号 30315020，对应患者编号 11992186，56岁男性，体重87.05kg。监测持续时间为 0 小时（共 7 次测量，每4小时一次）：【生命体征】心率变化：[128.0, 128.0]（单位：次/分）收缩压变化：[78.14, 78.14]（单位：mmHg）舒张压变化：[64.86, 64.86]（单位：mmHg）体温变化：[98.3, 98.3]（单位：℃）呼吸频率变化：[21.71, 21.71]（单位：次/分）血氧饱和度变化：[98.57, 98.57]（单位：%）平均动脉压变化：[69.29, 69.29]（单位：mmHg）【SOFA评分相关特征】氧合指数变化：[219.23, 219.23, 219.23, 219.23, 219.23, 219.23, 219.23]（单位：mmHg）机械通气使用情况：[0, 0, 0, 0, 0, 0, 0]（单位：）血小板计数变化：[92.67, 119.67, 105.0, 105.0, 105.0, 105.0, 105.0]（单位：×10³/μL）总胆红素变化：[1.5, 1.9, 1.9, 1.9, 1.9, 1.9, 1.9]（单位：mg/dL）血管活性药物使用剂量：[0.0, 0.0, 0.0, 0.0, 0.0, 5.0, 5.0]（单位：μg/kg/min）格拉斯哥昏迷评分变化：[15, 15, 15, 15, 15, 10, 10]（单位：分）血清肌酐变化：[0.8, 0.8, 0.8, 0.8, 0.8, 0.8, 0.8]（单位：mg/dL）尿量变化：[0.0, 0.0, 0.0, 0.0, 0.0, 825.0, 825.0]（单位：mL）【疾病评分】SOFA总分变化：[0, 0, 0, 4, 1, 7, 7]（单位：分）SIRS评分变化：[0, 0, 0, 0, 1, 4, 4]（单位：分）",
  "intervention": "立即启动去甲肾上腺素输注，维持剂量为5.0μg·kg⁻¹·min⁻¹，剂量调整间隔4小时，密切监测血压和器官灌注，剂量呈递减趋势，提示血管反应性改善，评估8小时内发生感染性休克的风险",
  "evaluator_trust": {
    "a": 0.95,
    "counterfactual_runs": 1,
    "dynamic_confidence": 0.4200645938203228,
    "total_confidence": 0.7710503522715776
  },
  "prediction_trust": {
    "a": 0.95,
    "counterfactual_runs": 1,
    "dynamic_confidence": 0.4200645938203228,
    "total_confidence": 0.7710503522715776
  },
  "predicted_vital_signs": {
    "pao2_fio2_ratio": [
      220.0,
      240.0,
      260.0,
      280.0,
      300.0,
      320.0,
      340.0,
      360.0
    ],
    "platelet": [
      80.0,
      90.0,
      100.0,
      110.0,
      120.0,
      130.0,
      140.0,
      150.0
    ],
    "bilirubin_total": [
      2.8,
      2.6,
      2.4,
      2.2,
      2.0,
      1.8,
      1.6,
      1.4
    ],
    "vasopressor_rate": [
      5.0,
      4.5,
      4.0,
      3.5,
      3.0,
      2.5,
      2.0,
      1.5
    ],
    "gcs_total": [
      8.0,
      9.0,
      10.0,
      11.0,
      12.0,
      13.0,
      14.0,
      15.0
    ],
    "creatinine": [
      2.4,
      2.2,
      2.0,
      1.8,
      1.6,
      1.4,
      1.2,
      1.0
    ],
    "urine_output_ml": [
      600.0,
      800.0,
      1000.0,
      1200.0,
      1400.0,
      1600.0,
      1800.0,
      2000.0
    ],
    "mechanical_ventilation": [
      1.0,
      1.0,
      1.0,
      1.0,
      0.0,
      0.0,
      0.0,
      0.0
    ]
  },
  "confidence_score": 0.65,
  "evaluation": {
    "success": true,
    "model_output": "置信度评分：0.65\n\n**详细分析理由：**\n\n以下是对预测的SOFA相关指标数据合理性的分析，综合考虑了提出的所有因素：\n\n**1. 数值范围合理性：**\n\n*   **pao2_fio2_ratio:** 预测值在220.0-360.0之间。 考虑到患者最初的氧合指数为219.23，且启动了血管活性药物治疗并进行密切监测，此范围较为合理。较高的数值表明氧合状况改善。\n*   **platelet:** 预测值从80.0到150.0，这个范围对于血小板计数的变化是符合临床可能性的。早期数据是92.67，持续降低到80.0，在干预措施可能影响血小板生成的条件下，需要特别注意。 血小板计数低的患者容易出血，需要密切关注。\n*   **bilirubin_total:** 预测值从2.8到1.4 mg/dL。 最初的总胆红素为1.9 mg/dL，数值的减少趋势合理，但从2.8下降到1.4需要考虑肝功能的改善程度。如果肝脏功能没有明显改善，这些数值可能不现实。\n*   **vasopressor_rate:** 预测值从5.0到1.5 μg/kg/min。与“剂量呈递减趋势”的干预措施一致，符合预期。\n*   **gcs_total:** 预测值从8.0到15.0。  GCS评分从15降低到10，再恢复到15，符合患者意识状态改善的逻辑，虽然8.0略低，需要确认初始GCS是否准确记录。\n*   **creatinine:** 预测值从2.4到1.0 mg/dL。最初肌酐为0.8，预测值从2.4到1.0略微夸张，肌酐降低的速度比实际情况要快。\n*   **urine_output_ml:** 预测值从600.0到2000.0 ml。尿量从0上升到825ml，然后持续增加到2000ml 略有不合理，在短时间内出现如此显著的增加可能性较低，需要考虑是否可能存在记录误差或者其他影响因素。\n*   **mechanical_ventilation:** 预测值从1.0到0.0 0，与“立即启动去甲肾上腺素输注，维持剂量为5.0μg·kg⁻¹·min⁻¹，剂量调整间隔4小时”描述的一致，但需要确认是否需要机械通气。\n\n**2. 干预措施与指标变化逻辑一致性：**\n\n*   血管活性药物使用剂量递减，这应导致血压、平均动脉压和心率的改善。预测结果中这几项指标没有明确显示，可能需要加入到预测结果中。\n*   对去甲肾上腺素使用，预期改善氧合，这与 pAO2/FiO2 比率的增加一致。\n*   预期的 GCS 改善与血管活性药物使用和潜在的意识恢复一致。\n\n**3. 各SOFA组件间的逻辑一致性：**\n\n*   呼吸功能（pAO2/FiO2）改善与循环功能（血管活性药物使用）的改善可能相关。\n*   肾功能（肌酐和尿量）的改善应与循环灌注的改善相关。\n*   肝功能（胆红素）的改善可能需要更长的时间，或者可能与整体改善不一致。\n\n**4. 整体趋势：**\n\n整体趋势是患者的病情逐渐改善，这符合临床预期。然而，某些指标的变化速度显得过于迅速或幅度过大，与实际情况可能不符。\n\n**5. 单位问题：** 所有指标似乎都使用了正确的单位，这是一个积极的方面。\n\n**6. 时间序列数据合理性：** 肌酐和尿量变化过于迅速，血小板计数变化也较为明显，需要进一步的观察和验证。\n\n**7. 数值精确度：** 在许多情况下，精确度似乎过高（例如，胆红素精确到小数点后1位）。在临床实践中，精确度通常较低。\n\n**8. 主要问题和改进建议：**\n\n*   **肌酐和尿量:** 肾脏功能的恢复速度可能过快，建议调整预测值。\n*   **胆红素:** 肝脏疾病的改善通常需要更长的时间。\n*   **血小板计数:** 需要考虑初始血小板计数较低，需要进一步监测。\n*   **单位:** 统一精确度，避免出现小数点后多位数字。\n*   **缺少数据:** 缺少血压、心率等关键生命体征的变化，建议加入。\n*   **初始值问题:** 建议确认各指标的初始值是否准确。\n*   **病理原因:** 考虑到患者的情况，建议考虑病理原因对各项指标的影响。\n\n总之，预测结果在整体上符合临床预期，但存在一些细节上的问题，需要进一步的调整和验证。 需要更深入的理解患者的病情，并结合临床经验来评估预测结果的合理性。 建议在临床实践中对预测结果进行持续的监测和评估，以便及时发现和纠正潜在的错误。",
    "error": null
  },
  "key_reasons": [
    "以下是对预测的SOFA相关指标数据合理性的分析，综合考虑了提出的所有因素：",
    "pao2_fio2_ratio: 预测值在220.0-360.0之间。 考虑到患者最初的氧合指数为219.23，且启动了血管活性药物治疗并进行密切监测，此范围较为合理。较高的数值表明氧合状况改善。",
    "platelet: 预测值从80.0到150.0，这个范围对于血小板计数的变化是符合临床可能性的。早期数据是92.67，持续降低到80.0，在干预措施可能影响血小板生成的条件下，需要特别注意。 血小板计数低的患者容易出血，需要密切关注。"
  ]
}