{
  "timestamp": "2025-12-25 13:33:12",
  "model_name": "gemma3:12b",
  "prediction_model_name": "gemma3:12b",
  "patient_id": "32154852",
  "input_description": "ICU住院编号 32154852，对应患者编号 12653149，47岁男性，体重64.55kg。监测持续时间为 0 小时（共 7 次测量，每4小时一次）：【生命体征】心率变化：[107.0, 107.0]（单位：次/分）收缩压变化：[100.33, 100.33]（单位：mmHg）舒张压变化：[80.33, 80.33]（单位：mmHg）体温变化：[99.2, 99.2]（单位：℃）呼吸频率变化：[24.33, 24.33]（单位：次/分）血氧饱和度变化：[100.0, 100.0]（单位：%）平均动脉压变化：[87.0, 87.0]（单位：mmHg）【SOFA评分相关特征】氧合指数变化：[353.0, 353.0, 353.0, 353.0, 353.0, 353.0, 353.0]（单位：mmHg）机械通气使用情况：[0, 0, 0, 0, 0, 0, 0]（单位：）血小板计数变化：[226.0, 197.5, 90.33, 46.25, 46.25, 46.25, 46.25]（单位：×10³/μL）总胆红素变化：[22.2, 3.3, 3.3, 3.3, 3.3, 3.3, 3.3]（单位：mg/dL）血管活性药物使用剂量：[0.0, 0.0, 0.0, 0.0, 0.0, 0.0, 0.0]（单位：μg/kg/min）格拉斯哥昏迷评分变化：[15, 15, 15, 15, 15, 15, 15]（单位：分）血清肌酐变化：[1.0, 1.2, 1.2, 1.2, 1.2, 1.2, 1.2]（单位：mg/dL）尿量变化：[0.0, 0.0, 0.0, 0.0, 0.0, 150.0, 150.0]（单位：mL）【疾病评分】SOFA总分变化：[0, 5, 0, 0, 2, 7, 7]（单位：分）SIRS评分变化：[0, 0, 0, 1, 1, 3, 3]（单位：分）",
  "intervention": "无血管活性药物干预措施，建议密切监测血压和器官灌注，评估8小时内发生感染性休克的风险",
  "evaluator_trust": {
    "a": 0.34999999999999964,
    "counterfactual_runs": 13,
    "dynamic_confidence": 0.49492465165603317,
    "total_confidence": 0.5980341740008388
  },
  "prediction_trust": {
    "a": 0.34999999999999964,
    "counterfactual_runs": 13,
    "dynamic_confidence": 0.49492465165603317,
    "total_confidence": 0.5980341740008388
  },
  "predicted_vital_signs": {
    "pao2_fio2_ratio": [
      280.0,
      250.0,
      220.0,
      190.0,
      160.0,
      130.0,
      100.0,
      70.0
    ],
    "platelet": [
      120.0,
      100.0,
      80.0,
      60.0,
      40.0,
      20.0,
      10.0,
      5.0
    ],
    "bilirubin_total": [
      1.5,
      2.0,
      2.5,
      3.0,
      3.5,
      4.0,
      4.5,
      5.0
    ],
    "vasopressor_rate": [
      0.0,
      0.0,
      0.1,
      0.2,
      0.3,
      0.4,
      0.5,
      0.6
    ],
    "gcs_total": [
      14.0,
      13.0,
      12.0,
      11.0,
      10.0,
      9.0,
      8.0,
      7.0
    ],
    "creatinine": [
      1.1,
      1.3,
      1.5,
      1.7,
      1.9,
      2.1,
      2.3,
      2.5
    ],
    "urine_output_ml": [
      1800.0,
      1600.0,
      1400.0,
      1200.0,
      1000.0,
      800.0,
      600.0,
      400.0
    ],
    "mechanical_ventilation": [
      0.0,
      0.0,
      1.0,
      1.0,
      1.0,
      1.0,
      1.0,
      1.0
    ]
  },
  "confidence_score": 0.65,
  "evaluation": {
    "success": true,
    "model_output": "置信度评分：0.65\n\n**详细分析理由：**\n\n总体而言，预测的SOFA相关指标变化趋势反映了一定程度的疾病恶化，随后逐步改善的预期，这与“评估8小时内发生感染性休克的风险”的干预背景相符。然而，预测数值和变化幅度存在一些问题，导致置信度降低。下面分各个指标进行详细分析：\n\n**1. 呼吸功能 (PaO2/FiO2 Ratio):**\n\n* **合理性：** 预测值从280.0下降到70.0，趋势符合PaO2/FiO2 ratio在感染性休克中恶化的情况。但具体数值的下降速度有些过快，尤其是在最初几个时间点，需要观察临床观察记录的真实性。\n* **单位：** 无需单位转换，PaO2/FiO2 Ratio本身是一个比例，单位是mmHg/%。\n* **精确度：** 预测值精确度略高，实际临床中PaO2/FiO2 Ratio波动会受到多种因素影响，预测值可以更加粗略。\n\n**2. 血小板计数 (Platelet):**\n\n* **合理性：** 预测值从120.0下降到5.0，下降幅度过大，不符合临床实际，通常血小板计数不会下降到如此低的水平。  感染性休克可能导致血小板减少，但快速下降到5.0的可能性较低，需要仔细考察数据来源。\n* **单位：** 无需单位转换，单位是×10³/μL。\n* **精确度：**  精确度过高，实际临床中血小板计数波动会受到多种因素影响。\n\n**3. 总胆红素 (Total Bilirubin):**\n\n* **合理性：** 预测值从1.5上升到5.0，趋势符合感染性休克导致肝功能受损的预期。上升速度稍快，但总体符合逻辑。\n* **单位：** 无需单位转换，单位是mg/dL。\n* **精确度：**  精确度过高。\n\n**4. 血管活性药物使用剂量 (Vasopressor Rate):**\n\n* **合理性：** 预测值从0.0上升到0.6，符合感染性休克时需要使用血管活性药物支持血压的逻辑。上升速度逐渐加快，也比较合理。\n* **单位：** 无需单位转换，单位是μg/kg/min。\n\n**5. 格拉斯哥昏迷评分 (GCS Total):**\n\n* **合理性：** 预测值从14.0下降到7.0，下降幅度过大，暗示神经功能严重受损，通常与感染性休克不一致。 感染性休克可能导致意识模糊，但快速下降到7.0的可能性较低。\n* **单位：** 无需单位转换，单位是分。\n* **精确度：**  精确度过高。\n\n**6. 血清肌酐 (Creatinine):**\n\n* **合理性：** 预测值从1.1上升到2.5，符合感染性休克导致肾功能受损的预期。 上升速度偏快。\n* **单位：** 无需单位转换，单位是mg/dL。\n* **精确度：**  精确度过高。\n\n**7. 尿量 (Urine Output ml):**\n\n* **合理性：** 预测值从1800.0下降到400.0，符合感染性休克导致肾功能受损和脱水的预期。 下降速度快，在早期的脱水状态下较为合理。\n* **单位：** 无需单位转换，单位是mL。\n* **精确度：**  精确度略高。\n\n**8. 机械通气 (Mechanical Ventilation):**\n\n* **合理性：** 预测值从0.0上升到1.0，符合感染性休克时可能需要机械通气支持呼吸功能的逻辑。\n* **单位：** 无需单位转换，0代表未使用，1代表已使用。\n\n**整体评估：**\n\n1. **时间序列数据的合理性:** 部分指标的时间序列变化幅度过大，不符合临床实际，导致预测结果的可靠性降低。\n2. **逻辑一致性:**  预测的GCS下降幅度过大，与整体感染性休克的临床表现不太一致。 Platelet下降幅度过大，也与实际情况不符。\n3. **精确度:** 大部分预测值精确度过高，缺乏临床数据的粗略性。\n4. **单位:** 所有指标单位均正确。\n\n**总结:**\n\n预测总体趋势与感染性休克的临床背景一致，但具体数值和变化幅度存在较大问题，需要进一步核实数据来源，并调整预测模型。 部分数据预测过精确。 这些因素导致置信度较低。 需要对数据进行更深入的分析和验证，以确保预测结果的准确性和可靠性。",
    "error": null
  },
  "key_reasons": [
    "总体而言，预测的SOFA相关指标变化趋势反映了一定程度的疾病恶化，随后逐步改善的预期，这与“评估8小时内发生感染性休克的风险”的干预背景相符。然而，预测数值和变化幅度存在一些问题，导致置信度降低。下面分各个指标进行详细分析：",
    "合理性： 预测值从280.0下降到70.0，趋势符合PaO2/FiO2 ratio在感染性休克中恶化的情况。但具体数值的下降速度有些过快，尤其是在最初几个时间点，需要观察临床观察记录的真实性。",
    "单位： 无需单位转换，PaO2/FiO2 Ratio本身是一个比例，单位是mmHg/%。"
  ]
}