{
  "timestamp": "2025-12-25 13:39:39",
  "model_name": "gemma3:12b",
  "prediction_model_name": "gemma3:12b",
  "patient_id": "32675591",
  "input_description": "ICU住院编号 32675591，对应患者编号 18455034，65岁女性，体重60.8kg。监测持续时间为 0 小时（共 7 次测量，每4小时一次）：【生命体征】心率变化：[131.5, 131.5]（单位：次/分）收缩压变化：[102.0, 102.0]（单位：mmHg）舒张压变化：[78.5, 78.5]（单位：mmHg）体温变化：[99.5, 99.5]（单位：℃）呼吸频率变化：[18.5, 18.5]（单位：次/分）血氧饱和度变化：[99.5, 99.5]（单位：%）平均动脉压变化：[86.33, 86.33]（单位：mmHg）【SOFA评分相关特征】氧合指数变化：[158.79, 158.79, 158.79, 158.79, 158.79, 158.79, 158.79]（单位：mmHg）机械通气使用情况：[0, 0, 0, 0, 0, 0, 0]（单位：）血小板计数变化：[157.0, 157.0, 157.0, 157.0, 157.0, 157.0, 157.0]（单位：×10³/μL）总胆红素变化：[0.6, 0.6, 0.6, 0.6, 0.6, 0.6, 0.6]（单位：mg/dL）血管活性药物使用剂量：[0.0, 0.0, 0.0, 0.0, 0.0, 0.05, 0.05]（单位：μg/kg/min）格拉斯哥昏迷评分变化：[15, 15, 15, 15, 15, 10, 10]（单位：分）血清肌酐变化：[0.8, 0.8, 0.8, 0.8, 0.8, 0.8, 0.8]（单位：mg/dL）尿量变化：[0.0, 0.0, 0.0, 0.0, 0.0, 25.0, 25.0]（单位：mL）【疾病评分】SOFA总分变化：[0, 0, 0, 0, 0, 5, 5]（单位：分）SIRS评分变化：[0, 0, 0, 0, 0, 3, 3]（单位：分）",
  "intervention": "立即启动去甲肾上腺素输注，初始剂量为0.1μg·kg⁻¹·min⁻¹，根据血压反应调整至最大0.06μg·kg⁻¹·min⁻¹，剂量调整间隔4小时，密切监测血压和器官灌注，评估8小时内发生感染性休克的风险",
  "evaluator_trust": {
    "a": 0.29999999999999966,
    "counterfactual_runs": 14,
    "dynamic_confidence": 0.48567690117120177,
    "total_confidence": 0.5768308168979133
  },
  "prediction_trust": {
    "a": 0.29999999999999966,
    "counterfactual_runs": 14,
    "dynamic_confidence": 0.48567690117120177,
    "total_confidence": 0.5768308168979133
  },
  "predicted_vital_signs": {
    "pao2_fio2_ratio": [
      250.0,
      230.0,
      210.0,
      190.0,
      170.0,
      150.0,
      130.0,
      110.0
    ],
    "platelet": [
      180.0,
      160.0,
      140.0,
      120.0,
      100.0,
      80.0,
      60.0,
      40.0
    ],
    "bilirubin_total": [
      1.5,
      2.0,
      2.5,
      3.0,
      3.5,
      4.0,
      4.5,
      5.0
    ],
    "vasopressor_rate": [
      0.1,
      0.2,
      0.3,
      0.4,
      0.5,
      0.6,
      0.7,
      0.8
    ],
    "gcs_total": [
      12.0,
      11.0,
      9.0,
      7.0,
      6.0,
      5.0,
      4.0,
      3.0
    ],
    "creatinine": [
      1.0,
      1.5,
      2.0,
      2.5,
      3.0,
      2.8,
      2.6,
      2.4
    ],
    "urine_output_ml": [
      1500.0,
      1200.0,
      900.0,
      600.0,
      300.0,
      100.0,
      0.0,
      0.0
    ],
    "mechanical_ventilation": [
      0.0,
      0.0,
      1.0,
      1.0,
      1.0,
      1.0,
      1.0,
      1.0
    ]
  },
  "confidence_score": 0.45,
  "evaluation": {
    "success": true,
    "model_output": "置信度评分：0.45\n\n**分析理由：**\n\n整体而言，预测的SOFA相关指标变化趋势在一定程度上符合感染性休克治疗的逻辑，但存在诸多不合理和不符合临床现实的预测，导致置信度较低。以下将分项分析，并说明不合理之处：\n\n**1. 数值范围合理性：**\n\n* **PaO2/FiO2 Ratio:** 从250.0下降到130.0，再下降到110.0，这在短期内很难实现。尽管病情恶化可能导致此比例下降，但如此大的下降范围，即使是严重的呼吸功能障碍，也比较罕见，需要评估是否为模型过度拟合。\n* **Platelet (血小板):** 从180.0下降到40.0，这表明存在极严重的血小板减少。虽然感染性休克可能导致DIC（弥漫性血管内凝血），引起血小板下降，但如此迅速和大幅的下降是不太可能的。通常血小板减少是一个渐进的过程。\n* **Bilirubin Total (总胆红素):** 从1.5上升到5.0，这意味着肝功能发生了显著恶化。虽然感染性休克可能对肝脏造成损害，但如此迅速和大幅的升高在短期内不太可能。\n* **Vasopressor Rate (血管活性药物使用剂量):** 从0.1升至0.8，这意味着血管活性药物的剂量持续增加。虽然早期阶段可能需要增加剂量，但如此大幅度增加，且没有出现任何改善，表明病情恶化严重，这在短期内不太可能实现。\n* **GCS Total (格拉斯哥昏迷评分):** 从12.0降到3.0，意味着患者意识水平急剧下降。这可能发生，但如此剧烈的下降表明患者病情极度危重，通常伴随其他严重的神经系统并发症，需要仔细评估其合理性。\n* **Creatinine (肌酐):** 从1.0上升到3.0，随后略有下降，表明肾功能正在恶化，这与休克和血管活性药物的使用一致。但如此大的升幅需要谨慎评估，并考虑是否存在其他肾损伤因素。\n* **Urine Output (尿量):** 先上升到1500.0，然后迅速下降到0.0， 这在临床上不太可能。尿量增加通常伴随其它指标的改善，而尿量完全丧失提示肾功能严重损害，但短期内尿量从1500降至0需要考虑多种因素，且过程可能更加平缓。\n* **Mechanical Ventilation (机械通气):** 从0.0转为1.0，表明需要进行机械通气支持。这与病情恶化一致，但初始阶段需要评估通气的必要性和原因。\n\n**2. 干预措施与SOFA指标趋势的逻辑一致性：**\n\n* 去甲肾上腺素的目的是改善循环功能。但预测结果显示，PaO2/FiO2 Ratio继续下降，Platelet继续下降，表明去甲肾上腺素的改善效果可能不足，或者存在其他未被干预的因素。\n\n**3. SOFA评分各组件之间的逻辑一致性：**\n\n* **呼吸功能（PaO2/FiO2 Ratio）与循环功能（Platelet, Vasopressor Rate）不协调:**  PaO2/FiO2 Ratio持续下降，说明呼吸功能恶化，但 Platelet下降和 Vasopressor Rate增加，则暗示循环功能持续恶化，没有得到有效改善。通常情况下，呼吸功能改善应伴随着循环功能的改善。\n* **肾功能（Creatinine, Urine Output）与循环功能不协调:** 循环功能恶化会导致肾功能受损，尿量减少。但预测结果显示，尿量先大幅增加，后迅速下降，与肾功能受损过程不一致。\n\n**4. 整体趋势与临床预期：**\n\n* 虽然感染性休克治疗的目标是改善患者的病情，但预测结果显示，许多指标都在持续恶化，这与临床预期不符。\n\n**5. 数据单位:**\n\n* 所有指标的单位看起来是正确的，没有发现明显的单位错误。\n\n**6. 时间序列数据的合理性：**\n\n* 时间序列数据的变化幅度过大，存在不合理的突变，例如PaO2/FiO2 Ratio、Platelet、Bilirubin Total、Urine Output等指标的剧烈波动。\n\n**7. 数值的精确度:**\n\n*  一些指标的精确度不合理，例如 Urine Output 精确到个位数，这在临床上通常是不可行的。\n\n**总结：**\n\n模型对SOFA相关指标的预测在一定程度上捕捉了感染性休克治疗的逻辑，但数据波动过大，缺乏临床合理性，且干预措施的改善效果预测不足，导致置信度较低。需要对模型的输入、参数和预测算法进行进一步的调整和优化，才能提高预测的准确性和可靠性。",
    "error": null
  },
  "key_reasons": [
    "整体而言，预测的SOFA相关指标变化趋势在一定程度上符合感染性休克治疗的逻辑，但存在诸多不合理和不符合临床现实的预测，导致置信度较低。以下将分项分析，并说明不合理之处：",
    "PaO2/FiO2 Ratio: 从250.0下降到130.0，再下降到110.0，这在短期内很难实现。尽管病情恶化可能导致此比例下降，但如此大的下降范围，即使是严重的呼吸功能障碍，也比较罕见，需要评估是否为模型过度拟合。",
    "Platelet (血小板): 从180.0下降到40.0，这表明存在极严重的血小板减少。虽然感染性休克可能导致DIC（弥漫性血管内凝血），引起血小板下降，但如此迅速和大幅的下降是不太可能的。通常血小板减少是一个渐进的过程。"
  ]
}