{
  "timestamp": "2025-12-29 16:52:35",
  "model_name": "gemma3:12b",
  "prediction_model_name": "deepseek-r1:32b",
  "patient_id": "39816062",
  "input_description": "ICU住院编号 39816062，对应患者编号 17911943，19岁男性，体重73.0kg。监测持续时间为 0 小时（共 7 次测量，每4小时一次）：【生命体征】心率变化：[86.33, 86.33]（单位：次/分）收缩压变化：[78.0, 78.0]（单位：mmHg）舒张压变化：[62.0, 62.0]（单位：mmHg）体温变化：[98.75, 98.75]（单位：℃）呼吸频率变化：[17.67, 17.67]（单位：次/分）血氧饱和度变化：[100.0, 100.0]（单位：%）平均动脉压变化：[67.33, 67.33]（单位：mmHg）【SOFA评分相关特征】氧合指数变化：[311.17, 311.17, 311.17, 311.17, 311.17, 311.17, 311.17]（单位：mmHg）机械通气使用情况：[0, 0, 0, 0, 0, 0, 0]（单位：）血小板计数变化：[75.0, 109.0, 109.0, 109.0, 109.0, 109.0, 109.0]（单位：×10³/μL）总胆红素变化：[1.6, 1.6, 1.6, 1.6, 1.6, 1.6, 1.6]（单位：mg/dL）血管活性药物使用剂量：[0.0, 0.0, 0.0, 0.0, 0.0, 0.0, 0.0]（单位：μg/kg/min）格拉斯哥昏迷评分变化：[15, 15, 15, 15, 15, 15, 15]（单位：分）血清肌酐变化：[1.1, 1.1, 1.1, 1.1, 1.1, 1.1, 1.1]（单位：mg/dL）尿量变化：[0.0, 0.0, 0.0, 0.0, 0.0, 240.0, 240.0]（单位：mL）【疾病评分】SOFA总分变化：[0, 0, 0, 0, 2, 5, 5]（单位：分）SIRS评分变化：[0, 0, 0, 0, 1, 2, 2]（单位：分）",
  "intervention": "立即启动去甲肾上腺素输注，维持剂量为10.0μg·kg⁻¹·min⁻¹，剂量调整间隔2小时，密切监测血压和器官灌注，剂量呈递增趋势，提示血管反应性下降，评估8小时内发生感染性休克的风险",
  "evaluator_trust": {
    "a": 0.2,
    "counterfactual_runs": 17,
    "dynamic_confidence": 0.1988714490023766,
    "total_confidence": 0.31700181658728266
  },
  "prediction_trust": {
    "a": 0.2,
    "counterfactual_runs": 17,
    "dynamic_confidence": 0.22411644898142716,
    "total_confidence": 0.3366568477437186
  },
  "predicted_vital_signs": {
    "pao2_fio2_ratio": [
      300.0,
      290.0,
      280.0,
      270.0,
      260.0,
      250.0,
      240.0,
      230.0
    ],
    "platelet": [
      140.0,
      130.0,
      120.0,
      110.0,
      100.0,
      90.0,
      80.0,
      70.0
    ],
    "bilirubin_total": [
      1.5,
      1.6,
      1.7,
      1.8,
      1.9,
      2.0,
      2.1,
      2.2
    ],
    "vasopressor_rate": [
      10.0,
      11.0,
      12.0,
      13.0,
      14.0,
      15.0,
      16.0,
      17.0
    ],
    "gcs_total": [
      13.0,
      12.0,
      11.0,
      10.0,
      9.0,
      8.0,
      7.0,
      6.0
    ],
    "creatinine": [
      1.5,
      1.6,
      1.7,
      1.8,
      1.9,
      2.0,
      2.1,
      2.2
    ],
    "urine_output_ml": [
      1800.0,
      1600.0,
      1400.0,
      1200.0,
      1000.0,
      800.0,
      600.0,
      400.0
    ],
    "mechanical_ventilation": [
      0.0,
      0.0,
      0.0,
      0.0,
      1.0,
      1.0,
      1.0,
      1.0
    ]
  },
  "confidence_score": 0.55,
  "evaluation": {
    "success": true,
    "model_output": "置信度评分：0.55\n\n**详细分析：**\n\n**1. 数值合理性评估:**\n\n*   **PAO2/FiO2 Ratio:** 预测范围300.0 到 240.0 是合理的。虽然初始值较高，但在去甲肾上腺素支持下，呼吸功能可能会逐渐改善。 但降到240.0 需要密切关注是否需要机械通气支持，且初始高值是否准确。\n*   **Platelet:** 从140.0 降到 70.0 是**不太合理**的。去甲肾上腺素可能对血小板有一定影响，但降幅如此之大，应该考虑到其他可能导致血小板减少的原因 (如DIC、药物等)，需要进一步评估和干预。初始值140.0本身也略高，需要确认是否准确。\n*   **Bilirubin_Total:** 从1.5 到 2.2 的缓慢升高是合理的，肝脏功能受损可能与整体病情有关。这是一个缓慢变化的过程，符合预期。\n*   **Vasopressor_Rate:**  从 10.0 到 17.0 的递增符合预期。血管反应性下降提示需要增加药物剂量，去甲肾上腺素的逐渐递增是应对血管功能障碍的策略。\n*   **GCS_Total:** 从 13.0 降到 6.0 是**非常不合理**的。GCS下降表明神经功能受损，去甲肾上腺素应能改善脑部灌注，使其上升，下降如此之多意味着其他严重的问题，例如颅内压升高，需要立刻评估。\n*   **Creatinine:** 从 1.5 到 2.2 的缓慢升高是合理的，肾脏功能可能受到病情的影响，并且需要监测。\n*   **Urine_Output_ML:** 从 1800.0 到 400.0 的大幅下降**不合理**。虽然药物和肾功能受损会影响尿量，但如此大的下降是需要警惕肾功能严重受损的信号，需要进行评估和干预。\n*   **Mechanical Ventilation:**  在第5个时间点开始使用机械通气是合理的，因为病人呼吸功能逐渐恶化。\n\n**2. 干预措施与SOFA指标逻辑一致性:**\n\n*   去甲肾上腺素的递增与血管活性药物使用剂量相符，但GCS和尿量下降与期望的改善方向不一致。\n\n**3. SOFA 组件间逻辑一致性:**\n\n*   呼吸功能 (PAO2/FiO2 Ratio) 和循环功能 (Vasopressor Rate) 之间存在一定的关联，去甲肾上腺素的增加应该对呼吸功能有一定改善。 但呼吸和神经功能（GCS）的趋势不一致。\n*   循环功能（Vasopressor Rate）与肾功能（Creatinine, Urine Output）之间存在一定的联系，但尿量大幅下降是需要警惕的信号。\n\n**4. 整体趋势:**\n\n*   整体趋势是预期的恶化，这与预期需要逐渐改善的趋势不符。\n\n**5. 数据单位:**\n\n*   所有数据单位看起来都合理，无明显错误。\n\n**6. 时间序列合理性:**\n\n*   相邻时间点之间的变化幅度**不合理**。特别是在GCS和尿量方面，变化幅度过大，缺乏临床现实。\n\n**7. 数值精确度:**\n\n*   体温精确到小数点后1位是合理的，但血压保持整数是合适的。\n\n**总结:**\n\n预测的SOFA相关指标变化趋势在整体上与临床预期存在较大偏差，特别是在 GCS 和尿量方面，预测结果与预期改善方向不一致，且变化幅度过大。Platelet大幅下降，需要进一步评估原因。 这些不合理的变化降低了预测结果的可信度。 建议重新评估预测模型和输入数据，并考虑到其他可能影响患者病情变化的因素。",
    "error": null
  },
  "key_reasons": [
    "Platelet: 从140.0 降到 70.0 是不太合理的。去甲肾上腺素可能对血小板有一定影响，但降幅如此之大，应该考虑到其他可能导致血小板减少的原因 (如DIC、药物等)，需要进一步评估和干预。初始值140.0本身也略高，需要确认是否准确。",
    "Mechanical Ventilation:  在第5个时间点开始使用机械通气是合理的，因为病人呼吸功能逐渐恶化。",
    "预测的SOFA相关指标变化趋势在整体上与临床预期存在较大偏差，特别是在 GCS 和尿量方面，预测结果与预期改善方向不一致，且变化幅度过大。Platelet大幅下降，需要进一步评估原因。 这些不合理的变化降低了预测结果的可信度。 建议重新评估预测模型和输入数据，并考虑到其他可能影响患者病情变化的因素。"
  ]
}