{
  "timestamp": "2025-12-25 11:42:12",
  "model_name": "gemma3:12b",
  "prediction_model_name": "deepseek-r1:32b",
  "patient_id": "30835026",
  "input_description": "ICU住院编号 30835026，对应患者编号 11670720，60岁男性，体重95.0kg。监测持续时间为 0 小时（共 7 次测量，每4小时一次）：【生命体征】心率变化：[66.5, 66.5]（单位：次/分）收缩压变化：[78.33, 78.33]（单位：mmHg）舒张压变化：[50.67, 50.67]（单位：mmHg）体温变化：[N/A, N/A]（单位：℃）呼吸频率变化：[15.25, 15.25]（单位：次/分）血氧饱和度变化：[99.75, 99.75]（单位：%）平均动脉压变化：[59.89, 59.89]（单位：mmHg）【SOFA评分相关特征】氧合指数变化：[152.17, 152.17, 152.17, 152.17, 152.17, 152.17, 152.17]（单位：mmHg）机械通气使用情况：[0, 0, 0, 0, 0, 0, 0]（单位：）血小板计数变化：[41.0, 53.0, 71.0, 60.0, 60.0, 60.0, 60.0]（单位：×10³/μL）总胆红素变化：[6.0, 6.0, 6.0, 6.0, 6.0, 6.0, 6.0]（单位：mg/dL）血管活性药物使用剂量：[0.0, 0.0, 0.0, 0.0, 0.0, 0.0, 0.0]（单位：μg/kg/min）格拉斯哥昏迷评分变化：[15, 15, 15, 15, 15, 3, 3]（单位：分）血清肌酐变化：[2.2, 2.2, 2.2, 2.2, 2.2, 2.2, 2.2]（单位：mg/dL）尿量变化：[0.0, 0.0, 0.0, 0.0, 0.0, 200.0, 200.0]（单位：mL）【疾病评分】SOFA总分变化：[0, 0, 3, 2, 2, 12, 12]（单位：分）SIRS评分变化：[0, 0, 1, 0, 0, 0, 0]（单位：分）",
  "intervention": "无血管活性药物干预措施，建议密切监测血压和器官灌注，评估8小时内发生感染性休克的风险",
  "evaluator_trust": {
    "a": 0.8499999999999999,
    "counterfactual_runs": 3,
    "dynamic_confidence": 0.4415471727113289,
    "total_confidence": 0.7373268697945701
  },
  "prediction_trust": {
    "a": 0.8499999999999999,
    "counterfactual_runs": 3,
    "dynamic_confidence": 0.5380724229573974,
    "total_confidence": 0.7495065398175614
  },
  "predicted_vital_signs": {
    "pao2_fio2_ratio": [
      280.0,
      260.0,
      240.0,
      220.0,
      190.0,
      170.0,
      150.0,
      130.0
    ],
    "platelet": [
      120.0,
      110.0,
      100.0,
      90.0,
      80.0,
      70.0,
      60.0,
      50.0
    ],
    "bilirubin_total": [
      1.4,
      1.6,
      1.8,
      2.0,
      2.3,
      2.5,
      2.7,
      3.0
    ],
    "vasopressor_rate": [
      0.0,
      0.1,
      0.2,
      0.3,
      0.4,
      0.6,
      0.8,
      1.0
    ],
    "gcs_total": [
      13.0,
      12.0,
      11.0,
      10.0,
      9.0,
      8.0,
      7.0,
      6.0
    ],
    "creatinine": [
      1.4,
      1.5,
      1.6,
      1.8,
      2.0,
      2.3,
      2.5,
      2.8
    ],
    "urine_output_ml": [
      1800.0,
      1600.0,
      1400.0,
      1200.0,
      1000.0,
      800.0,
      600.0,
      400.0
    ],
    "mechanical_ventilation": [
      0.0,
      0.0,
      0.0,
      0.0,
      1.0,
      1.0,
      1.0,
      1.0
    ]
  },
  "confidence_score": 0.65,
  "evaluation": {
    "success": true,
    "model_output": "置信度评分：0.65\n\n**详细分析及合理性评估：**\n\n以下将逐项分析预测的SOFA相关指标数据，评估其合理性，并给出理由。\n\n**1. 各项SOFA相关指标数值是否在合理的医学范围内：**\n\n*   **pao2_fio2_ratio (PaO2/FiO2):** 预测范围为 130 - 280。这是一个合理的范围，反映了从轻度肺功能受损到相对较好的氧合情况。虽然280偏高，但考虑到预测的干预措施（可能是改善氧合），这个数值不算完全离谱，但需谨慎评估。\n*   **platelet (血小板):** 预测范围为 50 - 120。血小板计数下降是脓毒症和感染性休克的常见表现，预期的升高趋势较为合理，但从50上升到120的幅度在短期内可能相对较快，需考虑干预措施的具体方法。\n*   **bilirubin_total (总胆红素):** 预测范围为 1.4 - 3.0 mg/dL。胆红素升高可能与肝脏功能受损有关。预测升高趋势在脓毒症背景下是合理的，但幅度需要根据肝功能受损的程度来判断。\n*   **vasopressor_rate (血管活性药物使用剂量):** 预测范围为 0.0 - 1.0 μg/kg/min。血管活性药物使用量的增加表明循环功能恶化，需要药物支持，这是脓毒症管理中常见的场景。\n*   **gcs_total (格拉斯哥昏迷评分):** 预测范围为 6 - 5。昏迷评分下降可能反映患者意识状态恶化。虽然下降幅度大，但需要考虑潜在的神经系统功能受损。\n*   **creatinine (肌酐):** 预测范围为 1.4 - 2.8 mg/dL。肌酐升高表明肾功能受损。在脓毒症背景下，肾功能受损是常见的并发症。\n*   **urine_output_ml (尿量):** 预测范围为 400 - 1800 ml。 尿量一开始高，后来下降，这可能是因为肾脏灌注改善后导致尿量增加，随后肾功能持续受损，或者使用了利尿剂。\n*   **mechanical_ventilation (机械通气):**  预测为0-5小时不用，6-8小时开始使用，这是一个合理的流程。\n\n**2. 干预措施的预期效果与SOFA相关指标变化趋势的逻辑一致性：**\n\n*   干预措施没有提到血管活性药物，但预测的vasopressor_rate 却在增加，这存在逻辑矛盾，应重新评估干预措施和预测结果的一致性。\n*   预测的PaO2/FiO2提升符合改善氧合的期望。\n*   血小板计数增加也符合改善凝血功能的期望。\n*   肾功能恶化表现为肌酐升高和尿量减少，与脓毒症的常见表现一致。\n\n**3. SOFA评分各组件之间的逻辑一致性：**\n\n*   呼吸功能（PaO2/FiO2）和循环功能（vasopressor_rate）的相互作用是合理的。\n*   肾功能（肌酐、尿量）恶化与呼吸循环功能恶化也存在关联。\n*   格拉斯哥昏迷评分的下降可能与整体器官功能受损有关。\n\n**4. 整体趋势是否符合临床改善的预期：**\n\n*   总的趋势应该是通过干预措施来改善患者的病情。然而，肾功能恶化和格拉斯哥昏迷评分下降表明病情可能没有得到完全控制，需要进一步干预。\n\n**5. 数据的单位统一性：**\n\n所有指标都使用正确的医学单位。\n\n**6. 时间序列数据的合理性：**\n\n*   预测的PaO2/FiO2下降速度偏快，在实际情况中可能需要更长的时间才能看到明显改善。\n*  肌酐的变化幅度也略大，需要谨慎评估。\n\n**7. 数值的精确度是否合理：**\n\n* 预测的PaO2/FiO2精确到个位，实际测量中可以精确到小数点后一位，是合理的。\n\n**总结:**\n\n预测结果在某些方面是合理的，符合脓毒症患者的临床表现和干预措施的预期效果。但是，预测结果也存在一些问题，例如vasopressor_rate的增加与干预措施不符，PaO2/FiO2下降速度偏快，肾功能恶化速度偏快。 这些问题可能会影响预测结果的准确性。 因此，需要对预测结果进行重新评估，并根据患者的具体情况进行调整。",
    "error": null
  },
  "key_reasons": [
    "以下将逐项分析预测的SOFA相关指标数据，评估其合理性，并给出理由。",
    "gcs_total (格拉斯哥昏迷评分): 预测范围为 6 - 5。昏迷评分下降可能反映患者意识状态恶化。虽然下降幅度大，但需要考虑潜在的神经系统功能受损。",
    "urine_output_ml (尿量): 预测范围为 400 - 1800 ml。 尿量一开始高，后来下降，这可能是因为肾脏灌注改善后导致尿量增加，随后肾功能持续受损，或者使用了利尿剂。"
  ]
}