{
  "timestamp": "2026-03-06 16:56:30",
  "model_name": "gemma3:12b",
  "prediction_model_name": "qwen3:30b",
  "patient_id": "32675591",
  "input_description": "ICU住院编号 32675591，对应患者编号 18455034，65岁女性，体重60.8kg。监测持续时间为 0 小时（共 7 次测量，每4小时一次）：【生命体征】心率变化：[131.5, 131.5]（单位：次/分）收缩压变化：[102.0, 102.0]（单位：mmHg）舒张压变化：[78.5, 78.5]（单位：mmHg）体温变化：[99.5, 99.5]（单位：℃）呼吸频率变化：[18.5, 18.5]（单位：次/分）血氧饱和度变化：[99.5, 99.5]（单位：%）平均动脉压变化：[86.33, 86.33]（单位：mmHg）【SOFA评分相关特征】氧合指数变化：[158.79, 158.79, 158.79, 158.79, 158.79, 158.79, 158.79]（单位：mmHg）机械通气使用情况：[0, 0, 0, 0, 0, 0, 0]（单位：）血小板计数变化：[157.0, 157.0, 157.0, 157.0, 157.0, 157.0, 157.0]（单位：×10³/μL）总胆红素变化：[0.6, 0.6, 0.6, 0.6, 0.6, 0.6, 0.6]（单位：mg/dL）血管活性药物使用剂量：[0.0, 0.0, 0.0, 0.0, 0.0, 0.05, 0.05]（单位：μg/kg/min）格拉斯哥昏迷评分变化：[15, 15, 15, 15, 15, 10, 10]（单位：分）血清肌酐变化：[0.8, 0.8, 0.8, 0.8, 0.8, 0.8, 0.8]（单位：mg/dL）尿量变化：[0.0, 0.0, 0.0, 0.0, 0.0, 25.0, 25.0]（单位：mL）【疾病评分】SOFA总分变化：[0, 0, 0, 0, 0, 5, 5]（单位：分）SIRS评分变化：[0, 0, 0, 0, 0, 3, 3]（单位：分）",
  "intervention": "立即启动去甲肾上腺素输注，初始剂量为0.1μg·kg⁻¹·min⁻¹，根据血压反应调整至最大0.06μg·kg⁻¹·min⁻¹，剂量调整间隔4小时，密切监测血压和器官灌注，评估8小时内发生感染性休克的风险",
  "evaluator_trust": {
    "a": 0.2,
    "counterfactual_runs": 18,
    "dynamic_confidence": 0.21158558531338362,
    "total_confidence": 0.32717312563608825
  },
  "prediction_trust": {
    "a": 0.2,
    "counterfactual_runs": 18,
    "dynamic_confidence": 0.5862437103477209,
    "total_confidence": 0.6281446643164936
  },
  "predicted_vital_signs": {
    "pao2_fio2_ratio": [
      320.0,
      300.0,
      280.0,
      260.0,
      240.0,
      220.0,
      200.0,
      180.0
    ],
    "platelet": [
      145.0,
      135.0,
      125.0,
      115.0,
      105.0,
      95.0,
      85.0,
      75.0
    ],
    "bilirubin_total": [
      1.3,
      1.5,
      1.7,
      1.9,
      2.1,
      2.3,
      2.5,
      2.7
    ],
    "vasopressor_rate": [
      0.05,
      0.055,
      0.06,
      0.06,
      0.06,
      0.06,
      0.06,
      0.06
    ],
    "gcs_total": [
      10.0,
      9.5,
      9.0,
      8.5,
      8.0,
      7.5,
      7.0,
      6.5
    ],
    "creatinine": [
      1.1,
      1.3,
      1.5,
      1.7,
      1.9,
      2.1,
      2.3,
      2.5
    ],
    "urine_output_ml": [
      1900.0,
      1700.0,
      1500.0,
      1300.0,
      1100.0,
      900.0,
      700.0,
      500.0
    ],
    "mechanical_ventilation": [
      0.0,
      0.0,
      0.0,
      1.0,
      1.0,
      1.0,
      1.0,
      1.0
    ]
  },
  "confidence_score": 0.65,
  "evaluation": {
    "success": true,
    "model_output": "置信度评分：0.65\n\n**分析理由：**\n\n总体来看，预测的SOFA相关指标变化趋势在一定程度上符合干预措施（去甲肾上腺素输注）的预期效果，但存在一些不合理和值得关注的地方，影响了预测结果的置信度。 下面分各个指标进行详细分析：\n\n**1. 生命体征和SOFA组成指标:**\n\n*   **Pao2/Fio2 Ratio (氧合指数):** 预测值从320.0下降到180.0，符合去甲肾上腺素干预改善氧合的预期。这个趋势合理，虽然降幅较大，但对于有休克风险的患者来说，改善空间也大。\n*   **血小板计数 (Platelet):** 预测值从145.0下降到75.0，反映了休克过程中可能出现的血小板减少。这是一个合理且符合临床预期的趋势。\n*   **总胆红素 (Bilirubin_total):** 预测值从1.3上升到2.7，可能反映了持续的肝脏功能受损或代谢紊乱，或由于休克导致的肝脏灌注不足。虽然在一定范围内，但持续升高相对不典型，尤其是在改善循环灌注的干预后。\n*   **血管活性药物使用剂量 (Vasopressor_rate):** 预测剂量保持在0.05-0.06μg/kg/min。在初期改善后，可能需要维持一定剂量以支持循环。这在一定程度上是合理的，但需要密切观察血压反应。\n*   **格拉斯哥昏迷评分 (GCS_total):** 预测值从10.0下降到6.5，这表明患者的神经功能持续恶化。虽然去甲肾上腺素能改善循环，但不能直接改善神经功能。神经功能恶化的原因可能包括脑缺氧或疾病本身。这需要特别关注，并考虑是否需要神经保护措施。\n*   **肌酐 (Creatinine):** 预测值从1.1上升到2.5，提示肾功能持续恶化。这可能是肾脏灌注不足、药物毒性或原发疾病导致的。需要密切监测肾功能，并考虑是否需要肾脏保护措施。\n*   **尿量 (Urine_output_ml):** 预测值从1900.0下降到500.0，尿量减少可能表明肾脏灌注不足，或肾脏本身存在问题。与肌酐的变化趋势一致。\n*   **机械通气 (Mechanical_ventilation):**  预测值从0.0到1.0表明可能需要插管进行机械通气，这与患者神经功能恶化、呼吸困难、或持续需要循环支持相符。\n\n**2. 不合理之处与潜在问题:**\n\n*   **肌酐和尿量:** 肌酐水平显著升高，而尿量显著减少，提示肾功能持续恶化。但这些变化应该更加缓慢，肾脏功能的恢复需要时间。如此快速的恶化可能过于极端。\n*   **GCS 持续下降:** GCS 持续下降预示着神经功能恶化，虽然去甲肾上腺素能改善循环，但不能直接改善神经功能。\n*   **胆红素的持续升高:** 持续升高的胆红素可能与肝脏功能受损有关，但改善循环灌注后，应该有所缓解，或者保持稳定。\n*   **尿量和肌酐数据过于极端:** 从1900ml到500ml的尿量变化和从1.1到2.5的肌酐变化都相对剧烈，肾功能恶化需要时间，如此快速的变化在临床上不太可能。\n\n**3. 医学单位与数据精确度:**\n\n*   所有指标使用单位均正确。\n*   体温精确到小数点后一位是合理的。血压通常精确到整数即可。\n\n**4. 时间序列数据的合理性:**\n\n*   一些指标的变化幅度较大，时间序列上不太平滑，可能过于剧烈，缺乏临床可行性。例如，肌酐和尿量变化过于迅速。\n\n**总结：**\n\n预测结果整体趋势与干预措施的预期效果部分一致，但一些指标的变化过于剧烈，缺乏临床可行性，且与干预的预期效果不完全相符，需要进一步评估和修正。肾功能恶化的速度，胆红素持续升高，以及神经功能持续恶化需要特别关注。这些问题降低了预测结果的置信度。因此，建议对预测模型进行调整，更加细致地模拟肾功能恢复和神经功能改善的机制。 考虑到这些因素，置信度评分定为0.65。",
    "error": null
  },
  "key_reasons": [
    "总体来看，预测的SOFA相关指标变化趋势在一定程度上符合干预措施（去甲肾上腺素输注）的预期效果，但存在一些不合理和值得关注的地方，影响了预测结果的置信度。 下面分各个指标进行详细分析：",
    "Pao2/Fio2 Ratio (氧合指数): 预测值从320.0下降到180.0，符合去甲肾上腺素干预改善氧合的预期。这个趋势合理，虽然降幅较大，但对于有休克风险的患者来说，改善空间也大。",
    "血小板计数 (Platelet): 预测值从145.0下降到75.0，反映了休克过程中可能出现的血小板减少。这是一个合理且符合临床预期的趋势。"
  ]
}