{
  "timestamp": "2025-12-25 12:26:42",
  "model_name": "gemma3:12b",
  "prediction_model_name": "qwen3:30b",
  "patient_id": "31149608",
  "input_description": "ICU住院编号 31149608，对应患者编号 16155910，63岁男性，体重69.0kg。监测持续时间为 0 小时（共 7 次测量，每4小时一次）：【生命体征】心率变化：[120.75, 120.75]（单位：次/分）收缩压变化：[73.0, 73.0]（单位：mmHg）舒张压变化：[65.0, 65.0]（单位：mmHg）体温变化：[98.0, 98.0]（单位：℃）呼吸频率变化：[15.25, 15.25]（单位：次/分）血氧饱和度变化：[93.75, 93.75]（单位：%）平均动脉压变化：[67.67, 67.67]（单位：mmHg）【SOFA评分相关特征】氧合指数变化：[66.02, 66.02, 66.02, 66.02, 66.02, 66.02, 66.02]（单位：mmHg）机械通气使用情况：[0, 0, 0, 0, 0, 0, 0]（单位：）血小板计数变化：[13.0, 22.0, 22.0, 22.0, 22.0, 22.0, 22.0]（单位：×10³/μL）总胆红素变化：[4.3, 4.3, 4.3, 4.3, 4.3, 4.3, 4.3]（单位：mg/dL）血管活性药物使用剂量：[0.0, 0.0, 0.0, 0.0, 0.0, 8.01, 8.01]（单位：μg/kg/min）格拉斯哥昏迷评分变化：[15, 15, 15, 15, 15, 13, 13]（单位：分）血清肌酐变化：[0.9, 0.8, 0.9, 0.9, 0.9, 0.9, 0.9]（单位：mg/dL）尿量变化：[0.0, 0.0, 0.0, 0.0, 0.0, 350.0, 350.0]（单位：mL）【疾病评分】SOFA总分变化：[1, 0, 0, 5, 0, 8, 8]（单位：分）SIRS评分变化：[1, 0, 0, 0, 0, 3, 3]（单位：分）",
  "intervention": "立即启动去甲肾上腺素输注，维持剂量为15.0μg·kg⁻¹·min⁻¹，剂量调整间隔1小时，密切监测血压和器官灌注，剂量呈递减趋势，提示血管反应性改善，评估8小时内发生感染性休克的风险",
  "evaluator_trust": {
    "a": 0.6499999999999997,
    "counterfactual_runs": 7,
    "dynamic_confidence": 0.4225195538417722,
    "total_confidence": 0.6610719803471096
  },
  "prediction_trust": {
    "a": 0.6499999999999997,
    "counterfactual_runs": 7,
    "dynamic_confidence": 1.0,
    "total_confidence": 0.8672365121245297
  },
  "predicted_vital_signs": {
    "pao2_fio2_ratio": [
      300.0,
      310.0,
      320.0,
      330.0,
      340.0,
      350.0,
      360.0,
      370.0
    ],
    "platelet": [
      150.0,
      155.0,
      160.0,
      165.0,
      170.0,
      175.0,
      180.0,
      185.0
    ],
    "bilirubin_total": [
      1.2,
      1.1,
      1.0,
      0.9,
      0.8,
      0.7,
      0.6,
      0.5
    ],
    "vasopressor_rate": [
      8.01,
      7.5,
      7.0,
      6.5,
      6.0,
      5.5,
      5.0,
      4.5
    ],
    "gcs_total": [
      12.0,
      12.5,
      13.0,
      13.5,
      14.0,
      14.5,
      15.0,
      15.0
    ],
    "creatinine": [
      1.8,
      1.7,
      1.6,
      1.5,
      1.4,
      1.3,
      1.2,
      1.1
    ],
    "urine_output_ml": [
      800.0,
      850.0,
      900.0,
      950.0,
      1000.0,
      1050.0,
      1100.0,
      1150.0
    ],
    "mechanical_ventilation": [
      1.0,
      1.0,
      1.0,
      1.0,
      1.0,
      1.0,
      1.0,
      1.0
    ]
  },
  "confidence_score": 0.65,
  "evaluation": {
    "success": true,
    "model_output": "置信度评分：0.65\n\n**详细分析与评估：**\n\n**1. 各项SOFA相关指标数值的合理性：**\n\n*   **PAO2/FiO2 Ratio:** 预测值300-370 mmHg 范围内是合理的，提示改善的通气功能。对于ICU患者，尤其是在接受去甲肾上腺素支持的患者，这个范围是可能的。\n*   **Platelet:** 预测值150-185 ×10³/μL 范围也比较合理，代表血小板计数在改善，但要注意是否已经回到正常范围。\n*   **Bilirubin Total:** 预测值0.5-1.2 mg/dL 范围是合理的，提示改善肝功能。\n*   **Vasopressor Rate:**  预测值 4.5 - 8.01 μg/kg/min 范围在临床上也是合理的，表现出对血管收缩药物依赖程度在下降，符合预期。\n*   **GCS Total:**  预测值12-15 分，提示意识状态改善。符合去甲肾上腺素改善灌注后的恢复情况。\n*   **Creatinine:** 预测值1.1-1.8 mg/dL 提示肾功能有所改善，但仍未完全恢复至正常范围（通常<1.0 mg/dL）。需要进一步观察。\n*   **Urine Output (mL):**  预测值800-1150 mL  是一个显著的改善。对于入住ICU的患者，尿量增加通常是预后好的指标，表明肾脏灌注改善。\n*   **Mechanical Ventilation:** 预测值始终为1，表示该患者在使用机械通气，此预测没有提供关于呼吸支持方案的任何变化，如果干预措施改变了呼吸支持，这个预测是不完整的。\n\n**2. 干预措施的预期效果与SOFA相关指标变化趋势的逻辑一致性:**\n\n去甲肾上腺素的给药旨在改善循环灌注。以下变化与该目标一致：\n\n*   **PAO2/FiO2 Ratio 提升:** 改善的循环灌注应改善氧合。\n*   **Platelet 升高:** 改善的灌注应促进血小板生成和减少消耗。\n*   **Vasopressor Rate 降低:** 灌注改善表明对血管收缩药物的依赖性降低。\n*   **GCS 提升:** 改善的脑部灌注应改善意识水平。\n*   **Creatinine 降低:** 改善的肾脏灌注应降低肌酐水平。\n*   **Urine Output 增加:** 肾脏灌注改善导致尿量增加。\n\n**3. SOFA评分各组件之间的逻辑一致性：**\n\n整体来看，各个系统指标的变化趋势是协调的，反映了从衰竭状态到逐渐改善的趋势。呼吸功能、循环功能、肾功能等系统指标的协调变化是合理的。\n\n**4. 整体趋势是否符合临床改善的预期：**\n\n整体趋势符合ICU患者在接受积极干预后临床改善的预期。 然而，肾功能仍然需要持续观察。\n\n**5. 单位统一性：**\n\n所有指标均已使用正确的医学单位。 例如，血压为mmHg，心率为次/分，血小板计数为 ×10³/μL 等。\n\n**6. 时间序列数据的合理性：**\n\n相邻时间点之间的变化幅度在临床上是合理的，没有出现明显的不合理突变。 例如，每日尿量的变化幅度符合预期，肾功能改善呈现逐渐降低的趋势。\n\n**7. 数值的精确度：**\n\n数值的精确度基本合理。 例如，体温精确到小数点后1位，血压可以整数即可。\n\n**8. 需要注意的问题:**\n\n*   **机械通气状态不变:** 该预测没有提供关于呼吸支持方案的任何变化，如果干预措施改变了呼吸支持，这个预测是不完整的。\n*   **肾功能仍然需要持续观察:** 虽然肌酐水平有所降低，但仍然高于正常范围。\n*  **缺乏对其他SOFA组成部分的预测:** 缺少呼吸频率、体温等指标的预测，使得对整体SOFA评分的评估受到限制。\n\n\n\n**总体评估结论：**\n\n该预测在很大程度上符合临床预期，并展现了有逻辑的SOFA相关指标变化趋势。然而，关于机械通气方案的缺失，以及肾功能仍然偏高，降低了预测的可靠性。总体来说，这个预测是可信的，但需要结合其他信息进行综合评估。",
    "error": null
  },
  "key_reasons": [
    "缺乏对其他SOFA组成部分的预测: 缺少呼吸频率、体温等指标的预测，使得对整体SOFA评分的评估受到限制。"
  ]
}