{
  "timestamp": "2025-12-25 12:01:44",
  "model_name": "gemma3:12b",
  "prediction_model_name": "gemma3:12b",
  "patient_id": "30893431",
  "input_description": "ICU住院编号 30893431，对应患者编号 12214410，49岁男性，体重97.95kg。监测持续时间为 0 小时（共 7 次测量，每4小时一次）：【生命体征】心率变化：[107.6, 105.25, 105.25]（单位：次/分）收缩压变化：[71.6, 68.0, 68.0]（单位：mmHg）舒张压变化：[54.0, 51.0, 51.0]（单位：mmHg）体温变化：[98.95, 99.0, 99.0]（单位：℃）呼吸频率变化：[20.2, 22.5, 22.5]（单位：次/分）血氧饱和度变化：[100.0, 100.0, 100.0]（单位：%）平均动脉压变化：[59.87, 56.67, 56.67]（单位：mmHg）【SOFA评分相关特征】氧合指数变化：[253.08, 212.5, 212.5, 212.5, 212.5, 212.5, 212.5]（单位：mmHg）机械通气使用情况：[0, 0, 0, 0, 0, 0, 0]（单位：）血小板计数变化：[29.0, 37.0, 82.33, 125.6, 103.67, 73.0, 73.0]（单位：×10³/μL）总胆红素变化：[7.4, 8.0, 6.0, 6.0, 6.0, 6.0, 6.0]（单位：mg/dL）血管活性药物使用剂量：[0.0, 0.0, 0.0, 0.0, 0.35, 0.35, 0.35]（单位：μg/kg/min）格拉斯哥昏迷评分变化：[15, 15, 15, 15, 3, 9, 9]（单位：分）血清肌酐变化：[0.5, 1.0, 1.1, 1.1, 1.1, 1.1, 1.1]（单位：mg/dL）尿量变化：[0.0, 0.0, 0.0, 0.0, 325.0, 416.0, 416.0]（单位：mL）【疾病评分】SOFA总分变化：[7, 3, 2, 1, 12, 12, 12]（单位：分）SIRS评分变化：[1, 0, 0, 0, 3, 3, 3]（单位：分）",
  "intervention": "立即启动去甲肾上腺素输注，维持剂量为0.3μg·kg⁻¹·min⁻¹，剂量调整间隔4小时，密切监测血压和器官灌注，剂量呈递减趋势，提示血管反应性改善，评估8小时内发生感染性休克的风险",
  "evaluator_trust": {
    "a": 0.7499999999999998,
    "counterfactual_runs": 5,
    "dynamic_confidence": 0.43934023745428064,
    "total_confidence": 0.7019775245587502
  },
  "prediction_trust": {
    "a": 0.7499999999999998,
    "counterfactual_runs": 5,
    "dynamic_confidence": 0.43934023745428064,
    "total_confidence": 0.7019775245587502
  },
  "predicted_vital_signs": {
    "pao2_fio2_ratio": [
      250.0,
      400.0,
      450.0,
      480.0,
      500.0,
      510.0,
      515.0,
      518.0
    ],
    "platelet": [
      100.0,
      150.0,
      200.0,
      250.0,
      280.0,
      300.0,
      320.0,
      340.0
    ],
    "bilirubin_total": [
      2.5,
      2.0,
      1.8,
      1.6,
      1.4,
      1.2,
      1.0,
      0.8
    ],
    "vasopressor_rate": [
      0.3,
      0.2,
      0.1,
      0.05,
      0.02,
      0.01,
      0.005,
      0.002
    ],
    "gcs_total": [
      8.0,
      10.0,
      12.0,
      13.0,
      14.0,
      14.5,
      15.0,
      15.0
    ],
    "creatinine": [
      2.5,
      2.0,
      1.8,
      1.6,
      1.4,
      1.2,
      1.0,
      0.8
    ],
    "urine_output_ml": [
      500.0,
      800.0,
      1000.0,
      1200.0,
      1400.0,
      1600.0,
      1800.0,
      2000.0
    ],
    "mechanical_ventilation": [
      1.0,
      1.0,
      1.0,
      1.0,
      0.0,
      0.0,
      0.0,
      0.0
    ]
  },
  "confidence_score": 0.68,
  "evaluation": {
    "success": true,
    "model_output": "置信度评分：0.68\n\n**详细分析理由：**\n\n总体来说，预测的SOFA相关指标变化趋势符合干预措施（去甲肾上腺素）对改善患者稳定性和功能的支持性效果，但存在一些细节问题，导致置信度降低。\n\n**1. 各项SOFA相关指标数值的合理性：**\n\n*   **呼吸功能 (PAO2/FiO2 Ratio):** 预测值从250.0上升到518.0是合理的，反映了肺功能改善。该值通常>300被认为是足够的氧合。\n*   **血小板计数 (Platelet):** 从100.0上升到340.0也较为合理，说明血小板生成或功能有所恢复。\n*   **总胆红素 (Bilirubin_total):** 从2.5下降到0.8是可接受的，表明肝功能有所改善。正常范围通常在0.8-1.5 mg/dL。\n*   **血管活性药物使用剂量 (Vasopressor_rate):** 从0.3下降到0.002，符合逐渐减少血管活性药物的使用，表明患者的循环稳定得到改善。\n*   **格拉斯哥昏迷评分 (GCS_total):** 从8.0上升到15.0是符合神经功能恢复的。\n*   **肌酐 (Creatinine):** 从2.5下降到0.8的改善幅度较大，需要谨慎评估，尽管肾功能改善是可能的。\n*   **尿量 (Urine_output_ml):** 从500.0上升到2000.0代表尿量显著增加，显示肾功能改善。\n*   **机械通气 (Mechanical_ventilation):** 从1.0到0.0表明患者已脱离机械通气，符合病情好转。\n\n**2. 干预措施的预期效果与SOFA相关指标变化趋势的逻辑一致性：**\n\n去甲肾上腺素的持续滴注和逐渐减少，应导致血压、循环、神经功能、呼吸功能、肾功能的逐步改善，预测结果整体符合这个逻辑。\n\n**3. SOFA评分各组件之间的逻辑一致性：**\n\n各指标变化趋势整体上符合临床改善的预期。例如：去甲肾上腺素的降低与GCS提升和呼吸功能改善相符。\n\n**4. 整体趋势是否符合临床改善的预期：**\n\n整体趋势是符合的，多个指标展现出积极的改善方向。\n\n**5. 数据单位统一性：**\n\n所有指标的单位看起来是正确的（血压 mmHg, 心率次/分，血小板计数 ×10³/μL等）。\n\n**6. 时间序列数据的合理性：**\n\n*   **呼吸功能:** PAO2/FiO2 ratio变化幅度合理。\n*   **血小板计数:** 每次测量点的数据变化幅度相对平缓，变化幅度在临床实际中是合理的。\n*   **总胆红素:** 变化较为平稳。\n*   **格拉斯哥昏迷评分:** 恢复过程较为平稳，符合临床实际。\n*   **血清肌酐:** 改善幅度过大，需要更加谨慎。如果病人原有肾功能很差，那么此变化是可能的，但如果是正常范围，需要确认数据的合理性。\n*   **尿量:**  从0到2000mL的较大跃迁，虽然肾功能改善可能导致尿量增加，但如此剧烈的变化仍需验证。\n*   **机械通气:** 从1到0代表脱机，是合理的。\n\n**7. 数值的精确度：**\n\n一些数值的精确度可能过高，例如，肌酐变化到小数点后1位。对于一些指标，整数即可。\n\n**8. 需要特别关注的方面，降低置信度的主要原因：**\n\n*   **肌酐 (Creatinine) 的快速改善:** 肾功能改善快于预期，需要谨慎评估。\n*   **尿量 (Urine_output_ml) 的剧烈变化:** 尿量的大幅增加应伴随更多指标的变化，需要进一步验证\n*   **数值精确度:** 部分指标的精确度过高，可能导致数据失真。\n*   **肾功能与肌酐/尿量数据的逻辑一致性：** 肾功能改善快于预期，需要进一步的数据支持，例如血尿常规。\n\n**总结:**\n\n预测结果符合干预措施的预期效果，展示了改善的趋势。然而，肾功能改善的幅度以及尿量变化过于剧烈，需要结合其他临床信息进行验证，从而增加置信度。 建议结合更多临床数据，比如血尿常规结果，来验证预测结果的合理性。",
    "error": null
  },
  "key_reasons": [
    "总体来说，预测的SOFA相关指标变化趋势符合干预措施（去甲肾上腺素）对改善患者稳定性和功能的支持性效果，但存在一些细节问题，导致置信度降低。",
    "呼吸功能 (PAO2/FiO2 Ratio): 预测值从250.0上升到518.0是合理的，反映了肺功能改善。该值通常>300被认为是足够的氧合。",
    "血小板计数 (Platelet): 从100.0上升到340.0也较为合理，说明血小板生成或功能有所恢复。"
  ]
}