{
  "timestamp": "2025-12-25 12:18:35",
  "model_name": "gemma3:12b",
  "prediction_model_name": "gemma3:12b",
  "patient_id": "31149608",
  "input_description": "ICU住院编号 31149608，对应患者编号 16155910，63岁男性，体重69.0kg。监测持续时间为 0 小时（共 7 次测量，每4小时一次）：【生命体征】心率变化：[120.75, 120.75]（单位：次/分）收缩压变化：[73.0, 73.0]（单位：mmHg）舒张压变化：[65.0, 65.0]（单位：mmHg）体温变化：[98.0, 98.0]（单位：℃）呼吸频率变化：[15.25, 15.25]（单位：次/分）血氧饱和度变化：[93.75, 93.75]（单位：%）平均动脉压变化：[67.67, 67.67]（单位：mmHg）【SOFA评分相关特征】氧合指数变化：[66.02, 66.02, 66.02, 66.02, 66.02, 66.02, 66.02]（单位：mmHg）机械通气使用情况：[0, 0, 0, 0, 0, 0, 0]（单位：）血小板计数变化：[13.0, 22.0, 22.0, 22.0, 22.0, 22.0, 22.0]（单位：×10³/μL）总胆红素变化：[4.3, 4.3, 4.3, 4.3, 4.3, 4.3, 4.3]（单位：mg/dL）血管活性药物使用剂量：[0.0, 0.0, 0.0, 0.0, 0.0, 8.01, 8.01]（单位：μg/kg/min）格拉斯哥昏迷评分变化：[15, 15, 15, 15, 15, 13, 13]（单位：分）血清肌酐变化：[0.9, 0.8, 0.9, 0.9, 0.9, 0.9, 0.9]（单位：mg/dL）尿量变化：[0.0, 0.0, 0.0, 0.0, 0.0, 350.0, 350.0]（单位：mL）【疾病评分】SOFA总分变化：[1, 0, 0, 5, 0, 8, 8]（单位：分）SIRS评分变化：[1, 0, 0, 0, 0, 3, 3]（单位：分）",
  "intervention": "立即启动去甲肾上腺素输注，维持剂量为15.0μg·kg⁻¹·min⁻¹，剂量调整间隔1小时，密切监测血压和器官灌注，剂量呈递减趋势，提示血管反应性改善，评估8小时内发生感染性休克的风险",
  "evaluator_trust": {
    "a": 0.6499999999999997,
    "counterfactual_runs": 7,
    "dynamic_confidence": 0.4225195538417722,
    "total_confidence": 0.6610719803471096
  },
  "prediction_trust": {
    "a": 0.6499999999999997,
    "counterfactual_runs": 7,
    "dynamic_confidence": 0.4225195538417722,
    "total_confidence": 0.6610719803471096
  },
  "predicted_vital_signs": {
    "pao2_fio2_ratio": [
      250.0,
      270.0,
      290.0,
      310.0,
      330.0,
      350.0,
      370.0,
      390.0
    ],
    "platelet": [
      120.0,
      140.0,
      160.0,
      180.0,
      200.0,
      220.0,
      240.0,
      260.0
    ],
    "bilirubin_total": [
      1.8,
      1.6,
      1.4,
      1.2,
      1.0,
      0.8,
      0.6,
      0.4
    ],
    "vasopressor_rate": [
      15.0,
      12.0,
      9.0,
      6.0,
      3.0,
      1.0,
      0.5,
      0.2
    ],
    "gcs_total": [
      12.0,
      13.0,
      14.0,
      15.0,
      14.0,
      13.0,
      12.0,
      11.0
    ],
    "creatinine": [
      1.5,
      1.4,
      1.3,
      1.2,
      1.1,
      1.0,
      0.9,
      0.8
    ],
    "urine_output_ml": [
      1500.0,
      1700.0,
      1900.0,
      2100.0,
      2300.0,
      2500.0,
      2700.0,
      2900.0
    ],
    "mechanical_ventilation": [
      1.0,
      1.0,
      1.0,
      1.0,
      0.0,
      0.0,
      0.0,
      0.0
    ]
  },
  "confidence_score": 0.65,
  "evaluation": {
    "success": true,
    "model_output": "置信度评分：0.65\n\n**详细分析理由：**\n\n**1. 各项SOFA相关指标数值的合理性：**\n\n*   **PaO2/FiO2 Ratio:**  预测的PaO2/FiO2 ratio从250.0逐渐上升到390.0是合理的，说明患者氧合情况逐渐改善。然而，需要注意的是，PaO2/FiO2 ratio的上限通常不会超过500-600，即使在积极治疗下。  390.0虽然可行，但略高，如果PaO2数值过高，会造成氧中毒。\n*   **Platelet:** 血小板计数从120.0上升到260.0是合理的，符合血小板恢复的预期，且符合生理范围。\n*   **Bilirubin Total:** 总胆红素从1.8下降到0.4是合理的，表明肝脏功能逐渐恢复。正常范围通常在0.8-1.5 mg/dL，预测值在0.4 mg/dL已略低于正常值。\n*   **Vasopressor Rate:** 去甲肾上腺素使用剂量从15.0μg/kg/min逐渐下降到0.2μg/kg/min是完全符合预期的，表示血管收缩状态的改善。\n*   **GCS Total:** 格拉斯哥昏迷评分从12.0逐渐上升到11.0是相对不合理的，GCS评分在改善的情况下应该呈现上升趋势。\n*   **Creatinine:** 血清肌酐从1.5下降到0.8是合理的，表明肾功能逐渐恢复。\n*   **Urine Output:** 尿量从1500.0 mL上升到2900.0 mL是合理的，表示肾脏灌注和排泄功能逐渐恢复。\n*   **Mechanical Ventilation:** 机械通气从1.0 (有机械通风) 转为0.0 (无机械通风)是合理的，表示患者呼吸功能逐渐改善，脱离呼吸机。\n\n**2. 干预措施的预期效果与SOFA相关指标变化趋势的逻辑一致性：**\n\n*   去甲肾上腺素的使用量减少与血压稳定和循环功能改善一致。\n*   肾功能指标改善与去甲肾上腺素的改善以及总体灌注改善一致。\n*   呼吸功能改善与机械通气减少一致。\n\n**3. SOFA评分各组件之间的逻辑一致性：**\n\n*   呼吸功能（PaO2/FiO2 ratio，机械通气）与循环功能（Vasopressor rate）的改善较为协调，但GCS评分的下降，与整体改善趋势不符。\n*   肾功能（肌酐，尿量）的改善与循环功能的改善关系密切，预测结果一致。\n\n**4. 整体趋势是否符合临床改善的预期：**\n\n总体而言，预测的趋势是向好的，符合临床改善预期。但是，GCS评分的下降是不合理的。\n\n**5. 时间序列数据的合理性：**\n\n*   大部分时间点之间的变化幅度是合理的，但GCS评分的下降需要特别关注。\n*   预测的数据过于线性，临床上的数据通常具有波动性。\n\n**6. 数值的精确度：**\n\n*   肌酐，GCS等指标的精确度略微过高。\n\n**7. 单位统一性：**\n\n所有指标均已使用正确的医学单位。\n\n**总结：**\n\n预测结果在整体上是合理的，符合临床改善的预期。然而，GCS评分的下降是一个需要关注的异常情况，PaO2/FiO2 ratio略高，且预测的数据过于线性。\n该预测数据的合理性受到了GCS评分的异常，以及预测过于线性的影响，因此置信度评分较低。",
    "error": null
  },
  "key_reasons": [
    "PaO2/FiO2 Ratio:  预测的PaO2/FiO2 ratio从250.0逐渐上升到390.0是合理的，说明患者氧合情况逐渐改善。然而，需要注意的是，PaO2/FiO2 ratio的上限通常不会超过500-600，即使在积极治疗下。  390.0虽然可行，但略高，如果PaO2数值过高，会造成氧中毒。",
    "Platelet: 血小板计数从120.0上升到260.0是合理的，符合血小板恢复的预期，且符合生理范围。",
    "Bilirubin Total: 总胆红素从1.8下降到0.4是合理的，表明肝脏功能逐渐恢复。正常范围通常在0.8-1.5 mg/dL，预测值在0.4 mg/dL已略低于正常值。"
  ]
}