{
  "timestamp": "2026-03-06 17:02:32",
  "model_name": "gemma3:12b",
  "prediction_model_name": "deepseek-r1:32b",
  "patient_id": "32675591",
  "input_description": "ICU住院编号 32675591，对应患者编号 18455034，65岁女性，体重60.8kg。监测持续时间为 0 小时（共 7 次测量，每4小时一次）：【生命体征】心率变化：[131.5, 131.5]（单位：次/分）收缩压变化：[102.0, 102.0]（单位：mmHg）舒张压变化：[78.5, 78.5]（单位：mmHg）体温变化：[99.5, 99.5]（单位：℃）呼吸频率变化：[18.5, 18.5]（单位：次/分）血氧饱和度变化：[99.5, 99.5]（单位：%）平均动脉压变化：[86.33, 86.33]（单位：mmHg）【SOFA评分相关特征】氧合指数变化：[158.79, 158.79, 158.79, 158.79, 158.79, 158.79, 158.79]（单位：mmHg）机械通气使用情况：[0, 0, 0, 0, 0, 0, 0]（单位：）血小板计数变化：[157.0, 157.0, 157.0, 157.0, 157.0, 157.0, 157.0]（单位：×10³/μL）总胆红素变化：[0.6, 0.6, 0.6, 0.6, 0.6, 0.6, 0.6]（单位：mg/dL）血管活性药物使用剂量：[0.0, 0.0, 0.0, 0.0, 0.0, 0.05, 0.05]（单位：μg/kg/min）格拉斯哥昏迷评分变化：[15, 15, 15, 15, 15, 10, 10]（单位：分）血清肌酐变化：[0.8, 0.8, 0.8, 0.8, 0.8, 0.8, 0.8]（单位：mg/dL）尿量变化：[0.0, 0.0, 0.0, 0.0, 0.0, 25.0, 25.0]（单位：mL）【疾病评分】SOFA总分变化：[0, 0, 0, 0, 0, 5, 5]（单位：分）SIRS评分变化：[0, 0, 0, 0, 0, 3, 3]（单位：分）",
  "intervention": "立即启动去甲肾上腺素输注，初始剂量为0.1μg·kg⁻¹·min⁻¹，根据血压反应调整至最大0.06μg·kg⁻¹·min⁻¹，剂量调整间隔4小时，密切监测血压和器官灌注，评估8小时内发生感染性休克的风险",
  "evaluator_trust": {
    "a": 0.2,
    "counterfactual_runs": 18,
    "dynamic_confidence": 0.21158558531338362,
    "total_confidence": 0.32717312563608825
  },
  "prediction_trust": {
    "a": 0.2,
    "counterfactual_runs": 18,
    "dynamic_confidence": 0.20325117431467604,
    "total_confidence": 0.3199646280103178
  },
  "predicted_vital_signs": {
    "pao2_fio2_ratio": [
      200.0,
      210.0,
      220.0,
      230.0,
      240.0,
      250.0,
      260.0,
      270.0
    ],
    "platelet": [
      100.0,
      95.0,
      90.0,
      85.0,
      80.0,
      75.0,
      70.0,
      65.0
    ],
    "bilirubin_total": [
      2.0,
      2.2,
      2.4,
      2.6,
      2.8,
      3.0,
      3.2,
      3.4
    ],
    "vasopressor_rate": [
      0.1,
      0.09,
      0.08,
      0.07,
      0.06,
      0.05,
      0.04,
      0.03
    ],
    "gcs_total": [
      12.0,
      13.0,
      14.0,
      15.0,
      15.0,
      15.0,
      15.0,
      15.0
    ],
    "creatinine": [
      1.5,
      1.6,
      1.7,
      1.8,
      1.9,
      2.0,
      2.1,
      2.2
    ],
    "urine_output_ml": [
      500.0,
      550.0,
      600.0,
      650.0,
      700.0,
      750.0,
      800.0,
      850.0
    ],
    "mechanical_ventilation": [
      1.0,
      1.0,
      1.0,
      1.0,
      1.0,
      1.0,
      1.0,
      1.0
    ]
  },
  "confidence_score": 0.65,
  "evaluation": {
    "success": true,
    "model_output": "置信度评分：0.65\n\n**详细分析与理由：**\n\n总的来说，预测结果在一定程度上符合干预措施的预期效果，但存在一些值得关注的、影响合理性的问题。\n\n**1. 各项SOFA相关指标数值的合理性：**\n\n*   **PAO2/FiO2 Ratio (200.0 - 270.0):** 这是一个关键指标，反映呼吸功能。预测的数值范围合理，代表呼吸功能逐步改善。一般认为 >200 提示肺功能良好。\n*   **Platelet (100.0 - 65.0):** 血小板下降趋势符合感染性休克的病理生理过程，并暗示了病情恶化。这个趋势与预测的剂量调整可能有关，需要考虑是否过快下降。快速下降需要谨慎评估，可能会出现进一步的出血风险。\n*   **Bilirubin Total (2.0 - 2.4):** 总胆红素轻微升高，与休克和器官灌注不足可能有关。轻微升高在休克患者中并不罕见，但持续升高需要警惕肝功能受损。\n*   **Vasopressor Rate (0.1 - 0.03):**  剂量逐步降低趋势符合预期，表明通过去甲肾上腺素的治疗，血压得到稳定，减少了对血管活性药物的依赖。\n*   **GCS Total (12.0 - 15.0):** 从12.0 提升到 15.0 符合改善的预期。\n*   **Creatinine (1.5 - 2.2):** 肌酐升高，提示肾功能受损。肌酐升高也是休克常见的并发症，需要关注肾功能恢复情况。\n*   **Urine Output (500.0 - 850.0):**  尿量增加符合预期，表明肾功能改善，器官灌注改善。\n*   **Mechanical Ventilation (1.0):** 持续使用机械通气可能意味着患者需要呼吸支持。具体原因需要根据患者的具体病情来判断。\n\n**2. 干预措施与SOFA指标变化的一致性：**\n\n*   去甲肾上腺素降低并最终稳定血压与 vasopressor rate 的下降一致，逻辑上合理。\n*   改善的呼吸功能与PAO2/FiO2 Ratio的升高一致，符合预期。\n*   肾功能的改善 (肌酐升高，尿量增加) 说明了去甲肾上腺素治疗的潜在效果，但也需要注意肌酐的持续变化。\n*   格拉斯哥昏迷评分的改善表明患者的神经功能有所好转。\n\n**3. 各系统指标的一致性：**\n\n*   呼吸和循环系统的改善（PAO2/FiO2 Ratio 升高，vasopressor rate 降低）是协调的。\n*   肾功能改善（尿量增加，肌酐升高）与整体改善方向一致。\n*   神经功能改善（GCS 提高）与整体改善方向一致。\n*   血小板计数降低，需要警惕出血风险，与呼吸、循环、神经等系统协调。\n\n**4. 整体趋势的合理性：**\n\n整体趋势是向好的，符合干预后患者病情逐渐稳定的预期。\n\n**5. 需要关注的问题和降低置信度的原因：**\n\n*   **血小板计数下降速度过快:** 快速下降可能导致出血风险增加。\n*   **肌酐持续升高:** 需要关注肾功能是否持续受损，需要进一步的监测。\n*   **机械通气状态的改变:** 为什么持续使用机械通气？这是因为肺功能没有完全恢复，还是有其他原因？\n*   **数据精确度:** 预测结果的精确度可能存在问题，例如肌酐的精确到小数点后1位不够，而血压可能只需要整数即可。\n*   **缺乏对其他重要指标的预测:** 缺少乳酸、白细胞计数等指标的预测。\n* **缺乏入院前信息:** 在评估预测的合理性时，缺乏患者入院前的详细信息会增加不确定性。\n\n\n\n**单位问题：**\n\n* 所有指标都已使用正确的医学单位。\n\n**时间序列的合理性：**\n\n时间序列数据整体上是合理的，但血小板计数下降速度过快需要进一步评估。\n\n综上所述，尽管预测结果在很大程度上符合临床预期，但存在一些需要关注的问题，降低了置信度。",
    "error": null
  },
  "key_reasons": [
    "总的来说，预测结果在一定程度上符合干预措施的预期效果，但存在一些值得关注的、影响合理性的问题。",
    "Mechanical Ventilation (1.0): 持续使用机械通气可能意味着患者需要呼吸支持。具体原因需要根据患者的具体病情来判断。",
    "机械通气状态的改变: 为什么持续使用机械通气？这是因为肺功能没有完全恢复，还是有其他原因？"
  ]
}