{
  "timestamp": "2025-12-29 16:54:37",
  "model_name": "gemma3:12b",
  "prediction_model_name": "qwen3:30b",
  "patient_id": "39816062",
  "input_description": "ICU住院编号 39816062，对应患者编号 17911943，19岁男性，体重73.0kg。监测持续时间为 0 小时（共 7 次测量，每4小时一次）：【生命体征】心率变化：[86.33, 86.33]（单位：次/分）收缩压变化：[78.0, 78.0]（单位：mmHg）舒张压变化：[62.0, 62.0]（单位：mmHg）体温变化：[98.75, 98.75]（单位：℃）呼吸频率变化：[17.67, 17.67]（单位：次/分）血氧饱和度变化：[100.0, 100.0]（单位：%）平均动脉压变化：[67.33, 67.33]（单位：mmHg）【SOFA评分相关特征】氧合指数变化：[311.17, 311.17, 311.17, 311.17, 311.17, 311.17, 311.17]（单位：mmHg）机械通气使用情况：[0, 0, 0, 0, 0, 0, 0]（单位：）血小板计数变化：[75.0, 109.0, 109.0, 109.0, 109.0, 109.0, 109.0]（单位：×10³/μL）总胆红素变化：[1.6, 1.6, 1.6, 1.6, 1.6, 1.6, 1.6]（单位：mg/dL）血管活性药物使用剂量：[0.0, 0.0, 0.0, 0.0, 0.0, 0.0, 0.0]（单位：μg/kg/min）格拉斯哥昏迷评分变化：[15, 15, 15, 15, 15, 15, 15]（单位：分）血清肌酐变化：[1.1, 1.1, 1.1, 1.1, 1.1, 1.1, 1.1]（单位：mg/dL）尿量变化：[0.0, 0.0, 0.0, 0.0, 0.0, 240.0, 240.0]（单位：mL）【疾病评分】SOFA总分变化：[0, 0, 0, 0, 2, 5, 5]（单位：分）SIRS评分变化：[0, 0, 0, 0, 1, 2, 2]（单位：分）",
  "intervention": "立即启动去甲肾上腺素输注，维持剂量为10.0μg·kg⁻¹·min⁻¹，剂量调整间隔2小时，密切监测血压和器官灌注，剂量呈递增趋势，提示血管反应性下降，评估8小时内发生感染性休克的风险",
  "evaluator_trust": {
    "a": 0.2,
    "counterfactual_runs": 17,
    "dynamic_confidence": 0.1988714490023766,
    "total_confidence": 0.31700181658728266
  },
  "prediction_trust": {
    "a": 0.2,
    "counterfactual_runs": 17,
    "dynamic_confidence": 0.5997426150609009,
    "total_confidence": 0.6389437880870374
  },
  "predicted_vital_signs": {
    "pao2_fio2_ratio": [
      300.0,
      280.0,
      260.0,
      240.0,
      220.0,
      200.0,
      180.0,
      160.0
    ],
    "platelet": [
      150.0,
      140.0,
      130.0,
      120.0,
      110.0,
      100.0,
      90.0,
      80.0
    ],
    "bilirubin_total": [
      1.2,
      1.4,
      1.6,
      1.8,
      2.0,
      2.2,
      2.4,
      2.6
    ],
    "vasopressor_rate": [
      0.0,
      0.1,
      0.2,
      0.3,
      0.4,
      0.5,
      0.6,
      0.7
    ],
    "gcs_total": [
      15.0,
      14.0,
      13.0,
      12.0,
      11.0,
      10.0,
      9.0,
      8.0
    ],
    "creatinine": [
      1.0,
      1.2,
      1.4,
      1.6,
      1.8,
      2.0,
      2.2,
      2.4
    ],
    "urine_output_ml": [
      2000.0,
      1800.0,
      1600.0,
      1400.0,
      1200.0,
      1000.0,
      800.0,
      600.0
    ],
    "mechanical_ventilation": [
      0.0,
      0.0,
      1.0,
      1.0,
      1.0,
      1.0,
      1.0,
      1.0
    ]
  },
  "confidence_score": 0.65,
  "evaluation": {
    "success": true,
    "model_output": "置信度评分：0.65\n\n**详细分析与评估：**\n\n整体而言，预测结果在一些方面表现出一定的逻辑性和临床合理性，但在其他方面存在一些值得关注的问题，导致置信度不高。下面分项分析：\n\n**1. 各项SOFA相关指标数值的合理性：**\n\n*   **PaO2/FiO2 Ratio:** 初始预测值300.0可以接受，说明初始氧合状态良好。随时间推移，下降趋势符合去甲肾上腺素使用及可能出现的肺功能受损，整体在合理范围内，但下降速度可能过快，需要谨慎评估。\n*   **Platelet:** 从150.0下降到80.0 较为显著，表明存在血小板减少的趋势。这可能与脓毒症或炎症反应相关。这个趋势在临床上是合理的，但是下降幅度需要考虑患者的具体情况（比如初始血小板计数和潜在的出血风险）。\n*   **Bilirubin_total:** 从1.2上升到2.6 表明黄疸水平持续升高，可能与肝功能受损有关，这与脓毒症相关的肝脏损伤的可能性相符。但是，这种升高速度需要进一步评估，可能需要考虑肝脏疾病的进一步评估。\n*   **Vasopressor_rate:** 从0.0 增加到0.7 表明对血管活性药物的依赖性增加，提示循环功能持续恶化。这与计划的去甲肾上腺素输注的预期效果一致。\n*   **GCS_total:** 从15.0下降到8.0 表明神经功能恶化。这需要非常谨慎的解读，神经功能下降可能是多种因素导致的，包括低灌注、脑水肿、药物等。需要排除其他潜在原因。\n*   **Creatinine:** 从1.0上升到2.4表明肾功能逐渐受损。这与脓毒症相关的肾功能损伤的常见表现。然而，肾功能恶化可能需要与初始肾功能进行比较，以确定是否发生了真正的肾功能衰竭。\n*   **Urine_output_ml:** 从2000.0下降到600.0 表明尿量减少。尿量减少通常是脓毒症和肾功能损害的常见表现，这与整体趋势一致。\n*   **Mechanical_ventilation:** 从0.0转移到1.0，说明开始使用机械通气，符合患者病情恶化可能需要呼吸支持的预期。\n\n**2. 干预措施的预期效果与SOFA相关指标变化趋势的逻辑一致性：**\n\n*   去甲肾上腺素的使用预期会改善循环功能，但同时可能导致氧合指标下降（PaO2/FiO2 ratio）。整体上预测趋势与预期符合，但需注意氧合指标下降的速度。\n*   预测的神经功能恶化需要仔细评估，神经功能下降的机制是否明确。\n\n**3. SOFA评分各组件之间的逻辑一致性：**\n\n*   呼吸功能（PaO2/FiO2 ratio）、循环功能（Vasopressor_rate）、肾功能（Creatinine, Urine_output_ml）之间的联系比较紧密，整体趋势比较一致。\n*   神经功能（GCS_total）的恶化需要进一步评估，是否有其他原因导致。\n*   肝功能（Bilirubin_total）的变化需要进一步结合其他指标来判断是否真的存在肝脏损伤。\n\n**4. 整体趋势是否符合临床改善的预期：**\n\n*   预测的总体趋势是病情恶化，但这与计划的干预措施可能造成的副作用有关（如去甲肾上腺素可能影响氧合）。\n*   虽然总体趋势是恶化，但干预措施也可能在其他方面发挥积极作用，如改善循环灌注、稳定血压等。\n\n**5. 数值单位的统一性：**\n\n所有数据均已在分析中明确单位，不存在单位不一致的问题。\n\n**6. 时间序列数据的合理性：**\n\n需要特别关注 PaO2/FiO2 ratio 下降速度过快，以及 GCS_total 恶化速度可能过快。肾功能恶化速度也在一个需要注意的水平。建议对这些变化进行更仔细的评估，并考虑其潜在的原因。\n\n**7. 数值的精确度：**\n\n体温精确到小数点后1位比较合理，血压整数即可。但 PaO2/FiO2 ratio、GCS_total、Creatinine 等指标的精确度可以根据临床实际情况进行调整。\n\n**总结：**\n\n预测结果整体上具有一定的逻辑性和临床合理性，但存在一些值得关注的问题，如氧合指标下降速度过快、神经功能恶化速度可能过快等。这些问题需要进一步评估，并根据患者的具体情况进行调整。因此，对预测结果的置信度较低。建议结合其他临床信息，对预测结果进行验证，并根据实际情况进行调整。",
    "error": null
  },
  "key_reasons": [
    "整体而言，预测结果在一些方面表现出一定的逻辑性和临床合理性，但在其他方面存在一些值得关注的问题，导致置信度不高。下面分项分析：",
    "GCS_total: 从15.0下降到8.0 表明神经功能恶化。这需要非常谨慎的解读，神经功能下降可能是多种因素导致的，包括低灌注、脑水肿、药物等。需要排除其他潜在原因。",
    "神经功能（GCS_total）的恶化需要进一步评估，是否有其他原因导致。"
  ]
}