{
  "timestamp": "2025-12-25 12:54:01",
  "model_name": "gemma3:12b",
  "prediction_model_name": "gemma3:12b",
  "patient_id": "32026706",
  "input_description": "ICU住院编号 32026706，对应患者编号 19948815，49岁女性，体重77.7kg。监测持续时间为 0 小时（共 7 次测量，每4小时一次）：【生命体征】心率变化：[95.0, 90.0, 85.0, 80.5, 124.82, 124.82, 124.82]（单位：次/分）收缩压变化：[79.5, 75.25, 74.5, 155.67, 75.32, 75.32, 75.32]（单位：mmHg）舒张压变化：[63.0, 58.0, 57.5, 60.0, 62.86, 62.86, 62.86]（单位：mmHg）体温变化：[97.6, 97.5, 96.55, 96.7, 35.5, 97.25, 97.25]（单位：℃）呼吸频率变化：[17.25, 16.25, 18.25, 20.0, 17.59, 17.59, 17.59]（单位：次/分）血氧饱和度变化：[93.5, 94.25, 94.25, 96.0, 100.0, 100.0, 100.0]（单位：%）平均动脉压变化：[68.5, 63.75, 63.17, 91.89, 67.02, 67.02, 67.02]（单位：mmHg）【SOFA评分相关特征】氧合指数变化：[172.4, 234.25, 154.34, 154.34, 154.34, 154.34, 154.34]（单位：mmHg）机械通气使用情况：[0, 0, 0, 0, 0, 0, 0]（单位：）血小板计数变化：[51.0, 55.0, 43.0, 89.2, 90.0, 90.0, 90.0]（单位：×10³/μL）总胆红素变化：[23.0, 12.5, 12.7, 12.7, 12.7, 12.7, 12.7]（单位：mg/dL）血管活性药物使用剂量：[0.0, 0.0, 0.0, 0.0, 0.0, 0.4, 0.4]（单位：μg/kg/min）格拉斯哥昏迷评分变化：[15, 15, 14, 15, 15, 3, 3]（单位：分）血清肌酐变化：[5.1, 4.0, 3.6, 3.6, 3.6, 3.6, 3.6]（单位：mg/dL）尿量变化：[0.0, 120.0, 0.0, 0.0, 0.0, 32.0, 32.0]（单位：mL）【疾病评分】SOFA总分变化：[11, 4, 4, 3, 11, 14, 14]（单位：分）SIRS评分变化：[2, 1, 1, 1, 1, 2, 2]（单位：分）",
  "intervention": "立即启动去甲肾上腺素输注，维持剂量为0.4μg·kg⁻¹·min⁻¹，剂量调整间隔4小时，密切监测血压和器官灌注，剂量呈递减趋势，提示血管反应性改善，评估8小时内发生感染性休克的风险",
  "evaluator_trust": {
    "a": 0.4999999999999996,
    "counterfactual_runs": 10,
    "dynamic_confidence": 0.43288803897767103,
    "total_confidence": 0.6112056629522887
  },
  "prediction_trust": {
    "a": 0.4999999999999996,
    "counterfactual_runs": 10,
    "dynamic_confidence": 0.43288803897767103,
    "total_confidence": 0.6112056629522887
  },
  "predicted_vital_signs": {
    "pao2_fio2_ratio": [
      280.0,
      310.0,
      330.0,
      345.0,
      355.0,
      360.0,
      362.0,
      360.0
    ],
    "platelet": [
      120.0,
      130.0,
      145.0,
      160.0,
      175.0,
      190.0,
      205.0,
      220.0
    ],
    "bilirubin_total": [
      2.5,
      2.3,
      2.1,
      1.9,
      1.7,
      1.5,
      1.3,
      1.1
    ],
    "vasopressor_rate": [
      0.4,
      0.3,
      0.2,
      0.1,
      0.05,
      0.03,
      0.01,
      0.0
    ],
    "gcs_total": [
      9.0,
      11.0,
      12.0,
      13.0,
      14.0,
      14.5,
      15.0,
      15.0
    ],
    "creatinine": [
      1.8,
      1.6,
      1.4,
      1.2,
      1.0,
      0.9,
      0.8,
      0.7
    ],
    "urine_output_ml": [
      800.0,
      1000.0,
      1200.0,
      1400.0,
      1600.0,
      1800.0,
      2000.0,
      2200.0
    ],
    "mechanical_ventilation": [
      1.0,
      1.0,
      1.0,
      1.0,
      1.0,
      0.0,
      0.0,
      0.0
    ]
  },
  "confidence_score": 0.65,
  "evaluation": {
    "success": true,
    "model_output": "置信度评分：0.65\n\n**详细分析及理由：**\n\n总体而言，预测的SOFA相关指标变化趋势在一定程度上符合临床改善的预期，但在数值精确度、一些具体指标的合理性以及各指标间的协调性方面存在一些问题。\n\n**1. 数值合理性及单位统一性：**\n\n* **PaO2/FiO2 Ratio：** 预测的数值 (280 - 280) 明显过高。虽然去甲肾上腺素能改善氧合，但这种程度的改善不太可能，除非是先前存在严重通气不足的情况得到了显著改善。这需要仔细验证初始通气情况。\n* **Platelet：** 从51到220的快速增长不太符合临床经验。虽然去甲肾上腺素有助于改善微循环，可能促进血小板生成，但如此快速的恢复较为罕见，特别是考虑到入院时血小板计数已经较低。\n* **Bilirubin_total：** 预测范围 2.5 - 1.1 mg/dL 在生理范围内，但如此迅速的下降，特别是在干预措施开始后才出现，可能需要进一步验证，因为胆红素代谢的改善通常较为缓慢。\n* **Vasopressor_rate：** 0.4 到 0.0 μg/kg/min 的降低符合预期，代表血管活性药物使用的减量。\n* **GCS_total：** 从9.0到15.0 的恢复具有一定的合理性，特别是假设患者初始状态存在意识障碍。但初始9.0需要关注，评估是否存在神经系统并发症。\n* **Creatinine：** 预测范围 1.8 - 0.7 mg/dL  合理，说明肾功能逐渐恢复。\n* **Urine_output_ml：** 800 - 2200 mL 的范围比较大，但考虑到初始尿量较低，这可能与改善的肾功能和补液有关，是可能的。\n* **Mechanical_ventilation:** 从1.0到0.0的改变，说明停止了机械通气，可能与呼吸功能的改善有关，符合预期。\n\n**2. 干预措施与SOFA指标变化趋势的逻辑一致性：**\n\n* **去甲肾上腺素的积极作用：** 预测的改善与去甲肾上腺素的使用逻辑一致，主要体现在血压、血小板、肾功能、GCS等指标的改善。\n* **呼吸功能改善：** PaO2/FiO2 ratio 的提高和机械通气的停止都暗示呼吸功能得到了改善。\n* **肾功能恢复：** 肌酐和尿量的改善也与肾功能的恢复相符。\n* **神经功能恢复：** GCS评分的提高与神经功能改善一致。\n\n**3. SOFA评分组件间的逻辑一致性：**\n\n* **呼吸、循环和肾脏系统之间的关联：** 呼吸指标的改善与循环指标的改善以及肾功能恢复之间存在一定的协调性。\n* **神经功能与循环功能：**  神经功能改善可能与循环灌注的改善有关。\n\n**4. 整体趋势：**\n\n整体趋势是向好，符合临床改善的预期。但这并不意味着所有数值都完全合理。\n\n**5. 时间序列数据的合理性：**\n\n* 存在一些相邻时间点变化幅度过大的情况，例如血小板计数的变化，这需要更谨慎的评估。\n* 一些指标的变化速度过于迅速，需要考虑生理机制的限制。\n\n**6. 精确度：**\n\n一些指标的精确度可能过高，例如体温精确到小数点后一位，血压只需要整数即可。\n\n**改进建议：**\n\n1. **PaO2/FiO2 Ratio:** 调整预测范围，使其更符合临床实际，考虑初始PaO2/FiO2 Ratio。\n2. **Platelet:**  调整预测范围，使其变化更平缓，避免过于快速的增长。\n3. **Bilirubin:** 重新评估预测过程和相关生理机制。\n4. **GCS:** 初始GCS需要进一步审核，确认是否神经系统存在并发症。\n5. **数据精确度:** 降低部分指标的精确度。\n6. **考虑病程:** 考虑患者在ICU的病程，评估各项指标的恢复速度是否合理。\n\n**总结：**\n\n虽然预测的整体趋势符合临床改善的预期，但个别指标的数值和变化速度存在一些问题。需要重新审核预测过程，调整一些关键指标的预测范围，并确保各项指标之间具有一定的协调性，以提高预测的准确性。",
    "error": null
  },
  "key_reasons": [
    "总体而言，预测的SOFA相关指标变化趋势在一定程度上符合临床改善的预期，但在数值精确度、一些具体指标的合理性以及各指标间的协调性方面存在一些问题。",
    "Bilirubin_total： 预测范围 2.5 - 1.1 mg/dL 在生理范围内，但如此迅速的下降，特别是在干预措施开始后才出现，可能需要进一步验证，因为胆红素代谢的改善通常较为缓慢。",
    "GCS_total： 从9.0到15.0 的恢复具有一定的合理性，特别是假设患者初始状态存在意识障碍。但初始9.0需要关注，评估是否存在神经系统并发症。"
  ]
}