{
  "timestamp": "2025-12-25 13:15:06",
  "model_name": "gemma3:12b",
  "prediction_model_name": "deepseek-r1:32b",
  "patient_id": "32092423",
  "input_description": "ICU住院编号 32092423，对应患者编号 19670665，42岁女性，体重80.48571428571428kg。监测持续时间为 0 小时（共 7 次测量，每4小时一次）：【生命体征】心率变化：[89.0, 89.0]（单位：次/分）收缩压变化：[98.4, 98.4]（单位：mmHg）舒张压变化：[84.0, 84.0]（单位：mmHg）体温变化：[98.7, 98.7]（单位：℃）呼吸频率变化：[20.75, 20.75]（单位：次/分）血氧饱和度变化：[99.5, 99.5]（单位：%）平均动脉压变化：[88.8, 88.8]（单位：mmHg）【SOFA评分相关特征】氧合指数变化：[144.83, 144.83, 144.83, 144.83, 144.83, 144.83, 144.83]（单位：mmHg）机械通气使用情况：[0, 0, 0, 0, 0, 0, 0]（单位：）血小板计数变化：[22.0, 22.0, 43.0, 44.5, 44.5, 44.5, 44.5]（单位：×10³/μL）总胆红素变化：[9.0, 9.0, 7.3, 7.3, 7.3, 7.3, 7.3]（单位：mg/dL）血管活性药物使用剂量：[0.0, 0.0, 0.0, 0.0, 0.0, 0.0, 0.0]（单位：μg/kg/min）格拉斯哥昏迷评分变化：[15, 15, 15, 15, 15, 15, 15]（单位：分）血清肌酐变化：[2.9, 3.1, 2.6, 1.9, 1.9, 1.9, 1.9]（单位：mg/dL）尿量变化：[0.0, 0.0, 0.0, 0.0, 0.0, 75.0, 75.0]（单位：mL）【疾病评分】SOFA总分变化：[8, 8, 0, 0, 5, 7, 7]（单位：分）SIRS评分变化：[1, 1, 0, 0, 1, 2, 2]（单位：分）",
  "intervention": "无血管活性药物干预措施，建议密切监测血压和器官灌注，评估8小时内发生感染性休克的风险",
  "evaluator_trust": {
    "a": 0.4499999999999996,
    "counterfactual_runs": 11,
    "dynamic_confidence": 0.46095231888092375,
    "total_confidence": 0.6088092545016159
  },
  "prediction_trust": {
    "a": 0.4499999999999996,
    "counterfactual_runs": 11,
    "dynamic_confidence": 0.5212344842122639,
    "total_confidence": 0.6407472655735431
  },
  "predicted_vital_signs": {
    "pao2_fio2_ratio": [
      350.0,
      340.0,
      330.0,
      320.0,
      310.0,
      300.0,
      290.0,
      280.0
    ],
    "platelet": [
      160.0,
      155.0,
      150.0,
      145.0,
      140.0,
      135.0,
      130.0,
      125.0
    ],
    "bilirubin_total": [
      1.0,
      1.1,
      1.2,
      1.3,
      1.4,
      1.5,
      1.6,
      1.7
    ],
    "vasopressor_rate": [
      0.0,
      0.0,
      0.0,
      0.0,
      0.0,
      0.0,
      0.0,
      0.0
    ],
    "gcs_total": [
      15.0,
      15.0,
      14.0,
      14.0,
      13.0,
      13.0,
      12.0,
      12.0
    ],
    "creatinine": [
      0.8,
      0.9,
      1.0,
      1.1,
      1.2,
      1.3,
      1.4,
      1.5
    ],
    "urine_output_ml": [
      2200.0,
      2100.0,
      2000.0,
      1900.0,
      1800.0,
      1700.0,
      1600.0,
      1500.0
    ],
    "mechanical_ventilation": [
      0.0,
      0.0,
      0.0,
      0.0,
      0.0,
      0.0,
      0.0,
      0.0
    ]
  },
  "confidence_score": 0.65,
  "evaluation": {
    "success": true,
    "model_output": "置信度评分：0.65\n\n**详细分析理由：**\n\n总体来说，预测的SOFA相关指标数据在某些方面表现出合理的趋势，但在一些方面存在明显的偏差，导致整体置信度较低。以下是各项指标的详细评估：\n\n**1. 各项SOFA相关指标数值是否在合理的医学范围内：**\n\n*   **pao2_fio2_ratio:** 预测值范围 350.0 到 290.0。虽然这个比例在生理上可能见，但从350.0降到290.0，可能意味着轻微的氧合指数降低。临床上，PaO2/FiO2通常会随疾病的进展而下降。这种趋势是合理的，但数值范围需要结合患者的基线值和疾病情况进行解读。\n*   **platelet:** 预测值从 160.0 降至 125.0。血小板计数在150-400k/μL的范围是正常的，但下降到125k/μL表明存在血小板减少趋势，这可能提示病情恶化，需进一步监测。\n*   **bilirubin_total:** 预测值从 1.0 降至 1.7。  总胆红素的正常范围通常为0.3-1.2mg/dL。1.7mg/dL略高于正常值。如果初始值为1.0，则这可能表明肝脏功能存在一定问题。这个下降趋势不太合理，胆红素通常会随着疾病进展而上升，而非下降。\n*   **vasopressor_rate:**  预测始终为0.0，反映了干预措施上“无血管活性药物干预”的指示，这个符合干预措施。\n*   **gcs_total:** 预测值从15.0降到12.0。 格拉斯哥昏迷评分下降表明意识水平降低。 这可能是病情恶化的表现，需要特别关注。这个下降趋势较为合理，但需要明确下降的原因。\n*   **creatinine:** 预测值从 0.8 降至 1.5。 血清肌酐的正常范围通常为 0.6-1.2 mg/dL。0.8mg/dL略低于正常值，1.5 mg/dL略高于正常值。  这个趋势不合理，通常情况下肾功能恶化会导致肌酐升高。\n*   **urine_output_ml:** 预测值从 2200.0 降至 1500.0。尿量减少可能提示肾功能下降或脱水。这个趋势比较合理，但也需要结合患者的整体情况来判断。\n*   **mechanical_ventilation:** 预测始终为0.0。符合干预措施。\n\n**2. 干预措施的预期效果与SOFA相关指标变化趋势的逻辑一致性：**\n\n*   干预措施是“密切监测血压和器官灌注”，主要目标应该是改善器官功能，缓解病情。 预测结果中，一些指标的改善趋势与这一目标一致（例如，尿量增加，PaO2/FiO2比例在一定范围内稳定）。然而，一些指标的趋势与预期效果不符（例如，肌酐升高，胆红素上升，格拉斯哥评分下降），需要进一步评估干预措施的效果。\n\n**3. SOFA评分各组件之间的逻辑一致性：**\n\n*   呼吸功能 (PaO2/FiO2):  PaO2/FiO2比例略有下降，可能提示氧合功能略有下降。\n*   循环功能 (血压，血小板):  血小板减少可能提示循环功能受损。\n*   肾功能 (肌酐，尿量):  肌酐升高，尿量减少，提示肾功能可能受损。\n\n这些系统之间存在一定的相互影响，预测结果显示，呼吸、循环、肾功能可能出现问题，相互之间存在一定的协调性，但肾功能和循环功能的预测结果存在一些矛盾。\n\n**4. 整体趋势是否符合临床改善的预期：**\n\n*   总的来说，预测结果显示病情有恶化趋势，虽然尿量和PaO2/FiO2比例略有改善，但格拉斯哥评分下降、肌酐升高、血小板减少等指标的出现表明病情可能正在恶化。\n\n**5. 数据单位统一性：**\n\n所有指标都符合预期单位。\n\n**6. 时间序列数据的合理性：**\n\n时间序列数据的合理性存在问题。特别是肌酐、胆红素和格拉斯哥评分的下降趋势，在缺乏明确原因的情况下，在8小时内发生如此显著的变化不太合理，需谨慎评估。\n\n**7. 数值的精确度是否合理：**\n\n数值的精确度基本合理。\n\n**结论：**\n\n预测结果整体上有一些合理的地方，例如尿量和PaO2/FiO2比例的改善，但是肌酐升高、胆红素上升、格拉斯哥评分下降等趋势与临床预期不符，数据在时间序列上存在一定的矛盾，使得预测结果的置信度较低。需要进一步评估预测的准确性和可靠性。",
    "error": null
  },
  "key_reasons": [
    "总体来说，预测的SOFA相关指标数据在某些方面表现出合理的趋势，但在一些方面存在明显的偏差，导致整体置信度较低。以下是各项指标的详细评估：",
    "pao2_fio2_ratio: 预测值范围 350.0 到 290.0。虽然这个比例在生理上可能见，但从350.0降到290.0，可能意味着轻微的氧合指数降低。临床上，PaO2/FiO2通常会随疾病的进展而下降。这种趋势是合理的，但数值范围需要结合患者的基线值和疾病情况进行解读。",
    "platelet: 预测值从 160.0 降至 125.0。血小板计数在150-400k/μL的范围是正常的，但下降到125k/μL表明存在血小板减少趋势，这可能提示病情恶化，需进一步监测。"
  ]
}