{
  "timestamp": "2025-12-25 11:37:28",
  "model_name": "gemma3:12b",
  "prediction_model_name": "qwen3:30b",
  "patient_id": "30717105",
  "input_description": "ICU住院编号 30717105，对应患者编号 17744715，34岁男性，体重100.0kg。监测持续时间为 0 小时（共 7 次测量，每4小时一次）：【生命体征】心率变化：[131.0, 88.1, 97.29, 109.43, 123.6, 112.25, 112.25]（单位：次/分）收缩压变化：[63.0, 79.0, 81.0, 65.5, 67.0, 67.0, 67.0]（单位：mmHg）舒张压变化：[20.0, 52.0, 68.25, 70.5, 50.0, 53.2, 53.2]（单位：mmHg）体温变化：[65.12, 36.28, 37.37, 37.31, 37.66, 37.66, 37.66]（单位：℃）呼吸频率变化：[30.67, 26.71, 27.25, 23.86, 21.47, 23.25, 23.25]（单位：次/分）血氧饱和度变化：[71.33, 99.86, 100.0, 97.86, 99.93, 98.75, 98.75]（单位：%）平均动脉压变化：[55.67, 71.83, 74.0, 55.17, 57.8, 57.8, 57.8]（单位：mmHg）【SOFA评分相关特征】氧合指数变化：[39.49, 215.75, 155.44, 95.55, 120.08, 96.54, 96.54]（单位：mmHg）机械通气使用情况：[0, 0, 0, 0, 0, 0, 0]（单位：）血小板计数变化：[128.0, 92.5, 107.0, 112.0, 84.5, 70.0, 70.0]（单位：×10³/μL）总胆红素变化：[3.3, 3.1, 3.3, 3.1, 3.4, 3.4, 3.4]（单位：mg/dL）血管活性药物使用剂量：[0.4, 0.9, 0.07, 0.07, 0.18, 0.16, 0.16]（单位：μg/kg/min）格拉斯哥昏迷评分变化：[15, 3, 3, 3, 11, 8, 8]（单位：分）血清肌酐变化：[1.5, 1.8, 1.6, 1.7, 1.75, 1.6, 1.6]（单位：mg/dL）尿量变化：[0.0, 225.0, 470.0, 25.0, 510.0, 600.0, 600.0]（单位：mL）【疾病评分】SOFA总分变化：[8, 10, 10, 10, 8, 9, 9]（单位：分）SIRS评分变化：[3, 3, 3, 3, 3, 3, 3]（单位：分）",
  "intervention": "立即启动去甲肾上腺素输注，初始剂量为0.1μg·kg⁻¹·min⁻¹，根据血压反应调整至最大0.34μg·kg⁻¹·min⁻¹，剂量调整间隔4小时，密切监测血压和器官灌注，剂量呈递增趋势，提示血管反应性下降，评估8小时内发生感染性休克的风险",
  "evaluator_trust": {
    "a": 0.8999999999999999,
    "counterfactual_runs": 2,
    "dynamic_confidence": 0.49505218623387703,
    "total_confidence": 0.7600761768576038
  },
  "prediction_trust": {
    "a": 0.8999999999999999,
    "counterfactual_runs": 2,
    "dynamic_confidence": 1.0,
    "total_confidence": 0.8161736321724256
  },
  "predicted_vital_signs": {
    "pao2_fio2_ratio": [
      39.49,
      38.5,
      37.6,
      36.7,
      35.8,
      34.9,
      34.0,
      33.1
    ],
    "platelet": [
      120.0,
      115.0,
      110.0,
      105.0,
      100.0,
      95.0,
      90.0,
      85.0
    ],
    "bilirubin_total": [
      1.8,
      1.9,
      2.0,
      2.1,
      2.2,
      2.3,
      2.4,
      2.5
    ],
    "vasopressor_rate": [
      0.4,
      0.45,
      0.5,
      0.55,
      0.6,
      0.65,
      0.7,
      0.75
    ],
    "gcs_total": [
      12.0,
      11.5,
      11.0,
      10.5,
      10.0,
      9.5,
      9.0,
      8.5
    ],
    "creatinine": [
      1.8,
      1.9,
      2.0,
      2.1,
      2.2,
      2.3,
      2.4,
      2.5
    ],
    "urine_output_ml": [
      800.0,
      750.0,
      700.0,
      650.0,
      600.0,
      550.0,
      500.0,
      450.0
    ],
    "mechanical_ventilation": [
      1.0,
      1.0,
      1.0,
      1.0,
      1.0,
      1.0,
      1.0,
      1.0
    ]
  },
  "confidence_score": 0.65,
  "evaluation": {
    "success": true,
    "model_output": "置信度评分：0.65\n\n**分析理由：**\n\n总体而言，预测结果在一定程度上符合逻辑，但存在一些值得关注的细节，降低了置信度。以下分点进行详细分析：\n\n**1. 数值范围合理性：**\n\n*   **PAO2/FiO2 Ratio：** 预测值从39.49降至33.1，范围符合临床预期，但下降速度可能过快，尤其是在短期内。如果干预是去甲肾上腺素，且仅调整剂量，通常不会看到如此迅速的PAO2/FiO2 Ratio下降，除非患者基础情况很差或者出现并发症。\n*   **Platelet：** 预测从120.0降至85.0，变化幅度较大。通常情况下，在短时间内去甲肾上腺素的调整不太可能产生如此显著的血小板下降，需要考虑是否存在其他潜在的血小板减少机制（如DIC）。\n*   **Bilirubin：** 从1.8到2.5的上升，这个幅度相对温和，在一定程度上符合因脏器功能恶化可能导致胆红素轻微升高的趋势，较为合理。\n*   **Vasopressor Rate:** 预测从0.4到0.75的增长，符合随着病情恶化需要增加血管活性药物支持的趋势。\n*   **GCS:** 从12.0降到8.5，下降幅度较大，需要谨慎考虑。在早期干预情况下，GCS通常不会有如此显著的下降，需要排除潜在的脑部损伤或药物影响。\n*   **Creatinine:** 从1.8到2.5的升高，符合肾功能恶化的预期趋势，较为合理。\n*   **Urine Output:** 从800.0到450.0的下降，符合随着病情恶化可能导致的肾脏灌注不足，尿量减少的趋势。\n*   **Mechanical Ventilation:** 始终为1，表示持续使用机械通气，与干预计划（针对休克患者可能需要机械通气）一致。\n\n**2. 干预措施与SOFA指标变化趋势的逻辑一致性：**\n\n*   去甲肾上腺素的增加通常旨在提高血压和改善器官灌注。但预测结果中，除了部分指标改善外，很多指标显示恶化趋势。这需要仔细分析：是去甲肾上腺素的剂量不足以对抗病情恶化，还是存在其他并发症导致器官功能受损？\n*   一些指标的恶化趋势与干预措施的预期效果不一致，需要考虑其他潜在因素，例如感染、出血或其他并发症。\n\n**3. SOFA评分各组件之间的逻辑一致性：**\n\n*   呼吸功能（PAO2/FiO2 Ratio）、循环功能（血压、血小板、血管活性药物）和肾功能（肌酐、尿量）之间存在相互依赖关系。预测结果总体上符合这种逻辑，但需要关注某些指标的恶化是否会影响其他系统。例如，肌酐升高可能会进一步影响尿量。\n*   GCS下降可能与循环功能障碍相关，需要特别关注。\n\n**4. 整体趋势：**\n\n*   整体趋势是恶化。虽然干预措施旨在改善病情，但预测结果显示一些重要指标仍在恶化。 这表明干预可能不足以对抗原发病灶或存在其他并发症。\n\n**5. 数据单位：**\n\n所有指标单位在问题描述中已明确，且预测结果均使用相同单位，符合要求。\n\n**6. 时间序列数据的合理性：**\n\n*   一些指标的变化幅度较大，例如PAO2/FiO2 Ratio和GCS的下降速度。需要进一步评估这些变化是否符合临床实际。 过于快速的变化可能反映模型过度拟合或输入数据存在异常。\n\n**7. 数值的精确度：**\n\n预测结果的精确度总体合理，例如血压整数即可。\n\n**总结：**\n\n预测结果在一定程度上符合逻辑，但一些指标的变化幅度较大，且部分指标的恶化趋势与干预措施的预期效果不一致。模型可能需要更精确的输入数据和更复杂的算法来预测SOFA相关指标的变化。因此，置信度评分定为0.65。 建议在实际应用中，结合临床判断和患者的具体情况，谨慎评估预测结果。",
    "error": null
  },
  "key_reasons": [
    "总体而言，预测结果在一定程度上符合逻辑，但存在一些值得关注的细节，降低了置信度。以下分点进行详细分析：",
    "PAO2/FiO2 Ratio： 预测值从39.49降至33.1，范围符合临床预期，但下降速度可能过快，尤其是在短期内。如果干预是去甲肾上腺素，且仅调整剂量，通常不会看到如此迅速的PAO2/FiO2 Ratio下降，除非患者基础情况很差或者出现并发症。",
    "Platelet： 预测从120.0降至85.0，变化幅度较大。通常情况下，在短时间内去甲肾上腺素的调整不太可能产生如此显著的血小板下降，需要考虑是否存在其他潜在的血小板减少机制（如DIC）。"
  ]
}