{
  "timestamp": "2025-12-25 13:00:01",
  "model_name": "gemma3:12b",
  "prediction_model_name": "deepseek-r1:32b",
  "patient_id": "32026706",
  "input_description": "ICU住院编号 32026706，对应患者编号 19948815，49岁女性，体重77.7kg。监测持续时间为 0 小时（共 7 次测量，每4小时一次）：【生命体征】心率变化：[95.0, 90.0, 85.0, 80.5, 124.82, 124.82, 124.82]（单位：次/分）收缩压变化：[79.5, 75.25, 74.5, 155.67, 75.32, 75.32, 75.32]（单位：mmHg）舒张压变化：[63.0, 58.0, 57.5, 60.0, 62.86, 62.86, 62.86]（单位：mmHg）体温变化：[97.6, 97.5, 96.55, 96.7, 35.5, 97.25, 97.25]（单位：℃）呼吸频率变化：[17.25, 16.25, 18.25, 20.0, 17.59, 17.59, 17.59]（单位：次/分）血氧饱和度变化：[93.5, 94.25, 94.25, 96.0, 100.0, 100.0, 100.0]（单位：%）平均动脉压变化：[68.5, 63.75, 63.17, 91.89, 67.02, 67.02, 67.02]（单位：mmHg）【SOFA评分相关特征】氧合指数变化：[172.4, 234.25, 154.34, 154.34, 154.34, 154.34, 154.34]（单位：mmHg）机械通气使用情况：[0, 0, 0, 0, 0, 0, 0]（单位：）血小板计数变化：[51.0, 55.0, 43.0, 89.2, 90.0, 90.0, 90.0]（单位：×10³/μL）总胆红素变化：[23.0, 12.5, 12.7, 12.7, 12.7, 12.7, 12.7]（单位：mg/dL）血管活性药物使用剂量：[0.0, 0.0, 0.0, 0.0, 0.0, 0.4, 0.4]（单位：μg/kg/min）格拉斯哥昏迷评分变化：[15, 15, 14, 15, 15, 3, 3]（单位：分）血清肌酐变化：[5.1, 4.0, 3.6, 3.6, 3.6, 3.6, 3.6]（单位：mg/dL）尿量变化：[0.0, 120.0, 0.0, 0.0, 0.0, 32.0, 32.0]（单位：mL）【疾病评分】SOFA总分变化：[11, 4, 4, 3, 11, 14, 14]（单位：分）SIRS评分变化：[2, 1, 1, 1, 1, 2, 2]（单位：分）",
  "intervention": "立即启动去甲肾上腺素输注，维持剂量为0.4μg·kg⁻¹·min⁻¹，剂量调整间隔4小时，密切监测血压和器官灌注，剂量呈递减趋势，提示血管反应性改善，评估8小时内发生感染性休克的风险",
  "evaluator_trust": {
    "a": 0.4999999999999996,
    "counterfactual_runs": 10,
    "dynamic_confidence": 0.43288803897767103,
    "total_confidence": 0.6112056629522887
  },
  "prediction_trust": {
    "a": 0.4999999999999996,
    "counterfactual_runs": 10,
    "dynamic_confidence": 0.512909672255541,
    "total_confidence": 0.6498640575242126
  },
  "predicted_vital_signs": {
    "pao2_fio2_ratio": [
      300.0,
      280.0,
      260.0,
      240.0,
      220.0,
      200.0,
      180.0,
      160.0
    ],
    "platelet": [
      150.0,
      140.0,
      130.0,
      120.0,
      110.0,
      100.0,
      90.0,
      80.0
    ],
    "bilirubin_total": [
      1.2,
      1.4,
      1.6,
      1.8,
      2.0,
      2.2,
      2.4,
      2.6
    ],
    "vasopressor_rate": [
      0.4,
      0.35,
      0.3,
      0.25,
      0.2,
      0.15,
      0.1,
      0.05
    ],
    "gcs_total": [
      15.0,
      14.0,
      13.0,
      12.0,
      11.0,
      10.0,
      9.0,
      8.0
    ],
    "creatinine": [
      1.0,
      1.2,
      1.4,
      1.6,
      1.8,
      2.0,
      2.2,
      2.4
    ],
    "urine_output_ml": [
      2000.0,
      1800.0,
      1600.0,
      1400.0,
      1200.0,
      1000.0,
      800.0,
      600.0
    ],
    "mechanical_ventilation": [
      1.0,
      1.0,
      1.0,
      1.0,
      1.0,
      1.0,
      1.0,
      1.0
    ]
  },
  "confidence_score": 0.65,
  "evaluation": {
    "success": true,
    "model_output": "置信度评分：0.65\n\n**详细分析：**\n\n整体来看，预测结果在一些方面表现出合理的临床趋势，但在另一些方面存在一些不一致性和不合理的数值。下面分点分析：\n\n**1. 循环功能（呼吸、血流、血压）：**\n\n* **心率：** 预测的趋势是从85次/分逐渐升高到124.82次/分，随后干预后保持在相对较高的水平，这与去甲肾上腺素逐渐减量处理不符。 尽管去甲肾上腺素可以升高心率，但减量处理目标通常是降低心率，尤其是在血管反应性改善后。  这部分预测与干预措施的目标不一致，逻辑性较差。\n* **收缩压、舒张压、平均动脉压:** 这些指标的初始值与入院前数据比较合理，体现了低血压的情况。预测后的血压也具有提高趋势，但预测的血压数值从 75mmHg 达到更高数值，提升幅度略大，且下降幅度也过大。\n* **氧合指数 (PaO2/FiO2)：** 从300.0逐步下降到180.0是一个合理的改善趋势，反映了肺功能改善。\n* **血管活性药物使用剂量：** 预测剂量呈递减趋势与预期一致，这是去甲肾上腺素减量处理的体现。 这是一个积极的预测。\n* **机械通气：**预测持续使用机械通气，这可能是合理的，也可能需要调整。取决于患者的病情发展及呼吸支持需求。\n\n**2. 呼吸功能：**\n\n* 呼吸频率的预测没有给出，缺少重要信息。\n* 血氧饱和度最初值合理，改善趋势也合理。\n\n**3. 肾功能：**\n\n* **血清肌酐:** 初始值合理，预测的下降趋势与预期一致，反映了肾功能改善。 预测结果较为合理。\n* **尿量:** 预测数据变化剧烈，从2000mL 降到 600mL，这种下降趋势过快且幅度过大，不符合临床实际情况。肾功能改善通常是一个渐进的过程，尿量也应该在合理范围内变化。\n\n**4. 神经功能：**\n\n* **格拉斯哥昏迷评分 (GCS):** 预测的持续下降趋势与预期不符。GCS 通常会随着病情改善而提高，而非持续下降。这可能是预测算法的缺陷或者输入数据的不准确性。这与预期的改善趋势不一致。\n\n**5. 其他指标：**\n\n* **血小板计数:**  预测的持续下降趋势不符合预期。通常会随着病情改善而稳定或略有上升。\n* **总胆红素:**  预测的持续下降趋势与预期一致，反映了肝功能改善。\n* **机械通气:**  预测持续使用机械通气，需要根据实际情况评估。\n\n**单位问题：**\n\n* 报告中未明确指出一些指标的单位，例如心率（通常为bpm），格拉斯哥昏迷评分等。\n\n**精确度问题：**\n\n* 预测值精确度：例如，体温精确到小数点后1位，血压整数即可。对部分指标，例如肌酐、胆红素等，过度精确可能会掩盖预测的不确定性。\n\n**逻辑一致性问题:**\n\n*  各项指标之间缺乏良好的相关性。 肾功能改善不应导致神经功能恶化。\n\n**整体趋势与临床预期：**\n\n总体来说，预测结果在某些方面符合临床改善的预期，例如去甲肾上腺素减量，肌酐降低，胆红素降低。 但是，许多指标的预测趋势与临床预期不符，例如心率升高，GCS下降，血小板下降，尿量骤降。\n\n**总结:**\n\n预测结果包含一些合理的趋势，但也存在显著的不一致性和不合理之处。 这些不一致性可能源于预测算法的缺陷、输入数据的不准确性，或者对临床生理机制的理解不足。  需要仔细审查预测结果，并结合实际临床数据进行验证和调整。  尤其需要关注心率，GCS，血小板，尿量等指标的预测结果。",
    "error": null
  },
  "key_reasons": [
    "格拉斯哥昏迷评分 (GCS): 预测的持续下降趋势与预期不符。GCS 通常会随着病情改善而提高，而非持续下降。这可能是预测算法的缺陷或者输入数据的不准确性。这与预期的改善趋势不一致。",
    "报告中未明确指出一些指标的单位，例如心率（通常为bpm），格拉斯哥昏迷评分等。"
  ]
}