{
  "timestamp": "2025-12-29 16:46:23",
  "model_name": "gemma3:12b",
  "prediction_model_name": "gemma3:12b",
  "patient_id": "39816062",
  "input_description": "ICU住院编号 39816062，对应患者编号 17911943，19岁男性，体重73.0kg。监测持续时间为 0 小时（共 7 次测量，每4小时一次）：【生命体征】心率变化：[86.33, 86.33]（单位：次/分）收缩压变化：[78.0, 78.0]（单位：mmHg）舒张压变化：[62.0, 62.0]（单位：mmHg）体温变化：[98.75, 98.75]（单位：℃）呼吸频率变化：[17.67, 17.67]（单位：次/分）血氧饱和度变化：[100.0, 100.0]（单位：%）平均动脉压变化：[67.33, 67.33]（单位：mmHg）【SOFA评分相关特征】氧合指数变化：[311.17, 311.17, 311.17, 311.17, 311.17, 311.17, 311.17]（单位：mmHg）机械通气使用情况：[0, 0, 0, 0, 0, 0, 0]（单位：）血小板计数变化：[75.0, 109.0, 109.0, 109.0, 109.0, 109.0, 109.0]（单位：×10³/μL）总胆红素变化：[1.6, 1.6, 1.6, 1.6, 1.6, 1.6, 1.6]（单位：mg/dL）血管活性药物使用剂量：[0.0, 0.0, 0.0, 0.0, 0.0, 0.0, 0.0]（单位：μg/kg/min）格拉斯哥昏迷评分变化：[15, 15, 15, 15, 15, 15, 15]（单位：分）血清肌酐变化：[1.1, 1.1, 1.1, 1.1, 1.1, 1.1, 1.1]（单位：mg/dL）尿量变化：[0.0, 0.0, 0.0, 0.0, 0.0, 240.0, 240.0]（单位：mL）【疾病评分】SOFA总分变化：[0, 0, 0, 0, 2, 5, 5]（单位：分）SIRS评分变化：[0, 0, 0, 0, 1, 2, 2]（单位：分）",
  "intervention": "立即启动去甲肾上腺素输注，维持剂量为10.0μg·kg⁻¹·min⁻¹，剂量调整间隔2小时，密切监测血压和器官灌注，剂量呈递增趋势，提示血管反应性下降，评估8小时内发生感染性休克的风险",
  "evaluator_trust": {
    "a": 0.2,
    "counterfactual_runs": 17,
    "dynamic_confidence": 0.1988714490023766,
    "total_confidence": 0.31700181658728266
  },
  "prediction_trust": {
    "a": 0.2,
    "counterfactual_runs": 17,
    "dynamic_confidence": 0.1988714490023766,
    "total_confidence": 0.31700181658728266
  },
  "predicted_vital_signs": {
    "pao2_fio2_ratio": [
      250.0,
      230.0,
      210.0,
      190.0,
      170.0,
      150.0,
      130.0,
      110.0
    ],
    "platelet": [
      120.0,
      100.0,
      80.0,
      60.0,
      40.0,
      20.0,
      0.0,
      0.0
    ],
    "bilirubin_total": [
      1.8,
      2.2,
      2.6,
      3.0,
      3.4,
      3.8,
      4.2,
      4.6
    ],
    "vasopressor_rate": [
      10.0,
      12.0,
      14.0,
      16.0,
      18.0,
      20.0,
      22.0,
      24.0
    ],
    "gcs_total": [
      13.0,
      12.0,
      11.0,
      10.0,
      9.0,
      8.0,
      7.0,
      6.0
    ],
    "creatinine": [
      1.4,
      2.0,
      2.6,
      3.2,
      3.8,
      4.4,
      5.0,
      5.6
    ],
    "urine_output_ml": [
      1500.0,
      400.0,
      100.0,
      0.0,
      0.0,
      0.0,
      0.0,
      0.0
    ],
    "mechanical_ventilation": [
      0.0,
      0.0,
      1.0,
      1.0,
      1.0,
      1.0,
      1.0,
      1.0
    ]
  },
  "confidence_score": 0.45,
  "evaluation": {
    "success": true,
    "model_output": "置信度评分：0.45\n\n**详细分析理由：**\n\n整体评估来看，预测的SOFA相关指标变化趋势在一定程度上符合血管活性药物干预后可能出现的生理变化方向，但预测的数值变化范围和幅度在很大程度上不合理，存在显著的逻辑矛盾和临床不可能性。以下分项详细分析：\n\n**1. 各项SOFA相关指标数值的合理性：**\n\n*   **PaO2/FiO2 Ratio (pao2_fio2_ratio):** 从250.0降至130.0是不合理的。尽管去甲肾上腺素可能会改善氧合，但如此大幅的下降，并且持续下降，在短期内是极不可能的。通常情况下，即使在改善的背景下，PaO2/FiO2 ratio会趋于稳定或轻微升高。\n*   **Platelet (platelet):**  从120.0下降到0.0是在8小时内完全不可能的。血小板减少可能发生，但下降如此剧烈，会意味着严重的DIC或栓塞事件，这需要其他明显的临床表现。\n*   **Bilirubin Total (bilirubin_total):** 从1.8升高到4.6 也不太可能在8小时内发生如此显著的变化，除非出现严重的肝损伤，这需要其他明显的临床表现。\n*   **Vasopressor Rate (vasopressor_rate):** 从10.0 升至 24.0 也不合理，尤其是在血小板和胆红素都如此快速恶化的情况下，需要更大的剂量来维持稳定，这会进一步加剧其他指标的恶化。\n*   **GCS Total (gcs_total):** 从13.0降到6.0 在8小时内发生如此显著的下降, 这表明有严重的脑功能障碍发生，需要更多的干预措施。\n*   **Creatinine (creatinine):**  从1.4 升高到 5.6 也不合理，尤其是在去甲肾上腺素输注的背景下。\n*   **Urine Output (urine_output_ml):** 从1500.0 降到0.0 且持续下降，这符合肾功能恶化的趋势，但如此大幅的下降也需要其他明显的临床表现。\n*   **Mechanical Ventilation (mechanical_ventilation):** 在第3时间点开始使用机械通气，这符合病情恶化需要呼吸支持的趋势。\n\n**2. 干预措施与指标变化趋势的逻辑一致性：**\n\n*   去甲肾上腺素主要用于提升血压和器官灌注，但预测结果中的PaO2/FiO2 ratio持续下降、血小板快速减少、肌酐快速升高，以及GCS急速下降，这些与去甲肾上腺素的期望效果并不一致。这表明预期的效果可能被一些未知的、恶化的因素所抵消，但这些因素没有在预测中体现。\n*   血管活性药物的使用剂量增加，但血小板和GCS指数快速下降，表明干预效果不佳，并且患者可能存在其他未被识别的并发症。\n\n**3. SOFA评分组件之间的逻辑一致性：**\n\n*   呼吸功能（PaO2/FiO2 ratio）、循环功能（血压、血小板）、肾功能（肌酐、尿量）以及神经功能（GCS）之间缺乏协调性。 例如，去甲肾上腺素主要影响血压和肾功能，但预测结果中神经功能恶化幅度远大于其他功能，这不符合逻辑。\n\n**4. 整体趋势的合理性：**\n\n*   整体趋势是恶化的，但恶化的速度过快，缺乏临床可行性。 快速恶化通常需要更加积极的干预措施和更复杂的并发症。\n*   预测模型没有考虑潜在的并发症，如感染、DIC 或严重的栓塞事件。\n\n**5. 时间序列数据的合理性：**\n\n*   相邻时间点之间的变化幅度过大，缺乏平稳性。例如，血小板计数在8小时内从120.0下降到0.0，是极不可能的。\n\n**6. 数据精确度：**\n\n*   某些指标的精确度过高，例如PaO2/FiO2 ratio精确到小数点后一位，与临床实际不符。\n\n\n**结论：**\n\n预测结果中的数值变化幅度过大，与实际临床情况不符。虽然方向（例如机械通气的使用，尿量减少）在一定程度上符合逻辑，但数值的剧烈变化、以及各项指标之间缺乏协调性，表明预测模型的可靠性较低。模型的预测结果很可能受到假设或输入数据方面的偏差所影响。模型需要进一步调整和验证，以提高预测的准确性和临床实用性。",
    "error": null
  },
  "key_reasons": [
    "整体评估来看，预测的SOFA相关指标变化趋势在一定程度上符合血管活性药物干预后可能出现的生理变化方向，但预测的数值变化范围和幅度在很大程度上不合理，存在显著的逻辑矛盾和临床不可能性。以下分项详细分析：",
    "PaO2/FiO2 Ratio (pao2_fio2_ratio): 从250.0降至130.0是不合理的。尽管去甲肾上腺素可能会改善氧合，但如此大幅的下降，并且持续下降，在短期内是极不可能的。通常情况下，即使在改善的背景下，PaO2/FiO2 ratio会趋于稳定或轻微升高。",
    "Platelet (platelet):  从120.0下降到0.0是在8小时内完全不可能的。血小板减少可能发生，但下降如此剧烈，会意味着严重的DIC或栓塞事件，这需要其他明显的临床表现。"
  ]
}