{
  "timestamp": "2025-12-25 12:15:50",
  "model_name": "gemma3:12b",
  "prediction_model_name": "qwen3:30b",
  "patient_id": "30983281",
  "input_description": "ICU住院编号 30983281，对应患者编号 11501310，48岁男性，体重138.0kg。监测持续时间为 0 小时（共 7 次测量，每4小时一次）：【生命体征】心率变化：[116.0, 116.0]（单位：次/分）收缩压变化：[61.6, 61.6]（单位：mmHg）舒张压变化：[56.2, 56.2]（单位：mmHg）体温变化：[N/A, N/A]（单位：℃）呼吸频率变化：[16.8, 16.8]（单位：次/分）血氧饱和度变化：[100.0, 100.0]（单位：%）平均动脉压变化：[58.0, 58.0]（单位：mmHg）【SOFA评分相关特征】氧合指数变化：[122.6, 122.6, 122.6, 122.6, 122.6, 122.6, 122.6]（单位：mmHg）机械通气使用情况：[0, 0, 0, 0, 0, 0, 0]（单位：）血小板计数变化：[231.0, 165.0, 191.0, 191.0, 191.0, 191.0, 191.0]（单位：×10³/μL）总胆红素变化：[0.8, 0.8, 0.8, 0.8, 0.8, 0.8, 0.8]（单位：mg/dL）血管活性药物使用剂量：[0.0, 0.0, 0.0, 0.0, 0.0, 25.02, 25.02]（单位：μg/kg/min）格拉斯哥昏迷评分变化：[15, 15, 15, 15, 15, 3, 3]（单位：分）血清肌酐变化：[1.1, 1.1, 1.2, 1.2, 1.2, 1.2, 1.2]（单位：mg/dL）尿量变化：[0.0, 0.0, 0.0, 0.0, 0.0, 125.0, 125.0]（单位：mL）【疾病评分】SOFA总分变化：[1, 0, 1, 0, 0, 6, 6]（单位：分）SIRS评分变化：[0, 0, 0, 0, 1, 2, 2]（单位：分）",
  "intervention": "立即启动去甲肾上腺素输注，初始剂量为12.5μg·kg⁻¹·min⁻¹，根据血压反应调整至最大25.95μg·kg⁻¹·min⁻¹，剂量调整间隔1小时，密切监测血压和器官灌注，剂量呈递增趋势，提示血管反应性下降，评估8小时内发生感染性休克的风险",
  "evaluator_trust": {
    "a": 0.6999999999999997,
    "counterfactual_runs": 6,
    "dynamic_confidence": 0.45077664430526293,
    "total_confidence": 0.6878992941404135
  },
  "prediction_trust": {
    "a": 0.6999999999999997,
    "counterfactual_runs": 6,
    "dynamic_confidence": 1.0,
    "total_confidence": 0.8570239361341088
  },
  "predicted_vital_signs": {
    "pao2_fio2_ratio": [
      250.0,
      230.0,
      210.0,
      190.0,
      170.0,
      150.0,
      130.0,
      110.0
    ],
    "platelet": [
      120.0,
      110.0,
      100.0,
      90.0,
      80.0,
      70.0,
      60.0,
      50.0
    ],
    "bilirubin_total": [
      1.5,
      1.7,
      1.9,
      2.1,
      2.3,
      2.5,
      2.7,
      2.9
    ],
    "vasopressor_rate": [
      12.5,
      15.0,
      17.5,
      20.0,
      22.5,
      24.0,
      25.0,
      25.95
    ],
    "gcs_total": [
      10.0,
      9.0,
      8.0,
      7.0,
      6.0,
      5.0,
      4.0,
      3.0
    ],
    "creatinine": [
      1.5,
      1.7,
      1.9,
      2.1,
      2.3,
      2.5,
      2.7,
      2.9
    ],
    "urine_output_ml": [
      800.0,
      700.0,
      600.0,
      500.0,
      400.0,
      300.0,
      200.0,
      100.0
    ],
    "mechanical_ventilation": [
      0.0,
      0.0,
      0.0,
      1.0,
      1.0,
      1.0,
      1.0,
      1.0
    ]
  },
  "confidence_score": 0.45,
  "evaluation": {
    "success": true,
    "model_output": "置信度评分：0.45\n\n**详细分析理由:**\n\n预测结果在整体逻辑上指向感染性休克的恶化与随后的潜在改善，但预测的数值和变化幅度存在诸多不合理之处，导致置信度较低。具体分析如下：\n\n**1. 数值范围与医学合理性:**\n\n* **PaO2/FiO2 Ratio (氧合指数):** 初始预测值250.0是个异常高值。正常情况下，PaO2/FiO2 Ratio 应该是200-400之间，但预测的后续下降趋势，虽然符合恶化趋势，但初始值过高显得不合理。\n* **Platelet (血小板):** 从120.0下降到50.0，表明有严重的血小板减少。这在感染性休克的进展中是可能的，但如此大幅的下降在短时间内非常罕见，且需考虑到可能需要透析辅助治疗。\n* **Bilirubin (总胆红素):** 从1.5 mg/dL 升高到 2.9 mg/dL。虽然总胆红素可能因肝脏功能受损而升高，但此上升幅度相对较快且幅度较大，需要格外警惕肝功能恶化的可能性，同时需要结合其他肝功能指标来综合评估。\n* **Vasopressor Rate (血管活性药物使用剂量):**  递增到25.95μg/kg/min符合临床操作流程，且符合“剂量呈递增趋势，提示血管反应性下降”的逻辑。\n* **GCS (格拉斯哥昏迷评分):** 从10.0 降至3.0，预示病情迅速恶化，表明神经系统受损严重。这通常与低血压和脑部缺氧有关，与感染性休克的进展可能一致，但如此大幅下降，需要警惕脑部严重损害或出血。\n* **Creatinine (肌酐):** 从1.5 mg/dL 升至 2.9 mg/dL。这表明肾功能恶化严重，与感染性休克引起的肾脏灌注不足一致。\n* **Urine Output (尿量):** 从800.0mL 降至 100.0 mL，预示肾功能严重受损，可能需要辅助透析。\n* **Mechanical Ventilation (机械通气):** 随后转为机械通气，符合感染性休克急性期可能需要呼吸支持的临床实践。\n\n**2. 干预措施与指标变化的一致性:**\n\n* 去甲肾上腺素的应用旨在纠正低血压，但预测结果中部分指标（例如肾功能和格拉斯哥评分）恶化趋势与去甲肾上腺素的预期作用不符，预示存在其他未被充分考虑的因素。\n\n**3. SOFA 组件的一致性:**\n\n* 呼吸功能(PaO2/FiO2)、循环功能(血压，格拉斯哥评分)和肾功能(肌酐，尿量)的恶化趋势相互关联，符合感染性休克对身体多系统功能的影响。然而，部分指标的下降幅度过大，可能表明存在严重并发症。\n\n**4. 整体趋势与临床预期:**\n\n* 整体趋势是病情恶化后随后续预期的改善，但部分指标的恶化幅度过大，影响了对整个趋势的置信度。\n\n**5. 数据精确度和时间序列合理性:**\n\n* 肾功能（肌酐，尿量）预测的数据，精确度高，细化到小数点后1位，符合临床数据记录的习惯。\n* 时间序列数据的变化幅度较大，在一些指标上出现不合理的突变，例如格拉斯哥评分和血小板计数。\n\n**总结:**\n\n虽然预测的整体方向与感染性休克的临床进展趋势一致，但数据数值的不合理性和时间序列上的不连续性，以及部分指标与干预措施之间的矛盾，降低了对预测结果的置信度。更精确的数据和更全面的临床背景将有助于提高预测的准确性和可靠性。需要格外关注格拉斯哥评分和血小板计数，这可能是提示脑损伤或DIC等并发症的重要信号。",
    "error": null
  },
  "key_reasons": [
    "预测结果在整体逻辑上指向感染性休克的恶化与随后的潜在改善，但预测的数值和变化幅度存在诸多不合理之处，导致置信度较低。具体分析如下：",
    "GCS (格拉斯哥昏迷评分): 从10.0 降至3.0，预示病情迅速恶化，表明神经系统受损严重。这通常与低血压和脑部缺氧有关，与感染性休克的进展可能一致，但如此大幅下降，需要警惕脑部严重损害或出血。",
    "去甲肾上腺素的应用旨在纠正低血压，但预测结果中部分指标（例如肾功能和格拉斯哥评分）恶化趋势与去甲肾上腺素的预期作用不符，预示存在其他未被充分考虑的因素。"
  ]
}