{
  "timestamp": "2025-12-25 11:29:16",
  "model_name": "gemma3:12b",
  "prediction_model_name": "deepseek-r1:32b",
  "patient_id": "30315020",
  "input_description": "ICU住院编号 30315020，对应患者编号 11992186，56岁男性，体重87.05kg。监测持续时间为 0 小时（共 7 次测量，每4小时一次）：【生命体征】心率变化：[128.0, 128.0]（单位：次/分）收缩压变化：[78.14, 78.14]（单位：mmHg）舒张压变化：[64.86, 64.86]（单位：mmHg）体温变化：[98.3, 98.3]（单位：℃）呼吸频率变化：[21.71, 21.71]（单位：次/分）血氧饱和度变化：[98.57, 98.57]（单位：%）平均动脉压变化：[69.29, 69.29]（单位：mmHg）【SOFA评分相关特征】氧合指数变化：[219.23, 219.23, 219.23, 219.23, 219.23, 219.23, 219.23]（单位：mmHg）机械通气使用情况：[0, 0, 0, 0, 0, 0, 0]（单位：）血小板计数变化：[92.67, 119.67, 105.0, 105.0, 105.0, 105.0, 105.0]（单位：×10³/μL）总胆红素变化：[1.5, 1.9, 1.9, 1.9, 1.9, 1.9, 1.9]（单位：mg/dL）血管活性药物使用剂量：[0.0, 0.0, 0.0, 0.0, 0.0, 5.0, 5.0]（单位：μg/kg/min）格拉斯哥昏迷评分变化：[15, 15, 15, 15, 15, 10, 10]（单位：分）血清肌酐变化：[0.8, 0.8, 0.8, 0.8, 0.8, 0.8, 0.8]（单位：mg/dL）尿量变化：[0.0, 0.0, 0.0, 0.0, 0.0, 825.0, 825.0]（单位：mL）【疾病评分】SOFA总分变化：[0, 0, 0, 4, 1, 7, 7]（单位：分）SIRS评分变化：[0, 0, 0, 0, 1, 4, 4]（单位：分）",
  "intervention": "立即启动去甲肾上腺素输注，维持剂量为5.0μg·kg⁻¹·min⁻¹，剂量调整间隔4小时，密切监测血压和器官灌注，剂量呈递减趋势，提示血管反应性改善，评估8小时内发生感染性休克的风险",
  "evaluator_trust": {
    "a": 0.95,
    "counterfactual_runs": 1,
    "dynamic_confidence": 0.4200645938203228,
    "total_confidence": 0.7710503522715776
  },
  "prediction_trust": {
    "a": 0.95,
    "counterfactual_runs": 1,
    "dynamic_confidence": 0.684951554634758,
    "total_confidence": 0.7817250983849782
  },
  "predicted_vital_signs": {
    "pao2_fio2_ratio": [
      280.0,
      290.0,
      300.0,
      310.0,
      320.0,
      330.0,
      340.0,
      350.0
    ],
    "platelet": [
      140.0,
      145.0,
      150.0,
      155.0,
      160.0,
      165.0,
      170.0,
      175.0
    ],
    "bilirubin_total": [
      2.0,
      1.9,
      1.8,
      1.7,
      1.6,
      1.5,
      1.4,
      1.3
    ],
    "vasopressor_rate": [
      5.0,
      4.5,
      4.0,
      3.5,
      3.0,
      2.5,
      2.0,
      1.5
    ],
    "gcs_total": [
      13.0,
      14.0,
      14.0,
      15.0,
      15.0,
      15.0,
      15.0,
      15.0
    ],
    "creatinine": [
      2.0,
      1.9,
      1.8,
      1.7,
      1.6,
      1.5,
      1.4,
      1.3
    ],
    "urine_output_ml": [
      1000.0,
      1100.0,
      1200.0,
      1300.0,
      1400.0,
      1500.0,
      1600.0,
      1700.0
    ],
    "mechanical_ventilation": [
      1.0,
      1.0,
      1.0,
      1.0,
      1.0,
      1.0,
      1.0,
      1.0
    ]
  },
  "confidence_score": 0.65,
  "evaluation": {
    "success": true,
    "model_output": "置信度评分：0.65\n\n**分析理由：**\n\n整体来看，预测的干预后SOFA相关指标变化趋势符合临床改善的预期，但细节上存在一些问题，降低了置信度。下面将逐一分析：\n\n**1. 各项SOFA相关指标数值是否在合理的医学范围内：**\n\n*   **PaO2/FiO2 Ratio (280.0-350.0):** 该数值范围是合理的，表明肺功能改善。但是，在没有初始PaO2/FiO2 Ratio的情况下，难以判断这些数值是否代表了真正的改善。\n*   **Platelet (140.0-175.0):** 血小板计数在这个范围内是正常的，且逐渐上升，符合干预改善血小板功能的逻辑。\n*   **Bilirubin Total (2.0-1.3):** 胆红素从2.0下降到1.3是合理的，表明肝脏功能得到改善。\n*   **Vasopressor Rate (5.0-1.5):** 血管活性药物使用剂量的递减趋势符合预期，表明血压得到控制，患者对去甲肾上腺素的依赖性降低。\n*   **GCS Total (13.0-15.0):** 格拉斯哥昏迷评分的改善符合患者意识水平恢复的预期。\n*   **Creatinine (2.0-1.3):** 肌酐下降表明肾功能改善，与去甲肾上腺素的使用以及尿量增加相关。\n*   **Urine Output (1000.0-1700.0):** 尿量增加表明肾脏灌注改善，与肾功能改善相符。\n*   **Mechanical Ventilation (1.0)：** 持续使用机械通气需要进一步确认是否是计划内，因为通常在改善后会逐渐减少甚至停止。这个固定值比较奇怪，缺乏逻辑性。\n\n**2. 干预措施的预期效果与SOFA相关指标变化趋势的逻辑一致性:**\n\n去甲肾上腺素的应用预期是改善血压和肾脏灌注，从而导致肾功能指标（肌酐、尿量）改善。预测结果符合这个逻辑。血压控制导致血管活性药物剂量减少，这个逻辑也成立。意识水平改善与整体病情好转相关，预测结果也符合。\n\n**3. 评估SOFA评分各组件之间的逻辑一致性:**\n\n*   **呼吸功能:** PaO2/FiO2 Ratio的改善说明呼吸功能得到改善。\n*   **循环功能:**  PaO2/FiO2 Ratio、血小板计数、血管活性药物使用剂量均体现了循环功能的改善。\n*   **肾功能:** 肌酐和尿量均有改善，表明肾功能得到改善。\n*   **神经功能:** GCS的改善反映了神经功能的改善。\n*   整体来看，各系统指标的协调性较好，符合临床改善的预期。\n\n**4. 整体趋势是否符合临床改善的预期:**\n\n整体趋势是向好的，各项指标均在改善。这符合临床干预的预期。\n\n**5. 注意事项：**\n\n*   **时间序列数据的合理性：**\n    *   部分指标（如胆红素，肌酐）的递减幅度可能略大，需要更加平缓。\n    *   Mechanical Ventilation 的固定值（1.0）很不合理，缺乏临床逻辑。应考虑逐步减少甚至停止。\n*   **数值的精确度：** 肌酐和胆红素的精确度（小数点后1位）可以考虑适当调整为整数，更符合临床习惯。\n\n**6. 关于Mechanical Ventilation的特殊问题：**\n\n该预测中mechanical ventilation固定为1，这与其他指标逐渐改善的趋势不一致。这可能表明预后需要进一步评估，或干预计划需要调整，确保机械通气的使用与患者的整体恢复相符。这是一个主要的降低置信度的因素。\n\n**结论：**\n\n预测的趋势总体上合理，符合临床改善的预期。但是，mechanical ventilation预测的固定值，部分指标变化幅度略大，以及数值精确度等问题，降低了置信度。需要对这些细节进行进一步调整，以提高预测的准确性和临床实用性。",
    "error": null
  },
  "key_reasons": [
    "整体来看，预测的干预后SOFA相关指标变化趋势符合临床改善的预期，但细节上存在一些问题，降低了置信度。下面将逐一分析：",
    "PaO2/FiO2 Ratio (280.0-350.0): 该数值范围是合理的，表明肺功能改善。但是，在没有初始PaO2/FiO2 Ratio的情况下，难以判断这些数值是否代表了真正的改善。",
    "Platelet (140.0-175.0): 血小板计数在这个范围内是正常的，且逐渐上升，符合干预改善血小板功能的逻辑。"
  ]
}