{
  "timestamp": "2025-12-25 12:41:08",
  "model_name": "gemma3:12b",
  "prediction_model_name": "deepseek-r1:32b",
  "patient_id": "31703381",
  "input_description": "ICU住院编号 31703381，对应患者编号 19338519，48岁男性，体重93.9kg。监测持续时间为 0 小时（共 7 次测量，每4小时一次）：【生命体征】心率变化：[105.0, 105.0]（单位：次/分）收缩压变化：[89.0, 89.0]（单位：mmHg）舒张压变化：[70.0, 70.0]（单位：mmHg）体温变化：[98.8, 98.8]（单位：℃）呼吸频率变化：[15.0, 15.0]（单位：次/分）血氧饱和度变化：[99.0, 99.0]（单位：%）平均动脉压变化：[76.33, 76.33]（单位：mmHg）【SOFA评分相关特征】氧合指数变化：[359.19, 359.19, 359.19, 359.19, 359.19, 359.19, 359.19]（单位：mmHg）机械通气使用情况：[0, 0, 0, 0, 0, 0, 0]（单位：）血小板计数变化：[58.0, 52.0, 75.0, 75.33, 75.33, 75.33, 75.33]（单位：×10³/μL）总胆红素变化：[5.5, 11.7, 11.7, 11.7, 11.7, 11.7, 11.7]（单位：mg/dL）血管活性药物使用剂量：[0.0, 0.0, 0.0, 0.0, 0.0, 0.0, 0.0]（单位：μg/kg/min）格拉斯哥昏迷评分变化：[15, 15, 15, 15, 15, 3, 3]（单位：分）血清肌酐变化：[0.8, 0.8, 0.8, 0.8, 0.8, 0.8, 0.8]（单位：mg/dL）尿量变化：[0.0, 0.0, 0.0, 0.0, 0.0, 50.0, 50.0]（单位：mL）【疾病评分】SOFA总分变化：[0, 5, 0, 2, 2, 11, 11]（单位：分）SIRS评分变化：[0, 0, 0, 0, 0, 3, 3]（单位：分）",
  "intervention": "无血管活性药物干预措施，建议密切监测血压和器官灌注，评估8小时内发生感染性休克的风险",
  "evaluator_trust": {
    "a": 0.5499999999999996,
    "counterfactual_runs": 9,
    "dynamic_confidence": 0.4382213744188381,
    "total_confidence": 0.6314374262982758
  },
  "prediction_trust": {
    "a": 0.5499999999999996,
    "counterfactual_runs": 9,
    "dynamic_confidence": 0.5086814162107894,
    "total_confidence": 0.6616567808309416
  },
  "predicted_vital_signs": {
    "pao2_fio2_ratio": [
      300.0,
      280.0,
      260.0,
      240.0,
      220.0,
      200.0,
      180.0,
      160.0
    ],
    "platelet": [
      150.0,
      140.0,
      130.0,
      120.0,
      110.0,
      100.0,
      90.0,
      80.0
    ],
    "bilirubin_total": [
      1.2,
      1.4,
      1.6,
      1.8,
      2.0,
      2.2,
      2.4,
      2.6
    ],
    "vasopressor_rate": [
      0.0,
      0.1,
      0.2,
      0.3,
      0.4,
      0.5,
      0.6,
      0.7
    ],
    "gcs_total": [
      15.0,
      14.0,
      13.0,
      12.0,
      11.0,
      10.0,
      9.0,
      8.0
    ],
    "creatinine": [
      1.0,
      1.2,
      1.4,
      1.6,
      1.8,
      2.0,
      2.2,
      2.4
    ],
    "urine_output_ml": [
      2000.0,
      1800.0,
      1600.0,
      1400.0,
      1200.0,
      1000.0,
      800.0,
      600.0
    ],
    "mechanical_ventilation": [
      0.0,
      0.0,
      1.0,
      1.0,
      1.0,
      1.0,
      1.0,
      1.0
    ]
  },
  "confidence_score": 0.45,
  "evaluation": {
    "success": true,
    "model_output": "置信度评分：0.45\n\n**分析理由：**\n\n预测数据总体上存在诸多不合理之处，逻辑跳跃和不符合临床实际的情况较多，因此置信度较低。以下分点进行详细分析：\n\n**1. 各项SOFA相关指标数值的合理性：**\n\n*   **PaO2/FiO2 Ratio:** 从300.0降至180.0，虽然趋势符合改善预期，但起始值过高（即使考虑呼吸窘迫，300.0也超出了常见范围）。这表明可能存在氧合指标计算或输入错误。\n*   **Platelet:** 从150.0降至80.0是一个显著的下降。虽然可能发生血小板减少，但如此快速且大幅度的下降在短期内，且无其他血小板减少症迹象的情况下，可能性较低，需要考虑病因。\n*   **Bilirubin_total:** 从1.2降至2.6，趋势符合肝功能改善，数值也基本合理，但起始值较低，需要核实。\n*   **Vasopressor_rate:** 从0.0上升至0.7，表明患者需要血管活性药物支持，符合感染性休克风险评估和干预逻辑。但速率变化过快，需要谨慎评估。\n*   **GCS_total:** 从15.0降至8.0，提示患者意识状态显著下降，需要探究原因。这与可能相关的其他指标（如呼吸、循环）应保持一致性，需要进一步分析是否与其他并发症相关。\n*   **Creatinine:** 从1.0上升至2.4，表明肾功能逐渐恶化。与血管活性药物使用和可能的血流灌注不足有关，逻辑上是合理的，但速率较快，需要进一步评估。\n*   **Urine_output_ml:** 从2000.0降至600.0，尿量减少，符合肾功能恶化的趋势，但骤降幅度过大。需要考虑是否存在尿路梗阻或其他原因。\n*   **Mechanical_ventilation:** 从0.0到1.0的转变，表明患者需要机械通气支持，逻辑上是合理的，但需要根据患者呼吸功能指标和意识状态进行进一步判断。\n\n**2. 干预措施的预期效果与SOFA相关指标变化趋势的逻辑一致性：**\n\n*   整体上，干预措施旨在改善患者病情，预测的指标变化趋势在一定程度上符合这一目标。然而，某些指标的变化幅度过大或速度过快，与临床实际情况不符，降低了预测的可靠性。\n*   例如，肾功能恶化与血管活性药物使用相关，符合逻辑，但速率过快；意识状态下降与呼吸、循环系统问题可能相关，需要进一步分析。\n\n**3. SOFA评分各组件之间的逻辑一致性：**\n\n*   呼吸功能、循环功能、肾功能等系统指标之间存在一定的协调性。然而，某些指标的变化并不一致，降低了预测的临床价值。\n*   例如，意识状态的显著下降（GCS）可能与呼吸、循环系统问题相关，但预测数据中没有明确体现这些关联。\n\n**4. 整体趋势是否符合临床改善的预期：**\n\n*   总体趋势上，预测数据符合临床改善的预期。然而，某些指标的变化过于剧烈，与临床实际情况不符，降低了预测的可靠性。\n\n**5. 数据单位统一性：**\n\n*   假设所有数据使用了正确的医学单位，但需要仔细核对以确保数据的准确性。\n\n**6. 时间序列数据的合理性：**\n\n*   数据的时间序列的合理性存在问题。许多指标的变化幅度过大或速度过快，与临床实际情况不符。这表明数据可能存在错误或建模问题。\n\n**7. 数值的精确度是否合理：**\n\n*   某些指标的精确度不合理。例如，体温精确到小数点后1位，血压整数即可，而部分指标则精确到小数点后1位，这可能表明数据存在错误或建模问题。\n\n**总结：**\n\n虽然预测数据在一定程度上符合临床改善的预期，但其逻辑跳跃、不合理的变化幅度以及潜在的建模问题，导致其可靠性较低。需要对数据进行仔细核对和重新建模，以提高预测的准确性。特别是PaO2/FiO2 ratio, platelet，GCS_total, urine_output_ml这几个指标需要重点检查。",
    "error": null
  },
  "key_reasons": [
    "预测数据总体上存在诸多不合理之处，逻辑跳跃和不符合临床实际的情况较多，因此置信度较低。以下分点进行详细分析：",
    "PaO2/FiO2 Ratio: 从300.0降至180.0，虽然趋势符合改善预期，但起始值过高（即使考虑呼吸窘迫，300.0也超出了常见范围）。这表明可能存在氧合指标计算或输入错误。",
    "Platelet: 从150.0降至80.0是一个显著的下降。虽然可能发生血小板减少，但如此快速且大幅度的下降在短期内，且无其他血小板减少症迹象的情况下，可能性较低，需要考虑病因。"
  ]
}