{
  "timestamp": "2025-12-25 12:24:48",
  "model_name": "gemma3:12b",
  "prediction_model_name": "deepseek-r1:32b",
  "patient_id": "31149608",
  "input_description": "ICU住院编号 31149608，对应患者编号 16155910，63岁男性，体重69.0kg。监测持续时间为 0 小时（共 7 次测量，每4小时一次）：【生命体征】心率变化：[120.75, 120.75]（单位：次/分）收缩压变化：[73.0, 73.0]（单位：mmHg）舒张压变化：[65.0, 65.0]（单位：mmHg）体温变化：[98.0, 98.0]（单位：℃）呼吸频率变化：[15.25, 15.25]（单位：次/分）血氧饱和度变化：[93.75, 93.75]（单位：%）平均动脉压变化：[67.67, 67.67]（单位：mmHg）【SOFA评分相关特征】氧合指数变化：[66.02, 66.02, 66.02, 66.02, 66.02, 66.02, 66.02]（单位：mmHg）机械通气使用情况：[0, 0, 0, 0, 0, 0, 0]（单位：）血小板计数变化：[13.0, 22.0, 22.0, 22.0, 22.0, 22.0, 22.0]（单位：×10³/μL）总胆红素变化：[4.3, 4.3, 4.3, 4.3, 4.3, 4.3, 4.3]（单位：mg/dL）血管活性药物使用剂量：[0.0, 0.0, 0.0, 0.0, 0.0, 8.01, 8.01]（单位：μg/kg/min）格拉斯哥昏迷评分变化：[15, 15, 15, 15, 15, 13, 13]（单位：分）血清肌酐变化：[0.9, 0.8, 0.9, 0.9, 0.9, 0.9, 0.9]（单位：mg/dL）尿量变化：[0.0, 0.0, 0.0, 0.0, 0.0, 350.0, 350.0]（单位：mL）【疾病评分】SOFA总分变化：[1, 0, 0, 5, 0, 8, 8]（单位：分）SIRS评分变化：[1, 0, 0, 0, 0, 3, 3]（单位：分）",
  "intervention": "立即启动去甲肾上腺素输注，维持剂量为15.0μg·kg⁻¹·min⁻¹，剂量调整间隔1小时，密切监测血压和器官灌注，剂量呈递减趋势，提示血管反应性改善，评估8小时内发生感染性休克的风险",
  "evaluator_trust": {
    "a": 0.6499999999999997,
    "counterfactual_runs": 7,
    "dynamic_confidence": 0.4225195538417722,
    "total_confidence": 0.6610719803471096
  },
  "prediction_trust": {
    "a": 0.6499999999999997,
    "counterfactual_runs": 7,
    "dynamic_confidence": 0.51964181767728,
    "total_confidence": 0.6933066240024228
  },
  "predicted_vital_signs": {
    "pao2_fio2_ratio": [
      300.0,
      310.0,
      320.0,
      330.0,
      340.0,
      350.0,
      360.0,
      370.0
    ],
    "platelet": [
      100.0,
      98.0,
      96.0,
      94.0,
      92.0,
      90.0,
      88.0,
      86.0
    ],
    "bilirubin_total": [
      1.5,
      1.6,
      1.7,
      1.8,
      1.9,
      2.0,
      2.1,
      2.2
    ],
    "vasopressor_rate": [
      15.0,
      14.0,
      13.0,
      12.0,
      11.0,
      10.0,
      9.0,
      8.0
    ],
    "gcs_total": [
      12.0,
      12.0,
      12.0,
      12.0,
      12.0,
      12.0,
      12.0,
      12.0
    ],
    "creatinine": [
      1.4,
      1.5,
      1.6,
      1.7,
      1.8,
      1.9,
      2.0,
      2.1
    ],
    "urine_output_ml": [
      1800.0,
      1900.0,
      2000.0,
      2100.0,
      2200.0,
      2300.0,
      2400.0,
      2500.0
    ],
    "mechanical_ventilation": [
      1.0,
      1.0,
      1.0,
      1.0,
      1.0,
      1.0,
      1.0,
      1.0
    ]
  },
  "confidence_score": 0.65,
  "evaluation": {
    "success": true,
    "model_output": "置信度评分：0.65\n\n**详细分析理由：**\n\n整体来看，预测的SOFA相关指标变化趋势与干预措施的预期效果在一定程度上一致，但数据在具体数值和精度上存在一些问题，导致整体置信度中等。下面分项进行详细评估：\n\n**1. 数值范围与医学合理性:**\n\n* **pao2_fio2_ratio (PaO2/FiO2 Ratio):** 预测值从300.0逐步升高到370.0，这个数值在临床上是合理的。PaO2/FiO2 Ratio > 300 通常表示肺功能良好。这是一个积极的改善趋势。\n* **platelet (血小板计数):** 预测值从100.0下降到86.0。血小板计数下降通常预示着病情恶化或存在耗竭/消耗的情况。虽然干预措施旨在改善微循环和组织灌注，从而可能缓解血小板消耗，但简单地将血小板从100降低到86可能过于乐观，特别是在感染性休克的早期。更合理的预期是血小板计数会有所升高，甚至可能保持稳定或缓慢升高。\n* **bilirubin_total (总胆红素):** 预测值从1.5逐渐升高到2.2。胆红素升高可能与肝功能受损或红细胞破坏有关。虽然血管活性药物和去甲肾上腺素的改善可能减轻肝脏的应激，但这并不能保证胆红素会显著降低。持续升高可能表明肝脏仍处于应激状态，需要进一步评估。\n* **vasopressor_rate (血管活性药物使用剂量):** 预测值从15.0μg·kg⁻¹·min⁻¹逐渐降低到8.0μg·kg⁻¹·min⁻¹。这与干预措施的目标一致，反映了血压逐渐稳定和血管反应性改善。剂量呈递减趋势是合理的。\n* **gcs_total (格拉斯哥昏迷评分):** 预测值保持在12.0。这表示患者的意识状态没有明显改善，也未恶化。虽然药物可以缓解组织缺氧，进而改善意识水平，但如果患者最初的格拉斯哥评分较低，需要更长时间才能看到明显的改善。在干预措施早期，格拉斯哥评分保持稳定是可能的。\n* **creatinine (肌酐):** 预测值从1.4逐渐升高到2.1。肌酐升高通常提示肾功能受损。尽管改善的灌注可能对肾功能产生积极影响，但由于感染性休克可能已经对肾脏造成了一定的损害，短期内肌酐降低的可能性不大。缓慢升高，甚至持续稳定在一定水平，更为常见。\n* **urine_output_ml (尿量):** 预测值从1800.0上升到2500.0。增加尿量通常预示着肾功能改善。这是与血管活性药物改善一致的，也是合理的趋势。\n* **mechanical_ventilation (机械通气):** 预测值始终为1.0。这表明患者始终需要机械通气支持，与干预措施初期的情况一致，但也反映了患者的呼吸功能尚未完全恢复。\n\n**2. 各组件之间的逻辑一致性:**\n\n整体来看，呼吸功能（PaO2/FiO2 Ratio, 机械通气）、循环功能（血管活性药物使用剂量，血压变化、血小板计数）和肾功能（肌酐，尿量）的改变趋势在一定程度上相互关联，这符合临床预期。\n\n**3. 时间序列数据的合理性:**\n\n一些数值之间的跳变幅度可能过大，例如血小板计数和肌酐的变化过于迅速。血小板计数和肌酐受多种因素影响，其变化速率通常较为缓慢。\n\n**4. 精确度评估:**\n\n胆红素的预测值精确到小数点后一位，这对于临床诊断而言过于精确，可以考虑适当调整为整数。\n\n**5. 单位统一性:**\n\n所有指标都符合医学单位标准。\n\n**改进建议:**\n\n* **血小板计数:** 降低速率需要更加谨慎，可能需要考虑更具缓冲性的提升策略。\n* **肌酐:**  可能需要将其保持在稳定或缓慢上升的水平，而不是持续上升。\n* **胆红素:** 考虑将其保持在稳定或缓慢下降的水平。\n* **格拉斯哥评分：**如果病情初始较差，且干预措施的持续时间较短，需要更长的时间才能看到格拉斯哥评分的显著改善。\n* **数值精度：**  适当调整一些指标的数值精度，使其更符合临床实际。\n\n综上所述，预测结果在一定程度上反映了干预措施的潜在效果，但数值的精确性和变化速率需要进一步改进，以提高整体置信度。",
    "error": null
  },
  "key_reasons": [
    "整体来看，预测的SOFA相关指标变化趋势与干预措施的预期效果在一定程度上一致，但数据在具体数值和精度上存在一些问题，导致整体置信度中等。下面分项进行详细评估：",
    "pao2_fio2_ratio (PaO2/FiO2 Ratio): 预测值从300.0逐步升高到370.0，这个数值在临床上是合理的。PaO2/FiO2 Ratio > 300 通常表示肺功能良好。这是一个积极的改善趋势。",
    "platelet (血小板计数): 预测值从100.0下降到86.0。血小板计数下降通常预示着病情恶化或存在耗竭/消耗的情况。虽然干预措施旨在改善微循环和组织灌注，从而可能缓解血小板消耗，但简单地将血小板从100降低到86可能过于乐观，特别是在感染性休克的早期。更合理的预期是血小板计数会有所升高，甚至可能保持稳定或缓慢升高。"
  ]
}