{
  "timestamp": "2025-12-25 11:58:33",
  "model_name": "gemma3:12b",
  "prediction_model_name": "qwen3:30b",
  "patient_id": "30861515",
  "input_description": "ICU住院编号 30861515，对应患者编号 11699026，72岁男性，体重96.5kg。监测持续时间为 0 小时（共 7 次测量，每4小时一次）：【生命体征】心率变化：[86.2, 75.5, 91.0, 74.5, 77.0, 73.2, 73.2]（单位：次/分）收缩压变化：[83.2, 74.25, 81.0, 77.5, 67.2, 73.8, 73.8]（单位：mmHg）舒张压变化：[70.6, 64.75, 71.0, 54.0, 51.2, 57.8, 57.8]（单位：mmHg）体温变化：[36.88, 36.6, 36.5, 35.6, 35.52, 36.06, 36.06]（单位：℃）呼吸频率变化：[17.6, 23.25, 19.0, 19.5, 17.8, 17.6, 17.6]（单位：次/分）血氧饱和度变化：[96.6, 95.25, 97.0, 98.0, 97.8, 97.4, 97.4]（单位：%）平均动脉压变化：[74.8, 67.92, 74.33, 61.83, 56.53, 63.13, 63.13]（单位：mmHg）【SOFA评分相关特征】氧合指数变化：[406.5, 280.08, 280.08, 280.08, 280.08, 280.08, 280.08]（单位：mmHg）机械通气使用情况：[0, 0, 0, 0, 0, 0, 0]（单位：）血小板计数变化：[132.0, 107.0, 113.0, 113.0, 113.0, 113.0, 113.0]（单位：×10³/μL）总胆红素变化：[3.7, 2.4, 1.8, 1.8, 1.8, 1.8, 1.8]（单位：mg/dL）血管活性药物使用剂量：[0.0, 0.0, 0.0, 0.0, 0.0, 0.0, 0.0]（单位：μg/kg/min）格拉斯哥昏迷评分变化：[15, 14, 15, 15, 15, 7, 7]（单位：分）血清肌酐变化：[1.6, 2.5, 2.8, 2.8, 2.8, 2.8, 2.8]（单位：mg/dL）尿量变化：[325.0, 35.0, 40.0, 110.0, 50.0, 80.0, 80.0]（单位：mL）【疾病评分】SOFA总分变化：[4, 5, 3, 6, 4, 10, 10]（单位：分）SIRS评分变化：[1, 1, 1, 2, 1, 1, 1]（单位：分）",
  "intervention": "无血管活性药物干预措施，建议密切监测血压和器官灌注，评估8小时内发生感染性休克的风险",
  "evaluator_trust": {
    "a": 0.7999999999999998,
    "counterfactual_runs": 4,
    "dynamic_confidence": 0.39893402286000146,
    "total_confidence": 0.7114054341135256
  },
  "prediction_trust": {
    "a": 0.7999999999999998,
    "counterfactual_runs": 4,
    "dynamic_confidence": 1.0,
    "total_confidence": 0.8365987841532672
  },
  "predicted_vital_signs": {
    "pao2_fio2_ratio": [
      250.0,
      240.0,
      230.0,
      220.0,
      210.0,
      200.0,
      190.0,
      180.0
    ],
    "platelet": [
      100.0,
      95.0,
      90.0,
      85.0,
      80.0,
      75.0,
      70.0,
      65.0
    ],
    "bilirubin_total": [
      1.5,
      1.6,
      1.7,
      1.8,
      1.9,
      2.0,
      2.1,
      2.2
    ],
    "vasopressor_rate": [
      0.0,
      0.0,
      0.0,
      0.1,
      0.2,
      0.3,
      0.4,
      0.5
    ],
    "gcs_total": [
      10.0,
      9.0,
      8.0,
      7.0,
      6.0,
      5.0,
      4.0,
      3.0
    ],
    "creatinine": [
      1.2,
      1.3,
      1.4,
      1.5,
      1.6,
      1.7,
      1.8,
      1.9
    ],
    "urine_output_ml": [
      800.0,
      750.0,
      700.0,
      650.0,
      600.0,
      550.0,
      500.0,
      450.0
    ],
    "mechanical_ventilation": [
      1.0,
      1.0,
      1.0,
      1.0,
      1.0,
      1.0,
      1.0,
      1.0
    ]
  },
  "confidence_score": 0.45,
  "evaluation": {
    "success": true,
    "model_output": "置信度评分：0.45\n\n**详细分析及理由：**\n\n预测的SOFA相关指标数据在整体上存在显著问题，逻辑不一致和数值不合理之处较多，严重影响了预测的可靠性。以下逐一分析：\n\n**1. 数值是否在合理医学范围内：**\n\n*   **PaO2/FiO2 Ratio:** 预测值从250.0降至180.0。虽然PaO2/FiO2比率下降通常表示呼吸功能恶化，但250.0这个初始值本身就略高（理想状态接近300，但通常患者在ICU环境中会受到FiO2的影响）。持续下降到180，尤其是在没有机械通气的情况下，显得过于急剧，不符合临床实际。\n*   **Platelet:** 预测值从100.0 降至 65.0。血小板计数下降通常表示凝血功能障碍，但如此显著的下降需要明确的病因和临床表现，而预测结果没有提供相关信息。如此大幅度下降也更容易导致出血风险。\n*   **Bilirubin_total:** 预测值从1.5上升至2.2。总胆红素升高通常与肝功能受损有关，但在无明显肝脏病变的情况下，快速升高不常见。\n*   **Vasopressor_rate:** 预测值从0.0 增加到 0.5。血管活性药物的使用是一个关键指标，预测使用量大幅增加预示着循环系统功能严重恶化，需要明确的原因。\n*   **GCS_total:** 预测值从10.0 降至 3.0。格拉斯哥昏迷评分的显著下降表明神经系统功能恶化，需要明确原因。如此大幅下降提示患者可能发生严重的脑损伤。\n*   **Creatinine:** 预测值从1.2 升至 1.9 。肌酐升高通常与肾功能受损有关，但预测结果没有给出肾脏疾病的证据。如此大幅度的上升需要更加严谨的肾脏功能评估。\n*   **Urine_output_ml:** 预测值从800.0 降至 450.0 。尿量减少通常与肾脏功能受损、脱水或药物影响有关，需要明确原因。\n*   **Mechanical_ventilation:** 预测从1.0保持不变，假设表示没有机械通气。如果存在呼吸窘迫需要辅助呼吸，这应该在预测中体现出来。\n\n**2. 干预措施的预期效果与SOFA相关指标变化趋势的逻辑一致性：**\n\n*   预测中“无血管活性药物干预措施”，但预测结果中Vasopressor_rate从0.0升到0.5，这是一个矛盾。干预措施应该是避免使用血管活性药物的，而不是预测其使用量增加。\n*   其他指标的趋势和干预措施的逻辑关系缺乏明确的关联性，例如，PaO2/FiO2比率下降的同时，机械通气并没有开始，这似乎不符合临床实践。\n\n**3. SOFA评分各组件之间的逻辑一致性：**\n\n*   呼吸功能指标(PaO2/FiO2 ratio)下降，肾功能指标（肌酐、尿量）也出现恶化，可能提示病情整体恶化，但神经系统(GCS)恶化的幅度与其他系统不协调。\n*   循环功能（Vasopressor_rate、PaO2/FiO2 ratio）恶化，但没有提供明确的临床原因，例如心律失常、心肌梗死等。\n*  预测的趋势是整体恶化，但缺乏病理生理机制的支撑。\n\n**4. 整体趋势：**\n\n整体预测趋势是病情迅速恶化，这与建议“密切监测”的干预措施不符。密切监测更多是用于早期发现潜在问题，而非预测病情迅速恶化。\n\n**5. 数据单位：**\n\n所有单位看起来都正确，但这无法弥补预测的逻辑错误。\n\n**6. 时间序列数据的合理性：**\n\n时间序列数据的变化幅度过大，过于急剧，与临床实际不符。例如，GCS评分从10.0降至3.0，如此快速的变化在没有明确的脑损伤原因的情况下是不可能发生的。\n\n**7. 数值的精确度：**\n\n体温精确到小数点后1位，血压整数即可，这些都合理。但预测结果中，其他指标的精确度与临床实践不符，例如，血小板计数精确到小数点后1位，这通常是不必要的。\n\n\n\n**总结：**\n\n预测结果的逻辑不一致、数值不合理、缺乏临床依据，与干预措施不协调，整个趋势也与建议的干预措施相悖。虽然预测的单位基本正确，但预测的逻辑严重不足，因此置信度评分较低。这是一个需要重新评估和修正的预测模型。",
    "error": null
  },
  "key_reasons": [
    "Vasopressor_rate: 预测值从0.0 增加到 0.5。血管活性药物的使用是一个关键指标，预测使用量大幅增加预示着循环系统功能严重恶化，需要明确的原因。",
    "GCS_total: 预测值从10.0 降至 3.0。格拉斯哥昏迷评分的显著下降表明神经系统功能恶化，需要明确原因。如此大幅下降提示患者可能发生严重的脑损伤。",
    "Urine_output_ml: 预测值从800.0 降至 450.0 。尿量减少通常与肾脏功能受损、脱水或药物影响有关，需要明确原因。"
  ]
}