{
  "timestamp": "2025-12-25 12:12:12",
  "model_name": "gemma3:12b",
  "prediction_model_name": "gemma3:12b",
  "patient_id": "30983281",
  "input_description": "ICU住院编号 30983281，对应患者编号 11501310，48岁男性，体重138.0kg。监测持续时间为 0 小时（共 7 次测量，每4小时一次）：【生命体征】心率变化：[116.0, 116.0]（单位：次/分）收缩压变化：[61.6, 61.6]（单位：mmHg）舒张压变化：[56.2, 56.2]（单位：mmHg）体温变化：[N/A, N/A]（单位：℃）呼吸频率变化：[16.8, 16.8]（单位：次/分）血氧饱和度变化：[100.0, 100.0]（单位：%）平均动脉压变化：[58.0, 58.0]（单位：mmHg）【SOFA评分相关特征】氧合指数变化：[122.6, 122.6, 122.6, 122.6, 122.6, 122.6, 122.6]（单位：mmHg）机械通气使用情况：[0, 0, 0, 0, 0, 0, 0]（单位：）血小板计数变化：[231.0, 165.0, 191.0, 191.0, 191.0, 191.0, 191.0]（单位：×10³/μL）总胆红素变化：[0.8, 0.8, 0.8, 0.8, 0.8, 0.8, 0.8]（单位：mg/dL）血管活性药物使用剂量：[0.0, 0.0, 0.0, 0.0, 0.0, 25.02, 25.02]（单位：μg/kg/min）格拉斯哥昏迷评分变化：[15, 15, 15, 15, 15, 3, 3]（单位：分）血清肌酐变化：[1.1, 1.1, 1.2, 1.2, 1.2, 1.2, 1.2]（单位：mg/dL）尿量变化：[0.0, 0.0, 0.0, 0.0, 0.0, 125.0, 125.0]（单位：mL）【疾病评分】SOFA总分变化：[1, 0, 1, 0, 0, 6, 6]（单位：分）SIRS评分变化：[0, 0, 0, 0, 1, 2, 2]（单位：分）",
  "intervention": "立即启动去甲肾上腺素输注，初始剂量为12.5μg·kg⁻¹·min⁻¹，根据血压反应调整至最大25.95μg·kg⁻¹·min⁻¹，剂量调整间隔1小时，密切监测血压和器官灌注，剂量呈递增趋势，提示血管反应性下降，评估8小时内发生感染性休克的风险",
  "evaluator_trust": {
    "a": 0.6999999999999997,
    "counterfactual_runs": 6,
    "dynamic_confidence": 0.45077664430526293,
    "total_confidence": 0.6878992941404135
  },
  "prediction_trust": {
    "a": 0.6999999999999997,
    "counterfactual_runs": 6,
    "dynamic_confidence": 0.45077664430526293,
    "total_confidence": 0.6878992941404135
  },
  "predicted_vital_signs": {
    "pao2_fio2_ratio": [
      200.0,
      90.0,
      60.0,
      40.0,
      20.0,
      10.0,
      5.0,
      2.0
    ],
    "platelet": [
      100.0,
      80.0,
      60.0,
      40.0,
      8.0,
      0.0,
      0.0,
      0.0
    ],
    "bilirubin_total": [
      2.0,
      3.0,
      4.0,
      5.0,
      6.0,
      7.0,
      8.0,
      9.0
    ],
    "vasopressor_rate": [
      12.5,
      15.0,
      18.0,
      21.0,
      24.0,
      25.95,
      25.95,
      25.95
    ],
    "gcs_total": [
      10.0,
      8.0,
      6.0,
      4.0,
      2.0,
      1.0,
      1.0,
      1.0
    ],
    "creatinine": [
      1.5,
      5.0,
      8.0,
      10.0,
      12.0,
      14.0,
      16.0,
      18.0
    ],
    "urine_output_ml": [
      500.0,
      400.0,
      300.0,
      200.0,
      100.0,
      50.0,
      20.0,
      10.0
    ],
    "mechanical_ventilation": [
      0.0,
      1.0,
      1.0,
      1.0,
      1.0,
      1.0,
      1.0,
      1.0
    ]
  },
  "confidence_score": 0.45,
  "evaluation": {
    "success": true,
    "model_output": "置信度评分：0.45\n\n**详细分析及理由：**\n\n预测的SOFA相关指标数据存在严重的问题，很多预测结果不符合临床预期，逻辑关系不明确，数据波动过于剧烈，且存在单位不一致的问题。整体而言，预测的可靠性较低，需要大幅度修正。\n\n**1. 各项SOFA相关指标数值是否在合理的医学范围内：**\n\n*   **pO2/FiO2 Ratio:** 初始值 200.0 是合理的，但随后下降到 5.0 和 2.0 是极不合理的。pO2/FiO2 比值下降到如此低的水平表明严重的肺功能衰竭，通常会伴随严重的呼吸窘迫和死亡，而预估的干预措施仅仅是去甲肾上腺素的给药，不太可能产生如此戏剧性的影响。\n*   **Platelet:** 从100.0降到 0.0是极不合理的。血小板计数降至零意味着发生了严重的血栓性疾病或弥漫性血管内凝血（DIC）。去甲肾上腺素的给药不太可能导致这种情况。\n*   **Bilirubin Total:** 从 2.0 升至 9.0 在短时间内是不合理的。胆红素升高通常是慢性肝脏疾病的表现，短期内出现如此大的变化不太可能，除非存在急性肝衰竭，而给药策略无法解释这种现象。\n*   **Vasopressor Rate:** 持续增加到 25.95 μg/kg/min 是合理的，符合预期。\n*   **GCS Total:** 从10.0降到1.0是极不合理的。GCS分数下降到如此低，提示患者存在严重的神经系统功能障碍，而简单的去甲肾上腺素给药不太可能导致如此大的神经功能恶化。\n*   **Creatinine:**  从1.5 升至 18.0，说明肾功能急剧恶化，但干预措施并不足以解释如此大的变化，需要伴随其他严重肾脏损伤事件，例如肾衰竭。\n*   **Urine Output:**  从500.0 ml 降至 10.0 ml 表明尿量急剧减少，提示肾脏功能衰竭。但与creatinine的大幅上升一致。\n*   **Mechanical Ventilation:** 1.0表示机械通气开始使用，这在去甲肾上腺素使用期间是合理的，因为患者状态恶化可能需要呼吸支持。\n\n**2. 干预措施的预期效果与SOFA相关指标变化趋势的逻辑一致性：**\n\n*   去甲肾上腺素的给药主要用于改善循环功能，提高血压。虽然对循环功能指标的改善有一定预期，但预测中几乎所有指标都在恶化，这与预期效果不符。\n*   血管活性药物的使用可能会影响肾脏灌注，从而影响肌酐和尿量，但预测中这些指标的变化幅度过大，与药物效果不符。\n\n**3. 评估SOFA评分各组件之间的逻辑一致性：**\n\n*   呼吸功能、循环功能、肾功能、神经功能等系统指标的协调性严重缺失。 例如，循环功能恶化可能导致肾脏灌注不足，从而影响肾功能，但预测中各系统指标的变化幅度过大，协调性差。神经功能恶化和循环功能恶化之间没有合理的解释，神经系统问题和呼吸窘迫往往相互影响，但在预测结果中没有体现。\n\n**4. 整体趋势是否符合临床改善的预期：**\n\n*   整体趋势是恶化的，这与去甲肾上腺素等血管活性药物治疗的预期效果相悖。一般情况下，干预措施应使患者病情改善或至少维持稳定。\n\n**5. 数据单位：**\n\n*   所有数据均使用正确的医学单位。\n\n**6. 时间序列数据的合理性：**\n\n*   相邻时间点之间的变化幅度过大，缺乏临床合理性。 例如，肌酐在短时间内从1.5升至18.0是不可能的。\n\n**7. 数值的精确度：**\n\n*   肌酐精确到小数点后一位的精度与实际临床情况不符。\n\n**总结：**\n\n预测结果的逻辑关系和数据趋势与实际情况不符。 这可能表明模型训练数据不足或存在偏差，或者模型的设计存在缺陷。预测结果的严重不准确性导致置信度评分较低。预测结果中涉及的一些参数变化过于剧烈，与真实情况不符，需要修正，例如肌酐数值的跳变。",
    "error": null
  },
  "key_reasons": [
    "Mechanical Ventilation: 1.0表示机械通气开始使用，这在去甲肾上腺素使用期间是合理的，因为患者状态恶化可能需要呼吸支持。",
    "相邻时间点之间的变化幅度过大，缺乏临床合理性。 例如，肌酐在短时间内从1.5升至18.0是不可能的。",
    "预测结果的逻辑关系和数据趋势与实际情况不符。 这可能表明模型训练数据不足或存在偏差，或者模型的设计存在缺陷。预测结果的严重不准确性导致置信度评分较低。预测结果中涉及的一些参数变化过于剧烈，与真实情况不符，需要修正，例如肌酐数值的跳变。"
  ]
}