{
  "timestamp": "2025-12-25 12:33:07",
  "model_name": "gemma3:12b",
  "prediction_model_name": "qwen3:30b",
  "patient_id": "31613211",
  "input_description": "ICU住院编号 31613211，对应患者编号 18084435，58岁女性，体重122.6kg。监测持续时间为 0 小时（共 7 次测量，每4小时一次）：【生命体征】心率变化：[117.5, 117.5]（单位：次/分）收缩压变化：[73.0, 73.0]（单位：mmHg）舒张压变化：[64.17, 64.17]（单位：mmHg）体温变化：[97.45, 97.45]（单位：℃）呼吸频率变化：[26.75, 26.75]（单位：次/分）血氧饱和度变化：[95.0, 95.0]（单位：%）平均动脉压变化：[67.11, 67.11]（单位：mmHg）【SOFA评分相关特征】氧合指数变化：[112.98, 112.98, 112.98, 112.98, 112.98, 112.98, 112.98]（单位：mmHg）机械通气使用情况：[0, 0, 0, 0, 0, 0, 0]（单位：）血小板计数变化：[313.0, 472.0, 441.0, 441.0, 441.0, 441.0, 441.0]（单位：×10³/μL）总胆红素变化：[0.7, 0.7, 0.7, 0.7, 0.7, 0.7, 0.7]（单位：mg/dL）血管活性药物使用剂量：[0.0, 0.0, 0.0, 0.0, 0.0, 0.2, 0.2]（单位：μg/kg/min）格拉斯哥昏迷评分变化：[15, 15, 15, 15, 15, 15, 15]（单位：分）血清肌酐变化：[0.6, 1.2, 1.3, 1.3, 1.3, 1.3, 1.3]（单位：mg/dL）尿量变化：[0.0, 0.0, 0.0, 0.0, 250.0, 88.0, 88.0]（单位：mL）【疾病评分】SOFA总分变化：[1, 0, 0, 0, 1, 2, 2]（单位：分）SIRS评分变化：[0, 0, 0, 0, 0, 3, 3]（单位：分）",
  "intervention": "立即启动去甲肾上腺素输注，维持剂量为0.2μg·kg⁻¹·min⁻¹，剂量调整间隔4小时，密切监测血压和器官灌注，剂量呈递减趋势，提示血管反应性改善，评估8小时内发生感染性休克的风险",
  "evaluator_trust": {
    "a": 0.5999999999999996,
    "counterfactual_runs": 8,
    "dynamic_confidence": 0.42902075364700837,
    "total_confidence": 0.6453222736149473
  },
  "prediction_trust": {
    "a": 0.5999999999999996,
    "counterfactual_runs": 8,
    "dynamic_confidence": 1.0,
    "total_confidence": 0.8774490881149504
  },
  "predicted_vital_signs": {
    "pao2_fio2_ratio": [
      350.0,
      340.0,
      330.0,
      320.0,
      310.0,
      300.0,
      290.0,
      280.0
    ],
    "platelet": [
      160.0,
      155.0,
      150.0,
      145.0,
      140.0,
      135.0,
      130.0,
      125.0
    ],
    "bilirubin_total": [
      1.3,
      1.35,
      1.4,
      1.45,
      1.5,
      1.55,
      1.6,
      1.65
    ],
    "vasopressor_rate": [
      0.2,
      0.18,
      0.16,
      0.14,
      0.12,
      0.1,
      0.08,
      0.06
    ],
    "gcs_total": [
      13.0,
      13.5,
      14.0,
      14.5,
      15.0,
      15.0,
      15.0,
      15.0
    ],
    "creatinine": [
      1.4,
      1.35,
      1.3,
      1.25,
      1.2,
      1.15,
      1.1,
      1.05
    ],
    "urine_output_ml": [
      1200.0,
      1300.0,
      1400.0,
      1500.0,
      1600.0,
      1700.0,
      1800.0,
      1900.0
    ],
    "mechanical_ventilation": [
      1.0,
      1.0,
      1.0,
      1.0,
      1.0,
      1.0,
      1.0,
      1.0
    ]
  },
  "confidence_score": 0.65,
  "evaluation": {
    "success": true,
    "model_output": "置信度评分：0.65\n\n**分析理由：**\n\n总体而言，预测结果展示了预期的改善趋势，符合去甲肾上腺素治疗感染性休克的临床预期。然而，预测数值的合理性方面存在一些问题，导致置信度评分偏低。下面逐一分析：\n\n**1. 数值范围的合理性：**\n\n*   **Pao2/Fio2 Ratio:** 预测数值 350.0 到 290.0 的范围在呼吸功能改善的合理范围。Pao2/Fio2 Ratio 在改善感染性休克时预期会升高。\n*   **Platelet:** 从 160.0 到 125.0 的下降幅度可能略微过高，但仍然可能出现在改善的病理过程，尤其是在去甲肾上腺素停止后，需要考虑凝血功能恢复的时间。然而，需要进一步评估凝血功能的基础情况。\n*   **Bilirubin Total:** 1.3 到 1.65 的升高幅度较为合理，肝功能在休克后通常需要一段时间才能完全恢复。\n*   **Vasopressor Rate:** 从 0.2 到 0.06 的下降趋势与剂量递减的预期一致，且符合临床实践。\n*   **GCS Total:** 13.0 到 15.0 的提升符合病情改善的预期，但初始值 13.0 略低，需要考虑患者意识状态基础情况。\n*   **Creatinine:** 1.4 到 1.05 的下降幅度较为合理，肾功能改善的预期。\n*   **Urine Output:**  1200.0 到 1900.0 的增加趋势与肾功能恢复以及去甲肾上腺素减少导致的尿量增加一致，但1200ml的初始值可能略高，需要确认初始评估的准确性。\n*   **Mechanical Ventilation:** 始终为 1.0，这意味着患者始终需要机械通气。这个信息有必要进一步确认，因为通常在病情稳定后，患者会逐渐脱离机械通气。\n\n**2. 干预措施与SOFA指标变化的一致性：**\n\n*   去甲肾上腺素的递减与血压、肾功能和尿量改善相符。\n*   机械通气的维持可能与更深入的疾病状态相关，需要更细致的评估。\n\n**3. SOFA评分各组件的一致性：**\n\n*   呼吸功能和循环功能改善（Pao2/Fio2、血压）之间存在一致性。\n*   肾功能改善与尿量增加相符。\n*   神经功能改善需要与意识状态的基础值进行比较。\n\n**4. 整体趋势的一致性：**\n\n*   整体趋势符合临床改善的预期，疾病状态逐渐好转。\n\n**5. 数据单位统一性和精确度：**\n\n*   所有指标均使用正确的医学单位。\n*   精确度方面，一些数值的精确度可能略高，例如血压精确到小数点后一位，而其他指标（如体温）则精确到小数点后一位，略有不一致。\n\n**6. 时间序列数据的合理性：**\n\n*   时间序列数据的波动幅度基本合理，没有出现明显的不连续性。尽管某些值的变化幅度较为显著，但在临床上仍然是合理的。\n\n**需要进一步关注的问题：**\n\n1.  **初始患者状态:** 需要了解患者入院前的详细病情，以确认预测初始值是否准确。\n2.  **机械通气情况:**  需要确认患者是否一直需要机械通气，还是在病情稳定后可以脱离。\n3.  **其他器官功能:** 除了SOFA指标，还需要考虑患者的其他器官功能，以评估整体病情。\n4.  **初始GCS:** 初始GCS 13.0 偏低，需要确认是否准确，或者考虑其背后的具体原因。\n\n**总结：**\n\n尽管预测结果的整体趋势合理，但初始值和部分数值的精确性存在一些问题，需要进一步确认。因此，置信度评分定为 0.65。更准确的预测需要更详细的初始患者信息和对未来病情变化的更细致评估。",
    "error": null
  },
  "key_reasons": [
    "总体而言，预测结果展示了预期的改善趋势，符合去甲肾上腺素治疗感染性休克的临床预期。然而，预测数值的合理性方面存在一些问题，导致置信度评分偏低。下面逐一分析：",
    "Pao2/Fio2 Ratio: 预测数值 350.0 到 290.0 的范围在呼吸功能改善的合理范围。Pao2/Fio2 Ratio 在改善感染性休克时预期会升高。",
    "Platelet: 从 160.0 到 125.0 的下降幅度可能略微过高，但仍然可能出现在改善的病理过程，尤其是在去甲肾上腺素停止后，需要考虑凝血功能恢复的时间。然而，需要进一步评估凝血功能的基础情况。"
  ]
}