{
  "timestamp": "2025-12-25 13:52:26",
  "model_name": "gemma3:12b",
  "prediction_model_name": "deepseek-r1:32b",
  "patient_id": "32759002",
  "input_description": "ICU住院编号 32759002，对应患者编号 19425678，28岁男性，体重116.7kg。监测持续时间为 0 小时（共 7 次测量，每4小时一次）：【生命体征】心率变化：[80.67, 80.67]（单位：次/分）收缩压变化：[69.67, 69.67]（单位：mmHg）舒张压变化：[49.67, 49.67]（单位：mmHg）体温变化：[N/A, N/A]（单位：℃）呼吸频率变化：[26.0, 26.0]（单位：次/分）血氧饱和度变化：[100.0, 100.0]（单位：%）平均动脉压变化：[56.33, 56.33]（单位：mmHg）【SOFA评分相关特征】氧合指数变化：[191.58, 191.58, 191.58, 191.58, 191.58, 191.58, 191.58]（单位：mmHg）机械通气使用情况：[0, 0, 0, 0, 0, 0, 0]（单位：）血小板计数变化：[42.0, 39.0, 44.5, 42.0, 42.0, 42.0, 42.0]（单位：×10³/μL）总胆红素变化：[12.3, 12.3, 12.3, 12.3, 12.3, 12.3, 12.3]（单位：mg/dL）血管活性药物使用剂量：[0.0, 0.0, 0.0, 0.0, 0.0, 10.0, 10.0]（单位：μg/kg/min）格拉斯哥昏迷评分变化：[15, 15, 15, 15, 15, 3, 3]（单位：分）血清肌酐变化：[1.3, 1.4, 1.3, 1.3, 1.3, 1.3, 1.3]（单位：mg/dL）尿量变化：[0.0, 0.0, 0.0, 0.0, 0.0, 20.0, 20.0]（单位：mL）【疾病评分】SOFA总分变化：[4, 4, 0, 0, 3, 13, 13]（单位：分）SIRS评分变化：[0, 0, 0, 0, 0, 1, 1]（单位：分）",
  "intervention": "立即启动去甲肾上腺素输注，维持剂量为10.0μg·kg⁻¹·min⁻¹，剂量调整间隔2小时，密切监测血压和器官灌注，剂量呈递减趋势，提示血管反应性改善，评估8小时内发生感染性休克的风险",
  "evaluator_trust": {
    "a": 0.24999999999999967,
    "counterfactual_runs": 15,
    "dynamic_confidence": 0.46360370553768876,
    "total_confidence": 0.5450836008849932
  },
  "prediction_trust": {
    "a": 0.24999999999999967,
    "counterfactual_runs": 15,
    "dynamic_confidence": 0.5577179832803442,
    "total_confidence": 0.6149930981584792
  },
  "predicted_vital_signs": {
    "pao2_fio2_ratio": [
      300.0,
      310.0,
      320.0,
      330.0,
      340.0,
      350.0,
      360.0,
      370.0
    ],
    "platelet": [
      80.0,
      90.0,
      100.0,
      110.0,
      120.0,
      130.0,
      140.0,
      150.0
    ],
    "bilirubin_total": [
      2.6,
      2.5,
      2.4,
      2.3,
      2.2,
      2.1,
      2.0,
      1.9
    ],
    "vasopressor_rate": [
      10.0,
      9.0,
      8.0,
      7.0,
      6.0,
      5.0,
      4.0,
      3.0
    ],
    "gcs_total": [
      8.0,
      9.0,
      10.0,
      11.0,
      12.0,
      13.0,
      14.0,
      15.0
    ],
    "creatinine": [
      2.4,
      2.2,
      2.0,
      1.8,
      1.6,
      1.4,
      1.2,
      1.0
    ],
    "urine_output_ml": [
      600.0,
      700.0,
      800.0,
      900.0,
      1000.0,
      1100.0,
      1200.0,
      1300.0
    ],
    "mechanical_ventilation": [
      1.0,
      1.0,
      1.0,
      1.0,
      1.0,
      1.0,
      1.0,
      1.0
    ]
  },
  "confidence_score": 0.65,
  "evaluation": {
    "success": true,
    "model_output": "置信度评分：0.65\n\n**分析理由：**\n\n整体来看，预测结果在一定程度上反映了干预措施可能带来的改善，但存在一些合理性问题，降低了预测的置信度。以下是详细分析：\n\n**1. 各项SOFA相关指标数值的合理性：**\n\n* **PaO2/FiO2 ratio (300.0 - 370.0):**  这个范围相对合理。通常PaO2/FiO2 > 300 被认为是良好的氧合状态。持续升高，代表呼吸功能改善，符合预期。\n* **Platelet (80.0 - 150.0):** 这是一个合理的范围，符合血小板计数改善的趋势。从80.0到150.0是一个较好的血小板计数范围，表明血小板功能改善。\n* **Bilirubin_total (2.6 - 1.9):** 这个范围同样合理。胆红素降低，符合肝功能的改善趋势。正常胆红素范围通常在0.8-1.2 mg/dL，预测值最终下降至1.9 mg/dL，仍略高于正常范围，但改善明显。\n* **Vasopressor_rate (10.0 - 3.0):**  药物使用剂量递减是预期效果，符合临床逻辑。表明血管活性药物需求减少，循环稳定。\n* **GCS_total (8.0 - 15.0):** 格拉斯哥昏迷评分从8.0迅速升高到15.0，符合意识水平改善的预期。但是，从8.0到15.0需要考虑患者恢复的速率，突然大幅度改变可能是不合理的。\n* **Creatinine (2.4 - 1.0):** 肌酐降低是肾功能改善的标志。预测肌酐从2.4下降到1.0是较为显著的改善，但需要观察患者肾脏的实际恢复情况，需要考虑肾功能改善的速度，需要更加渐进的变化。\n* **Urine_output_ml (600.0 - 1300.0):** 尿量增加是肾功能改善的进一步证据。预测值持续升高，符合预期。\n* **Mechanical_ventilation (1.0):** 保持1.0，意味着不需要进行机械通气支持，也符合病情改善的预期。\n\n**2. 干预措施的预期效果与SOFA相关指标变化趋势的逻辑一致性：**\n\n* **去甲肾上腺素应用与循环指标改善:** 药物使用剂量递减，提示循环状态改善，与去甲肾上腺素的应用逻辑一致。\n* **整体改善:** 大部分指标都呈现改善趋势，与干预措施的预期效果一致。\n\n**3. SOFA评分各组件之间的逻辑一致性：**\n\n* **呼吸、循环、肾功能的协调性：** 呼吸功能改善 (PaO2/FiO2 ratio)，循环功能改善 (Vasopressor_rate, Platelet)，肾功能改善 (Creatinine, Urine_output_ml)之间存在逻辑关联，符合临床现实。\n* **神经功能：**GCS总分的恢复速度过快，与神经功能恢复的速率不一致，可能需要更慢的恢复过程。\n\n**4. 整体趋势是否符合临床改善的预期：**\n\n* 大部分指标呈现改善趋势，符合临床预期，但神经功能恢复速度过快。\n\n**5.  单位统一性:**\n\n* 所有指标均使用了正确的医学单位。\n\n**6. 时间序列数据的合理性：**\n\n* 呼吸、循环、肾功能指标的改变幅度较为合理。\n* **GCS的恢复速度过快**是主要问题。\n\n**7. 数值的精确度：**\n\n* GCS、Creatinine预测的精确度过高，实际临床应用中，精确到小数点后位数不常见。\n\n**8. 局限性：**\n\n* 缺乏关于患者基础状况的更多细节，例如原发病，其他合并症等。\n* 模型可能过度简化了患者的复杂生理状态，忽略了许多潜在的交互作用。\n* 没有考虑到患者的个体差异，例如年龄，体重，基础健康状况等。\n\n\n\n**改进建议：**\n\n* 调整GCS总分预测的速率，使其更符合实际恢复速度。\n* 适当降低肌酐和GCS预测的精度。\n* 纳入更多的患者信息，例如原发病，其他合并症等。\n* 优化模型，使其能够更好地模拟患者的复杂生理状态。\n\n总之，虽然预测结果整体上具有一定的合理性，但GCS的恢复速度和预测的精确度的问题降低了预测的置信度，需要进一步优化。",
    "error": null
  },
  "key_reasons": [
    "整体来看，预测结果在一定程度上反映了干预措施可能带来的改善，但存在一些合理性问题，降低了预测的置信度。以下是详细分析：",
    "PaO2/FiO2 ratio (300.0 - 370.0):  这个范围相对合理。通常PaO2/FiO2 > 300 被认为是良好的氧合状态。持续升高，代表呼吸功能改善，符合预期。",
    "Platelet (80.0 - 150.0): 这是一个合理的范围，符合血小板计数改善的趋势。从80.0到150.0是一个较好的血小板计数范围，表明血小板功能改善。"
  ]
}