{
  "timestamp": "2025-12-25 11:35:31",
  "model_name": "gemma3:12b",
  "prediction_model_name": "deepseek-r1:32b",
  "patient_id": "30717105",
  "input_description": "ICU住院编号 30717105，对应患者编号 17744715，34岁男性，体重100.0kg。监测持续时间为 0 小时（共 7 次测量，每4小时一次）：【生命体征】心率变化：[131.0, 88.1, 97.29, 109.43, 123.6, 112.25, 112.25]（单位：次/分）收缩压变化：[63.0, 79.0, 81.0, 65.5, 67.0, 67.0, 67.0]（单位：mmHg）舒张压变化：[20.0, 52.0, 68.25, 70.5, 50.0, 53.2, 53.2]（单位：mmHg）体温变化：[65.12, 36.28, 37.37, 37.31, 37.66, 37.66, 37.66]（单位：℃）呼吸频率变化：[30.67, 26.71, 27.25, 23.86, 21.47, 23.25, 23.25]（单位：次/分）血氧饱和度变化：[71.33, 99.86, 100.0, 97.86, 99.93, 98.75, 98.75]（单位：%）平均动脉压变化：[55.67, 71.83, 74.0, 55.17, 57.8, 57.8, 57.8]（单位：mmHg）【SOFA评分相关特征】氧合指数变化：[39.49, 215.75, 155.44, 95.55, 120.08, 96.54, 96.54]（单位：mmHg）机械通气使用情况：[0, 0, 0, 0, 0, 0, 0]（单位：）血小板计数变化：[128.0, 92.5, 107.0, 112.0, 84.5, 70.0, 70.0]（单位：×10³/μL）总胆红素变化：[3.3, 3.1, 3.3, 3.1, 3.4, 3.4, 3.4]（单位：mg/dL）血管活性药物使用剂量：[0.4, 0.9, 0.07, 0.07, 0.18, 0.16, 0.16]（单位：μg/kg/min）格拉斯哥昏迷评分变化：[15, 3, 3, 3, 11, 8, 8]（单位：分）血清肌酐变化：[1.5, 1.8, 1.6, 1.7, 1.75, 1.6, 1.6]（单位：mg/dL）尿量变化：[0.0, 225.0, 470.0, 25.0, 510.0, 600.0, 600.0]（单位：mL）【疾病评分】SOFA总分变化：[8, 10, 10, 10, 8, 9, 9]（单位：分）SIRS评分变化：[3, 3, 3, 3, 3, 3, 3]（单位：分）",
  "intervention": "立即启动去甲肾上腺素输注，初始剂量为0.1μg·kg⁻¹·min⁻¹，根据血压反应调整至最大0.34μg·kg⁻¹·min⁻¹，剂量调整间隔4小时，密切监测血压和器官灌注，剂量呈递增趋势，提示血管反应性下降，评估8小时内发生感染性休克的风险",
  "evaluator_trust": {
    "a": 0.8999999999999999,
    "counterfactual_runs": 2,
    "dynamic_confidence": 0.49505218623387703,
    "total_confidence": 0.7600761768576038
  },
  "prediction_trust": {
    "a": 0.8999999999999999,
    "counterfactual_runs": 2,
    "dynamic_confidence": 0.5574558879936633,
    "total_confidence": 0.7638821873129624
  },
  "predicted_vital_signs": {
    "pao2_fio2_ratio": [
      300.0,
      280.0,
      260.0,
      240.0,
      220.0,
      200.0,
      180.0,
      160.0
    ],
    "platelet": [
      150.0,
      130.0,
      110.0,
      90.0,
      70.0,
      50.0,
      30.0,
      10.0
    ],
    "bilirubin_total": [
      1.2,
      1.4,
      1.6,
      1.8,
      2.0,
      2.2,
      2.4,
      2.6
    ],
    "vasopressor_rate": [
      0.1,
      0.15,
      0.2,
      0.25,
      0.3,
      0.35,
      0.34,
      0.34
    ],
    "gcs_total": [
      13.0,
      12.0,
      11.0,
      10.0,
      9.0,
      8.0,
      7.0,
      6.0
    ],
    "creatinine": [
      1.0,
      1.2,
      1.4,
      1.6,
      1.8,
      2.0,
      2.2,
      2.4
    ],
    "urine_output_ml": [
      2000.0,
      1500.0,
      1000.0,
      800.0,
      600.0,
      400.0,
      200.0,
      100.0
    ],
    "mechanical_ventilation": [
      0.0,
      0.0,
      1.0,
      1.0,
      1.0,
      1.0,
      1.0,
      1.0
    ]
  },
  "confidence_score": 0.45,
  "evaluation": {
    "success": true,
    "model_output": "置信度评分：0.45\n\n**详细分析理由:**\n\n预测结果在整体趋势上符合干预措施的预期效果，即病情恶化后逐渐改善，但具体数值和变化幅度上存在一些问题，使得整体预测的合理性降低。\n\n**1. 各项SOFA相关指标数值的合理性:**\n\n* **pao2_fio2_ratio (PaO2/FiO2 Ratio):**  预测值从300.0逐步降至180.0，虽然趋势上符合去甲肾上腺素的改善循环功能带来的氧合改善，但初始值 300.0 极高，这在临床上罕见。即使存在严重肺部疾病，也通常不会高到如此程度。之后下降到180.0虽然更为合理，但仍然偏高。\n* **platelet (血小板计数):** 预测值从150.0降到10.0。这是一个**非常不合理**的下降幅度。血小板在短期内即使在严重疾病状态下，也不可能出现如此快速且大幅度的下降。如果血小板下降如此迅速，将提示存在严重的DIC或其他严重出血，这需要在干预措施中进行详细说明和伴随的观察指标。\n* **bilirubin_total (总胆红素):** 预测值从1.2上升到2.6。虽然总胆红素升高在炎症反应中可能发生，但变化幅度相对较小，且干预措施对其影响较小。这个变化可能更像是并发症而不是干预的结果。\n* **vasopressor_rate (血管活性药物使用剂量):** 初始剂量0.1μg/kg/min，最大剂量0.34μg/kg/min，预测剂量变化范围合理。\n* **gcs_total (格拉斯哥昏迷评分):**  预测值从13.0下降到6.0。格氏评分下降幅度过大，可能暗示病情严重恶化，但需要结合其他指标评估，单纯的格氏评分下降幅度需要更多临床证据支持。\n* **creatinine (肌酐):** 预测值从1.0上升到2.4。这是一个**非常不合理**的肾功能恶化速度。肾功能恶化通常是渐进的，而且需要考虑潜在的肾损伤机制，如药物毒性、低灌注等。如此快速恶化需要更详细的解释。\n* **urine_output_ml (尿量):** 预测值从2000.0降至100.0。尿量下降幅度过大，需要更多临床证据和并发症支持，例如急性肾损伤，尿路梗阻等。\n* **mechanical_ventilation (机械通气):** 预测从无通气转为持续通气，符合病情恶化需要呼吸支持的趋势，逻辑上是合理的。\n\n**2. 干预措施的预期效果与SOFA相关指标变化趋势的逻辑一致性:**\n\n* 去甲肾上腺素主要改善循环灌注，从而改善氧合、肾功能和尿量。预测中pao2_fio2_ratio和尿量的改善趋势与此一致。\n* 然而，血小板计数和肌酐的剧烈变化与去甲肾上腺素的直接作用不一致，需要有其他并发症的解释。\n* 机械通气的使用是病情恶化后的应对措施，逻辑上合理。\n\n**3. SOFA评分各组件之间的逻辑一致性:**\n\n* 呼吸功能 (pao2_fio2_ratio)、循环功能（vasopressor_rate）和肾功能（creatinine, urine_output_ml）之间存在一定的协调性，这符合临床病理生理过程的相互影响。\n*  但是，由于肾功能恶化过于迅速，且没有相应的并发症说明，逻辑上存在缺陷。\n\n**4. 整体趋势:**\n\n整体趋势符合病情恶化后，通过干预逐渐改善的预期。然而，部分指标的极端变化破坏了这种合理性。\n\n**5. 单位统一性:**\n\n所有指标的单位似乎是正确的，无需调整。\n\n**6. 时间序列数据的合理性:**\n\n时间序列数据的变化幅度不合理，例如血小板和肌酐的下降速度过快，这使得预测的可信度大大降低。\n\n**7. 数值的精确度:**\n\n体温精确到小数点后1位是合理的，但其他的数值，比如血小板，不需要精确到小数点后一位。精确度的选择应该与临床重要性相匹配。\n\n**总结:**\n\n预测结果在整体趋势上符合临床预期，但部分指标的数值和变化幅度过于极端，逻辑上不符合临床实际。特别是血小板计数和肌酐的下降速度过快，缺乏合理性解释。因此，该预测结果的可信度较低。需要对这些异常数据进行更详细的解释和调整，才能提高预测的合理性。",
    "error": null
  },
  "key_reasons": [
    "预测结果在整体趋势上符合干预措施的预期效果，即病情恶化后逐渐改善，但具体数值和变化幅度上存在一些问题，使得整体预测的合理性降低。",
    "gcs_total (格拉斯哥昏迷评分):  预测值从13.0下降到6.0。格氏评分下降幅度过大，可能暗示病情严重恶化，但需要结合其他指标评估，单纯的格氏评分下降幅度需要更多临床证据支持。",
    "整体趋势符合病情恶化后，通过干预逐渐改善的预期。然而，部分指标的极端变化破坏了这种合理性。"
  ]
}