{
  "timestamp": "2025-12-25 13:16:58",
  "model_name": "gemma3:12b",
  "prediction_model_name": "qwen3:30b",
  "patient_id": "32092423",
  "input_description": "ICU住院编号 32092423，对应患者编号 19670665，42岁女性，体重80.48571428571428kg。监测持续时间为 0 小时（共 7 次测量，每4小时一次）：【生命体征】心率变化：[89.0, 89.0]（单位：次/分）收缩压变化：[98.4, 98.4]（单位：mmHg）舒张压变化：[84.0, 84.0]（单位：mmHg）体温变化：[98.7, 98.7]（单位：℃）呼吸频率变化：[20.75, 20.75]（单位：次/分）血氧饱和度变化：[99.5, 99.5]（单位：%）平均动脉压变化：[88.8, 88.8]（单位：mmHg）【SOFA评分相关特征】氧合指数变化：[144.83, 144.83, 144.83, 144.83, 144.83, 144.83, 144.83]（单位：mmHg）机械通气使用情况：[0, 0, 0, 0, 0, 0, 0]（单位：）血小板计数变化：[22.0, 22.0, 43.0, 44.5, 44.5, 44.5, 44.5]（单位：×10³/μL）总胆红素变化：[9.0, 9.0, 7.3, 7.3, 7.3, 7.3, 7.3]（单位：mg/dL）血管活性药物使用剂量：[0.0, 0.0, 0.0, 0.0, 0.0, 0.0, 0.0]（单位：μg/kg/min）格拉斯哥昏迷评分变化：[15, 15, 15, 15, 15, 15, 15]（单位：分）血清肌酐变化：[2.9, 3.1, 2.6, 1.9, 1.9, 1.9, 1.9]（单位：mg/dL）尿量变化：[0.0, 0.0, 0.0, 0.0, 0.0, 75.0, 75.0]（单位：mL）【疾病评分】SOFA总分变化：[8, 8, 0, 0, 5, 7, 7]（单位：分）SIRS评分变化：[1, 1, 0, 0, 1, 2, 2]（单位：分）",
  "intervention": "无血管活性药物干预措施，建议密切监测血压和器官灌注，评估8小时内发生感染性休克的风险",
  "evaluator_trust": {
    "a": 0.4499999999999996,
    "counterfactual_runs": 11,
    "dynamic_confidence": 0.46095231888092375,
    "total_confidence": 0.6088092545016159
  },
  "prediction_trust": {
    "a": 0.4499999999999996,
    "counterfactual_runs": 11,
    "dynamic_confidence": 1.0,
    "total_confidence": 0.9080868160862128
  },
  "predicted_vital_signs": {
    "pao2_fio2_ratio": [
      250.0,
      240.0,
      230.0,
      220.0,
      210.0,
      200.0,
      190.0,
      180.0
    ],
    "platelet": [
      22.0,
      20.0,
      18.0,
      16.0,
      14.0,
      12.0,
      10.0,
      8.0
    ],
    "bilirubin_total": [
      9.0,
      9.5,
      10.0,
      10.5,
      11.0,
      11.5,
      12.0,
      12.5
    ],
    "vasopressor_rate": [
      0.0,
      0.0,
      0.0,
      0.0,
      0.0,
      0.1,
      0.2,
      0.3
    ],
    "gcs_total": [
      12.0,
      11.0,
      10.0,
      9.0,
      8.0,
      7.0,
      6.0,
      5.0
    ],
    "creatinine": [
      3.1,
      3.3,
      3.5,
      3.7,
      3.9,
      4.1,
      4.3,
      4.5
    ],
    "urine_output_ml": [
      800.0,
      750.0,
      700.0,
      650.0,
      600.0,
      550.0,
      500.0,
      450.0
    ],
    "mechanical_ventilation": [
      0.0,
      0.0,
      0.0,
      0.0,
      0.0,
      1.0,
      1.0,
      1.0
    ]
  },
  "confidence_score": 0.45,
  "evaluation": {
    "success": true,
    "model_output": "置信度评分：0.45\n\n**详细分析理由：**\n\n预测结果在整体逻辑上存在一些问题，且数据在数值和趋势上都出现了一些不合理之处，导致整体预测的置信度较低。以下分别从各方面进行分析：\n\n**1. 各项SOFA相关指标数值是否在合理的医学范围内:**\n\n* **PaO2/FiO2 Ratio:** 预测值 250.0 到 180.0 的下降趋势总体上是合理的，通常干预的目的是改善氧合。但是，起始的 250.0 略高，虽然可能的，但需要进一步考虑患者的基础疾病和干预措施。\n* **Platelet:** 从 22.0 降至 8.0 是极其不合理的。血小板计数大幅下降通常预示着严重的凝血功能障碍，需要采取积极干预措施。如此大的下降，且未见相应的输血或其他止血措施的体现，逻辑不通。\n* **Bilirubin:** 从 9.0 升至 12.5 是可能的，肝功能逐渐恶化，符合临床场景，但速度较快，可能意味着存在更严重的基础肝脏疾病。\n* **Vasopressor Rate:** 从 0.0 升至 0.3 意味着患者需要增加血管活性药物支持。这与血小板大幅下降、GCS下降、血清肌酐升高是相符的，因此逻辑上是合理的。\n* **GCS Total:** 从 15 降至 5 是极其严重的神经系统功能下降。需要考虑脑部损伤，如缺血、出血或肿瘤压迫，且需要有相应的临床表现和干预措施。\n* **Creatinine:** 从 3.1 升至 4.5 意味着肾功能持续恶化。这与需要血管活性药物支持，以及GCS下降是相符的。\n* **Urine Output:** 从 0.0 升至 800.0 是极其不合理的，初期尿量为0说明可能存在急性肾功能不全，后续突然大幅增加并不符合临床逻辑。\n* **Mechanical Ventilation:** 从 0.0 升至 1.0 意味着需要机械通气支持。这与GCS下降、血小板下降是相符的。\n\n**2. 干预措施的预期效果与SOFA相关指标变化趋势的逻辑一致性:**\n\n* **无血管活性药物干预措施，但预测Vasopressor Rate增加:** 这是矛盾的。如果缺乏血管活性药物，不应预测其用量增加。这表明干预措施的定义与预测结果不一致。\n* **GCS持续下降，未见相应的神经保护措施:** 如此迅速且大幅的GCS下降表明存在严重的神经系统问题，且预示着不好的预后。然而预测未体现相应的神经保护措施（如降低颅内压、改善脑灌注等），不符合临床处理原则。\n* **血小板大幅下降，未见输血措施:**  如此大幅的血小板下降需要进行血小板输注，预测结果未体现这一点。\n\n**3. 整体趋势是否符合临床改善的预期:**\n\n总体趋势是不符合临床改善的预期。预测结果显示患者病情持续恶化，多项指标快速下降，最终进入严重的并发症状态。 虽然在 ICU 中病情恶化是常见的，但如此迅速且全面的恶化，并伴随不合理的数值变化，并不符合通常的临床改善预期。\n\n**4. 单位统一性:**  数据单位均已标明，不存在单位不一致的问题。\n\n**5. 时间序列数据的合理性：**相邻时间点之间的变化幅度并不合理。例如血小板从22降到8，GCS从15降到5，都需要临床干预。\n\n**6. 数值的精确度:**  体温精确到小数点后1位比较合理。但是血压、心率等指标，通常不需要过于精确。\n\n**总结：**\n\n由于预测结果中包含大量不合理的数据变化和不符合临床逻辑的干预措施，导致整体预测的置信度较低。主要的矛盾点在于无血管活性药物干预措施却预测vasopressor rate增加，血小板/GCS的大幅下降缺乏相应的治疗措施，尿量预测不合理等。 建议重新评估干预措施的定义，并对预测模型进行调整，以确保预测结果的准确性和合理性。",
    "error": null
  },
  "key_reasons": [
    "预测结果在整体逻辑上存在一些问题，且数据在数值和趋势上都出现了一些不合理之处，导致整体预测的置信度较低。以下分别从各方面进行分析：",
    "PaO2/FiO2 Ratio: 预测值 250.0 到 180.0 的下降趋势总体上是合理的，通常干预的目的是改善氧合。但是，起始的 250.0 略高，虽然可能的，但需要进一步考虑患者的基础疾病和干预措施。",
    "Platelet: 从 22.0 降至 8.0 是极其不合理的。血小板计数大幅下降通常预示着严重的凝血功能障碍，需要采取积极干预措施。如此大的下降，且未见相应的输血或其他止血措施的体现，逻辑不通。"
  ]
}