{
  "timestamp": "2025-12-25 11:39:58",
  "model_name": "gemma3:12b",
  "prediction_model_name": "gemma3:12b",
  "patient_id": "30835026",
  "input_description": "ICU住院编号 30835026，对应患者编号 11670720，60岁男性，体重95.0kg。监测持续时间为 0 小时（共 7 次测量，每4小时一次）：【生命体征】心率变化：[66.5, 66.5]（单位：次/分）收缩压变化：[78.33, 78.33]（单位：mmHg）舒张压变化：[50.67, 50.67]（单位：mmHg）体温变化：[N/A, N/A]（单位：℃）呼吸频率变化：[15.25, 15.25]（单位：次/分）血氧饱和度变化：[99.75, 99.75]（单位：%）平均动脉压变化：[59.89, 59.89]（单位：mmHg）【SOFA评分相关特征】氧合指数变化：[152.17, 152.17, 152.17, 152.17, 152.17, 152.17, 152.17]（单位：mmHg）机械通气使用情况：[0, 0, 0, 0, 0, 0, 0]（单位：）血小板计数变化：[41.0, 53.0, 71.0, 60.0, 60.0, 60.0, 60.0]（单位：×10³/μL）总胆红素变化：[6.0, 6.0, 6.0, 6.0, 6.0, 6.0, 6.0]（单位：mg/dL）血管活性药物使用剂量：[0.0, 0.0, 0.0, 0.0, 0.0, 0.0, 0.0]（单位：μg/kg/min）格拉斯哥昏迷评分变化：[15, 15, 15, 15, 15, 3, 3]（单位：分）血清肌酐变化：[2.2, 2.2, 2.2, 2.2, 2.2, 2.2, 2.2]（单位：mg/dL）尿量变化：[0.0, 0.0, 0.0, 0.0, 0.0, 200.0, 200.0]（单位：mL）【疾病评分】SOFA总分变化：[0, 0, 3, 2, 2, 12, 12]（单位：分）SIRS评分变化：[0, 0, 1, 0, 0, 0, 0]（单位：分）",
  "intervention": "无血管活性药物干预措施，建议密切监测血压和器官灌注，评估8小时内发生感染性休克的风险",
  "evaluator_trust": {
    "a": 0.8499999999999999,
    "counterfactual_runs": 3,
    "dynamic_confidence": 0.4415471727113289,
    "total_confidence": 0.7373268697945701
  },
  "prediction_trust": {
    "a": 0.8499999999999999,
    "counterfactual_runs": 3,
    "dynamic_confidence": 0.4415471727113289,
    "total_confidence": 0.7373268697945701
  },
  "predicted_vital_signs": {
    "pao2_fio2_ratio": [
      250.0,
      230.0,
      210.0,
      190.0,
      170.0,
      150.0,
      130.0,
      110.0
    ],
    "platelet": [
      120.0,
      100.0,
      80.0,
      60.0,
      40.0,
      20.0,
      0.0,
      0.0
    ],
    "bilirubin_total": [
      1.5,
      2.0,
      2.5,
      3.0,
      3.5,
      4.0,
      4.5,
      5.0
    ],
    "vasopressor_rate": [
      0.0,
      0.0,
      0.0,
      0.0,
      0.0,
      0.0,
      0.0,
      0.0
    ],
    "gcs_total": [
      12.0,
      11.0,
      10.0,
      9.0,
      8.0,
      7.0,
      6.0,
      5.0
    ],
    "creatinine": [
      1.1,
      1.3,
      1.5,
      1.7,
      1.9,
      2.1,
      2.3,
      1.5
    ],
    "urine_output_ml": [
      1800.0,
      1500.0,
      1200.0,
      900.0,
      600.0,
      300.0,
      0.0,
      0.0
    ],
    "mechanical_ventilation": [
      0.0,
      0.0,
      0.0,
      1.0,
      1.0,
      1.0,
      1.0,
      1.0
    ]
  },
  "confidence_score": 0.45,
  "evaluation": {
    "success": true,
    "model_output": "置信度评分：0.45\n\n**分析理由：**\n\n预测结果整体上在逻辑上存在问题，且部分数值超出合理医学范围，因此置信度较低。虽然预测了改善趋势，但一些指标的变化过于剧烈，缺乏临床合理性，并且各项指标之间的协调性欠佳。\n\n**逐项分析：**\n\n1. **PAO2/FIO2 Ratio (氧合指数变化):** 预测从250.0逐步降至130.0。虽然改善趋势符合预期（炎症或休克初期PaO2/FiO2通常较高，改善后会降低），但下降的幅度过大，且下降速度快得不合理。在没有明显的呼吸支持干预的情况下，PaO2/FiO2的快速且大幅下降不常见。\n\n2. **Platelet (血小板计数):**  预测从120.0降至0.0，这是一个极其不合理的预测。虽然脓毒症、休克等情况可能导致血小板减少，但降至0.0意味着发生了严重的、且快速发展的播散性血小板减少综合征 (TTP) 或类似情况，需要极其快速且有效的治疗才能避免死亡。这种可能性非常低，且即使发生也更可能伴随更严重的并发症。\n\n3. **Bilirubin_total (总胆红素):** 预测从1.5升至5.0。胆红素升高通常意味着肝脏功能受损，可能与败血症或其他并发症有关。虽然肝脏功能受损可能伴随脓毒症，但胆红素水平的上升幅度过大，缺乏合理性。一个预测模型应该更谨慎地预测肝功能的变化。\n\n4. **Vasopressor_rate (血管活性药物使用剂量):** 预测为0.0，与干预措施的建议“密切监测血压和器官灌注，评估8小时内发生感染性休克的风险”不符。如果患者有感染性休克风险，血管活性药物的使用剂量几乎不可能保持在0。即使风险降低，也应该有阶梯式使用。\n\n5. **GCS_total (格拉斯哥昏迷评分):** 预测从12.0降至5.0，意味着患者的意识水平迅速恶化。这种恶化程度应该伴随着相应的严重并发症和干预措施。仅仅通过预测，而没有解释意识水平如此快速下降的原因，是不合理的。\n\n6. **Creatinine (肌酐):** 预测从1.1升至2.3，再降至1.5，肌酐升高与肾功能下降相关，符合脓毒症的潜在肾损伤表现。 然而，再降至1.5，可能表示透析等效果，但没有相应干预措施的说明。\n\n7. **Urine_output_ml (尿量):** 预测从1800降至0，尿量变化通常反映肾脏功能变化，降至0表示肾功能衰竭。然而，没有说明肾脏替代治疗，不合理。\n\n8. **Mechanical_ventilation (机械通气):** 预测从0变为1，意味着患者需要机械通气。这个预测需要有临床依据，例如呼吸衰竭或其他呼吸问题。\n\n**单位问题：** 所有的单位均符合医学标准，不存在问题。\n\n**时间序列合理性：**  各个时间点之间的变化幅度过大，缺乏临床合理性。例如，血小板计数和胆红素水平的快速变化、GCS的迅速下降等。这些变化在没有明显临床干预的情况下是不可能发生的。\n\n**数值精确度：** 体温精确到小数点后一位是合理的。其他指标的精确度也基本合理，但关键在于数值本身是否合理。\n\n**总结：**\n\n预测结果整体上缺乏临床合理性。虽然预测了改善趋势，但某些指标的预测过于极端，且各项指标之间的协调性欠佳。 需要对预测模型进行改进，以提高预测的准确性和临床适用性。应考虑更细粒度的临床情境和患者特征，并对预测结果进行更严格的验证。",
    "error": null
  },
  "key_reasons": [
    "预测结果整体上在逻辑上存在问题，且部分数值超出合理医学范围，因此置信度较低。虽然预测了改善趋势，但一些指标的变化过于剧烈，缺乏临床合理性，并且各项指标之间的协调性欠佳。",
    "1. PAO2/FIO2 Ratio (氧合指数变化): 预测从250.0逐步降至130.0。虽然改善趋势符合预期（炎症或休克初期PaO2/FiO2通常较高，改善后会降低），但下降的幅度过大，且下降速度快得不合理。在没有明显的呼吸支持干预的情况下，PaO2/FiO2的快速且大幅下降不常见。",
    "2. Platelet (血小板计数):  预测从120.0降至0.0，这是一个极其不合理的预测。虽然脓毒症、休克等情况可能导致血小板减少，但降至0.0意味着发生了严重的、且快速发展的播散性血小板减少综合征 (TTP) 或类似情况，需要极其快速且有效的治疗才能避免死亡。这种可能性非常低，且即使发生也更可能伴随更严重的并发症。"
  ]
}