{
  "patient_id": "34177992",
  "timestamp": "2025-12-29T22:24:35.611944",
  "model_name": "gemma3:12b",
  "model_trust_score": 0.7627298613257135,
  "feature_differences": {
    "sofa_respiration": 2.25,
    "sofa_coagulation": 2.875,
    "sofa_liver": 1.125,
    "sofa_cardiovascular": 0.625,
    "sofa_cns": 1.75,
    "sofa_renal": 0.875
  },
  "predicted_sofa_features": {
    "pao2_fio2_ratio": [
      280.0,
      290.0,
      300.0,
      310.0,
      305.0,
      295.0,
      285.0,
      275.0
    ],
    "platelet": [
      180.0,
      170.0,
      160.0,
      150.0,
      145.0,
      140.0,
      200.0,
      220.0
    ],
    "bilirubin_total": [
      1.5,
      1.6,
      1.7,
      1.8,
      1.9,
      2.0,
      2.1,
      2.2
    ],
    "vasopressor_rate": [
      0.1,
      0.11,
      0.12,
      0.11,
      0.1,
      0.09,
      0.08,
      0.07
    ],
    "gcs_total": [
      14.0,
      14.5,
      15.0,
      14.5,
      14.0,
      13.5,
      13.0,
      12.5
    ],
    "creatinine": [
      1.1,
      1.2,
      1.3,
      1.4,
      1.5,
      1.6,
      1.7,
      1.8
    ],
    "urine_output_ml": [
      1800.0,
      1900.0,
      2000.0,
      2100.0,
      2000.0,
      1900.0,
      1800.0,
      1700.0
    ],
    "mechanical_ventilation": [
      0.0,
      0.0,
      0.0,
      1.0,
      1.0,
      1.0,
      1.0,
      1.0
    ]
  },
  "actual_sofa_features": {
    "pao2_fio2_ratio": [
      110.59,
      118.62,
      271.69
    ],
    "platelet": [
      81.0,
      86.0,
      117.0
    ],
    "bilirubin_total": [
      1.4,
      1.8
    ],
    "vasopressor_rate": [
      0.0,
      0.05,
      0.08,
      0.12
    ],
    "gcs_total": [
      5.0,
      10.0,
      13.0,
      14.0,
      15.0
    ],
    "creatinine": [
      1.1,
      1.2,
      1.3
    ],
    "urine_output_ml": [
      53.0,
      70.0,
      118.0,
      150.0,
      155.0,
      165.0,
      180.0,
      200.0
    ],
    "mechanical_ventilation": [
      0.0
    ]
  },
  "predicted_sofa_scores": {
    "sofa_respiration": [
      2,
      2,
      1,
      1,
      1,
      1,
      1,
      1
    ],
    "sofa_coagulation": [
      0,
      0,
      0,
      0,
      1,
      1,
      0,
      0
    ],
    "sofa_liver": [
      1,
      1,
      1,
      1,
      1,
      2,
      2,
      2
    ],
    "sofa_cardiovascular": [
      1,
      1,
      1,
      1,
      1,
      1,
      1,
      1
    ],
    "sofa_cns": [
      1,
      1,
      0,
      1,
      1,
      1,
      1,
      2
    ],
    "sofa_renal": [
      0,
      1,
      1,
      1,
      1,
      1,
      1,
      1
    ]
  },
  "actual_sofa_scores": {
    "sofa_respiration": [
      3,
      3,
      2,
      4,
      4,
      4,
      4,
      4
    ],
    "sofa_coagulation": [
      2,
      2,
      1,
      4,
      4,
      4,
      4,
      4
    ],
    "sofa_liver": [
      1,
      1,
      0,
      0,
      0,
      0,
      0,
      0
    ],
    "sofa_cardiovascular": [
      0,
      1,
      1,
      1,
      0,
      0,
      0,
      0
    ],
    "sofa_cns": [
      4,
      2,
      1,
      1,
      0,
      4,
      4,
      4
    ],
    "sofa_renal": [
      3,
      1,
      1,
      2,
      2,
      2,
      2,
      1
    ]
  },
  "analysis": {
    "total_features_compared": 6,
    "features_with_valid_data": 6,
    "average_difference": 1.5833333333333333
  },
  "debug_info": {
    "sofa_extraction_method": "intervention_analysis.sofa_related_features",
    "sofa_features_count": 8
  }
}