{
  "patient_id": "33491471",
  "timestamp": "2025-12-29T22:23:13.082867",
  "model_name": "gemma3:12b",
  "model_trust_score": 0.7995930441114961,
  "feature_differences": {
    "sofa_respiration": 1.75,
    "sofa_coagulation": 1.875,
    "sofa_liver": 0.375,
    "sofa_cardiovascular": 0.75,
    "sofa_cns": 2.0,
    "sofa_renal": 0.625
  },
  "predicted_sofa_features": {
    "pao2_fio2_ratio": [
      280.0,
      180.0,
      150.0,
      130.0,
      110.0,
      90.0,
      75.0,
      60.0
    ],
    "platelet": [
      180.0,
      160.0,
      140.0,
      120.0,
      100.0,
      80.0,
      60.0,
      40.0
    ],
    "bilirubin_total": [
      1.6,
      1.8,
      2.0,
      2.2,
      2.4,
      2.6,
      2.8,
      3.0
    ],
    "vasopressor_rate": [
      0.1,
      0.08,
      0.06,
      0.04,
      0.02,
      0.01,
      0.005,
      0.002
    ],
    "gcs_total": [
      14.0,
      13.0,
      12.0,
      11.0,
      10.0,
      11.0,
      12.0,
      13.0
    ],
    "creatinine": [
      1.3,
      1.5,
      1.7,
      1.9,
      2.1,
      2.3,
      2.5,
      2.7
    ],
    "urine_output_ml": [
      1800.0,
      1600.0,
      1400.0,
      1200.0,
      1000.0,
      800.0,
      600.0,
      400.0
    ],
    "mechanical_ventilation": [
      1.0,
      1.0,
      1.0,
      1.0,
      1.0,
      0.0,
      0.0,
      0.0
    ]
  },
  "actual_sofa_features": {
    "pao2_fio2_ratio": [
      77.37,
      118.92,
      125.29,
      128.7,
      140.91,
      146.79,
      153.67,
      166.4
    ],
    "platelet": [
      23.0,
      26.0,
      28.0,
      30.0,
      33.0,
      36.0,
      69.0,
      119.0
    ],
    "bilirubin_total": [
      4.2,
      4.4,
      4.5,
      4.6,
      4.7,
      4.8,
      5.1,
      6.1
    ],
    "vasopressor_rate": [
      0.0,
      0.03,
      0.11
    ],
    "gcs_total": [
      3.0,
      7.0,
      8.0,
      9.0
    ],
    "creatinine": [
      2.2,
      2.4,
      2.6,
      2.7,
      3.0,
      3.1,
      3.4
    ],
    "urine_output_ml": [
      5.0,
      32.0,
      33.0,
      40.0,
      42.0,
      70.0,
      75.0,
      115.0
    ],
    "mechanical_ventilation": [
      0.0
    ]
  },
  "predicted_sofa_scores": {
    "sofa_respiration": [
      1,
      1,
      1,
      1,
      1,
      4,
      4,
      4
    ],
    "sofa_coagulation": [
      0,
      0,
      1,
      1,
      1,
      2,
      2,
      3
    ],
    "sofa_liver": [
      1,
      1,
      2,
      2,
      2,
      2,
      2,
      2
    ],
    "sofa_cardiovascular": [
      1,
      1,
      1,
      1,
      1,
      1,
      1,
      1
    ],
    "sofa_cns": [
      1,
      1,
      2,
      2,
      2,
      2,
      2,
      1
    ],
    "sofa_renal": [
      1,
      1,
      1,
      1,
      2,
      2,
      2,
      1
    ]
  },
  "actual_sofa_scores": {
    "sofa_respiration": [
      4,
      3,
      3,
      3,
      3,
      3,
      3,
      3
    ],
    "sofa_coagulation": [
      3,
      3,
      3,
      3,
      3,
      3,
      2,
      1
    ],
    "sofa_liver": [
      2,
      2,
      2,
      2,
      2,
      2,
      2,
      3
    ],
    "sofa_cardiovascular": [
      0,
      1,
      1,
      0,
      0,
      0,
      0,
      0
    ],
    "sofa_cns": [
      4,
      3,
      3,
      3,
      4,
      4,
      4,
      4
    ],
    "sofa_renal": [
      2,
      2,
      2,
      2,
      2,
      2,
      2,
      2
    ]
  },
  "analysis": {
    "total_features_compared": 6,
    "features_with_valid_data": 6,
    "average_difference": 1.2291666666666667
  },
  "debug_info": {
    "sofa_extraction_method": "intervention_analysis.sofa_related_features",
    "sofa_features_count": 8
  }
}