{
  "patient_id": "33547152",
  "timestamp": "2025-12-29T22:23:25.969752",
  "model_name": "gemma3:12b",
  "model_trust_score": 0.7607218184013974,
  "feature_differences": {
    "sofa_respiration": 2.375,
    "sofa_coagulation": 1.625,
    "sofa_liver": 2.0,
    "sofa_cardiovascular": 1.375,
    "sofa_cns": 1.125,
    "sofa_renal": 1.125
  },
  "predicted_sofa_features": {
    "pao2_fio2_ratio": [
      250.0,
      230.0,
      210.0,
      190.0,
      170.0,
      150.0,
      130.0,
      110.0
    ],
    "platelet": [
      100.0,
      80.0,
      60.0,
      40.0,
      20.0,
      0.0,
      0.0,
      0.0
    ],
    "bilirubin_total": [
      2.0,
      2.4,
      2.8,
      3.2,
      3.6,
      4.0,
      4.4,
      4.8
    ],
    "vasopressor_rate": [
      15.0,
      16.0,
      17.0,
      18.0,
      19.0,
      20.06,
      19.06,
      18.06
    ],
    "gcs_total": [
      12.0,
      8.0,
      6.0,
      4.0,
      2.0,
      0.0,
      0.0,
      0.0
    ],
    "creatinine": [
      1.5,
      2.0,
      2.5,
      3.0,
      3.5,
      4.0,
      4.5,
      5.0
    ],
    "urine_output_ml": [
      1500.0,
      1200.0,
      900.0,
      600.0,
      300.0,
      0.0,
      0.0,
      0.0
    ],
    "mechanical_ventilation": [
      0.0,
      1.0,
      1.0,
      1.0,
      1.0,
      1.0,
      1.0,
      1.0
    ]
  },
  "actual_sofa_features": {
    "pao2_fio2_ratio": [
      34.44,
      94.53,
      94.77,
      97.73,
      122.36,
      123.84,
      136.36,
      138.07
    ],
    "platelet": [
      142.0,
      147.0,
      155.0,
      156.0,
      159.0,
      221.0
    ],
    "bilirubin_total": [
      0.3,
      0.5,
      0.6,
      1.0
    ],
    "vasopressor_rate": [
      0.18,
      0.21,
      5.0,
      6.25,
      6.35,
      15.01,
      15.02,
      20.06
    ],
    "gcs_total": [
      3.0,
      10.0,
      11.0,
      15.0
    ],
    "creatinine": [
      1.9,
      2.0,
      2.1,
      3.0
    ],
    "urine_output_ml": [
      105.0,
      200.0,
      245.0,
      250.0,
      255.0,
      275.0,
      280.0,
      295.0
    ],
    "mechanical_ventilation": [
      0.0
    ]
  },
  "predicted_sofa_scores": {
    "sofa_respiration": [
      2,
      1,
      1,
      1,
      1,
      1,
      1,
      1
    ],
    "sofa_coagulation": [
      1,
      2,
      2,
      3,
      3,
      4,
      4,
      4
    ],
    "sofa_liver": [
      2,
      2,
      2,
      2,
      2,
      2,
      2,
      2
    ],
    "sofa_cardiovascular": [
      2,
      4,
      4,
      4,
      4,
      4,
      4,
      4
    ],
    "sofa_cns": [
      2,
      3,
      4,
      4,
      4,
      4,
      4,
      4
    ],
    "sofa_renal": [
      1,
      2,
      2,
      2,
      1,
      3,
      3,
      3
    ]
  },
  "actual_sofa_scores": {
    "sofa_respiration": [
      4,
      4,
      4,
      4,
      3,
      3,
      3,
      3
    ],
    "sofa_coagulation": [
      1,
      1,
      0,
      0,
      0,
      0,
      4,
      4
    ],
    "sofa_liver": [
      0,
      0,
      0,
      0,
      0,
      0,
      0,
      0
    ],
    "sofa_cardiovascular": [
      1,
      1,
      1,
      2,
      2,
      4,
      4,
      4
    ],
    "sofa_cns": [
      4,
      2,
      2,
      0,
      4,
      4,
      4,
      4
    ],
    "sofa_renal": [
      1,
      1,
      1,
      1,
      1,
      1,
      1,
      1
    ]
  },
  "analysis": {
    "total_features_compared": 6,
    "features_with_valid_data": 6,
    "average_difference": 1.6041666666666667
  },
  "debug_info": {
    "sofa_extraction_method": "intervention_analysis.sofa_related_features",
    "sofa_features_count": 8
  }
}