{
  "patient_id": "36538885",
  "timestamp": "2025-12-29T22:27:39.002625",
  "model_name": "gemma3:12b",
  "model_trust_score": 0.7772567690275337,
  "feature_differences": {
    "sofa_respiration": 2.125,
    "sofa_coagulation": 1.125,
    "sofa_liver": 1.875,
    "sofa_cardiovascular": 0.625,
    "sofa_cns": 1.75,
    "sofa_renal": 1.125
  },
  "predicted_sofa_features": {
    "pao2_fio2_ratio": [
      280.0,
      250.0,
      220.0,
      190.0,
      160.0,
      130.0,
      100.0,
      70.0
    ],
    "platelet": [
      180.0,
      150.0,
      120.0,
      90.0,
      60.0,
      30.0,
      0.0,
      0.0
    ],
    "bilirubin_total": [
      1.5,
      2.0,
      2.5,
      3.0,
      3.5,
      4.0,
      4.5,
      5.0
    ],
    "vasopressor_rate": [
      0.0,
      0.0,
      0.0,
      0.1,
      0.2,
      0.3,
      0.4,
      0.5
    ],
    "gcs_total": [
      14.0,
      13.0,
      12.0,
      11.0,
      10.0,
      9.0,
      8.0,
      7.0
    ],
    "creatinine": [
      1.1,
      1.3,
      1.5,
      1.7,
      1.9,
      2.1,
      2.3,
      2.5
    ],
    "urine_output_ml": [
      1800.0,
      1600.0,
      1400.0,
      1200.0,
      1000.0,
      800.0,
      600.0,
      400.0
    ],
    "mechanical_ventilation": [
      0.0,
      0.0,
      0.0,
      1.0,
      1.0,
      1.0,
      1.0,
      1.0
    ]
  },
  "actual_sofa_features": {
    "pao2_fio2_ratio": [
      79.13,
      83.53,
      84.27,
      92.59,
      110.11,
      115.73,
      118.39,
      129.41
    ],
    "platelet": [
      139.0,
      153.0,
      164.0,
      167.0,
      169.0,
      212.5
    ],
    "bilirubin_total": [
      0.6,
      0.95
    ],
    "vasopressor_rate": [
      0.0
    ],
    "gcs_total": [
      3.0,
      9.0,
      15.0
    ],
    "creatinine": [
      0.7,
      0.8,
      0.9,
      1.0,
      1.1,
      1.2,
      1.57
    ],
    "urine_output_ml": [
      60.0,
      120.0,
      135.0,
      147.0,
      160.0,
      195.0,
      335.0,
      380.0
    ],
    "mechanical_ventilation": [
      0.0
    ]
  },
  "predicted_sofa_scores": {
    "sofa_respiration": [
      2,
      2,
      2,
      1,
      1,
      1,
      1,
      1
    ],
    "sofa_coagulation": [
      0,
      0,
      1,
      2,
      2,
      3,
      4,
      4
    ],
    "sofa_liver": [
      1,
      2,
      2,
      2,
      2,
      2,
      2,
      2
    ],
    "sofa_cardiovascular": [
      0,
      0,
      0,
      1,
      1,
      1,
      1,
      1
    ],
    "sofa_cns": [
      1,
      1,
      2,
      2,
      2,
      3,
      3,
      3
    ],
    "sofa_renal": [
      0,
      1,
      1,
      1,
      1,
      2,
      2,
      1
    ]
  },
  "actual_sofa_scores": {
    "sofa_respiration": [
      4,
      4,
      4,
      4,
      3,
      3,
      3,
      3
    ],
    "sofa_coagulation": [
      1,
      0,
      0,
      0,
      0,
      0,
      4,
      4
    ],
    "sofa_liver": [
      0,
      0,
      0,
      0,
      0,
      0,
      0,
      0
    ],
    "sofa_cardiovascular": [
      0,
      0,
      0,
      0,
      0,
      0,
      0,
      0
    ],
    "sofa_cns": [
      4,
      3,
      0,
      4,
      4,
      4,
      4,
      4
    ],
    "sofa_renal": [
      3,
      2,
      2,
      2,
      2,
      1,
      1,
      1
    ]
  },
  "analysis": {
    "total_features_compared": 6,
    "features_with_valid_data": 6,
    "average_difference": 1.4375
  },
  "debug_info": {
    "sofa_extraction_method": "intervention_analysis.sofa_related_features",
    "sofa_features_count": 8
  }
}