{
  "patient_id": "38432543",
  "timestamp": "2025-12-29T22:30:37.985486",
  "model_name": "gemma3:12b",
  "model_trust_score": 0.7794027049503816,
  "feature_differences": {
    "sofa_respiration": 2.5,
    "sofa_coagulation": 2.375,
    "sofa_liver": 1.5,
    "sofa_cardiovascular": 0.0,
    "sofa_cns": 1.0,
    "sofa_renal": 1.125
  },
  "predicted_sofa_features": {
    "pao2_fio2_ratio": [
      250.0,
      230.0,
      210.0,
      190.0,
      170.0,
      150.0,
      130.0,
      110.0
    ],
    "platelet": [
      120.0,
      100.0,
      80.0,
      60.0,
      40.0,
      20.0,
      0.0,
      0.0
    ],
    "bilirubin_total": [
      1.8,
      2.2,
      2.8,
      3.6,
      4.4,
      5.2,
      6.0,
      6.8
    ],
    "vasopressor_rate": [
      12.5,
      25.0,
      37.5,
      50.0,
      62.5,
      75.0,
      87.5,
      100.0
    ],
    "gcs_total": [
      10.0,
      6.0,
      4.0,
      2.0,
      0.0,
      0.0,
      0.0,
      0.0
    ],
    "creatinine": [
      1.5,
      2.0,
      2.5,
      3.0,
      3.5,
      4.0,
      4.5,
      5.0
    ],
    "urine_output_ml": [
      1500.0,
      1000.0,
      500.0,
      200.0,
      100.0,
      50.0,
      25.0,
      10.0
    ],
    "mechanical_ventilation": [
      0.0,
      1.0,
      1.0,
      1.0,
      1.0,
      1.0,
      1.0,
      1.0
    ]
  },
  "actual_sofa_features": {
    "pao2_fio2_ratio": [
      87.23,
      89.41,
      90.59,
      93.06,
      97.3,
      100.87,
      103.68,
      107.41
    ],
    "platelet": [
      146.0,
      164.0,
      172.0,
      174.0,
      183.0,
      227.0,
      276.0,
      448.0
    ],
    "bilirubin_total": [
      1.8,
      2.0,
      2.1
    ],
    "vasopressor_rate": [
      12.51,
      25.19,
      25.25,
      31.57,
      37.59,
      37.96,
      38.01,
      38.33
    ],
    "gcs_total": [
      3.0,
      10.0,
      15.0
    ],
    "creatinine": [
      2.0,
      2.2,
      2.3,
      2.35,
      2.5,
      2.6
    ],
    "urine_output_ml": [
      70.0,
      192.0,
      215.0,
      275.0,
      295.0,
      330.0,
      400.0,
      470.0
    ],
    "mechanical_ventilation": [
      0.0
    ]
  },
  "predicted_sofa_scores": {
    "sofa_respiration": [
      2,
      1,
      1,
      1,
      1,
      1,
      1,
      1
    ],
    "sofa_coagulation": [
      1,
      1,
      2,
      2,
      3,
      3,
      4,
      4
    ],
    "sofa_liver": [
      1,
      2,
      2,
      2,
      2,
      2,
      3,
      3
    ],
    "sofa_cardiovascular": [
      2,
      4,
      4,
      4,
      4,
      4,
      4,
      4
    ],
    "sofa_cns": [
      2,
      4,
      4,
      4,
      4,
      4,
      4,
      4
    ],
    "sofa_renal": [
      1,
      2,
      2,
      1,
      2,
      3,
      3,
      3
    ]
  },
  "actual_sofa_scores": {
    "sofa_respiration": [
      4,
      4,
      4,
      4,
      4,
      3,
      3,
      3
    ],
    "sofa_coagulation": [
      1,
      0,
      0,
      0,
      0,
      0,
      0,
      0
    ],
    "sofa_liver": [
      1,
      2,
      2,
      0,
      0,
      0,
      0,
      0
    ],
    "sofa_cardiovascular": [
      2,
      4,
      4,
      4,
      4,
      4,
      4,
      4
    ],
    "sofa_cns": [
      4,
      2,
      0,
      4,
      4,
      4,
      4,
      4
    ],
    "sofa_renal": [
      2,
      2,
      1,
      1,
      1,
      1,
      1,
      1
    ]
  },
  "analysis": {
    "total_features_compared": 6,
    "features_with_valid_data": 6,
    "average_difference": 1.4166666666666667
  },
  "debug_info": {
    "sofa_extraction_method": "intervention_analysis.sofa_related_features",
    "sofa_features_count": 8
  }
}