{
  "patient_id": "35695492",
  "timestamp": "2025-12-29T22:26:10.948774",
  "model_name": "gemma3:12b",
  "model_trust_score": 0.8067025279416296,
  "feature_differences": {
    "sofa_respiration": 2.25,
    "sofa_coagulation": 1.0,
    "sofa_liver": 1.75,
    "sofa_cardiovascular": 0.875,
    "sofa_cns": 0.375,
    "sofa_renal": 0.75
  },
  "predicted_sofa_features": {
    "pao2_fio2_ratio": [
      220.0,
      190.0,
      160.0,
      130.0,
      100.0,
      70.0,
      40.0,
      10.0
    ],
    "platelet": [
      180.0,
      150.0,
      120.0,
      90.0,
      60.0,
      30.0,
      0.0,
      0.0
    ],
    "bilirubin_total": [
      1.5,
      2.0,
      2.5,
      3.0,
      3.5,
      4.0,
      4.5,
      5.0
    ],
    "vasopressor_rate": [
      0.0,
      0.1,
      0.2,
      0.3,
      0.4,
      0.5,
      0.6,
      0.7
    ],
    "gcs_total": [
      12.0,
      10.0,
      8.0,
      6.0,
      4.0,
      2.0,
      0.0,
      0.0
    ],
    "creatinine": [
      1.0,
      1.5,
      2.0,
      2.5,
      3.0,
      3.5,
      4.0,
      4.5
    ],
    "urine_output_ml": [
      1500.0,
      1000.0,
      500.0,
      0.0,
      0.0,
      0.0,
      0.0,
      0.0
    ],
    "mechanical_ventilation": [
      0.0,
      0.0,
      1.0,
      1.0,
      1.0,
      1.0,
      1.0,
      1.0
    ]
  },
  "actual_sofa_features": {
    "pao2_fio2_ratio": [
      95.76,
      100.24,
      104.37,
      138.69
    ],
    "platelet": [
      57.0,
      58.0,
      59.0,
      61.0,
      62.0,
      64.0,
      76.0
    ],
    "bilirubin_total": [
      0.8,
      1.0,
      1.2
    ],
    "vasopressor_rate": [
      0.0
    ],
    "gcs_total": [
      10.0
    ],
    "creatinine": [
      1.2,
      1.3,
      1.4
    ],
    "urine_output_ml": [
      95.0,
      110.0,
      130.0,
      140.0,
      160.0,
      165.0,
      175.0,
      330.0
    ],
    "mechanical_ventilation": [
      0.0
    ]
  },
  "predicted_sofa_scores": {
    "sofa_respiration": [
      2,
      3,
      1,
      1,
      1,
      1,
      1,
      1
    ],
    "sofa_coagulation": [
      0,
      0,
      1,
      2,
      2,
      3,
      4,
      4
    ],
    "sofa_liver": [
      1,
      2,
      2,
      2,
      2,
      2,
      2,
      2
    ],
    "sofa_cardiovascular": [
      0,
      1,
      1,
      1,
      1,
      1,
      1,
      1
    ],
    "sofa_cns": [
      2,
      2,
      3,
      4,
      4,
      4,
      4,
      4
    ],
    "sofa_renal": [
      0,
      1,
      2,
      2,
      2,
      3,
      3,
      3
    ]
  },
  "actual_sofa_scores": {
    "sofa_respiration": [
      4,
      3,
      3,
      3,
      4,
      4,
      4,
      4
    ],
    "sofa_coagulation": [
      2,
      2,
      2,
      2,
      2,
      2,
      2,
      4
    ],
    "sofa_liver": [
      0,
      0,
      1,
      0,
      0,
      0,
      0,
      0
    ],
    "sofa_cardiovascular": [
      0,
      0,
      0,
      0,
      0,
      0,
      0,
      0
    ],
    "sofa_cns": [
      2,
      4,
      4,
      4,
      4,
      4,
      4,
      4
    ],
    "sofa_renal": [
      1,
      1,
      1,
      2,
      2,
      2,
      2,
      1
    ]
  },
  "analysis": {
    "total_features_compared": 6,
    "features_with_valid_data": 6,
    "average_difference": 1.1666666666666667
  },
  "debug_info": {
    "sofa_extraction_method": "intervention_analysis.sofa_related_features",
    "sofa_features_count": 8
  }
}