{
  "patient_id": "39816062",
  "timestamp": "2025-12-29T22:32:06.807184",
  "model_name": "gemma3:12b",
  "model_trust_score": 0.7647541638838684,
  "feature_differences": {
    "sofa_respiration": 2.0,
    "sofa_coagulation": 0.75,
    "sofa_liver": 1.75,
    "sofa_cardiovascular": 2.5,
    "sofa_cns": 0.875,
    "sofa_renal": 1.5
  },
  "predicted_sofa_features": {
    "pao2_fio2_ratio": [
      250.0,
      230.0,
      210.0,
      190.0,
      170.0,
      150.0,
      130.0,
      110.0
    ],
    "platelet": [
      120.0,
      100.0,
      80.0,
      60.0,
      40.0,
      20.0,
      0.0,
      0.0
    ],
    "bilirubin_total": [
      1.8,
      2.2,
      2.6,
      3.0,
      3.4,
      3.8,
      4.2,
      4.6
    ],
    "vasopressor_rate": [
      10.0,
      12.0,
      14.0,
      16.0,
      18.0,
      20.0,
      22.0,
      24.0
    ],
    "gcs_total": [
      13.0,
      12.0,
      11.0,
      10.0,
      9.0,
      8.0,
      7.0,
      6.0
    ],
    "creatinine": [
      1.4,
      2.0,
      2.6,
      3.2,
      3.8,
      4.4,
      5.0,
      5.6
    ],
    "urine_output_ml": [
      1500.0,
      400.0,
      100.0,
      0.0,
      0.0,
      0.0,
      0.0,
      0.0
    ],
    "mechanical_ventilation": [
      0.0,
      0.0,
      1.0,
      1.0,
      1.0,
      1.0,
      1.0,
      1.0
    ]
  },
  "actual_sofa_features": {
    "pao2_fio2_ratio": [
      83.33,
      88.24,
      100.93,
      102.82,
      109.84,
      126.42,
      144.86,
      181.25
    ],
    "platelet": [
      70.0,
      76.0,
      78.0,
      88.0,
      90.0,
      92.0,
      94.0
    ],
    "bilirubin_total": [
      0.9,
      1.2
    ],
    "vasopressor_rate": [
      0.0,
      9.96,
      9.97,
      10.01
    ],
    "gcs_total": [
      3.0,
      9.0,
      10.0,
      11.0
    ],
    "creatinine": [
      0.9,
      1.1,
      1.2,
      1.3
    ],
    "urine_output_ml": [
      160.0,
      175.0,
      180.0,
      195.0,
      240.0,
      245.0,
      250.0,
      280.0
    ],
    "mechanical_ventilation": [
      0.0
    ]
  },
  "predicted_sofa_scores": {
    "sofa_respiration": [
      2,
      2,
      1,
      1,
      1,
      1,
      1,
      1
    ],
    "sofa_coagulation": [
      1,
      1,
      2,
      2,
      3,
      3,
      4,
      4
    ],
    "sofa_liver": [
      1,
      2,
      2,
      2,
      2,
      2,
      2,
      2
    ],
    "sofa_cardiovascular": [
      2,
      2,
      2,
      4,
      4,
      4,
      4,
      4
    ],
    "sofa_cns": [
      1,
      2,
      2,
      2,
      3,
      3,
      3,
      4
    ],
    "sofa_renal": [
      1,
      1,
      2,
      2,
      3,
      3,
      3,
      3
    ]
  },
  "actual_sofa_scores": {
    "sofa_respiration": [
      4,
      4,
      3,
      3,
      3,
      3,
      3,
      3
    ],
    "sofa_coagulation": [
      2,
      2,
      2,
      2,
      2,
      2,
      2,
      4
    ],
    "sofa_liver": [
      0,
      1,
      0,
      0,
      0,
      0,
      0,
      0
    ],
    "sofa_cardiovascular": [
      0,
      2,
      2,
      2,
      0,
      0,
      0,
      0
    ],
    "sofa_cns": [
      4,
      3,
      2,
      2,
      4,
      4,
      4,
      4
    ],
    "sofa_renal": [
      2,
      2,
      1,
      1,
      1,
      1,
      1,
      1
    ]
  },
  "analysis": {
    "total_features_compared": 6,
    "features_with_valid_data": 6,
    "average_difference": 1.5625
  },
  "debug_info": {
    "sofa_extraction_method": "intervention_analysis.sofa_related_features",
    "sofa_features_count": 8
  }
}