{
  "patient_id": "36336444",
  "timestamp": "2025-12-29T22:26:50.178043",
  "model_name": "gemma3:12b",
  "model_trust_score": 0.8091180056695638,
  "feature_differences": {
    "sofa_respiration": 0.75,
    "sofa_coagulation": 1.5,
    "sofa_liver": 1.25,
    "sofa_cardiovascular": 0.625,
    "sofa_cns": 1.625,
    "sofa_renal": 1.125
  },
  "predicted_sofa_features": {
    "pao2_fio2_ratio": [
      250.0,
      230.0,
      210.0,
      190.0,
      170.0,
      150.0,
      130.0,
      110.0
    ],
    "platelet": [
      180.0,
      160.0,
      140.0,
      120.0,
      100.0,
      80.0,
      60.0,
      40.0
    ],
    "bilirubin_total": [
      1.0,
      1.2,
      1.4,
      1.6,
      1.8,
      2.0,
      2.2,
      2.4
    ],
    "vasopressor_rate": [
      0.0,
      0.0,
      0.0,
      0.1,
      0.2,
      0.3,
      0.4,
      0.5
    ],
    "gcs_total": [
      14.0,
      13.0,
      12.0,
      11.0,
      10.0,
      9.0,
      8.0,
      7.0
    ],
    "creatinine": [
      0.9,
      1.0,
      1.1,
      1.2,
      1.3,
      1.4,
      1.5,
      1.6
    ],
    "urine_output_ml": [
      2200.0,
      2000.0,
      1800.0,
      1600.0,
      1400.0,
      1200.0,
      1000.0,
      800.0
    ],
    "mechanical_ventilation": [
      0.0,
      0.0,
      0.0,
      1.0,
      1.0,
      1.0,
      1.0,
      1.0
    ]
  },
  "actual_sofa_features": {
    "pao2_fio2_ratio": [
      176.4,
      210.8,
      224.94,
      238.32,
      242.5,
      257.99,
      270.45,
      273.97
    ],
    "platelet": [
      46.0,
      53.0,
      66.0,
      76.0,
      85.0,
      103.0
    ],
    "bilirubin_total": [
      1.0
    ],
    "vasopressor_rate": [
      0.0
    ],
    "gcs_total": [
      3.0,
      15.0
    ],
    "creatinine": [
      1.7,
      2.0,
      2.4,
      3.1,
      3.3
    ],
    "urine_output_ml": [
      20.0,
      25.0,
      55.0,
      95.0,
      120.0,
      170.0,
      185.0,
      360.0
    ],
    "mechanical_ventilation": [
      0.0
    ]
  },
  "predicted_sofa_scores": {
    "sofa_respiration": [
      2,
      2,
      2,
      1,
      1,
      1,
      1,
      1
    ],
    "sofa_coagulation": [
      0,
      0,
      1,
      1,
      1,
      2,
      2,
      3
    ],
    "sofa_liver": [
      0,
      1,
      1,
      1,
      1,
      2,
      2,
      2
    ],
    "sofa_cardiovascular": [
      0,
      0,
      0,
      1,
      1,
      1,
      1,
      1
    ],
    "sofa_cns": [
      1,
      1,
      2,
      2,
      2,
      3,
      3,
      3
    ],
    "sofa_renal": [
      0,
      0,
      0,
      1,
      1,
      1,
      1,
      1
    ]
  },
  "actual_sofa_scores": {
    "sofa_respiration": [
      3,
      2,
      2,
      2,
      2,
      2,
      2,
      2
    ],
    "sofa_coagulation": [
      3,
      2,
      2,
      2,
      2,
      1,
      4,
      4
    ],
    "sofa_liver": [
      0,
      0,
      0,
      0,
      0,
      0,
      0,
      0
    ],
    "sofa_cardiovascular": [
      0,
      0,
      0,
      0,
      0,
      0,
      0,
      0
    ],
    "sofa_cns": [
      4,
      0,
      4,
      4,
      4,
      4,
      4,
      4
    ],
    "sofa_renal": [
      1,
      2,
      2,
      2,
      2,
      2,
      2,
      1
    ]
  },
  "analysis": {
    "total_features_compared": 6,
    "features_with_valid_data": 6,
    "average_difference": 1.1458333333333333
  },
  "debug_info": {
    "sofa_extraction_method": "intervention_analysis.sofa_related_features",
    "sofa_features_count": 8
  }
}