{
  "patient_id": "35967288",
  "timestamp": "2025-12-29T22:26:31.305176",
  "model_name": "gemma3:12b",
  "model_trust_score": 0.7667949915436586,
  "feature_differences": {
    "sofa_respiration": 2.0,
    "sofa_coagulation": 1.0,
    "sofa_liver": 2.0,
    "sofa_cardiovascular": 1.75,
    "sofa_cns": 2.0,
    "sofa_renal": 0.5
  },
  "predicted_sofa_features": {
    "pao2_fio2_ratio": [
      280.0,
      260.0,
      240.0,
      220.0,
      200.0,
      180.0,
      160.0,
      140.0
    ],
    "platelet": [
      120.0,
      100.0,
      80.0,
      60.0,
      40.0,
      20.0,
      0.0,
      0.0
    ],
    "bilirubin_total": [
      2.0,
      2.5,
      3.0,
      3.5,
      4.0,
      4.5,
      5.0,
      5.5
    ],
    "vasopressor_rate": [
      0.3,
      0.2,
      0.1,
      0.05,
      0.02,
      0.01,
      0.005,
      0.002
    ],
    "gcs_total": [
      13.0,
      12.0,
      11.0,
      10.0,
      9.0,
      8.0,
      7.0,
      6.0
    ],
    "creatinine": [
      1.5,
      2.0,
      2.5,
      3.0,
      3.5,
      4.0,
      4.5,
      6.0
    ],
    "urine_output_ml": [
      1500.0,
      1200.0,
      1000.0,
      800.0,
      600.0,
      400.0,
      200.0,
      0.0
    ],
    "mechanical_ventilation": [
      0.0,
      0.0,
      1.0,
      1.0,
      1.0,
      1.0,
      1.0,
      1.0
    ]
  },
  "actual_sofa_features": {
    "pao2_fio2_ratio": [
      71.27,
      107.0,
      119.8
    ],
    "platelet": [
      132.0,
      136.0
    ],
    "bilirubin_total": [
      0.7
    ],
    "vasopressor_rate": [
      0.0,
      0.3,
      18.76,
      37.49
    ],
    "gcs_total": [
      3.0,
      8.0,
      15.0
    ],
    "creatinine": [
      1.9,
      2.2
    ],
    "urine_output_ml": [
      0.0,
      10.0,
      20.0
    ],
    "mechanical_ventilation": [
      0.0
    ]
  },
  "predicted_sofa_scores": {
    "sofa_respiration": [
      2,
      2,
      1,
      1,
      1,
      1,
      1,
      1
    ],
    "sofa_coagulation": [
      1,
      1,
      2,
      2,
      3,
      3,
      4,
      4
    ],
    "sofa_liver": [
      2,
      2,
      2,
      2,
      2,
      2,
      2,
      2
    ],
    "sofa_cardiovascular": [
      1,
      1,
      1,
      1,
      1,
      1,
      1,
      1
    ],
    "sofa_cns": [
      1,
      2,
      2,
      2,
      3,
      3,
      3,
      4
    ],
    "sofa_renal": [
      1,
      2,
      2,
      2,
      3,
      1,
      1,
      3
    ]
  },
  "actual_sofa_scores": {
    "sofa_respiration": [
      4,
      3,
      3,
      4
    ],
    "sofa_coagulation": [
      1,
      1,
      4,
      4
    ],
    "sofa_liver": [
      0,
      0,
      0,
      0
    ],
    "sofa_cardiovascular": [
      0,
      1,
      4,
      4
    ],
    "sofa_cns": [
      4,
      3,
      0,
      4
    ],
    "sofa_renal": [
      1,
      2,
      3,
      3
    ]
  },
  "analysis": {
    "total_features_compared": 6,
    "features_with_valid_data": 6,
    "average_difference": 1.5416666666666667
  },
  "debug_info": {
    "sofa_extraction_method": "intervention_analysis.sofa_related_features",
    "sofa_features_count": 8
  }
}