{
  "patient_id": "37075482",
  "timestamp": "2025-12-29T22:28:32.847222",
  "model_name": "gemma3:12b",
  "model_trust_score": 0.8293310298268375,
  "feature_differences": {
    "sofa_respiration": 2.125,
    "sofa_coagulation": 0.75,
    "sofa_liver": 2.0,
    "sofa_cardiovascular": 0.125,
    "sofa_cns": 0.375,
    "sofa_renal": 0.5
  },
  "predicted_sofa_features": {
    "pao2_fio2_ratio": [
      250.0,
      230.0,
      210.0,
      190.0,
      170.0,
      150.0,
      130.0,
      110.0
    ],
    "platelet": [
      80.0,
      70.0,
      60.0,
      50.0,
      40.0,
      30.0,
      20.0,
      10.0
    ],
    "bilirubin_total": [
      2.5,
      2.8,
      3.1,
      3.4,
      3.7,
      4.0,
      4.3,
      4.6
    ],
    "vasopressor_rate": [
      0.05,
      0.05,
      0.05,
      0.05,
      0.05,
      0.05,
      0.05,
      0.05
    ],
    "gcs_total": [
      10.0,
      9.0,
      8.0,
      7.0,
      6.0,
      5.0,
      4.0,
      3.0
    ],
    "creatinine": [
      1.8,
      2.0,
      2.2,
      2.4,
      2.6,
      2.8,
      3.0,
      3.2
    ],
    "urine_output_ml": [
      1500.0,
      1200.0,
      1000.0,
      800.0,
      600.0,
      400.0,
      200.0,
      100.0
    ],
    "mechanical_ventilation": [
      1.0,
      1.0,
      1.0,
      1.0,
      1.0,
      1.0,
      1.0,
      1.0
    ]
  },
  "actual_sofa_features": {
    "pao2_fio2_ratio": [
      98.8,
      104.76,
      117.65,
      123.57,
      126.5,
      150.72,
      150.86,
      160.94
    ],
    "platelet": [
      42.0,
      51.0,
      58.0,
      59.0,
      68.0,
      70.0,
      77.0,
      81.0
    ],
    "bilirubin_total": [
      0.55,
      0.6,
      0.7,
      0.9
    ],
    "vasopressor_rate": [
      0.0,
      0.05,
      0.06,
      0.08,
      0.1,
      0.12,
      0.16,
      0.27
    ],
    "gcs_total": [
      3.0,
      8.0,
      9.0,
      10.0
    ],
    "creatinine": [
      1.7,
      1.83,
      1.9,
      2.0,
      2.4,
      2.6,
      2.8,
      3.1
    ],
    "urine_output_ml": [
      0.0,
      2.0,
      4.0,
      22.0,
      24.0,
      45.0,
      90.0,
      100.0
    ],
    "mechanical_ventilation": [
      0.0
    ]
  },
  "predicted_sofa_scores": {
    "sofa_respiration": [
      1,
      1,
      1,
      1,
      1,
      1,
      1,
      1
    ],
    "sofa_coagulation": [
      2,
      2,
      2,
      2,
      3,
      3,
      3,
      4
    ],
    "sofa_liver": [
      2,
      2,
      2,
      2,
      2,
      2,
      2,
      2
    ],
    "sofa_cardiovascular": [
      1,
      1,
      1,
      1,
      1,
      1,
      1,
      1
    ],
    "sofa_cns": [
      2,
      3,
      3,
      3,
      4,
      4,
      4,
      4
    ],
    "sofa_renal": [
      1,
      2,
      2,
      2,
      2,
      1,
      1,
      2
    ]
  },
  "actual_sofa_scores": {
    "sofa_respiration": [
      4,
      3,
      3,
      3,
      3,
      3,
      3,
      3
    ],
    "sofa_coagulation": [
      3,
      2,
      2,
      2,
      2,
      2,
      2,
      2
    ],
    "sofa_liver": [
      0,
      0,
      0,
      0,
      0,
      0,
      0,
      0
    ],
    "sofa_cardiovascular": [
      0,
      1,
      1,
      1,
      1,
      1,
      1,
      1
    ],
    "sofa_cns": [
      4,
      3,
      3,
      2,
      4,
      4,
      4,
      4
    ],
    "sofa_renal": [
      1,
      1,
      1,
      2,
      2,
      2,
      2,
      2
    ]
  },
  "analysis": {
    "total_features_compared": 6,
    "features_with_valid_data": 6,
    "average_difference": 0.9791666666666666
  },
  "debug_info": {
    "sofa_extraction_method": "intervention_analysis.sofa_related_features",
    "sofa_features_count": 8
  }
}