{
  "patient_id": "38128269",
  "timestamp": "2025-12-29T22:29:25.391887",
  "model_name": "gemma3:12b",
  "model_trust_score": 0.8190202901933252,
  "feature_differences": {
    "sofa_respiration": 2.125,
    "sofa_coagulation": 1.25,
    "sofa_liver": 0.25,
    "sofa_cardiovascular": 0.625,
    "sofa_cns": 1.0,
    "sofa_renal": 1.125
  },
  "predicted_sofa_features": {
    "pao2_fio2_ratio": [
      280.0,
      250.0,
      220.0,
      190.0,
      160.0,
      130.0,
      100.0,
      70.0
    ],
    "platelet": [
      180.0,
      160.0,
      140.0,
      120.0,
      100.0,
      80.0,
      60.0,
      40.0
    ],
    "bilirubin_total": [
      1.5,
      2.0,
      2.5,
      3.0,
      3.5,
      4.0,
      4.5,
      5.0
    ],
    "vasopressor_rate": [
      0.0,
      0.0,
      0.0,
      0.1,
      0.2,
      0.3,
      0.4,
      0.5
    ],
    "gcs_total": [
      13.0,
      12.0,
      11.0,
      10.0,
      9.0,
      8.0,
      7.0,
      6.0
    ],
    "creatinine": [
      1.1,
      1.3,
      1.5,
      1.7,
      1.9,
      2.1,
      2.3,
      2.5
    ],
    "urine_output_ml": [
      1800.0,
      1500.0,
      1200.0,
      900.0,
      600.0,
      300.0,
      0.0,
      0.0
    ],
    "mechanical_ventilation": [
      0.0,
      0.0,
      0.0,
      1.0,
      1.0,
      1.0,
      1.0,
      1.0
    ]
  },
  "actual_sofa_features": {
    "pao2_fio2_ratio": [
      75.65,
      76.92,
      80.0,
      98.99,
      107.77,
      115.12,
      124.71,
      145.88
    ],
    "platelet": [
      204.0,
      206.0,
      208.0,
      210.0,
      229.0,
      234.0,
      235.0,
      243.0
    ],
    "bilirubin_total": [
      4.0,
      4.2,
      4.3,
      4.5,
      4.6,
      4.9,
      5.4,
      6.8
    ],
    "vasopressor_rate": [
      0.0
    ],
    "gcs_total": [
      10.0,
      11.0,
      15.0
    ],
    "creatinine": [
      2.0,
      2.1,
      2.2,
      2.5,
      2.8,
      3.1,
      3.7,
      4.3
    ],
    "urine_output_ml": [
      10.0,
      15.0,
      20.0,
      25.0,
      30.0,
      35.0,
      40.0,
      50.0
    ],
    "mechanical_ventilation": [
      0.0
    ]
  },
  "predicted_sofa_scores": {
    "sofa_respiration": [
      2,
      2,
      2,
      1,
      1,
      1,
      1,
      1
    ],
    "sofa_coagulation": [
      0,
      0,
      1,
      1,
      1,
      2,
      2,
      3
    ],
    "sofa_liver": [
      1,
      2,
      2,
      2,
      2,
      2,
      2,
      2
    ],
    "sofa_cardiovascular": [
      0,
      0,
      0,
      1,
      1,
      1,
      1,
      1
    ],
    "sofa_cns": [
      1,
      2,
      2,
      2,
      3,
      3,
      3,
      4
    ],
    "sofa_renal": [
      0,
      1,
      1,
      1,
      1,
      1,
      2,
      2
    ]
  },
  "actual_sofa_scores": {
    "sofa_respiration": [
      4,
      4,
      4,
      4,
      3,
      3,
      3,
      3
    ],
    "sofa_coagulation": [
      0,
      0,
      0,
      0,
      0,
      0,
      0,
      0
    ],
    "sofa_liver": [
      2,
      2,
      2,
      2,
      2,
      2,
      2,
      3
    ],
    "sofa_cardiovascular": [
      0,
      0,
      0,
      0,
      0,
      0,
      0,
      0
    ],
    "sofa_cns": [
      2,
      2,
      0,
      4,
      4,
      4,
      4,
      4
    ],
    "sofa_renal": [
      2,
      2,
      2,
      2,
      2,
      2,
      3,
      3
    ]
  },
  "analysis": {
    "total_features_compared": 6,
    "features_with_valid_data": 6,
    "average_difference": 1.0625
  },
  "debug_info": {
    "sofa_extraction_method": "intervention_analysis.sofa_related_features",
    "sofa_features_count": 8
  }
}