{
  "patient_id": "36478727",
  "timestamp": "2025-12-29T22:27:29.099908",
  "model_name": "gemma3:12b",
  "model_trust_score": 0.7806372753605272,
  "feature_differences": {
    "sofa_respiration": 2.7142857142857144,
    "sofa_coagulation": 0.7142857142857143,
    "sofa_liver": 1.8571428571428572,
    "sofa_cardiovascular": 0.0,
    "sofa_cns": 1.4285714285714286,
    "sofa_renal": 1.7142857142857142
  },
  "predicted_sofa_features": {
    "pao2_fio2_ratio": [
      250.0,
      230.0,
      210.0,
      190.0,
      170.0,
      150.0,
      130.0,
      110.0
    ],
    "platelet": [
      120.0,
      100.0,
      80.0,
      60.0,
      40.0,
      20.0,
      0.0,
      0.0
    ],
    "bilirubin_total": [
      1.5,
      2.0,
      2.5,
      3.0,
      3.5,
      4.0,
      4.5,
      5.0
    ],
    "vasopressor_rate": [
      0.0,
      0.0,
      0.0,
      0.0,
      0.0,
      0.0,
      0.0,
      0.0
    ],
    "gcs_total": [
      10.0,
      9.0,
      8.0,
      7.0,
      6.0,
      5.0,
      4.0,
      3.0
    ],
    "creatinine": [
      1.1,
      1.3,
      1.5,
      1.7,
      1.9,
      2.1,
      2.3,
      2.5
    ],
    "urine_output_ml": [
      1500.0,
      1200.0,
      900.0,
      600.0,
      300.0,
      0.0,
      0.0,
      0.0
    ],
    "mechanical_ventilation": [
      0.0,
      0.0,
      1.0,
      1.0,
      1.0,
      1.0,
      1.0,
      1.0
    ]
  },
  "actual_sofa_features": {
    "pao2_fio2_ratio": [
      40.0,
      40.94,
      42.22,
      47.02,
      62.86,
      70.0
    ],
    "platelet": [
      83.0,
      92.0,
      99.0,
      110.0
    ],
    "bilirubin_total": [
      0.3
    ],
    "vasopressor_rate": [
      0.0
    ],
    "gcs_total": [
      3.0,
      5.0,
      6.0,
      9.0,
      10.0,
      15.0
    ],
    "creatinine": [
      2.7,
      4.3,
      6.0,
      9.4
    ],
    "urine_output_ml": [
      0.0,
      5.0,
      10.0,
      15.0,
      20.0,
      25.0,
      40.0
    ],
    "mechanical_ventilation": [
      0.0
    ]
  },
  "predicted_sofa_scores": {
    "sofa_respiration": [
      2,
      2,
      1,
      1,
      1,
      1,
      1,
      1
    ],
    "sofa_coagulation": [
      1,
      1,
      2,
      2,
      3,
      3,
      4,
      4
    ],
    "sofa_liver": [
      1,
      2,
      2,
      2,
      2,
      2,
      2,
      2
    ],
    "sofa_cardiovascular": [
      0,
      0,
      0,
      0,
      0,
      0,
      0,
      0
    ],
    "sofa_cns": [
      2,
      3,
      3,
      3,
      4,
      4,
      4,
      4
    ],
    "sofa_renal": [
      0,
      1,
      1,
      1,
      1,
      2,
      2,
      2
    ]
  },
  "actual_sofa_scores": {
    "sofa_respiration": [
      4,
      4,
      4,
      4,
      4,
      4,
      4
    ],
    "sofa_coagulation": [
      2,
      2,
      2,
      1,
      4,
      4,
      4
    ],
    "sofa_liver": [
      0,
      0,
      0,
      0,
      0,
      0,
      0
    ],
    "sofa_cardiovascular": [
      0,
      0,
      0,
      0,
      0,
      0,
      0
    ],
    "sofa_cns": [
      4,
      4,
      4,
      3,
      2,
      0,
      4
    ],
    "sofa_renal": [
      2,
      3,
      3,
      3,
      3,
      3,
      3
    ]
  },
  "analysis": {
    "total_features_compared": 6,
    "features_with_valid_data": 6,
    "average_difference": 1.4047619047619049
  },
  "debug_info": {
    "sofa_extraction_method": "intervention_analysis.sofa_related_features",
    "sofa_features_count": 8
  }
}