{
  "patient_id": "30835026",
  "timestamp": "2025-12-29T22:21:42.875449",
  "model_name": "gemma3:12b",
  "model_trust_score": 0.8319765571594717,
  "feature_differences": {
    "sofa_respiration": 2.0,
    "sofa_coagulation": 1.25,
    "sofa_liver": 0.875,
    "sofa_cardiovascular": 0.0,
    "sofa_cns": 1.125,
    "sofa_renal": 0.5
  },
  "predicted_sofa_features": {
    "pao2_fio2_ratio": [
      250.0,
      230.0,
      210.0,
      190.0,
      170.0,
      150.0,
      130.0,
      110.0
    ],
    "platelet": [
      120.0,
      100.0,
      80.0,
      60.0,
      40.0,
      20.0,
      0.0,
      0.0
    ],
    "bilirubin_total": [
      1.5,
      2.0,
      2.5,
      3.0,
      3.5,
      4.0,
      4.5,
      5.0
    ],
    "vasopressor_rate": [
      0.0,
      0.0,
      0.0,
      0.0,
      0.0,
      0.0,
      0.0,
      0.0
    ],
    "gcs_total": [
      12.0,
      11.0,
      10.0,
      9.0,
      8.0,
      7.0,
      6.0,
      5.0
    ],
    "creatinine": [
      1.1,
      1.3,
      1.5,
      1.7,
      1.9,
      2.1,
      2.3,
      1.5
    ],
    "urine_output_ml": [
      1800.0,
      1500.0,
      1200.0,
      900.0,
      600.0,
      300.0,
      0.0,
      0.0
    ],
    "mechanical_ventilation": [
      0.0,
      0.0,
      0.0,
      1.0,
      1.0,
      1.0,
      1.0,
      1.0
    ]
  },
  "actual_sofa_features": {
    "pao2_fio2_ratio": [
      118.94,
      129.03,
      136.89,
      142.28,
      157.39
    ],
    "platelet": [
      31.0,
      36.0,
      39.0,
      39.5,
      40.0,
      46.5,
      60.0,
      67.0
    ],
    "bilirubin_total": [
      1.7,
      1.9,
      2.2,
      2.5,
      3.3
    ],
    "vasopressor_rate": [
      0.0
    ],
    "gcs_total": [
      3.0,
      6.0,
      7.0,
      9.0,
      15.0
    ],
    "creatinine": [
      1.0,
      1.2,
      1.3,
      1.5,
      1.75,
      2.0,
      2.1
    ],
    "urine_output_ml": [
      167.0,
      176.0,
      230.0,
      260.0,
      380.0,
      400.0,
      430.0,
      552.0
    ],
    "mechanical_ventilation": [
      0.0
    ]
  },
  "predicted_sofa_scores": {
    "sofa_respiration": [
      2,
      2,
      2,
      1,
      1,
      1,
      1,
      1
    ],
    "sofa_coagulation": [
      1,
      1,
      2,
      2,
      3,
      3,
      4,
      4
    ],
    "sofa_liver": [
      1,
      2,
      2,
      2,
      2,
      2,
      2,
      2
    ],
    "sofa_cardiovascular": [
      0,
      0,
      0,
      0,
      0,
      0,
      0,
      0
    ],
    "sofa_cns": [
      2,
      2,
      2,
      3,
      3,
      3,
      4,
      4
    ],
    "sofa_renal": [
      0,
      1,
      1,
      1,
      1,
      1,
      2,
      1
    ]
  },
  "actual_sofa_scores": {
    "sofa_respiration": [
      3,
      3,
      3,
      3,
      3,
      4,
      4,
      4
    ],
    "sofa_coagulation": [
      3,
      3,
      3,
      3,
      3,
      3,
      2,
      2
    ],
    "sofa_liver": [
      1,
      1,
      2,
      2,
      2,
      0,
      0,
      0
    ],
    "sofa_cardiovascular": [
      0,
      0,
      0,
      0,
      0,
      0,
      0,
      0
    ],
    "sofa_cns": [
      4,
      4,
      3,
      3,
      0,
      4,
      4,
      4
    ],
    "sofa_renal": [
      2,
      1,
      1,
      1,
      1,
      1,
      1,
      0
    ]
  },
  "analysis": {
    "total_features_compared": 6,
    "features_with_valid_data": 6,
    "average_difference": 0.9583333333333334
  },
  "debug_info": {
    "sofa_extraction_method": "intervention_analysis.sofa_related_features",
    "sofa_features_count": 8
  }
}