{
  "patient_id": "38948720",
  "timestamp": "2025-12-29T22:31:49.975649",
  "model_name": "gemma3:12b",
  "model_trust_score": 0.801940479198956,
  "feature_differences": {
    "sofa_respiration": 1.5,
    "sofa_coagulation": 1.875,
    "sofa_liver": 0.875,
    "sofa_cardiovascular": 0.625,
    "sofa_cns": 1.75,
    "sofa_renal": 0.625
  },
  "predicted_sofa_features": {
    "pao2_fio2_ratio": [
      250.0,
      180.0,
      150.0,
      120.0,
      100.0,
      80.0,
      60.0,
      40.0
    ],
    "platelet": [
      100.0,
      120.0,
      140.0,
      160.0,
      180.0,
      200.0,
      220.0,
      240.0
    ],
    "bilirubin_total": [
      1.8,
      1.6,
      1.4,
      1.2,
      1.0,
      0.8,
      0.6,
      0.4
    ],
    "vasopressor_rate": [
      0.1,
      0.08,
      0.06,
      0.04,
      0.02,
      0.01,
      0.005,
      0.0
    ],
    "gcs_total": [
      12.0,
      13.0,
      14.0,
      15.0,
      14.0,
      13.0,
      12.0,
      11.0
    ],
    "creatinine": [
      1.8,
      1.6,
      1.4,
      1.2,
      1.0,
      0.8,
      0.6,
      0.4
    ],
    "urine_output_ml": [
      1200.0,
      1400.0,
      1600.0,
      1800.0,
      2000.0,
      2200.0,
      2400.0,
      2600.0
    ],
    "mechanical_ventilation": [
      1.0,
      1.0,
      1.0,
      1.0,
      0.0,
      0.0,
      0.0,
      0.0
    ]
  },
  "actual_sofa_features": {
    "pao2_fio2_ratio": [
      80.53,
      106.56,
      114.45,
      138.11,
      143.85,
      156.84,
      161.36,
      163.74
    ],
    "platelet": [
      44.0,
      46.0,
      50.0,
      53.0,
      57.0,
      65.0,
      67.0,
      86.0
    ],
    "bilirubin_total": [
      0.8,
      1.0,
      1.1,
      1.2,
      1.3,
      1.4,
      1.6,
      1.7
    ],
    "vasopressor_rate": [
      0.0,
      0.05,
      0.1
    ],
    "gcs_total": [
      6.0,
      8.0,
      14.0,
      15.0
    ],
    "creatinine": [
      1.1,
      1.2,
      1.4,
      1.6,
      1.7,
      1.8,
      1.9
    ],
    "urine_output_ml": [
      88.0,
      130.0,
      170.0,
      250.0,
      335.0,
      425.0,
      480.0,
      510.0
    ],
    "mechanical_ventilation": [
      0.0
    ]
  },
  "predicted_sofa_scores": {
    "sofa_respiration": [
      1,
      1,
      1,
      1,
      3,
      4,
      4,
      4
    ],
    "sofa_coagulation": [
      1,
      1,
      1,
      0,
      0,
      0,
      0,
      0
    ],
    "sofa_liver": [
      1,
      1,
      1,
      1,
      0,
      0,
      0,
      0
    ],
    "sofa_cardiovascular": [
      1,
      1,
      1,
      1,
      1,
      1,
      1,
      0
    ],
    "sofa_cns": [
      2,
      1,
      1,
      0,
      1,
      1,
      2,
      2
    ],
    "sofa_renal": [
      1,
      1,
      1,
      1,
      0,
      0,
      0,
      0
    ]
  },
  "actual_sofa_scores": {
    "sofa_respiration": [
      4,
      3,
      3,
      3,
      3,
      3,
      3,
      3
    ],
    "sofa_coagulation": [
      3,
      3,
      2,
      2,
      2,
      2,
      2,
      2
    ],
    "sofa_liver": [
      0,
      0,
      0,
      1,
      1,
      1,
      1,
      1
    ],
    "sofa_cardiovascular": [
      0,
      1,
      1,
      0,
      0,
      0,
      0,
      0
    ],
    "sofa_cns": [
      4,
      3,
      1,
      0,
      4,
      4,
      4,
      4
    ],
    "sofa_renal": [
      3,
      1,
      1,
      1,
      1,
      1,
      1,
      0
    ]
  },
  "analysis": {
    "total_features_compared": 6,
    "features_with_valid_data": 6,
    "average_difference": 1.2083333333333333
  },
  "debug_info": {
    "sofa_extraction_method": "intervention_analysis.sofa_related_features",
    "sofa_features_count": 8
  }
}