{
  "patient_id": "30717105",
  "timestamp": "2025-12-29T22:21:42.856951",
  "model_name": "gemma3:12b",
  "model_trust_score": 0.8267132048600137,
  "feature_differences": {
    "sofa_respiration": 2.625,
    "sofa_coagulation": 1.5,
    "sofa_liver": 0.125,
    "sofa_cardiovascular": 0.0,
    "sofa_cns": 0.5,
    "sofa_renal": 1.25
  },
  "predicted_sofa_features": {
    "pao2_fio2_ratio": [
      250.0,
      180.0,
      150.0,
      120.0,
      100.0,
      80.0,
      60.0,
      40.0
    ],
    "platelet": [
      120.0,
      90.0,
      60.0,
      30.0,
      10.0,
      5.0,
      0.0,
      0.0
    ],
    "bilirubin_total": [
      2.0,
      3.0,
      4.0,
      5.0,
      6.0,
      7.0,
      8.0,
      9.0
    ],
    "vasopressor_rate": [
      0.1,
      0.2,
      0.3,
      0.4,
      0.5,
      0.6,
      0.7,
      0.8
    ],
    "gcs_total": [
      12.0,
      8.0,
      6.0,
      4.0,
      3.0,
      2.0,
      1.0,
      0.0
    ],
    "creatinine": [
      1.5,
      2.0,
      2.5,
      3.0,
      3.5,
      4.0,
      4.5,
      5.0
    ],
    "urine_output_ml": [
      1000.0,
      800.0,
      600.0,
      400.0,
      200.0,
      100.0,
      50.0,
      0.0
    ],
    "mechanical_ventilation": [
      0.0,
      0.0,
      1.0,
      1.0,
      1.0,
      1.0,
      1.0,
      1.0
    ]
  },
  "actual_sofa_features": {
    "pao2_fio2_ratio": [
      75.77,
      75.78,
      75.95,
      78.04,
      83.42,
      89.79,
      91.66,
      96.28
    ],
    "platelet": [
      79.0,
      83.0,
      86.0,
      93.0,
      94.0,
      98.0,
      105.0,
      112.0
    ],
    "bilirubin_total": [
      3.6,
      4.3,
      4.9,
      5.6,
      5.9,
      6.0,
      6.1,
      6.4
    ],
    "vasopressor_rate": [
      0.06,
      0.09,
      0.1,
      0.11,
      0.14,
      0.18,
      0.24,
      0.3
    ],
    "gcs_total": [
      3.0,
      4.0,
      8.0
    ],
    "creatinine": [
      1.2,
      1.3,
      1.4,
      1.5
    ],
    "urine_output_ml": [
      385.0,
      390.0,
      445.0,
      455.0,
      470.0,
      600.0,
      675.0,
      765.0
    ],
    "mechanical_ventilation": [
      0.0
    ]
  },
  "predicted_sofa_scores": {
    "sofa_respiration": [
      2,
      3,
      1,
      1,
      1,
      1,
      1,
      1
    ],
    "sofa_coagulation": [
      1,
      2,
      2,
      3,
      4,
      4,
      4,
      4
    ],
    "sofa_liver": [
      2,
      2,
      2,
      2,
      3,
      3,
      3,
      3
    ],
    "sofa_cardiovascular": [
      1,
      1,
      1,
      1,
      1,
      1,
      1,
      1
    ],
    "sofa_cns": [
      2,
      3,
      4,
      4,
      4,
      4,
      4,
      4
    ],
    "sofa_renal": [
      1,
      2,
      2,
      1,
      1,
      2,
      3,
      3
    ]
  },
  "actual_sofa_scores": {
    "sofa_respiration": [
      4,
      4,
      4,
      4,
      4,
      4,
      4,
      4
    ],
    "sofa_coagulation": [
      2,
      2,
      2,
      2,
      2,
      2,
      1,
      1
    ],
    "sofa_liver": [
      2,
      2,
      2,
      2,
      2,
      3,
      3,
      3
    ],
    "sofa_cardiovascular": [
      1,
      1,
      1,
      1,
      1,
      1,
      1,
      1
    ],
    "sofa_cns": [
      4,
      4,
      3,
      4,
      4,
      4,
      4,
      4
    ],
    "sofa_renal": [
      1,
      1,
      1,
      1,
      1,
      0,
      0,
      0
    ]
  },
  "analysis": {
    "total_features_compared": 6,
    "features_with_valid_data": 6,
    "average_difference": 1.0
  },
  "debug_info": {
    "sofa_extraction_method": "intervention_analysis.sofa_related_features",
    "sofa_features_count": 8
  }
}