{
  "patient_id": "35689140",
  "timestamp": "2025-12-29T22:26:00.736963",
  "model_name": "gemma3:12b",
  "model_trust_score": 0.7949632821696868,
  "feature_differences": {
    "sofa_respiration": 1.875,
    "sofa_coagulation": 0.75,
    "sofa_liver": 2.5,
    "sofa_cardiovascular": 0.125,
    "sofa_cns": 1.375,
    "sofa_renal": 1.0
  },
  "predicted_sofa_features": {
    "pao2_fio2_ratio": [
      250.0,
      40.0,
      20.0,
      10.0,
      5.0,
      2.0,
      1.0,
      0.5
    ],
    "platelet": [
      100.0,
      80.0,
      60.0,
      40.0,
      20.0,
      10.0,
      5.0,
      2.0
    ],
    "bilirubin_total": [
      2.0,
      3.0,
      4.0,
      5.0,
      6.0,
      7.0,
      8.0,
      9.0
    ],
    "vasopressor_rate": [
      0.1,
      0.3,
      0.5,
      0.7,
      0.9,
      1.1,
      1.3,
      1.5
    ],
    "gcs_total": [
      10.0,
      8.0,
      6.0,
      4.0,
      2.0,
      1.0,
      0.0,
      0.0
    ],
    "creatinine": [
      1.5,
      2.0,
      2.5,
      3.0,
      3.5,
      4.0,
      4.5,
      5.0
    ],
    "urine_output_ml": [
      1000.0,
      800.0,
      500.0,
      200.0,
      100.0,
      50.0,
      20.0,
      10.0
    ],
    "mechanical_ventilation": [
      0.0,
      1.0,
      1.0,
      1.0,
      1.0,
      1.0,
      1.0,
      1.0
    ]
  },
  "actual_sofa_features": {
    "pao2_fio2_ratio": [
      107.59,
      114.32,
      116.48,
      140.58,
      162.43,
      314.74
    ],
    "platelet": [
      89.0,
      92.0,
      118.0,
      160.0
    ],
    "bilirubin_total": [
      0.3,
      0.7
    ],
    "vasopressor_rate": [
      0.0,
      0.07,
      0.08,
      0.1,
      0.13,
      0.15,
      0.16,
      0.25
    ],
    "gcs_total": [
      3.0,
      6.0,
      7.0,
      14.0,
      15.0
    ],
    "creatinine": [
      0.7,
      0.8
    ],
    "urine_output_ml": [
      88.0,
      100.0,
      125.0,
      130.0,
      150.0,
      160.0,
      215.0,
      265.0
    ],
    "mechanical_ventilation": [
      0.0
    ]
  },
  "predicted_sofa_scores": {
    "sofa_respiration": [
      2,
      1,
      1,
      1,
      1,
      1,
      1,
      1
    ],
    "sofa_coagulation": [
      1,
      2,
      2,
      3,
      3,
      4,
      4,
      4
    ],
    "sofa_liver": [
      2,
      2,
      2,
      2,
      3,
      3,
      3,
      3
    ],
    "sofa_cardiovascular": [
      1,
      1,
      1,
      1,
      1,
      1,
      1,
      1
    ],
    "sofa_cns": [
      2,
      3,
      4,
      4,
      4,
      4,
      4,
      4
    ],
    "sofa_renal": [
      1,
      2,
      2,
      1,
      2,
      3,
      3,
      3
    ]
  },
  "actual_sofa_scores": {
    "sofa_respiration": [
      3,
      3,
      3,
      3,
      3,
      1,
      4,
      4
    ],
    "sofa_coagulation": [
      2,
      2,
      1,
      0,
      4,
      4,
      4,
      4
    ],
    "sofa_liver": [
      0,
      0,
      0,
      0,
      0,
      0,
      0,
      0
    ],
    "sofa_cardiovascular": [
      0,
      1,
      1,
      1,
      1,
      1,
      1,
      1
    ],
    "sofa_cns": [
      4,
      4,
      3,
      1,
      0,
      4,
      4,
      4
    ],
    "sofa_renal": [
      3,
      2,
      2,
      2,
      2,
      2,
      1,
      1
    ]
  },
  "analysis": {
    "total_features_compared": 6,
    "features_with_valid_data": 6,
    "average_difference": 1.2708333333333333
  },
  "debug_info": {
    "sofa_extraction_method": "intervention_analysis.sofa_related_features",
    "sofa_features_count": 8
  }
}