{
  "patient_id": "36959670",
  "timestamp": "2025-12-29T22:28:21.883317",
  "model_name": "gemma3:12b",
  "model_trust_score": 0.7972674459459178,
  "feature_differences": {
    "sofa_respiration": 2.25,
    "sofa_coagulation": 0.5,
    "sofa_liver": 0.5,
    "sofa_cardiovascular": 0.75,
    "sofa_cns": 2.875,
    "sofa_renal": 0.625
  },
  "predicted_sofa_features": {
    "pao2_fio2_ratio": [
      280.0,
      260.0,
      240.0,
      220.0,
      200.0,
      180.0,
      160.0,
      140.0
    ],
    "platelet": [
      120.0,
      110.0,
      100.0,
      90.0,
      80.0,
      70.0,
      60.0,
      50.0
    ],
    "bilirubin_total": [
      1.8,
      1.6,
      1.4,
      1.2,
      1.0,
      0.8,
      0.6,
      0.4
    ],
    "vasopressor_rate": [
      12.1,
      10.0,
      8.0,
      6.0,
      4.0,
      2.0,
      0.0,
      0.0
    ],
    "gcs_total": [
      12.0,
      13.0,
      14.0,
      15.0,
      15.0,
      15.0,
      15.0,
      15.0
    ],
    "creatinine": [
      1.8,
      1.6,
      1.4,
      1.2,
      1.0,
      0.8,
      0.6,
      0.4
    ],
    "urine_output_ml": [
      1000.0,
      1200.0,
      1400.0,
      1600.0,
      1800.0,
      2000.0,
      2200.0,
      2400.0
    ],
    "mechanical_ventilation": [
      1.0,
      1.0,
      1.0,
      1.0,
      1.0,
      0.0,
      0.0,
      0.0
    ]
  },
  "actual_sofa_features": {
    "pao2_fio2_ratio": [
      56.33,
      60.29,
      62.64,
      76.83,
      80.99,
      82.46,
      83.91,
      92.18
    ],
    "platelet": [
      54.0,
      59.0,
      63.0,
      64.0,
      66.0,
      77.0,
      90.0,
      106.0
    ],
    "bilirubin_total": [
      0.6,
      0.7,
      0.8,
      0.9
    ],
    "vasopressor_rate": [
      0.0,
      2.97,
      3.99,
      12.06
    ],
    "gcs_total": [
      9.0,
      10.0,
      15.0
    ],
    "creatinine": [
      1.1,
      1.2,
      1.3,
      1.4,
      1.5,
      1.9
    ],
    "urine_output_ml": [
      102.0,
      120.0,
      135.0,
      155.0,
      195.0,
      210.0,
      235.0,
      250.0
    ],
    "mechanical_ventilation": [
      0.0
    ]
  },
  "predicted_sofa_scores": {
    "sofa_respiration": [
      1,
      1,
      1,
      1,
      1,
      3,
      3,
      3
    ],
    "sofa_coagulation": [
      1,
      1,
      1,
      2,
      2,
      2,
      2,
      2
    ],
    "sofa_liver": [
      1,
      1,
      1,
      1,
      0,
      0,
      0,
      0
    ],
    "sofa_cardiovascular": [
      2,
      2,
      2,
      2,
      1,
      1,
      0,
      0
    ],
    "sofa_cns": [
      2,
      1,
      1,
      0,
      0,
      0,
      0,
      0
    ],
    "sofa_renal": [
      1,
      1,
      1,
      1,
      0,
      0,
      0,
      0
    ]
  },
  "actual_sofa_scores": {
    "sofa_respiration": [
      4,
      4,
      4,
      4,
      4,
      4,
      4,
      4
    ],
    "sofa_coagulation": [
      2,
      2,
      2,
      2,
      2,
      2,
      2,
      1
    ],
    "sofa_liver": [
      0,
      0,
      0,
      0,
      0,
      0,
      0,
      0
    ],
    "sofa_cardiovascular": [
      0,
      1,
      1,
      2,
      0,
      0,
      0,
      0
    ],
    "sofa_cns": [
      3,
      2,
      0,
      4,
      4,
      4,
      4,
      4
    ],
    "sofa_renal": [
      2,
      1,
      1,
      1,
      1,
      1,
      1,
      1
    ]
  },
  "analysis": {
    "total_features_compared": 6,
    "features_with_valid_data": 6,
    "average_difference": 1.25
  },
  "debug_info": {
    "sofa_extraction_method": "intervention_analysis.sofa_related_features",
    "sofa_features_count": 8
  }
}