{
  "patient_id": "38138760",
  "timestamp": "2025-12-29T22:29:34.616757",
  "model_name": "gemma3:12b",
  "model_trust_score": 0.7859532980488876,
  "feature_differences": {
    "sofa_respiration": 1.75,
    "sofa_coagulation": 1.25,
    "sofa_liver": 0.625,
    "sofa_cardiovascular": 0.375,
    "sofa_cns": 3.25,
    "sofa_renal": 0.875
  },
  "predicted_sofa_features": {
    "pao2_fio2_ratio": [
      280.0,
      180.0,
      160.0,
      140.0,
      120.0,
      100.0,
      80.0,
      60.0
    ],
    "platelet": [
      120.0,
      110.0,
      100.0,
      90.0,
      80.0,
      70.0,
      60.0,
      50.0
    ],
    "bilirubin_total": [
      1.6,
      1.5,
      1.4,
      1.3,
      1.2,
      1.1,
      1.0,
      0.9
    ],
    "vasopressor_rate": [
      0.1,
      0.08,
      0.06,
      0.04,
      0.02,
      0.01,
      0.005,
      0.002
    ],
    "gcs_total": [
      13.0,
      14.0,
      15.0,
      15.0,
      15.0,
      15.0,
      15.0,
      15.0
    ],
    "creatinine": [
      1.5,
      1.4,
      1.3,
      1.2,
      1.1,
      1.0,
      0.9,
      0.8
    ],
    "urine_output_ml": [
      1500.0,
      1700.0,
      1900.0,
      2100.0,
      2300.0,
      2500.0,
      2700.0,
      2900.0
    ],
    "mechanical_ventilation": [
      1.0,
      1.0,
      1.0,
      1.0,
      1.0,
      0.0,
      0.0,
      0.0
    ]
  },
  "actual_sofa_features": {
    "pao2_fio2_ratio": [
      121.07,
      127.0,
      128.41,
      135.7,
      181.91,
      192.05,
      202.52,
      263.54
    ],
    "platelet": [
      126.0,
      139.0,
      143.0,
      154.0,
      161.0,
      177.0,
      195.0
    ],
    "bilirubin_total": [
      1.6,
      1.8,
      2.3,
      2.6,
      2.7,
      2.8
    ],
    "vasopressor_rate": [
      0.0,
      0.02,
      0.05,
      0.06,
      0.08,
      0.1
    ],
    "gcs_total": [
      10.0,
      15.0
    ],
    "creatinine": [
      1.2,
      1.3,
      1.5
    ],
    "urine_output_ml": [
      140.0,
      160.0,
      165.0,
      170.0,
      190.0,
      192.0,
      205.0,
      230.0
    ],
    "mechanical_ventilation": [
      0.0
    ]
  },
  "predicted_sofa_scores": {
    "sofa_respiration": [
      1,
      1,
      1,
      1,
      1,
      3,
      4,
      4
    ],
    "sofa_coagulation": [
      1,
      1,
      1,
      2,
      2,
      2,
      2,
      2
    ],
    "sofa_liver": [
      1,
      1,
      1,
      1,
      1,
      0,
      0,
      0
    ],
    "sofa_cardiovascular": [
      1,
      1,
      1,
      1,
      1,
      1,
      1,
      1
    ],
    "sofa_cns": [
      1,
      1,
      0,
      0,
      0,
      0,
      0,
      0
    ],
    "sofa_renal": [
      1,
      1,
      1,
      1,
      0,
      0,
      0,
      0
    ]
  },
  "actual_sofa_scores": {
    "sofa_respiration": [
      3,
      3,
      3,
      3,
      3,
      3,
      2,
      2
    ],
    "sofa_coagulation": [
      1,
      1,
      1,
      0,
      0,
      0,
      0,
      4
    ],
    "sofa_liver": [
      1,
      1,
      2,
      2,
      2,
      2,
      0,
      0
    ],
    "sofa_cardiovascular": [
      0,
      1,
      1,
      1,
      1,
      1,
      0,
      0
    ],
    "sofa_cns": [
      2,
      0,
      4,
      4,
      4,
      4,
      4,
      4
    ],
    "sofa_renal": [
      1,
      1,
      1,
      2,
      2,
      2,
      1,
      1
    ]
  },
  "analysis": {
    "total_features_compared": 6,
    "features_with_valid_data": 6,
    "average_difference": 1.3541666666666667
  },
  "debug_info": {
    "sofa_extraction_method": "intervention_analysis.sofa_related_features",
    "sofa_features_count": 8
  }
}