{
  "patient_id": "35055081",
  "timestamp": "2025-12-29T22:25:13.004373",
  "model_name": "gemma3:12b",
  "model_trust_score": 0.7709273170314612,
  "feature_differences": {
    "sofa_respiration": 1.875,
    "sofa_coagulation": 2.0,
    "sofa_liver": 0.875,
    "sofa_cardiovascular": 0.5,
    "sofa_cns": 1.875,
    "sofa_renal": 1.875
  },
  "predicted_sofa_features": {
    "pao2_fio2_ratio": [
      250.0,
      230.0,
      210.0,
      190.0,
      170.0,
      150.0,
      130.0,
      110.0
    ],
    "platelet": [
      180.0,
      160.0,
      140.0,
      120.0,
      100.0,
      80.0,
      60.0,
      40.0
    ],
    "bilirubin_total": [
      1.0,
      1.2,
      1.4,
      1.6,
      1.8,
      2.0,
      2.2,
      2.4
    ],
    "vasopressor_rate": [
      0.0,
      0.0,
      0.0,
      0.0,
      0.1,
      0.2,
      0.3,
      0.4
    ],
    "gcs_total": [
      14.0,
      13.0,
      12.0,
      11.0,
      10.0,
      9.0,
      8.0,
      7.0
    ],
    "creatinine": [
      0.9,
      1.0,
      1.1,
      1.2,
      1.3,
      1.4,
      1.5,
      1.6
    ],
    "urine_output_ml": [
      2200.0,
      2000.0,
      1800.0,
      1600.0,
      1400.0,
      1200.0,
      1000.0,
      800.0
    ],
    "mechanical_ventilation": [
      0.0,
      0.0,
      0.0,
      1.0,
      1.0,
      1.0,
      1.0,
      1.0
    ]
  },
  "actual_sofa_features": {
    "pao2_fio2_ratio": [
      82.94,
      91.86,
      110.94,
      113.05,
      118.71,
      119.49,
      120.73,
      153.15
    ],
    "platelet": [
      24.0,
      35.0,
      43.0,
      45.0,
      46.0,
      48.0
    ],
    "bilirubin_total": [
      1.3,
      1.5,
      1.6,
      1.7,
      1.8
    ],
    "vasopressor_rate": [
      0.0
    ],
    "gcs_total": [
      3.0
    ],
    "creatinine": [
      2.1,
      2.2,
      2.3,
      2.4
    ],
    "urine_output_ml": [
      0.0,
      10.0,
      20.0,
      25.0,
      30.0,
      40.0
    ],
    "mechanical_ventilation": [
      0.0
    ]
  },
  "predicted_sofa_scores": {
    "sofa_respiration": [
      2,
      2,
      2,
      1,
      1,
      1,
      1,
      1
    ],
    "sofa_coagulation": [
      0,
      0,
      1,
      1,
      1,
      2,
      2,
      3
    ],
    "sofa_liver": [
      0,
      1,
      1,
      1,
      1,
      2,
      2,
      2
    ],
    "sofa_cardiovascular": [
      0,
      0,
      0,
      0,
      1,
      1,
      1,
      1
    ],
    "sofa_cns": [
      1,
      1,
      2,
      2,
      2,
      3,
      3,
      3
    ],
    "sofa_renal": [
      0,
      0,
      0,
      1,
      1,
      1,
      1,
      1
    ]
  },
  "actual_sofa_scores": {
    "sofa_respiration": [
      4,
      4,
      3,
      3,
      3,
      3,
      3,
      3
    ],
    "sofa_coagulation": [
      3,
      3,
      3,
      3,
      3,
      3,
      4,
      4
    ],
    "sofa_liver": [
      1,
      1,
      1,
      1,
      1,
      0,
      0,
      0
    ],
    "sofa_cardiovascular": [
      0,
      0,
      0,
      0,
      0,
      0,
      0,
      0
    ],
    "sofa_cns": [
      4,
      4,
      4,
      4,
      4,
      4,
      4,
      4
    ],
    "sofa_renal": [
      2,
      2,
      2,
      2,
      3,
      3,
      3,
      3
    ]
  },
  "analysis": {
    "total_features_compared": 6,
    "features_with_valid_data": 6,
    "average_difference": 1.5
  },
  "debug_info": {
    "sofa_extraction_method": "intervention_analysis.sofa_related_features",
    "sofa_features_count": 8
  }
}