{
  "patient_id": "38256954",
  "timestamp": "2025-12-29T22:29:55.216491",
  "model_name": "gemma3:12b",
  "model_trust_score": 0.7627298613257135,
  "feature_differences": {
    "sofa_respiration": 2.25,
    "sofa_coagulation": 1.625,
    "sofa_liver": 1.75,
    "sofa_cardiovascular": 0.75,
    "sofa_cns": 1.875,
    "sofa_renal": 1.25
  },
  "predicted_sofa_features": {
    "pao2_fio2_ratio": [
      280.0,
      260.0,
      240.0,
      220.0,
      200.0,
      180.0,
      160.0,
      140.0
    ],
    "platelet": [
      120.0,
      110.0,
      100.0,
      90.0,
      80.0,
      70.0,
      60.0,
      50.0
    ],
    "bilirubin_total": [
      1.6,
      1.8,
      2.0,
      2.2,
      2.4,
      2.6,
      2.8,
      3.0
    ],
    "vasopressor_rate": [
      0.1,
      0.09,
      0.08,
      0.07,
      0.06,
      0.05,
      0.04,
      0.03
    ],
    "gcs_total": [
      12.0,
      13.0,
      14.0,
      14.5,
      15.0,
      15.0,
      15.0,
      15.0
    ],
    "creatinine": [
      1.2,
      1.1,
      1.0,
      0.9,
      0.8,
      0.7,
      0.6,
      0.5
    ],
    "urine_output_ml": [
      1800.0,
      1900.0,
      2000.0,
      2100.0,
      2200.0,
      2300.0,
      2400.0,
      2500.0
    ],
    "mechanical_ventilation": [
      1.0,
      1.0,
      1.0,
      1.0,
      1.0,
      0.0,
      0.0,
      0.0
    ]
  },
  "actual_sofa_features": {
    "pao2_fio2_ratio": [
      45.88,
      72.54
    ],
    "platelet": [
      295.0,
      299.0,
      344.0,
      359.0
    ],
    "bilirubin_total": [
      0.2
    ],
    "vasopressor_rate": [
      0.0,
      0.03,
      0.08
    ],
    "gcs_total": [
      8.0,
      10.0,
      11.0,
      13.0,
      15.0
    ],
    "creatinine": [
      0.8,
      0.9,
      1.0
    ],
    "urine_output_ml": [
      75.0,
      185.0,
      250.0,
      275.0,
      310.0,
      325.0,
      365.0,
      370.0
    ],
    "mechanical_ventilation": [
      0.0
    ]
  },
  "predicted_sofa_scores": {
    "sofa_respiration": [
      1,
      1,
      1,
      1,
      1,
      3,
      3,
      3
    ],
    "sofa_coagulation": [
      1,
      1,
      1,
      2,
      2,
      2,
      2,
      2
    ],
    "sofa_liver": [
      1,
      1,
      2,
      2,
      2,
      2,
      2,
      2
    ],
    "sofa_cardiovascular": [
      1,
      1,
      1,
      1,
      1,
      1,
      1,
      1
    ],
    "sofa_cns": [
      2,
      1,
      1,
      1,
      0,
      0,
      0,
      0
    ],
    "sofa_renal": [
      1,
      0,
      0,
      0,
      0,
      0,
      0,
      0
    ]
  },
  "actual_sofa_scores": {
    "sofa_respiration": [
      4,
      4,
      4,
      4,
      4,
      4,
      4,
      4
    ],
    "sofa_coagulation": [
      0,
      0,
      0,
      0,
      4,
      4,
      4,
      4
    ],
    "sofa_liver": [
      0,
      0,
      0,
      0,
      0,
      0,
      0,
      0
    ],
    "sofa_cardiovascular": [
      0,
      1,
      1,
      0,
      0,
      0,
      0,
      0
    ],
    "sofa_cns": [
      3,
      2,
      2,
      1,
      0,
      4,
      4,
      4
    ],
    "sofa_renal": [
      3,
      2,
      1,
      1,
      1,
      1,
      1,
      1
    ]
  },
  "analysis": {
    "total_features_compared": 6,
    "features_with_valid_data": 6,
    "average_difference": 1.5833333333333333
  },
  "debug_info": {
    "sofa_extraction_method": "intervention_analysis.sofa_related_features",
    "sofa_features_count": 8
  }
}