{
  "patient_id": "38937052",
  "timestamp": "2025-12-29T22:31:41.190026",
  "model_name": "gemma3:12b",
  "model_trust_score": 0.8241225081011271,
  "feature_differences": {
    "sofa_respiration": 1.5,
    "sofa_coagulation": 1.0,
    "sofa_liver": 1.875,
    "sofa_cardiovascular": 0.375,
    "sofa_cns": 0.75,
    "sofa_renal": 0.625
  },
  "predicted_sofa_features": {
    "pao2_fio2_ratio": [
      280.0,
      250.0,
      220.0,
      190.0,
      160.0,
      130.0,
      100.0,
      70.0
    ],
    "platelet": [
      180.0,
      150.0,
      120.0,
      90.0,
      60.0,
      30.0,
      10.0,
      0.0
    ],
    "bilirubin_total": [
      1.5,
      2.0,
      2.5,
      3.0,
      3.5,
      4.0,
      4.5,
      5.0
    ],
    "vasopressor_rate": [
      0.0,
      0.0,
      0.0,
      0.0,
      0.0,
      0.1,
      0.2,
      0.3
    ],
    "gcs_total": [
      13.0,
      11.0,
      9.0,
      7.0,
      5.0,
      3.0,
      1.0,
      0.0
    ],
    "creatinine": [
      1.1,
      1.4,
      1.7,
      2.0,
      2.3,
      2.6,
      2.9,
      3.2
    ],
    "urine_output_ml": [
      1500.0,
      1200.0,
      900.0,
      600.0,
      300.0,
      100.0,
      50.0,
      20.0
    ],
    "mechanical_ventilation": [
      0.0,
      0.0,
      1.0,
      1.0,
      1.0,
      1.0,
      1.0,
      1.0
    ]
  },
  "actual_sofa_features": {
    "pao2_fio2_ratio": [
      153.07,
      180.46,
      202.08,
      222.73,
      226.65,
      250.94
    ],
    "platelet": [
      89.0,
      112.0,
      119.0
    ],
    "bilirubin_total": [
      0.5
    ],
    "vasopressor_rate": [
      0.0
    ],
    "gcs_total": [
      5.0,
      8.0,
      10.0,
      11.0
    ],
    "creatinine": [
      0.4,
      0.5,
      0.7
    ],
    "urine_output_ml": [
      240.0,
      300.0,
      305.0,
      310.0,
      330.0,
      370.0,
      372.0,
      400.0
    ],
    "mechanical_ventilation": [
      0.0
    ]
  },
  "predicted_sofa_scores": {
    "sofa_respiration": [
      2,
      2,
      1,
      1,
      1,
      1,
      1,
      1
    ],
    "sofa_coagulation": [
      0,
      0,
      1,
      2,
      2,
      3,
      4,
      4
    ],
    "sofa_liver": [
      1,
      2,
      2,
      2,
      2,
      2,
      2,
      2
    ],
    "sofa_cardiovascular": [
      0,
      0,
      0,
      0,
      0,
      1,
      1,
      1
    ],
    "sofa_cns": [
      1,
      2,
      3,
      3,
      4,
      4,
      4,
      4
    ],
    "sofa_renal": [
      0,
      1,
      1,
      2,
      1,
      2,
      2,
      2
    ]
  },
  "actual_sofa_scores": {
    "sofa_respiration": [
      3,
      3,
      2,
      2,
      2,
      2,
      4,
      4
    ],
    "sofa_coagulation": [
      2,
      1,
      1,
      4,
      4,
      4,
      4,
      4
    ],
    "sofa_liver": [
      0,
      0,
      0,
      0,
      0,
      0,
      0,
      0
    ],
    "sofa_cardiovascular": [
      0,
      0,
      0,
      0,
      0,
      0,
      0,
      0
    ],
    "sofa_cns": [
      4,
      3,
      2,
      2,
      4,
      4,
      4,
      4
    ],
    "sofa_renal": [
      1,
      1,
      1,
      1,
      1,
      1,
      1,
      1
    ]
  },
  "analysis": {
    "total_features_compared": 6,
    "features_with_valid_data": 6,
    "average_difference": 1.0208333333333333
  },
  "debug_info": {
    "sofa_extraction_method": "intervention_analysis.sofa_related_features",
    "sofa_features_count": 8
  }
}