{
  "patient_id": "39816062",
  "model_name": "gemma3:12b",
  "input_description": "ICU住院编号 39816062，对应患者编号 17911943，19岁男性，体重73.0kg。监测持续时间为 0 小时（共 7 次测量，每4小时一次）：【生命体征】心率变化：[86.33, 86.33]（单位：次/分）收缩压变化：[78.0, 78.0]（单位：mmHg）舒张压变化：[62.0, 62.0]（单位：mmHg）体温变化：[98.75, 98.75]（单位：℃）呼吸频率变化：[17.67, 17.67]（单位：次/分）血氧饱和度变化：[100.0, 100.0]（单位：%）平均动脉压变化：[67.33, 67.33]（单位：mmHg）【SOFA评分相关特征】氧合指数变化：[311.17, 311.17, 311.17, 311.17, 311.17, 311.17, 311.17]（单位：mmHg）机械通气使用情况：[0, 0, 0, 0, 0, 0, 0]（单位：）血小板计数变化：[75.0, 109.0, 109.0, 109.0, 109.0, 109.0, 109.0]（单位：×10³/μL）总胆红素变化：[1.6, 1.6, 1.6, 1.6, 1.6, 1.6, 1.6]（单位：mg/dL）血管活性药物使用剂量：[0.0, 0.0, 0.0, 0.0, 0.0, 0.0, 0.0]（单位：μg/kg/min）格拉斯哥昏迷评分变化：[15, 15, 15, 15, 15, 15, 15]（单位：分）血清肌酐变化：[1.1, 1.1, 1.1, 1.1, 1.1, 1.1, 1.1]（单位：mg/dL）尿量变化：[0.0, 0.0, 0.0, 0.0, 0.0, 240.0, 240.0]（单位：mL）【疾病评分】SOFA总分变化：[0, 0, 0, 0, 2, 5, 5]（单位：分）SIRS评分变化：[0, 0, 0, 0, 1, 2, 2]（单位：分）",
  "intervention": "立即启动去甲肾上腺素输注，维持剂量为10.0μg·kg⁻¹·min⁻¹，剂量调整间隔2小时，密切监测血压和器官灌注，剂量呈递增趋势，提示血管反应性下降，评估8小时内发生感染性休克的风险",
  "dynamic_confidence": 0.1988714490023766,
  "total_confidence": 0.31700181658728266,
  "prediction": {
    "intervention_analysis": {
      "risk_level": "critical",
      "sofa_related_features": {
        "pao2_fio2_ratio": [
          250.0,
          230.0,
          210.0,
          190.0,
          170.0,
          150.0,
          130.0,
          110.0
        ],
        "platelet": [
          120.0,
          100.0,
          80.0,
          60.0,
          40.0,
          20.0,
          0.0,
          0.0
        ],
        "bilirubin_total": [
          1.8,
          2.2,
          2.6,
          3.0,
          3.4,
          3.8,
          4.2,
          4.6
        ],
        "vasopressor_rate": [
          10.0,
          12.0,
          14.0,
          16.0,
          18.0,
          20.0,
          22.0,
          24.0
        ],
        "gcs_total": [
          13.0,
          12.0,
          11.0,
          10.0,
          9.0,
          8.0,
          7.0,
          6.0
        ],
        "creatinine": [
          1.4,
          2.0,
          2.6,
          3.2,
          3.8,
          4.4,
          5.0,
          5.6
        ],
        "urine_output_ml": [
          1500.0,
          400.0,
          100.0,
          0.0,
          0.0,
          0.0,
          0.0,
          0.0
        ],
        "mechanical_ventilation": [
          0.0,
          0.0,
          1.0,
          1.0,
          1.0,
          1.0,
          1.0,
          1.0
        ]
      },
      "reasoning": "患者存在潜在的器官功能障碍和全身炎症反应，且需要使用去甲肾上腺素，提示血管反应性下降，风险较高。去甲肾上腺素的使用表明患者的血压不稳定，且可能需要增加剂量以维持血压，这进一步表明器官灌注可能存在问题。密切监测血压和器官灌注是关键，但需要警惕感染性休克的风险。SOFA和SIRS评分升高也支持了病情恶化的可能性。"
    },
    "sofa_scores_series": {
      "sofa_respiration": [
        2,
        2,
        1,
        1,
        1,
        1,
        1,
        1
      ],
      "sofa_coagulation": [
        1,
        1,
        2,
        2,
        3,
        3,
        4,
        4
      ],
      "sofa_liver": [
        1,
        2,
        2,
        2,
        2,
        2,
        2,
        2
      ],
      "sofa_cardiovascular": [
        2,
        2,
        2,
        4,
        4,
        4,
        4,
        4
      ],
      "sofa_cns": [
        1,
        2,
        2,
        2,
        3,
        3,
        3,
        4
      ],
      "sofa_renal": [
        1,
        1,
        2,
        2,
        3,
        3,
        3,
        3
      ]
    },
    "hourly_sofa_totals": {
      "0": 8,
      "1": 10,
      "2": 11,
      "3": 13,
      "4": 16,
      "5": 16,
      "6": 17,
      "7": 18
    },
    "sofa_scores": {
      "sofa_respiration": 1,
      "sofa_coagulation": 4,
      "sofa_liver": 2,
      "sofa_cardiovascular": 4,
      "sofa_cns": 4,
      "sofa_renal": 3,
      "sofa_total": 18
    }
  },
  "timestamp": 1766997911.1644669,
  "hourly_sofa_totals": {
    "0": 8,
    "1": 10,
    "2": 11,
    "3": 13,
    "4": 16,
    "5": 16,
    "6": 17,
    "7": 18
  },
  "predicted_sofa_scores": {
    "sofa_respiration": 1,
    "sofa_coagulation": 4,
    "sofa_liver": 2,
    "sofa_cardiovascular": 4,
    "sofa_cns": 4,
    "sofa_renal": 3,
    "sofa_total": 18
  },
  "predicted_sofa_scores_series": {
    "sofa_respiration": [
      2,
      2,
      1,
      1,
      1,
      1,
      1,
      1
    ],
    "sofa_coagulation": [
      1,
      1,
      2,
      2,
      3,
      3,
      4,
      4
    ],
    "sofa_liver": [
      1,
      2,
      2,
      2,
      2,
      2,
      2,
      2
    ],
    "sofa_cardiovascular": [
      2,
      2,
      2,
      4,
      4,
      4,
      4,
      4
    ],
    "sofa_cns": [
      1,
      2,
      2,
      2,
      3,
      3,
      3,
      4
    ],
    "sofa_renal": [
      1,
      1,
      2,
      2,
      3,
      3,
      3,
      3
    ]
  }
}