{
  "patient_id": "30315020",
  "model_name": "gemma3:12b",
  "input_description": "ICU住院编号 30315020，对应患者编号 11992186，56岁男性，体重87.05kg。监测持续时间为 0 小时（共 7 次测量，每4小时一次）：【生命体征】心率变化：[128.0, 128.0]（单位：次/分）收缩压变化：[78.14, 78.14]（单位：mmHg）舒张压变化：[64.86, 64.86]（单位：mmHg）体温变化：[98.3, 98.3]（单位：℃）呼吸频率变化：[21.71, 21.71]（单位：次/分）血氧饱和度变化：[98.57, 98.57]（单位：%）平均动脉压变化：[69.29, 69.29]（单位：mmHg）【SOFA评分相关特征】氧合指数变化：[219.23, 219.23, 219.23, 219.23, 219.23, 219.23, 219.23]（单位：mmHg）机械通气使用情况：[0, 0, 0, 0, 0, 0, 0]（单位：）血小板计数变化：[92.67, 119.67, 105.0, 105.0, 105.0, 105.0, 105.0]（单位：×10³/μL）总胆红素变化：[1.5, 1.9, 1.9, 1.9, 1.9, 1.9, 1.9]（单位：mg/dL）血管活性药物使用剂量：[0.0, 0.0, 0.0, 0.0, 0.0, 5.0, 5.0]（单位：μg/kg/min）格拉斯哥昏迷评分变化：[15, 15, 15, 15, 15, 10, 10]（单位：分）血清肌酐变化：[0.8, 0.8, 0.8, 0.8, 0.8, 0.8, 0.8]（单位：mg/dL）尿量变化：[0.0, 0.0, 0.0, 0.0, 0.0, 825.0, 825.0]（单位：mL）【疾病评分】SOFA总分变化：[0, 0, 0, 4, 1, 7, 7]（单位：分）SIRS评分变化：[0, 0, 0, 0, 1, 4, 4]（单位：分）",
  "intervention": "立即启动去甲肾上腺素输注，维持剂量为5.0μg·kg⁻¹·min⁻¹，剂量调整间隔4小时，密切监测血压和器官灌注，剂量呈递减趋势，提示血管反应性改善，评估8小时内发生感染性休克的风险",
  "dynamic_confidence": 0.4200645938203228,
  "total_confidence": 0.7710503522715776,
  "prediction": {
    "intervention_analysis": {
      "risk_level": "low",
      "sofa_related_features": {
        "pao2_fio2_ratio": [
          220.0,
          240.0,
          260.0,
          280.0,
          300.0,
          320.0,
          340.0,
          360.0
        ],
        "platelet": [
          80.0,
          90.0,
          100.0,
          110.0,
          120.0,
          130.0,
          140.0,
          150.0
        ],
        "bilirubin_total": [
          2.8,
          2.6,
          2.4,
          2.2,
          2.0,
          1.8,
          1.6,
          1.4
        ],
        "vasopressor_rate": [
          5.0,
          4.5,
          4.0,
          3.5,
          3.0,
          2.5,
          2.0,
          1.5
        ],
        "gcs_total": [
          8.0,
          9.0,
          10.0,
          11.0,
          12.0,
          13.0,
          14.0,
          15.0
        ],
        "creatinine": [
          2.4,
          2.2,
          2.0,
          1.8,
          1.6,
          1.4,
          1.2,
          1.0
        ],
        "urine_output_ml": [
          600.0,
          800.0,
          1000.0,
          1200.0,
          1400.0,
          1600.0,
          1800.0,
          2000.0
        ],
        "mechanical_ventilation": [
          1.0,
          1.0,
          1.0,
          1.0,
          0.0,
          0.0,
          0.0,
          0.0
        ]
      },
      "reasoning": "患者处于潜在感染性休克状态，目前已启动去甲肾上腺素输注，且提示血管反应性改善。去甲肾上腺素的递减趋势表明循环功能正在恢复，但器官功能障碍仍需密切监测。虽然目前趋势向好，但仍存在感染恶化和器官功能衰竭的风险。需要持续评估患者的生命体征和器官功能，并积极寻找感染源，以确保患者的稳定。"
    },
    "sofa_scores_series": {
      "sofa_respiration": [
        1,
        1,
        1,
        1,
        1,
        1,
        1,
        1
      ],
      "sofa_coagulation": [
        2,
        2,
        1,
        1,
        1,
        1,
        1,
        0
      ],
      "sofa_liver": [
        2,
        2,
        2,
        2,
        2,
        1,
        1,
        1
      ],
      "sofa_cardiovascular": [
        1,
        1,
        1,
        1,
        1,
        1,
        1,
        1
      ],
      "sofa_cns": [
        3,
        3,
        2,
        2,
        2,
        1,
        1,
        0
      ],
      "sofa_renal": [
        2,
        2,
        2,
        1,
        1,
        1,
        1,
        0
      ]
    },
    "hourly_sofa_totals": {
      "0": 11,
      "1": 11,
      "2": 9,
      "3": 8,
      "4": 8,
      "5": 6,
      "6": 6,
      "7": 3
    },
    "sofa_scores": {
      "sofa_respiration": 1,
      "sofa_coagulation": 0,
      "sofa_liver": 1,
      "sofa_cardiovascular": 1,
      "sofa_cns": 0,
      "sofa_renal": 0,
      "sofa_total": 3
    }
  },
  "timestamp": 1766633196.6864386,
  "hourly_sofa_totals": {
    "0": 11,
    "1": 11,
    "2": 9,
    "3": 8,
    "4": 8,
    "5": 6,
    "6": 6,
    "7": 3
  },
  "predicted_sofa_scores": {
    "sofa_respiration": 1,
    "sofa_coagulation": 0,
    "sofa_liver": 1,
    "sofa_cardiovascular": 1,
    "sofa_cns": 0,
    "sofa_renal": 0,
    "sofa_total": 3
  },
  "predicted_sofa_scores_series": {
    "sofa_respiration": [
      1,
      1,
      1,
      1,
      1,
      1,
      1,
      1
    ],
    "sofa_coagulation": [
      2,
      2,
      1,
      1,
      1,
      1,
      1,
      0
    ],
    "sofa_liver": [
      2,
      2,
      2,
      2,
      2,
      1,
      1,
      1
    ],
    "sofa_cardiovascular": [
      1,
      1,
      1,
      1,
      1,
      1,
      1,
      1
    ],
    "sofa_cns": [
      3,
      3,
      2,
      2,
      2,
      1,
      1,
      0
    ],
    "sofa_renal": [
      2,
      2,
      2,
      1,
      1,
      1,
      1,
      0
    ]
  }
}