{
  "patient_id": "32675591",
  "model_name": "gemma3:12b",
  "input_description": "ICU住院编号 32675591，对应患者编号 18455034，65岁女性，体重60.8kg。监测持续时间为 0 小时（共 7 次测量，每4小时一次）：【生命体征】心率变化：[131.5, 131.5]（单位：次/分）收缩压变化：[102.0, 102.0]（单位：mmHg）舒张压变化：[78.5, 78.5]（单位：mmHg）体温变化：[99.5, 99.5]（单位：℃）呼吸频率变化：[18.5, 18.5]（单位：次/分）血氧饱和度变化：[99.5, 99.5]（单位：%）平均动脉压变化：[86.33, 86.33]（单位：mmHg）【SOFA评分相关特征】氧合指数变化：[158.79, 158.79, 158.79, 158.79, 158.79, 158.79, 158.79]（单位：mmHg）机械通气使用情况：[0, 0, 0, 0, 0, 0, 0]（单位：）血小板计数变化：[157.0, 157.0, 157.0, 157.0, 157.0, 157.0, 157.0]（单位：×10³/μL）总胆红素变化：[0.6, 0.6, 0.6, 0.6, 0.6, 0.6, 0.6]（单位：mg/dL）血管活性药物使用剂量：[0.0, 0.0, 0.0, 0.0, 0.0, 0.05, 0.05]（单位：μg/kg/min）格拉斯哥昏迷评分变化：[15, 15, 15, 15, 15, 10, 10]（单位：分）血清肌酐变化：[0.8, 0.8, 0.8, 0.8, 0.8, 0.8, 0.8]（单位：mg/dL）尿量变化：[0.0, 0.0, 0.0, 0.0, 0.0, 25.0, 25.0]（单位：mL）【疾病评分】SOFA总分变化：[0, 0, 0, 0, 0, 5, 5]（单位：分）SIRS评分变化：[0, 0, 0, 0, 0, 3, 3]（单位：分）",
  "intervention": "立即启动去甲肾上腺素输注，初始剂量为0.1μg·kg⁻¹·min⁻¹，根据血压反应调整至最大0.06μg·kg⁻¹·min⁻¹，剂量调整间隔4小时，密切监测血压和器官灌注，评估8小时内发生感染性休克的风险",
  "dynamic_confidence": 0.21158558531338362,
  "total_confidence": 0.32717312563608825,
  "prediction": {
    "intervention_analysis": {
      "risk_level": "critical",
      "sofa_related_features": {
        "pao2_fio2_ratio": [
          250.0,
          230.0,
          210.0,
          190.0,
          170.0,
          150.0,
          130.0,
          110.0
        ],
        "platelet": [
          180.0,
          160.0,
          140.0,
          120.0,
          100.0,
          80.0,
          60.0,
          40.0
        ],
        "bilirubin_total": [
          1.5,
          2.0,
          2.5,
          3.0,
          3.5,
          4.0,
          4.5,
          5.0
        ],
        "vasopressor_rate": [
          0.1,
          0.2,
          0.3,
          0.4,
          0.5,
          0.6,
          0.7,
          0.8
        ],
        "gcs_total": [
          12.0,
          11.0,
          9.0,
          7.0,
          6.0,
          5.0,
          4.0,
          3.0
        ],
        "creatinine": [
          1.0,
          1.5,
          2.0,
          2.5,
          3.0,
          2.8,
          2.6,
          2.4
        ],
        "urine_output_ml": [
          1500.0,
          1200.0,
          900.0,
          600.0,
          300.0,
          100.0,
          0.0,
          0.0
        ],
        "mechanical_ventilation": [
          0.0,
          0.0,
          1.0,
          1.0,
          1.0,
          1.0,
          1.0,
          1.0
        ]
      },
      "reasoning": "患者存在潜在脓毒症风险，并已启动去甲肾上腺素输注以维持血压。去甲肾上腺素的起始剂量和调整策略表明存在血压不稳定和潜在的感染性休克风险。密切监测生命体征和器官灌注是关键。虽然去甲肾上腺素可以改善血压，但可能掩盖器官功能衰竭的早期迹象。格拉斯哥昏迷评分的下降提示神经功能受损，需要进一步评估。未来8小时的SOFA评分预测将反映对这些因素的响应。"
    },
    "sofa_scores_series": {
      "sofa_respiration": [
        2,
        2,
        1,
        1,
        1,
        1,
        1,
        1
      ],
      "sofa_coagulation": [
        0,
        0,
        1,
        1,
        1,
        2,
        2,
        3
      ],
      "sofa_liver": [
        1,
        2,
        2,
        2,
        2,
        2,
        2,
        2
      ],
      "sofa_cardiovascular": [
        1,
        1,
        1,
        1,
        1,
        1,
        1,
        1
      ],
      "sofa_cns": [
        2,
        2,
        3,
        3,
        4,
        4,
        4,
        4
      ],
      "sofa_renal": [
        0,
        1,
        2,
        2,
        1,
        2,
        2,
        2
      ]
    },
    "hourly_sofa_totals": {
      "0": 6,
      "1": 8,
      "2": 10,
      "3": 10,
      "4": 10,
      "5": 12,
      "6": 12,
      "7": 13
    },
    "sofa_scores": {
      "sofa_respiration": 1,
      "sofa_coagulation": 3,
      "sofa_liver": 2,
      "sofa_cardiovascular": 1,
      "sofa_cns": 4,
      "sofa_renal": 2,
      "sofa_total": 13
    }
  },
  "timestamp": 1772787216.0653963,
  "hourly_sofa_totals": {
    "0": 6,
    "1": 8,
    "2": 10,
    "3": 10,
    "4": 10,
    "5": 12,
    "6": 12,
    "7": 13
  },
  "predicted_sofa_scores": {
    "sofa_respiration": 1,
    "sofa_coagulation": 3,
    "sofa_liver": 2,
    "sofa_cardiovascular": 1,
    "sofa_cns": 4,
    "sofa_renal": 2,
    "sofa_total": 13
  },
  "predicted_sofa_scores_series": {
    "sofa_respiration": [
      2,
      2,
      1,
      1,
      1,
      1,
      1,
      1
    ],
    "sofa_coagulation": [
      0,
      0,
      1,
      1,
      1,
      2,
      2,
      3
    ],
    "sofa_liver": [
      1,
      2,
      2,
      2,
      2,
      2,
      2,
      2
    ],
    "sofa_cardiovascular": [
      1,
      1,
      1,
      1,
      1,
      1,
      1,
      1
    ],
    "sofa_cns": [
      2,
      2,
      3,
      3,
      4,
      4,
      4,
      4
    ],
    "sofa_renal": [
      0,
      1,
      2,
      2,
      1,
      2,
      2,
      2
    ]
  }
}