{
  "patient_id": "30983281",
  "model_name": "gemma3:12b",
  "input_description": "ICU住院编号 30983281，对应患者编号 11501310，48岁男性，体重138.0kg。监测持续时间为 0 小时（共 7 次测量，每4小时一次）：【生命体征】心率变化：[116.0, 116.0]（单位：次/分）收缩压变化：[61.6, 61.6]（单位：mmHg）舒张压变化：[56.2, 56.2]（单位：mmHg）体温变化：[N/A, N/A]（单位：℃）呼吸频率变化：[16.8, 16.8]（单位：次/分）血氧饱和度变化：[100.0, 100.0]（单位：%）平均动脉压变化：[58.0, 58.0]（单位：mmHg）【SOFA评分相关特征】氧合指数变化：[122.6, 122.6, 122.6, 122.6, 122.6, 122.6, 122.6]（单位：mmHg）机械通气使用情况：[0, 0, 0, 0, 0, 0, 0]（单位：）血小板计数变化：[231.0, 165.0, 191.0, 191.0, 191.0, 191.0, 191.0]（单位：×10³/μL）总胆红素变化：[0.8, 0.8, 0.8, 0.8, 0.8, 0.8, 0.8]（单位：mg/dL）血管活性药物使用剂量：[0.0, 0.0, 0.0, 0.0, 0.0, 25.02, 25.02]（单位：μg/kg/min）格拉斯哥昏迷评分变化：[15, 15, 15, 15, 15, 3, 3]（单位：分）血清肌酐变化：[1.1, 1.1, 1.2, 1.2, 1.2, 1.2, 1.2]（单位：mg/dL）尿量变化：[0.0, 0.0, 0.0, 0.0, 0.0, 125.0, 125.0]（单位：mL）【疾病评分】SOFA总分变化：[1, 0, 1, 0, 0, 6, 6]（单位：分）SIRS评分变化：[0, 0, 0, 0, 1, 2, 2]（单位：分）",
  "intervention": "立即启动去甲肾上腺素输注，初始剂量为12.5μg·kg⁻¹·min⁻¹，根据血压反应调整至最大25.95μg·kg⁻¹·min⁻¹，剂量调整间隔1小时，密切监测血压和器官灌注，剂量呈递增趋势，提示血管反应性下降，评估8小时内发生感染性休克的风险",
  "dynamic_confidence": 0.45077664430526293,
  "total_confidence": 0.6878992941404135,
  "prediction": {
    "intervention_analysis": {
      "risk_level": "critical",
      "sofa_related_features": {
        "pao2_fio2_ratio": [
          200.0,
          90.0,
          60.0,
          40.0,
          20.0,
          10.0,
          5.0,
          2.0
        ],
        "platelet": [
          100.0,
          80.0,
          60.0,
          40.0,
          8.0,
          0.0,
          0.0,
          0.0
        ],
        "bilirubin_total": [
          2.0,
          3.0,
          4.0,
          5.0,
          6.0,
          7.0,
          8.0,
          9.0
        ],
        "vasopressor_rate": [
          12.5,
          15.0,
          18.0,
          21.0,
          24.0,
          25.95,
          25.95,
          25.95
        ],
        "gcs_total": [
          10.0,
          8.0,
          6.0,
          4.0,
          2.0,
          1.0,
          1.0,
          1.0
        ],
        "creatinine": [
          1.5,
          5.0,
          8.0,
          10.0,
          12.0,
          14.0,
          16.0,
          18.0
        ],
        "urine_output_ml": [
          500.0,
          400.0,
          300.0,
          200.0,
          100.0,
          50.0,
          20.0,
          10.0
        ],
        "mechanical_ventilation": [
          0.0,
          1.0,
          1.0,
          1.0,
          1.0,
          1.0,
          1.0,
          1.0
        ]
      },
      "reasoning": "患者目前处于高风险感染性休克状态，需要积极的血管活性药物支持。去甲肾上腺素的初始剂量和递增趋势表明患者血管反应性可能下降。持续的血压监测和器官灌注评估对于调整药物剂量至关重要。如果血管活性药物的剂量增加到最大值，但血压仍然不稳定，则提示血管反应性持续下降，可能需要进一步的干预措施，如增加去甲肾上腺素的剂量或使用其他血管活性药物。监测SOFA评分的变化对于评估患者的整体状况和预后至关重要。由于患者的初始状态和血管活性药物的使用，预示着未来8小时内患者的状况可能持续恶化，需要密切关注。"
    },
    "sofa_scores_series": {
      "sofa_respiration": [
        2,
        1,
        1,
        1,
        1,
        1,
        1,
        1
      ],
      "sofa_coagulation": [
        1,
        2,
        2,
        3,
        4,
        4,
        4,
        4
      ],
      "sofa_liver": [
        2,
        2,
        2,
        2,
        3,
        3,
        3,
        3
      ],
      "sofa_cardiovascular": [
        2,
        2,
        4,
        4,
        4,
        4,
        4,
        4
      ],
      "sofa_cns": [
        2,
        3,
        4,
        4,
        4,
        4,
        4,
        4
      ],
      "sofa_renal": [
        1,
        1,
        1,
        1,
        2,
        3,
        3,
        3
      ]
    },
    "hourly_sofa_totals": {
      "0": 10,
      "1": 11,
      "2": 14,
      "3": 15,
      "4": 18,
      "5": 19,
      "6": 19,
      "7": 19
    },
    "sofa_scores": {
      "sofa_respiration": 1,
      "sofa_coagulation": 4,
      "sofa_liver": 3,
      "sofa_cardiovascular": 4,
      "sofa_cns": 4,
      "sofa_renal": 3,
      "sofa_total": 19
    }
  },
  "timestamp": 1766635864.6370773,
  "hourly_sofa_totals": {
    "0": 10,
    "1": 11,
    "2": 14,
    "3": 15,
    "4": 18,
    "5": 19,
    "6": 19,
    "7": 19
  },
  "predicted_sofa_scores": {
    "sofa_respiration": 1,
    "sofa_coagulation": 4,
    "sofa_liver": 3,
    "sofa_cardiovascular": 4,
    "sofa_cns": 4,
    "sofa_renal": 3,
    "sofa_total": 19
  },
  "predicted_sofa_scores_series": {
    "sofa_respiration": [
      2,
      1,
      1,
      1,
      1,
      1,
      1,
      1
    ],
    "sofa_coagulation": [
      1,
      2,
      2,
      3,
      4,
      4,
      4,
      4
    ],
    "sofa_liver": [
      2,
      2,
      2,
      2,
      3,
      3,
      3,
      3
    ],
    "sofa_cardiovascular": [
      2,
      2,
      4,
      4,
      4,
      4,
      4,
      4
    ],
    "sofa_cns": [
      2,
      3,
      4,
      4,
      4,
      4,
      4,
      4
    ],
    "sofa_renal": [
      1,
      1,
      1,
      1,
      2,
      3,
      3,
      3
    ]
  }
}