{
  "patient_id": "31613211",
  "model_name": "gemma3:12b",
  "input_description": "ICU住院编号 31613211，对应患者编号 18084435，58岁女性，体重122.6kg。监测持续时间为 0 小时（共 7 次测量，每4小时一次）：【生命体征】心率变化：[117.5, 117.5]（单位：次/分）收缩压变化：[73.0, 73.0]（单位：mmHg）舒张压变化：[64.17, 64.17]（单位：mmHg）体温变化：[97.45, 97.45]（单位：℃）呼吸频率变化：[26.75, 26.75]（单位：次/分）血氧饱和度变化：[95.0, 95.0]（单位：%）平均动脉压变化：[67.11, 67.11]（单位：mmHg）【SOFA评分相关特征】氧合指数变化：[112.98, 112.98, 112.98, 112.98, 112.98, 112.98, 112.98]（单位：mmHg）机械通气使用情况：[0, 0, 0, 0, 0, 0, 0]（单位：）血小板计数变化：[313.0, 472.0, 441.0, 441.0, 441.0, 441.0, 441.0]（单位：×10³/μL）总胆红素变化：[0.7, 0.7, 0.7, 0.7, 0.7, 0.7, 0.7]（单位：mg/dL）血管活性药物使用剂量：[0.0, 0.0, 0.0, 0.0, 0.0, 0.2, 0.2]（单位：μg/kg/min）格拉斯哥昏迷评分变化：[15, 15, 15, 15, 15, 15, 15]（单位：分）血清肌酐变化：[0.6, 1.2, 1.3, 1.3, 1.3, 1.3, 1.3]（单位：mg/dL）尿量变化：[0.0, 0.0, 0.0, 0.0, 250.0, 88.0, 88.0]（单位：mL）【疾病评分】SOFA总分变化：[1, 0, 0, 0, 1, 2, 2]（单位：分）SIRS评分变化：[0, 0, 0, 0, 0, 3, 3]（单位：分）",
  "intervention": "立即启动去甲肾上腺素输注，维持剂量为0.2μg·kg⁻¹·min⁻¹，剂量调整间隔4小时，密切监测血压和器官灌注，剂量呈递减趋势，提示血管反应性改善，评估8小时内发生感染性休克的风险",
  "dynamic_confidence": 0.42902075364700837,
  "total_confidence": 0.6453222736149473,
  "prediction": {
    "intervention_analysis": {
      "risk_level": "low",
      "sofa_related_features": {
        "pao2_fio2_ratio": [
          250.0,
          260.0,
          270.0,
          280.0,
          290.0,
          300.0,
          310.0,
          320.0
        ],
        "platelet": [
          120.0,
          130.0,
          140.0,
          150.0,
          160.0,
          170.0,
          180.0,
          190.0
        ],
        "bilirubin_total": [
          1.8,
          1.6,
          1.4,
          1.2,
          1.0,
          0.8,
          0.6,
          0.4
        ],
        "vasopressor_rate": [
          0.2,
          0.18,
          0.16,
          0.14,
          0.12,
          0.1,
          0.08,
          0.06
        ],
        "gcs_total": [
          12.0,
          13.0,
          14.0,
          15.0,
          14.0,
          13.0,
          12.0,
          11.0
        ],
        "creatinine": [
          1.5,
          1.4,
          1.3,
          1.2,
          1.1,
          1.0,
          0.9,
          0.8
        ],
        "urine_output_ml": [
          1500.0,
          1600.0,
          1700.0,
          1800.0,
          1900.0,
          2000.0,
          2100.0,
          2200.0
        ],
        "mechanical_ventilation": [
          1.0,
          1.0,
          1.0,
          1.0,
          1.0,
          0.0,
          0.0,
          0.0
        ]
      },
      "reasoning": "患者目前处于感染性休克风险较高的情况下，存在心率增快、血压下降和SIRS评分升高的表现。肾功能受损且已开始使用血管活性药物支持血压，表明器官功能受到影响。去甲肾上腺素的输注和剂量递减趋势提示血管反应性有所改善，但仍需密切监测。考虑到目前的状况和干预措施，患者的预后取决于对感染的控制和器官功能的恢复。虽然血管活性药物的使用表明病情正在稳定，但仍存在恶化风险。"
    },
    "sofa_scores_series": {
      "sofa_respiration": [
        1,
        1,
        1,
        1,
        1,
        1,
        1,
        1
      ],
      "sofa_coagulation": [
        1,
        1,
        1,
        0,
        0,
        0,
        0,
        0
      ],
      "sofa_liver": [
        1,
        1,
        1,
        1,
        0,
        0,
        0,
        0
      ],
      "sofa_cardiovascular": [
        1,
        1,
        1,
        1,
        1,
        1,
        1,
        1
      ],
      "sofa_cns": [
        2,
        1,
        1,
        0,
        1,
        1,
        2,
        2
      ],
      "sofa_renal": [
        1,
        1,
        1,
        1,
        0,
        0,
        0,
        0
      ]
    },
    "hourly_sofa_totals": {
      "0": 7,
      "1": 6,
      "2": 6,
      "3": 4,
      "4": 3,
      "5": 3,
      "6": 4,
      "7": 4
    },
    "sofa_scores": {
      "sofa_respiration": 1,
      "sofa_coagulation": 0,
      "sofa_liver": 0,
      "sofa_cardiovascular": 1,
      "sofa_cns": 2,
      "sofa_renal": 0,
      "sofa_total": 4
    }
  },
  "timestamp": 1766636925.8899179,
  "hourly_sofa_totals": {
    "0": 7,
    "1": 6,
    "2": 6,
    "3": 4,
    "4": 3,
    "5": 3,
    "6": 4,
    "7": 4
  },
  "predicted_sofa_scores": {
    "sofa_respiration": 1,
    "sofa_coagulation": 0,
    "sofa_liver": 0,
    "sofa_cardiovascular": 1,
    "sofa_cns": 2,
    "sofa_renal": 0,
    "sofa_total": 4
  },
  "predicted_sofa_scores_series": {
    "sofa_respiration": [
      1,
      1,
      1,
      1,
      1,
      1,
      1,
      1
    ],
    "sofa_coagulation": [
      1,
      1,
      1,
      0,
      0,
      0,
      0,
      0
    ],
    "sofa_liver": [
      1,
      1,
      1,
      1,
      0,
      0,
      0,
      0
    ],
    "sofa_cardiovascular": [
      1,
      1,
      1,
      1,
      1,
      1,
      1,
      1
    ],
    "sofa_cns": [
      2,
      1,
      1,
      0,
      1,
      1,
      2,
      2
    ],
    "sofa_renal": [
      1,
      1,
      1,
      1,
      0,
      0,
      0,
      0
    ]
  }
}