{
  "patient_id": "32115504",
  "model_name": "gemma3:12b",
  "input_description": "ICU住院编号 32115504，对应患者编号 14851532，73岁男性，体重86.13333333333333kg。监测持续时间为 0 小时（共 7 次测量，每4小时一次）：【生命体征】心率变化：[50.5, 50.5]（单位：次/分）收缩压变化：[68.0, 68.0]（单位：mmHg）舒张压变化：[56.5, 56.5]（单位：mmHg）体温变化：[95.7, 95.7]（单位：℃）呼吸频率变化：[20.5, 20.5]（单位：次/分）血氧饱和度变化：[98.5, 98.5]（单位：%）平均动脉压变化：[60.33, 60.33]（单位：mmHg）【SOFA评分相关特征】氧合指数变化：[59.51, 59.51, 59.51, 59.51, 59.51, 59.51, 59.51]（单位：mmHg）机械通气使用情况：[0, 0, 0, 0, 0, 0, 0]（单位：）血小板计数变化：[250.0, 250.0, 250.0, 250.0, 250.0, 250.0, 250.0]（单位：×10³/μL）总胆红素变化：[3.0, 3.0, 3.0, 3.0, 3.0, 3.0, 3.0]（单位：mg/dL）血管活性药物使用剂量：[0.0, 0.0, 0.0, 0.0, 0.0, 0.0, 0.0]（单位：μg/kg/min）格拉斯哥昏迷评分变化：[15, 15, 15, 15, 15, 3, 3]（单位：分）血清肌酐变化：[1.6, 1.6, 1.6, 1.6, 1.6, 1.6, 1.6]（单位：mg/dL）尿量变化：[0.0, 0.0, 0.0, 0.0, 0.0, 140.0, 140.0]（单位：mL）【疾病评分】SOFA总分变化：[0, 0, 0, 0, 0, 8, 8]（单位：分）SIRS评分变化：[0, 0, 0, 0, 0, 3, 3]（单位：分）",
  "intervention": "立即启动去甲肾上腺素输注，初始剂量为0.0μg·kg⁻¹·min⁻¹，根据血压反应调整至最大0.06μg·kg⁻¹·min⁻¹，剂量调整间隔4小时，密切监测血压和器官灌注，剂量呈递增趋势，提示血管反应性下降，评估8小时内发生感染性休克的风险",
  "dynamic_confidence": 0.4840339073667817,
  "total_confidence": 0.6062296591908316,
  "prediction": {
    "intervention_analysis": {
      "risk_level": "critical",
      "sofa_related_features": {
        "pao2_fio2_ratio": [
          280.0,
          260.0,
          240.0,
          220.0,
          200.0,
          180.0,
          160.0,
          140.0
        ],
        "platelet": [
          120.0,
          100.0,
          80.0,
          60.0,
          40.0,
          20.0,
          0.0,
          0.0
        ],
        "bilirubin_total": [
          1.8,
          2.2,
          2.6,
          3.0,
          3.4,
          3.8,
          4.2,
          4.6
        ],
        "vasopressor_rate": [
          0.02,
          0.04,
          0.06,
          0.08,
          0.1,
          0.12,
          0.14,
          0.16
        ],
        "gcs_total": [
          12.0,
          10.0,
          8.0,
          6.0,
          4.0,
          2.0,
          0.0,
          0.0
        ],
        "creatinine": [
          1.4,
          2.0,
          2.8,
          3.8,
          4.8,
          5.8,
          6.8,
          7.8
        ],
        "urine_output_ml": [
          1500.0,
          1200.0,
          900.0,
          600.0,
          300.0,
          100.0,
          0.0,
          0.0
        ],
        "mechanical_ventilation": [
          0.0,
          0.0,
          1.0,
          1.0,
          1.0,
          1.0,
          1.0,
          1.0
        ]
      },
      "reasoning": "患者目前存在低血压、意识模糊和SOFA/SIRS评分升高，提示感染性休克风险。去甲肾上腺素的递增使用剂量表明血管反应性下降，这增加了感染性休克的风险。虽然干预措施正在进行，但血管反应性下降预示着病情可能恶化。需要密切监测，并准备好进一步干预。"
    },
    "sofa_scores_series": {
      "sofa_respiration": [
        2,
        2,
        1,
        1,
        1,
        1,
        1,
        1
      ],
      "sofa_coagulation": [
        1,
        1,
        2,
        2,
        3,
        3,
        4,
        4
      ],
      "sofa_liver": [
        1,
        2,
        2,
        2,
        2,
        2,
        2,
        2
      ],
      "sofa_cardiovascular": [
        1,
        1,
        1,
        1,
        1,
        1,
        1,
        1
      ],
      "sofa_cns": [
        2,
        2,
        3,
        4,
        4,
        4,
        4,
        4
      ],
      "sofa_renal": [
        1,
        2,
        2,
        3,
        1,
        2,
        3,
        3
      ]
    },
    "hourly_sofa_totals": {
      "0": 8,
      "1": 10,
      "2": 11,
      "3": 13,
      "4": 12,
      "5": 13,
      "6": 15,
      "7": 15
    },
    "sofa_scores": {
      "sofa_respiration": 1,
      "sofa_coagulation": 4,
      "sofa_liver": 2,
      "sofa_cardiovascular": 1,
      "sofa_cns": 4,
      "sofa_renal": 3,
      "sofa_total": 15
    }
  },
  "timestamp": 1766640060.6015277,
  "hourly_sofa_totals": {
    "0": 8,
    "1": 10,
    "2": 11,
    "3": 13,
    "4": 12,
    "5": 13,
    "6": 15,
    "7": 15
  },
  "predicted_sofa_scores": {
    "sofa_respiration": 1,
    "sofa_coagulation": 4,
    "sofa_liver": 2,
    "sofa_cardiovascular": 1,
    "sofa_cns": 4,
    "sofa_renal": 3,
    "sofa_total": 15
  },
  "predicted_sofa_scores_series": {
    "sofa_respiration": [
      2,
      2,
      1,
      1,
      1,
      1,
      1,
      1
    ],
    "sofa_coagulation": [
      1,
      1,
      2,
      2,
      3,
      3,
      4,
      4
    ],
    "sofa_liver": [
      1,
      2,
      2,
      2,
      2,
      2,
      2,
      2
    ],
    "sofa_cardiovascular": [
      1,
      1,
      1,
      1,
      1,
      1,
      1,
      1
    ],
    "sofa_cns": [
      2,
      2,
      3,
      4,
      4,
      4,
      4,
      4
    ],
    "sofa_renal": [
      1,
      2,
      2,
      3,
      1,
      2,
      3,
      3
    ]
  }
}