{
  "patient_id": "30893431",
  "model_name": "gemma3:12b",
  "input_description": "ICU住院编号 30893431，对应患者编号 12214410，49岁男性，体重97.95kg。监测持续时间为 0 小时（共 7 次测量，每4小时一次）：【生命体征】心率变化：[107.6, 105.25, 105.25]（单位：次/分）收缩压变化：[71.6, 68.0, 68.0]（单位：mmHg）舒张压变化：[54.0, 51.0, 51.0]（单位：mmHg）体温变化：[98.95, 99.0, 99.0]（单位：℃）呼吸频率变化：[20.2, 22.5, 22.5]（单位：次/分）血氧饱和度变化：[100.0, 100.0, 100.0]（单位：%）平均动脉压变化：[59.87, 56.67, 56.67]（单位：mmHg）【SOFA评分相关特征】氧合指数变化：[253.08, 212.5, 212.5, 212.5, 212.5, 212.5, 212.5]（单位：mmHg）机械通气使用情况：[0, 0, 0, 0, 0, 0, 0]（单位：）血小板计数变化：[29.0, 37.0, 82.33, 125.6, 103.67, 73.0, 73.0]（单位：×10³/μL）总胆红素变化：[7.4, 8.0, 6.0, 6.0, 6.0, 6.0, 6.0]（单位：mg/dL）血管活性药物使用剂量：[0.0, 0.0, 0.0, 0.0, 0.35, 0.35, 0.35]（单位：μg/kg/min）格拉斯哥昏迷评分变化：[15, 15, 15, 15, 3, 9, 9]（单位：分）血清肌酐变化：[0.5, 1.0, 1.1, 1.1, 1.1, 1.1, 1.1]（单位：mg/dL）尿量变化：[0.0, 0.0, 0.0, 0.0, 325.0, 416.0, 416.0]（单位：mL）【疾病评分】SOFA总分变化：[7, 3, 2, 1, 12, 12, 12]（单位：分）SIRS评分变化：[1, 0, 0, 0, 3, 3, 3]（单位：分）",
  "intervention": "立即启动去甲肾上腺素输注，维持剂量为0.3μg·kg⁻¹·min⁻¹，剂量调整间隔4小时，密切监测血压和器官灌注，剂量呈递减趋势，提示血管反应性改善，评估8小时内发生感染性休克的风险",
  "dynamic_confidence": 0.43934023745428064,
  "total_confidence": 0.7019775245587502,
  "prediction": {
    "intervention_analysis": {
      "risk_level": "low",
      "sofa_related_features": {
        "pao2_fio2_ratio": [
          250.0,
          400.0,
          450.0,
          480.0,
          500.0,
          510.0,
          515.0,
          518.0
        ],
        "platelet": [
          100.0,
          150.0,
          200.0,
          250.0,
          280.0,
          300.0,
          320.0,
          340.0
        ],
        "bilirubin_total": [
          2.5,
          2.0,
          1.8,
          1.6,
          1.4,
          1.2,
          1.0,
          0.8
        ],
        "vasopressor_rate": [
          0.3,
          0.2,
          0.1,
          0.05,
          0.02,
          0.01,
          0.005,
          0.002
        ],
        "gcs_total": [
          8.0,
          10.0,
          12.0,
          13.0,
          14.0,
          14.5,
          15.0,
          15.0
        ],
        "creatinine": [
          2.5,
          2.0,
          1.8,
          1.6,
          1.4,
          1.2,
          1.0,
          0.8
        ],
        "urine_output_ml": [
          500.0,
          800.0,
          1000.0,
          1200.0,
          1400.0,
          1600.0,
          1800.0,
          2000.0
        ],
        "mechanical_ventilation": [
          1.0,
          1.0,
          1.0,
          1.0,
          0.0,
          0.0,
          0.0,
          0.0
        ]
      },
      "reasoning": "患者目前处于低血压和意识状态恶化的状态，提示存在脓毒症休克的风险。启动去甲肾上腺素输注后，血压和器官灌注需要密切监测。剂量呈递减趋势表明血管反应性有所改善，但仍需警惕感染性休克风险。未来8小时内，需要持续评估患者的器官功能，并根据血压和灌注情况调整去甲肾上腺素剂量。如果血管反应性持续改善，可以考虑逐渐减少去甲肾上腺素的剂量。"
    },
    "sofa_scores_series": {
      "sofa_respiration": [
        1,
        1,
        1,
        1,
        0,
        0,
        0,
        0
      ],
      "sofa_coagulation": [
        1,
        0,
        0,
        0,
        0,
        0,
        0,
        0
      ],
      "sofa_liver": [
        2,
        2,
        1,
        1,
        1,
        1,
        0,
        0
      ],
      "sofa_cardiovascular": [
        1,
        1,
        1,
        1,
        1,
        1,
        1,
        1
      ],
      "sofa_cns": [
        3,
        2,
        2,
        1,
        1,
        1,
        0,
        0
      ],
      "sofa_renal": [
        2,
        2,
        1,
        1,
        1,
        1,
        0,
        0
      ]
    },
    "hourly_sofa_totals": {
      "0": 10,
      "1": 8,
      "2": 6,
      "3": 5,
      "4": 4,
      "5": 4,
      "6": 1,
      "7": 1
    },
    "sofa_scores": {
      "sofa_respiration": 0,
      "sofa_coagulation": 0,
      "sofa_liver": 0,
      "sofa_cardiovascular": 1,
      "sofa_cns": 0,
      "sofa_renal": 0,
      "sofa_total": 1
    }
  },
  "timestamp": 1766635229.1794531,
  "hourly_sofa_totals": {
    "0": 10,
    "1": 8,
    "2": 6,
    "3": 5,
    "4": 4,
    "5": 4,
    "6": 1,
    "7": 1
  },
  "predicted_sofa_scores": {
    "sofa_respiration": 0,
    "sofa_coagulation": 0,
    "sofa_liver": 0,
    "sofa_cardiovascular": 1,
    "sofa_cns": 0,
    "sofa_renal": 0,
    "sofa_total": 1
  },
  "predicted_sofa_scores_series": {
    "sofa_respiration": [
      1,
      1,
      1,
      1,
      0,
      0,
      0,
      0
    ],
    "sofa_coagulation": [
      1,
      0,
      0,
      0,
      0,
      0,
      0,
      0
    ],
    "sofa_liver": [
      2,
      2,
      1,
      1,
      1,
      1,
      0,
      0
    ],
    "sofa_cardiovascular": [
      1,
      1,
      1,
      1,
      1,
      1,
      1,
      1
    ],
    "sofa_cns": [
      3,
      2,
      2,
      1,
      1,
      1,
      0,
      0
    ],
    "sofa_renal": [
      2,
      2,
      1,
      1,
      1,
      1,
      0,
      0
    ]
  }
}