{
  "patient_id": "31149608",
  "model_name": "gemma3:12b",
  "input_description": "ICU住院编号 31149608，对应患者编号 16155910，63岁男性，体重69.0kg。监测持续时间为 0 小时（共 7 次测量，每4小时一次）：【生命体征】心率变化：[120.75, 120.75]（单位：次/分）收缩压变化：[73.0, 73.0]（单位：mmHg）舒张压变化：[65.0, 65.0]（单位：mmHg）体温变化：[98.0, 98.0]（单位：℃）呼吸频率变化：[15.25, 15.25]（单位：次/分）血氧饱和度变化：[93.75, 93.75]（单位：%）平均动脉压变化：[67.67, 67.67]（单位：mmHg）【SOFA评分相关特征】氧合指数变化：[66.02, 66.02, 66.02, 66.02, 66.02, 66.02, 66.02]（单位：mmHg）机械通气使用情况：[0, 0, 0, 0, 0, 0, 0]（单位：）血小板计数变化：[13.0, 22.0, 22.0, 22.0, 22.0, 22.0, 22.0]（单位：×10³/μL）总胆红素变化：[4.3, 4.3, 4.3, 4.3, 4.3, 4.3, 4.3]（单位：mg/dL）血管活性药物使用剂量：[0.0, 0.0, 0.0, 0.0, 0.0, 8.01, 8.01]（单位：μg/kg/min）格拉斯哥昏迷评分变化：[15, 15, 15, 15, 15, 13, 13]（单位：分）血清肌酐变化：[0.9, 0.8, 0.9, 0.9, 0.9, 0.9, 0.9]（单位：mg/dL）尿量变化：[0.0, 0.0, 0.0, 0.0, 0.0, 350.0, 350.0]（单位：mL）【疾病评分】SOFA总分变化：[1, 0, 0, 5, 0, 8, 8]（单位：分）SIRS评分变化：[1, 0, 0, 0, 0, 3, 3]（单位：分）",
  "intervention": "立即启动去甲肾上腺素输注，维持剂量为15.0μg·kg⁻¹·min⁻¹，剂量调整间隔1小时，密切监测血压和器官灌注，剂量呈递减趋势，提示血管反应性改善，评估8小时内发生感染性休克的风险",
  "dynamic_confidence": 0.4225195538417722,
  "total_confidence": 0.6610719803471096,
  "prediction": {
    "intervention_analysis": {
      "risk_level": "low",
      "sofa_related_features": {
        "pao2_fio2_ratio": [
          250.0,
          270.0,
          290.0,
          310.0,
          330.0,
          350.0,
          370.0,
          390.0
        ],
        "platelet": [
          120.0,
          140.0,
          160.0,
          180.0,
          200.0,
          220.0,
          240.0,
          260.0
        ],
        "bilirubin_total": [
          1.8,
          1.6,
          1.4,
          1.2,
          1.0,
          0.8,
          0.6,
          0.4
        ],
        "vasopressor_rate": [
          15.0,
          12.0,
          9.0,
          6.0,
          3.0,
          1.0,
          0.5,
          0.2
        ],
        "gcs_total": [
          12.0,
          13.0,
          14.0,
          15.0,
          14.0,
          13.0,
          12.0,
          11.0
        ],
        "creatinine": [
          1.5,
          1.4,
          1.3,
          1.2,
          1.1,
          1.0,
          0.9,
          0.8
        ],
        "urine_output_ml": [
          1500.0,
          1700.0,
          1900.0,
          2100.0,
          2300.0,
          2500.0,
          2700.0,
          2900.0
        ],
        "mechanical_ventilation": [
          1.0,
          1.0,
          1.0,
          1.0,
          0.0,
          0.0,
          0.0,
          0.0
        ]
      },
      "reasoning": "患者目前处于高风险脓毒症状态，存在低血压、心率快、器官功能障碍和炎症反应。启动去甲肾上腺素输注，并观察到血管反应性改善的趋势，提示病情可能趋于稳定。然而，仍需密切监测，以防感染性休克或其他并发症。去甲肾上腺素的使用表明需要持续的血管支持，且剂量递减趋势提示患者对治疗的反应良好，但仍需警惕。"
    },
    "sofa_scores_series": {
      "sofa_respiration": [
        1,
        1,
        1,
        1,
        1,
        1,
        1,
        1
      ],
      "sofa_coagulation": [
        1,
        1,
        0,
        0,
        0,
        0,
        0,
        0
      ],
      "sofa_liver": [
        1,
        1,
        1,
        1,
        0,
        0,
        0,
        0
      ],
      "sofa_cardiovascular": [
        2,
        2,
        2,
        2,
        1,
        1,
        1,
        1
      ],
      "sofa_cns": [
        2,
        1,
        1,
        0,
        1,
        1,
        2,
        2
      ],
      "sofa_renal": [
        1,
        1,
        1,
        1,
        0,
        0,
        0,
        0
      ]
    },
    "hourly_sofa_totals": {
      "0": 8,
      "1": 7,
      "2": 6,
      "3": 5,
      "4": 3,
      "5": 3,
      "6": 4,
      "7": 4
    },
    "sofa_scores": {
      "sofa_respiration": 1,
      "sofa_coagulation": 0,
      "sofa_liver": 0,
      "sofa_cardiovascular": 1,
      "sofa_cns": 2,
      "sofa_renal": 0,
      "sofa_total": 4
    }
  },
  "timestamp": 1766636248.2852764,
  "hourly_sofa_totals": {
    "0": 8,
    "1": 7,
    "2": 6,
    "3": 5,
    "4": 3,
    "5": 3,
    "6": 4,
    "7": 4
  },
  "predicted_sofa_scores": {
    "sofa_respiration": 1,
    "sofa_coagulation": 0,
    "sofa_liver": 0,
    "sofa_cardiovascular": 1,
    "sofa_cns": 2,
    "sofa_renal": 0,
    "sofa_total": 4
  },
  "predicted_sofa_scores_series": {
    "sofa_respiration": [
      1,
      1,
      1,
      1,
      1,
      1,
      1,
      1
    ],
    "sofa_coagulation": [
      1,
      1,
      0,
      0,
      0,
      0,
      0,
      0
    ],
    "sofa_liver": [
      1,
      1,
      1,
      1,
      0,
      0,
      0,
      0
    ],
    "sofa_cardiovascular": [
      2,
      2,
      2,
      2,
      1,
      1,
      1,
      1
    ],
    "sofa_cns": [
      2,
      1,
      1,
      0,
      1,
      1,
      2,
      2
    ],
    "sofa_renal": [
      1,
      1,
      1,
      1,
      0,
      0,
      0,
      0
    ]
  }
}